,gen_mw,gen_mw,gen_mw,gen_mw,gen_mw,gen_mw,gen_mw,flow_mw,flow_mw,flow_mw,price_rt,price_rt,price_rt,mcp_da,mcp_da,mcp_da
,G1A,G1B,G2,H1,IMP,S1,W1,R1-R2,R2-R3,R1-R3,R1,R2,R3,R1,R2,R3
2026-09-14 00:00:00,104.46124918255929,60.0,0.0,0.0,90.0,0.0,19.757359312880716,116.57732002210048,50.0,2.126371343298004,3.1,3.1,3.1,3.1,3.1,3.1
2026-09-14 00:15:00,102.74044621274817,60.0,0.0,0.0,90.0,0.0,19.03182833464013,115.5134799692051,50.0,2.49132862283318,3.1,3.1,3.1,3.1,3.1,3.1
2026-09-14 00:30:00,97.2224284848294,60.0,0.0,0.0,90.0,0.0,18.116409363416274,113.8780575708091,50.0,2.5641167253543813,3.1,3.1,3.1,3.1,3.1,3.1
2026-09-14 00:45:00,90.60929990949177,60.0,0.0,0.0,90.0,0.0,19.570776443127727,112.6824977173591,50.0,0.10272970718159513,3.1,3.1,3.1,3.1,3.1,3.1
2026-09-14 01:00:00,93.32679859471162,60.0,0.0,0.0,90.0,0.0,16.226877484951903,111.48712792568844,50.0,2.7972092557905057,3.1,3.1,3.1,3.1,3.1,3.1
2026-09-14 01:15:00,90.22216725916164,60.0,0.0,0.0,90.0,0.0,17.67070265197449,110.50646549766924,50.0,0.13059643941690524,3.1,3.1,3.1,3.1,3.1,3.1
2026-09-14 01:30:00,89.51420448671483,60.0,0.0,0.0,90.0,0.0,16.85366798781117,109.85336596060081,50.0,0.5312415813041014,3.1,3.1,3.1,3.1,3.1,3.1
2026-09-14 01:45:00,87.49872723555194,60.0,0.0,0.0,90.0,0.0,17.44196206467356,108.94866112085805,50.0,-0.5412033190908971,3.1,3.1,3.1,3.1,3.1,3.1
2026-09-14 02:00:00,86.92013561373898,60.0,0.0,0.0,90.0,0.0,15.325703360298904,107.51919173246677,50.0,0.8906324011730362,3.1,3.1,3.1,3.1,3.1,3.1
2026-09-14 02:15:00,81.28791220979852,61.124393698414764,0.0,0.0,90.0,0.0,17.714444806401918,106.81346484161065,50.0,-1.6860093271423722,3.3,3.3,3.3,3.1,3.1,3.1
2026-09-14 02:30:00,78.73640326606504,60.0,0.0,0.0,90.0,0.0,19.904655554223172,107.17045085999789,50.0,-4.266033876497801,3.1,3.1,3.1,3.1,3.1,3.1
2026-09-14 02:45:00,76.50318167844802,60.0,0.0,0.0,90.0,0.0,21.537834387710564,106.77225835582622,50.0,-5.993718505110451,3.1,3.1,3.1,3.1,3.1,3.1
2026-09-14 03:00:00,78.27171885244394,60.0,0.0,0.0,90.0,0.0,18.69267969289955,106.97243679820997,50.0,-3.439271816532397,3.1,3.1,3.1,3.1,3.1,3.1
2026-09-14 03:15:00,73.13519445744163,60.0,0.0,0.0,90.0,0.0,20.177163690599834,108.11459713480949,50.0,-11.340639519348883,3.1,3.1,3.1,3.1,3.1,3.1
2026-09-14 03:30:00,70.00542569137421,60.0,0.0,0.0,90.0,0.0,20.879457702631928,109.35120523801587,50.0,-17.769241112411763,3.1,3.1,3.1,3.1,3.1,3.1
2026-09-14 03:45:00,70.58500806489421,60.0,0.0,0.0,90.0,0.0,17.969083137490543,110.09474651755177,50.0,-20.625011390121472,3.1,3.1,3.1,3.1,3.1,3.1
2026-09-14 04:00:00,65.89863581978626,60.0,0.0,0.0,89.03047014982313,0.0,18.018890726790747,111.10125504525294,50.0,-26.257606208709106,3.0,3.0,3.0,3.0,3.0,3.0
2026-09-14 04:15:00,75.89863581978626,60.0,0.0,0.0,90.0,0.0,18.794593617278643,114.90766233786903,50.0,-23.794962804643646,3.2,3.2,3.2,3.2,3.2,3.2
2026-09-14 04:30:00,84.79224153747592,60.0,0.0,0.0,90.0,0.0,19.919547460235748,118.77887991020249,50.0,-22.238828880132267,3.1,3.1,3.1,3.1,3.1,3.1
2026-09-14 04:45:00,88.00253482573956,65.0,0.0,0.0,90.0,0.0,20.356773926956176,71.4477257208303,-0.9023987676931711,30.0,3.1,3.1,3.1,3.1,3.1,3.1
2026-09-14 05:00:00,94.34528807308925,75.0,0.0,0.0,90.0,0.0,21.01393419248639,77.5468022417246,0.08542520341685389,30.0,3.1,3.1,3.1,3.1,3.1,3.1
2026-09-14 05:15:00,95.0,85.0,0.0,0.0,82.30486301445376,0.0,23.807466848977533,79.43227631786772,-1.280885387208727,30.0,3.0,3.0,3.0,3.0,3.0,3.0
2026-09-14 05:30:00,105.0,95.0,0.0,0.0,70.3774168521901,0.0,26.09913698320083,84.28790311028936,-2.290882172205208,30.0,3.0,3.0,3.0,3.0,3.0,3.0
2026-09-14 05:45:00,115.0,105.0,0.0,0.0,64.47526838759268,0.0,20.981741552516993,94.11040176876463,4.048173165946039,30.0,3.0,3.0,3.0,3.0,3.0,3.0
2026-09-14 06:00:00,125.0,115.0,0.0,0.0,54.13283985066039,0.0,20.63396689964202,99.67719265836553,5.413281502281528,30.0,4.2,4.2,4.2,4.2,4.2,4.2
2026-09-14 06:15:00,125.0,125.0,0.0,0.0,56.42254842665638,0.33705736752437615,20.597862618978937,107.81569955577184,6.718014863203365,30.0,4.2,4.2,4.2,4.2,4.2,4.2
2026-09-14 06:30:00,125.0,125.0,0.0,0.0,55.13349946866549,3.524798111986185,17.730973379331097,104.40606572415786,6.459651520367835,30.0,4.2,4.2,4.2,4.2,4.2,4.2
2026-09-14 06:45:00,125.0,125.0,0.0,6.085687678069618,50.87016091922331,7.770101038058357,18.298143801482468,96.16194404250294,-4.101796747892443,30.0,4.2,4.2,4.2,4.2,4.2,4.2
2026-09-14 07:00:00,125.0,125.0,0.0,30.0,30.48717696837602,10.274441574705504,20.950382233950993,71.7400897681787,-32.34599064655735,30.0,5.0,5.0,5.0,5.0,5.0,5.0
2026-09-14 07:15:00,125.0,125.0,0.0,30.0,30.242100573368575,14.210397504385034,19.34231647835539,65.62090964424256,-36.174624632277826,30.0,5.0,5.0,5.0,5.0,5.0,5.0
2026-09-14 07:30:00,125.0,125.0,0.0,30.0,19.483808378153675,17.82484450000707,20.36558825653055,58.05963315262185,-43.02823242209512,30.0,5.0,5.0,5.0,5.0,5.0,5.0
2026-09-14 07:45:00,125.0,125.0,0.0,30.0,21.56674000185391,21.66134233481752,19.124719134246895,54.76361619956379,-46.19512027235216,30.0,5.0,5.0,5.0,5.0,5.0,5.0
2026-09-14 08:00:00,125.0,125.0,0.0,30.0,8.883386914928224,27.985646313314177,18.37939933504535,50.8286038310019,-50.0,26.30122737287722,4.6,4.6,4.6,4.6,4.6,4.6
2026-09-14 08:15:00,125.0,125.0,0.0,30.0,7.27593949126728,31.345415213009048,21.543110806899954,52.88672663733533,-50.0,18.57661128333416,4.6,4.6,4.6,4.6,4.6,4.6
2026-09-14 08:30:00,125.0,125.0,0.0,30.0,2.8741364686046396,36.705132109055214,20.992481927305224,53.3491919349853,-50.0,12.49336320914447,4.6,4.6,4.6,4.6,4.6,4.6
2026-09-14 08:45:00,123.58260209119081,115.0,0.0,30.0,10.33616913543716,38.536469774313815,22.281933613045034,56.37473927318993,-50.0,8.458828948323976,4.6,4.6,4.6,4.6,4.6,4.6
2026-09-14 09:00:00,113.58260209119081,105.0,0.0,0.0,56.15945135406619,41.58317860714465,19.345929207863342,62.85346218626897,-43.69101865337808,30.0,2.6,2.6,2.6,2.6,2.6,2.6
2026-09-14 09:15:00,103.58260209119081,95.0,0.0,0.0,60.679654767441065,46.427501970068754,23.230141717519082,53.024965209210265,-50.0,27.25552260262816,2.6,2.6,2.6,2.6,2.6,2.6
2026-09-14 09:30:00,93.58260209119081,85.0,0.0,0.0,88.98611012112073,37.56348153306207,24.74052281054609,61.814871948432454,-44.96023276140724,30.0,2.6,2.6,2.6,2.6000000000000005,2.6000000000000005,2.6000000000000005
2026-09-14 09:45:00,99.91558948015549,78.65610742652296,0.0,0.0,90.0,37.27797038466847,24.800686902835302,60.540422596343596,-44.993652252598515,30.0,3.3,3.3,3.3,3.1,3.1,3.1
2026-09-14 10:00:00,107.88498319206889,68.98919809579725,0.0,0.0,90.0,36.01533483079724,26.23013861023131,61.258468511698524,-44.30934894073032,30.0,3.3,3.3,3.3,3.1,3.1,3.1
2026-09-14 10:15:00,108.76430823262783,65.0,0.0,11.970038670412372,90.0,33.66666330041202,24.04786942914061,55.784466007881164,-50.0,29.014880649715806,4.2,4.2,4.2,3.1,3.1,3.1
2026-09-14 10:30:00,107.82935208305892,65.0,0.0,10.163683430779813,90.0,34.553133608029924,26.600311587547314,57.0912958586063,-50.0,27.19994338483157,4.2,4.2,4.2,3.1,3.1,3.1
2026-09-14 10:45:00,109.8816636510881,60.0,0.0,0.0,90.0,49.122346617470754,26.36564420897651,57.1488029080984,-50.0,21.395694924051195,3.1,3.1,3.1,3.1,3.1,3.1
2026-09-14 11:00:00,109.79030547709068,65.0,0.0,4.792982474150364,90.0,42.593641155865846,26.353229578545438,58.4295193751217,-50.0,24.12078070964209,4.2,4.2,4.2,3.1,3.1,3.1
2026-09-14 11:15:00,112.58756631634283,60.218390508532636,0.0,0.0,90.0,51.75033268034548,25.82107398236882,58.76381992915873,-50.0,20.653505932140245,3.3,3.3,3.3,3.1,3.1,3.1
2026-09-14 11:30:00,114.47614931740125,65.0,0.0,13.019604173412446,90.0,37.73444935795434,25.14041905583394,62.70340445861771,-50.0,23.98661394271022,4.2,4.2,4.2,3.1,3.1,3.1
2026-09-14 11:45:00,110.31507521068414,65.0,0.0,16.07806365812906,90.0,37.27101648012758,26.76969695885972,63.61020023525177,-50.0,19.948859808584615,4.2,4.2,4.2,3.1,3.1,3.1
2026-09-14 12:00:00,109.82964989502679,65.0,0.0,11.768126850944213,90.0,40.989526705645346,27.55248642351841,63.49892816387745,-50.0,19.823071211643366,4.2,4.2,4.2,2.9000000000000004,2.9000000000000004,2.9000000000000004
2026-09-14 12:15:00,119.82964989502679,65.47060282086719,0.0,0.3400609291113348,90.0,47.278279411334864,29.014735863706488,67.32746901086895,-50.0,23.012129737560542,4.2,4.2,4.2,3.3,3.3,3.3
2026-09-14 12:30:00,109.82964989502679,62.73782769737664,0.0,0.0,90.0,52.94249941125839,29.23287570894103,62.5195959674614,-50.0,16.915921040592117,3.3,3.3,3.3,3.1,3.1,3.1
2026-09-14 12:45:00,99.82964989502679,60.0,0.0,0.0,89.62513725092671,57.67640636955624,30.371150330932004,61.728125193213245,-50.0,10.653851164827707,2.6,2.6,2.6,3.1,3.1,3.1
2026-09-14 13:00:00,109.23892557507592,60.0,0.0,0.0,90.0,52.405670335405446,29.783087361044796,62.732535989218874,-50.0,16.86706197129638,3.1,3.1,3.1,3.1,3.1,3.1
2026-09-14 13:15:00,112.26045850015711,61.450022861618194,0.0,0.0,90.0,47.00338464051647,33.964080653921336,65.74076808743,-50.0,18.12290282893997,3.3,3.3,3.3,3.1,3.1,3.1
2026-09-14 13:30:00,107.10553945859442,60.0,0.0,0.0,90.0,52.343234899800855,31.166361324076277,63.90807219109557,-50.0,15.491700029656265,3.1,3.1,3.1,3.1,3.1,3.1
2026-09-14 13:45:00,113.15628701877046,61.561699858178585,0.0,0.0,90.0,48.23675266831691,33.5256595645223,67.82718073694099,-50.0,17.249687377344046,3.3,3.3,3.3,3.1,3.1,3.1
2026-09-14 14:00:00,114.53747618632937,65.0,0.0,3.6033204759453525,90.0,36.66689566068148,35.986544792957275,65.24216398697035,-50.0,23.157238891697517,4.2,4.2,4.2,3.1,3.1,3.1
2026-09-14 14:15:00,124.334252907918,65.0,0.0,12.897000270403971,90.0,28.29365614869071,34.35608597184749,67.1538080804894,-48.527538308560224,30.0,4.2,4.2,4.2,3.1,3.1,3.1
2026-09-14 14:30:00,123.8714935630831,70.0,0.0,17.66348888067965,90.0,23.068651767999064,38.298594727988885,73.19733780519519,-44.53341165982556,30.0,4.2,4.2,4.2,3.1,3.1,3.1
2026-09-14 14:45:00,123.518208306345,80.0,0.0,5.863929187353165,90.0,28.536709949799906,39.87846384168683,81.64452597414558,-33.800591801905966,30.0,4.2,4.2,4.2,3.1,3.1,3.1
2026-09-14 15:00:00,122.15341759224106,90.0,0.0,2.0765481533710357,90.0,29.59234545381562,41.342621205468795,90.50709427417684,-25.35220871007047,30.0,4.2,4.2,4.2,3.1,3.1,3.1
2026-09-14 15:15:00,113.68286250820395,100.0,0.0,0.0,90.0,32.91627558663316,41.03993604538293,90.4452637054153,-25.248928087983117,30.0,3.1,3.1,3.1,3.1,3.1,3.1
2026-09-14 15:30:00,110.09035863287295,110.0,0.0,3.6774651672375995,90.0,28.33733142225773,40.27886111422202,96.82604675721757,-21.835035845077343,30.0,4.2,4.2,4.2,3.1,3.1,3.1
2026-09-14 15:45:00,115.0,115.0,0.0,0.0,84.80744274985148,27.3188245656646,39.52806198134786,102.12579136078566,-16.114955744287855,30.0,2.6,2.6,2.6,2.6,2.6,2.6
2026-09-14 16:00:00,125.0,125.0,0.0,30.0,37.405161783141295,27.79351225569062,39.852559821070166,75.5724610996404,-45.66889061940614,30.0,5.2,5.2,5.2,5.2,5.2,5.2
2026-09-14 16:15:00,125.0,125.0,0.0,30.0,50.09146071323397,23.14436504358508,41.959010789467335,84.89457792540622,-39.715915496701555,30.0,5.2,5.2,5.2,5.2,5.2,5.2
2026-09-14 16:30:00,125.0,125.0,0.0,30.0,58.7889197877617,21.767427119471108,41.77874989934007,91.83006611955,-35.86633072545139,30.0,5.2,5.2,5.2,5.2,5.2,5.2
2026-09-14 16:45:00,125.0,125.0,20.0,30.0,61.65049721867675,16.090171320324302,39.60904645069319,88.45777765284126,-24.18475760285952,30.0,5.2,5.2,5.2,5.2,5.2,5.2
2026-09-14 17:00:00,125.0,125.0,50.0,30.0,48.48992979292376,12.269248627578403,40.601096836451745,71.40573606952427,-16.95427280226542,30.0,9.8,9.8,9.8,9.8,9.8,9.8
2026-09-14 17:15:00,125.0,125.0,80.0,30.0,29.2864887133277,8.8225984525847,41.70968509865865,51.7594396961445,-10.913056308925306,30.0,9.8,9.8,9.8,9.8,9.8,9.8
2026-09-14 17:30:00,125.0,125.0,80.0,30.0,42.77051065564443,4.671180957485562,42.277748595051506,63.7554846677955,-4.475229448748635,30.0,9.8,9.8,9.8,9.8,9.8,9.8
2026-09-14 17:45:00,125.0,125.0,80.0,30.0,55.345624151812885,3.1025560028183135,42.96503657332381,73.09209574517216,-1.2219163123261438,30.0,9.8,9.8,9.8,9.8,9.8,9.8
2026-09-14 18:00:00,125.0,125.0,80.0,30.0,67.21891823220467,0.6514708689447154,41.77534784943168,83.28546291101016,6.364715431612112,30.0,9.8,9.8,9.8,9.8,9.8,9.8
2026-09-14 18:15:00,125.0,125.0,80.0,30.0,69.28417714954605,0.0,39.41062033720839,88.52663745509568,10.620869168506374,30.0,9.8,9.8,9.8,9.8,9.8,9.8
2026-09-14 18:30:00,125.0,125.0,80.0,30.0,71.11278597978843,0.0,37.200729482108656,92.86235369956252,14.447527104067191,30.0,9.8,9.8,9.8,9.8,9.8,9.8
2026-09-14 18:45:00,125.0,125.0,80.0,30.0,76.99855357289925,0.0,33.65130363170812,96.20348299371071,19.065236197589428,30.0,9.8,9.8,9.8,9.8,9.8,9.8
2026-09-14 19:00:00,125.0,125.0,80.0,30.0,80.91389422994266,0.0,33.554853267365495,98.45071912988257,19.68734858976086,30.0,9.8,9.8,9.8,9.8,9.8,9.8
2026-09-14 19:15:00,125.0,125.0,80.0,30.0,68.3069820184825,0.0,32.861732000850665,87.24600472128992,11.939076538409154,30.0,9.8,9.8,9.8,9.8,9.8,9.8
2026-09-14 19:30:00,125.0,125.0,80.0,30.0,57.922763170435175,0.0,31.52588258978762,78.7682799811639,6.159282011099791,30.0,9.8,9.8,9.8,9.8,9.8,9.8
2026-09-14 19:45:00,125.0,125.0,80.0,30.0,52.889876649341545,0.0,25.681411443727015,74.70340008530815,4.362277486119609,30.0,9.8,9.8,9.8,9.8,9.8,9.8
2026-09-14 20:00:00,125.0,125.0,80.0,30.0,38.55172762885661,0.0,23.067934237516425,65.64530840171628,-0.6637522220620724,30.0,9.8,9.8,9.8,9.8,9.8,9.8
2026-09-14 20:15:00,125.0,125.0,80.0,30.0,27.682563407961695,0.0,24.77762447251673,58.62797438516792,-5.671376105885528,30.0,9.8,9.8,9.8,9.8,9.8,9.8
2026-09-14 20:30:00,125.0,125.0,80.0,30.0,25.039823863028104,0.0,23.205700417414036,57.67110242736895,-5.625801055753371,30.0,9.8,9.8,9.8,9.8,9.8,9.8
2026-09-14 20:45:00,125.0,125.0,80.0,30.0,7.679156702877208,0.0,23.51135076133409,46.31256457921677,-8.283631990240252,30.0,9.8,9.8,9.8,8.2,8.2,8.2
2026-09-14 21:00:00,125.0,125.0,80.0,30.0,4.873925549643872,0.0,20.64213025241917,46.43596627653025,-6.096017150722133,30.0,9.8,9.8,9.8,9.8,9.8,9.8
2026-09-14 21:15:00,125.0,125.0,73.32086465360312,30.0,0.0,0.0,22.940117437712356,48.092512222555484,-3.6028758244355004,30.0,8.2,8.2,8.2,8.2,8.2,8.2
2026-09-14 21:30:00,125.0,125.0,66.42010782418242,30.0,0.0,0.0,22.31015318528169,53.518191725458706,0.9105407219991406,30.0,8.299999999999997,8.299999999999997,8.299999999999997,8.299999999999997,8.299999999999997,8.299999999999997
2026-09-14 21:45:00,125.0,125.0,36.42010782418242,30.0,24.61941432068531,0.0,22.472041810017533,83.60387842640486,4.497077312881345,30.0,9.8,9.8,9.8,9.8,9.8,9.8
2026-09-14 22:00:00,125.0,125.0,6.420107824182423,30.0,46.9727753558406,0.0,26.28679558462278,106.91466980004968,5.113921053309866,30.0,6.5,6.5,6.5,6.5,6.5,6.5
2026-09-14 22:15:00,125.0,125.0,0.0,30.0,40.058727413730765,0.0,28.525473948822725,102.23516782793538,0.15312841296892543,30.0,6.5,6.5,6.5,6.5,6.5,6.5
2026-09-14 22:30:00,125.0,125.0,0.0,30.0,25.956071927701018,0.0,27.412568705915202,93.61509743840834,-0.8726871857597871,30.0,6.5,6.5,6.5,6.5,6.5,6.5
2026-09-14 22:45:00,125.0,125.0,0.0,30.0,16.486444292147567,0.0,25.81588074702191,85.85815506397957,-2.851760954547771,30.0,6.5,6.5,6.5,6.5,6.5,6.5
2026-09-14 23:00:00,125.0,125.0,0.0,0.0,36.28925962341502,0.0,24.74954348095069,109.5940228684767,26.109441373854636,30.0,3.8,3.8,3.8,3.8,3.8,3.8
2026-09-14 23:15:00,125.0,125.0,0.0,0.0,25.722880788205828,0.0,25.221452625662316,102.93965610707673,23.224810938293196,30.0,3.8,3.8,3.8,3.8,3.8,3.8
2026-09-14 23:30:00,125.0,125.0,0.0,0.0,20.43087375907662,0.0,24.57625578736264,97.63251423891485,22.09103987797556,30.0,3.8,3.8,3.8,3.8,3.8,3.8
2026-09-14 23:45:00,125.0,125.0,0.0,0.0,13.155618843247467,0.0,23.434445278965857,93.17934913568253,21.175884985927283,30.0,3.8,3.8,3.8,3.8,3.8,3.8
2026-09-15 00:00:00,100.0910870757938,60.38991160138599,0.0,0.0,90.0,0.0,25.687090128636267,118.89336436327338,50.0,-2.7583233302873396,3.3,3.3,3.3,3.1,3.1,3.1
2026-09-15 00:15:00,96.37830731009807,60.4764657000064,0.0,0.0,90.0,0.0,25.035222241208917,117.5503506369899,50.0,-3.4972956911532407,3.3,3.3,3.3,3.1,3.1,3.1
2026-09-15 00:30:00,89.77298327265643,60.0,0.0,0.0,90.0,0.0,28.759013579220063,115.70734854195175,50.0,-7.743386607340739,3.1,3.1,3.1,3.1,3.1,3.1
2026-09-15 00:45:00,87.9859302286532,60.0,0.0,0.0,90.0,0.0,28.40807855327709,114.09079671634672,50.0,-8.26165873032268,3.1,3.1,3.1,3.1,3.1,3.1
2026-09-15 01:00:00,81.55042235378538,60.0,0.0,0.0,90.0,0.0,31.132410027177468,113.02688463000432,50.0,-11.484809218506484,3.1,3.1,3.1,3.1,3.1,3.1
2026-09-15 01:15:00,77.487962317385,60.0,0.0,0.0,90.0,0.0,31.22064408807057,112.10948269027182,50.0,-12.186346253348987,3.1,3.1,3.1,3.1,3.1,3.1
2026-09-15 01:30:00,74.68924864093593,60.0,0.0,0.0,90.0,0.0,32.41387595792999,110.33974032932987,50.0,-13.299845551236174,3.1,3.1,3.1,3.1,3.1,3.1
2026-09-15 01:45:00,73.42738334513226,60.0,0.0,0.0,90.0,0.0,30.552557888705238,110.21876960829675,50.0,-12.540976939381054,3.1,3.1,3.1,3.1,3.1,3.1
2026-09-15 02:00:00,70.23394572135454,60.0,0.0,0.0,90.0,0.0,28.534792947313846,108.6915487569842,50.0,-11.435832989887786,3.1,3.1,3.1,3.1,3.1,3.1
2026-09-15 02:15:00,68.3956695921432,60.0,0.0,0.0,90.0,0.0,28.963196504504403,108.54932945227259,50.0,-11.396613475165438,3.1,3.1,3.1,3.1,3.1,3.1
2026-09-15 02:30:00,67.64707273269316,60.0,0.0,0.0,90.0,0.0,30.353197609510776,108.90058595387846,50.0,-13.087274742383187,3.1,3.1,3.1,3.1,3.1,3.1
2026-09-15 02:45:00,68.0085248490283,60.0,0.0,0.0,90.0,0.0,30.01811893859024,108.17305081196234,50.0,-13.198154713643717,3.1,3.1,3.1,3.1,3.1,3.1
2026-09-15 03:00:00,70.93293178866017,60.0,0.0,0.0,90.0,0.0,27.329606300530557,108.59807374552722,50.0,-10.566576930549019,3.1,3.1,3.1,3.1,3.1,3.1
2026-09-15 03:15:00,70.59589588186154,60.0,0.0,0.0,90.0,0.0,24.614099512762223,109.81182204713502,50.0,-14.182854568857408,3.1,3.1,3.1,3.1,3.1,3.1
2026-09-15 03:30:00,69.93696855503784,60.0,0.0,0.0,90.0,0.0,21.885700768449937,111.45485758881549,50.0,-16.97372722867668,3.1,3.1,3.1,3.1,3.1,3.1
2026-09-15 03:45:00,68.31744870630406,61.6565278416182,0.0,0.0,90.0,0.0,18.652907352881748,113.16008904986248,50.0,-20.200235245221663,3.3,3.3,3.3,3.1,3.1,3.1
2026-09-15 04:00:00,66.90561303174476,60.0,0.0,0.0,90.0,0.0,18.923009153512442,114.23551075354618,50.0,-26.625093845476414,3.1,3.1,3.1,3.1,3.1,3.1
2026-09-15 04:15:00,74.77136788387715,60.0,0.0,0.0,90.0,0.0,21.040505470013258,118.07208551341094,50.0,-26.529513715136673,3.1,3.1,3.1,3.1,3.1,3.1
2026-09-15 04:30:00,83.52009567656759,60.0,0.0,0.0,90.0,0.0,21.072998048042,68.500770481953,-4.395826041714905,30.0,3.1,3.1,3.1,3.1,3.1,3.1
2026-09-15 04:45:00,89.19845481459089,66.64685094032185,0.0,0.0,90.0,0.0,17.087803973412164,77.59966780145552,2.1964608843782614,30.0,3.3,3.3,3.3,3.1,3.1,3.1
2026-09-15 05:00:00,97.66598749273408,75.0,0.0,0.0,90.0,0.0,16.975447958621224,84.43017939522592,4.905697305653746,30.0,3.1,3.1,3.1,3.1,3.1,3.1
2026-09-15 05:15:00,95.0,85.0,0.0,0.0,87.66938552091585,0.0,16.94459650213406,93.23229438731391,6.530137404666377,30.0,3.0,3.0,3.0,3.0,3.0,3.0
2026-09-15 05:30:00,105.0,95.0,0.0,0.0,76.11521667585646,0.0,21.008089459329227,93.87704398922924,4.809977717878134,30.0,3.0,3.0,3.0,3.0,3.0,3.0
2026-09-15 05:45:00,115.0,105.0,0.0,0.0,70.83033216420063,0.0,18.581276127915274,103.66665011771508,9.837603711557371,30.0,3.0,3.0,3.0,3.0,3.0,3.0
2026-09-15 06:00:00,125.0,115.0,0.0,26.45281981683072,36.12254778164524,0.0,18.17368515180763,84.40636452501366,-14.465439892309028,30.0,4.2,4.2,4.2,4.2,4.2,4.2
2026-09-15 06:15:00,125.0,125.0,0.0,30.0,23.149093882444106,0.3961988795932285,21.57829599813891,79.48073298368587,-22.01448543952491,30.0,4.2,4.2,4.2,4.2,4.2,4.2
2026-09-15 06:30:00,125.0,125.0,0.0,30.0,23.250249639513882,3.759389882096264,22.645732202448603,77.72610672731987,-26.1447420252875,30.0,4.2,4.2,4.2,4.2,4.2,4.2
2026-09-15 06:45:00,125.0,125.0,0.0,30.0,23.16189145637273,8.266701111752141,23.90989388741785,76.14283678224865,-31.086328592691864,30.0,4.2,4.2,4.2,4.2,4.2,4.2
2026-09-15 07:00:00,125.0,125.0,0.0,30.0,21.49870104890303,13.86160889655376,24.352267813612382,69.85232188238277,-36.780956347663015,30.0,5.0,5.0,5.0,5.0,5.0,5.0
2026-09-15 07:15:00,125.0,125.0,0.0,30.0,12.30633982554911,20.57884605579268,25.191866007473077,59.70503668112644,-46.40359980233884,30.0,5.0,5.0,5.0,5.0,5.0,5.0
2026-09-15 07:30:00,125.0,125.0,0.0,30.0,9.830073230356476,25.229562680329717,26.8338267646343,58.20707174162125,-50.0,25.24800350277421,5.0,5.0,5.0,5.0,5.0,5.0
2026-09-15 07:45:00,125.0,125.0,0.0,30.0,9.721003386271732,28.08315838007419,25.590317372234146,55.00034000922925,-50.0,21.747184033650484,5.0,5.0,5.0,5.0,5.0,5.0
2026-09-15 08:00:00,125.0,125.0,0.0,29.314779612647136,0.0,29.12968677838782,27.440976710551155,53.97967209919463,-50.0,18.094185502198854,4.2,4.2,4.2,4.6,4.6,4.6
2026-09-15 08:15:00,125.0,125.0,0.0,25.435936859831983,0.0,33.362750320219476,25.202126889240553,53.54474687961479,-50.0,19.313917891097475,4.2,4.2,4.2,3.8,3.8,3.8
2026-09-15 08:30:00,125.0,116.54552904738317,0.0,30.0,0.0,35.681791662801665,26.10939395447366,53.33817560535029,-50.0,9.705346468965644,4.299999999999999,4.299999999999999,4.299999999999999,3.8,3.8,3.8
2026-09-15 08:45:00,120.00447774101009,106.54552904738317,0.0,30.0,16.458368598597232,38.51886888812736,26.73508953309468,55.85010767495497,-50.0,5.064209699627149,4.6,4.6,4.6,4.6,4.6,4.6
2026-09-15 09:00:00,110.00447774101009,96.54552904738317,0.0,0.0,59.49234742438965,40.80503174622433,25.924355500475478,57.64784436242131,-47.44379344815667,30.0,2.6,2.6,2.6,2.6,2.6,2.6
2026-09-15 09:15:00,100.00447774101009,86.54552904738317,0.0,0.0,73.59015292284285,43.90353328740252,26.21821011525591,56.16971760310757,-50.0,28.471725681308417,2.6,2.6,2.6,2.6,2.6,2.6
2026-09-15 09:30:00,90.00447774101009,76.54552904738317,0.0,0.0,90.0,49.20579450258222,25.433602478201117,56.29996684305455,-50.0,23.218376307028862,2.6000000000000005,2.6000000000000005,2.6000000000000005,2.6000000000000005,2.6000000000000005,2.6000000000000005
2026-09-15 09:45:00,97.87336161116916,66.54552904738317,0.0,0.0,90.0,51.93270573282719,23.872411508880006,57.931396745930556,-50.0,21.673453650999924,3.1,3.1,3.1,3.1,3.1,3.1
2026-09-15 10:00:00,100.61378448920729,60.0,0.0,0.0,90.0,53.76825182658659,23.657221225190305,57.78208711630347,-50.0,19.680920430550238,3.1,3.1,3.1,3.1,3.1,3.1
2026-09-15 10:15:00,105.04307987276715,63.54642308758734,0.0,0.0,90.0,53.445484458244685,22.102634994087904,59.59900950954207,-50.0,21.41941849203634,3.3,3.3,3.3,3.1,3.1,3.1
2026-09-15 10:30:00,106.25784061007793,63.177957504945226,0.0,0.0,90.0,51.67500387158012,23.16591428575925,61.96895833865969,-50.0,22.908281547486723,3.3,3.3,3.3,3.1,3.1,3.1
2026-09-15 10:45:00,104.5777424690049,65.0,0.0,3.1648559879146063,90.0,53.05069175717072,21.54729753266141,62.19388373259538,-50.0,19.788862421415345,4.2,4.2,4.2,3.1,3.1,3.1
2026-09-15 11:00:00,107.15587272958318,65.0,0.0,0.9851261331932122,90.0,55.2716023384782,23.32831707099087,62.91775783285715,-50.0,17.32829282841857,4.2,4.2,4.2,3.1,3.1,3.1
2026-09-15 11:15:00,102.53204766148352,62.750429398977545,0.0,0.0,90.0,61.58982254341552,21.645226634706884,63.61495498796586,-50.0,13.002531059932537,3.3,3.3,3.3,3.1,3.1,3.1
2026-09-15 11:30:00,104.4817256751902,62.24134004719619,0.0,0.0,90.0,62.52122180063667,21.115688805498106,65.48431026474366,-50.0,13.41330541039163,3.3,3.3,3.3,3.1,3.1,3.1
2026-09-15 11:45:00,103.61355104561572,61.36027240772237,0.0,0.0,90.0,65.43445645252675,20.491015380315496,63.23640772698212,-50.0,11.29990205143121,3.3,3.3,3.3,3.1,3.1,3.1
2026-09-15 12:00:00,93.61355104561572,60.0,0.0,0.0,90.0,63.83725815383299,23.386797074117624,62.774919542055514,-50.0,10.551929103149831,2.9000000000000004,2.9000000000000004,2.9000000000000004,3.1,3.1,3.1
2026-09-15 12:15:00,98.22634485805054,61.396399919934936,0.0,0.0,90.0,60.56793704433085,24.39539244237212,64.67673497996256,-50.0,14.447416084060137,3.3,3.3,3.3,3.1,3.1,3.1
2026-09-15 12:30:00,95.13331326869411,65.0,0.0,1.972779172184417,90.0,58.34898679660169,24.386822186740808,65.1613852855236,-50.0,15.610739167156751,4.2,4.2,4.2,3.1,3.1,3.1
2026-09-15 12:45:00,94.1587018333519,65.0,0.0,1.7513884957542842,90.0,56.883844365520936,25.644413748384366,64.96826679710318,-50.0,15.714732127794008,4.2,4.2,4.2,3.1,3.1,3.1
2026-09-15 13:00:00,98.03974999346008,61.970467083628186,0.0,0.0,90.0,62.494412566691544,22.159134389845217,68.00971966176469,-50.0,15.171122771476924,3.3,3.3,3.3,3.1,3.1,3.1
2026-09-15 13:15:00,97.86445583980753,65.0,0.0,0.9223139216436387,90.0,59.30118342752501,22.477688495966927,65.33154636071093,-50.0,17.63655100116806,4.2,4.2,4.2,2.9000000000000004,2.9000000000000004,2.9000000000000004
2026-09-15 13:30:00,103.32160829743339,60.0,0.0,0.0,90.0,60.29651796596776,26.44236120048397,65.38714773333432,-50.0,13.317785179494528,3.1,3.1,3.1,3.3,3.3,3.3
2026-09-15 13:45:00,110.44105383523019,60.0,0.0,0.0,90.0,56.41206498486521,26.911915973749203,67.47151918617325,-50.0,17.35035537878646,3.1,3.1,3.1,3.1,3.1,3.1
2026-09-15 14:00:00,110.40927795162602,60.0,0.0,0.0,90.0,57.00797642841338,27.231223803114425,67.3107553932,-50.0,16.438554027538316,3.1,3.1,3.1,3.1,3.1,3.1
2026-09-15 14:15:00,113.83035025669508,62.749410973344226,0.0,0.0,90.0,55.661936980315566,28.38394154579395,67.50854961823589,-50.0,23.864283911797003,3.1,3.1,3.1,3.1,3.1,3.1
2026-09-15 14:30:00,112.80991508423475,72.74941097334423,0.0,0.0,90.0,52.69364240327961,30.105011573682013,70.19826195608819,-47.7861520642237,30.0,3.1,3.1,3.1,2.9999999999999996,2.9999999999999996,2.9999999999999996
2026-09-15 14:45:00,121.95491556721745,82.74941097334423,0.0,0.0,90.0,49.97573168949212,26.543365625505853,86.31310079953221,-34.05231122624872,30.0,3.1,3.1,3.1,3.8,3.8,3.8
2026-09-15 15:00:00,125.0,92.74941097334423,0.0,0.0,90.0,45.86054591669744,23.631338056268156,98.6471831520735,-19.477913583049343,30.0,3.899999999999999,3.899999999999999,3.899999999999999,3.3,3.3,3.3
2026-09-15 15:15:00,123.05287400129441,96.24350132871355,0.0,0.0,90.0,44.01296836084911,24.188075777966798,102.32469174242725,-17.729586780441565,30.0,3.3,3.3,3.3,3.1,3.1,3.1
2026-09-15 15:30:00,125.0,105.29059722066854,0.0,0.0,90.0,40.09685784924517,23.036785928206466,112.88669332089022,-10.751871065322462,30.0,3.3,3.3,3.3,3.1,3.1,3.1
2026-09-15 15:45:00,119.78096706796322,115.0,0.0,0.0,90.0,35.00222421272998,25.541830411579923,114.65239917999891,-8.4386087524597,30.0,3.1,3.1,3.1,3.1,3.1,3.1
2026-09-15 16:00:00,125.0,125.0,0.0,30.0,57.70551211619498,30.22412302531097,25.01564622322673,96.62320791570208,-30.943738958369735,30.0,5.2,5.2,5.2,5.2,5.2,5.2
2026-09-15 16:15:00,125.0,125.0,0.0,30.0,68.57071997044996,27.778108258573933,21.562913980214574,106.30346196400241,-22.516507180140295,30.0,5.2,5.2,5.2,5.2,5.2,5.2
2026-09-15 16:30:00,125.0,125.0,0.0,30.0,80.0655541330874,26.43548732382697,19.385745351895146,115.71046139972728,-16.311251399663576,30.0,5.2,5.2,5.2,5.2,5.2,5.2
2026-09-15 16:45:00,125.0,125.0,20.0,30.0,78.58066371800847,22.487054987689202,14.579013725983698,113.87573826179342,-3.680836039967957,30.0,5.2,5.2,5.2,5.2,5.2,5.2
2026-09-15 17:00:00,125.0,125.0,50.0,30.0,61.20223423550286,18.11117563174362,14.416570414081333,95.45337235635469,2.9955174606604373,30.0,9.8,9.8,9.8,9.8,9.8,9.8
2026-09-15 17:15:00,125.0,125.0,80.0,30.0,46.26642495797486,13.932104932687267,14.313531696372838,79.72782849821729,12.02899268485234,30.0,9.8,9.8,9.8,9.8,9.8,9.8
2026-09-15 17:30:00,125.0,125.0,80.0,30.0,67.55156672887554,9.955273001317282,13.76105976602084,95.96825909682374,20.683737356641387,30.0,9.8,9.8,9.8,9.8,9.8,9.8
2026-09-15 17:45:00,125.0,125.0,80.0,30.0,75.63257658878594,5.2358583917407095,15.903932647672619,106.69669889989687,27.693886299262417,30.0,9.8,9.8,9.8,9.8,9.8,9.8
2026-09-15 18:00:00,125.0,125.0,80.0,30.0,88.73371596992301,1.033355554776042,18.17108338156413,117.5541925697295,33.01701766726346,30.0,9.8,9.8,9.8,9.8,10.0,10.0
2026-09-15 18:15:00,125.0,125.0,80.0,30.0,90.0,0.0,17.879965142170914,118.542711759903,34.39606414754934,30.0,11.0,11.0,11.0,9.8,10.0,10.0
2026-09-15 18:30:00,125.0,125.0,80.0,30.0,90.0,0.0,14.036293516617368,118.52828804757854,33.74960677299532,30.0,11.0,11.0,11.0,9.8,10.0,10.0
2026-09-15 18:45:00,125.0,125.0,80.0,30.0,90.0,0.0,15.236741437291773,117.37702327156939,33.2288547501596,30.0,11.0,11.0,11.0,10.0,10.0,10.0
2026-09-15 19:00:00,125.0,125.0,80.0,30.0,87.47972838964012,0.0,16.26586884931437,120.0,33.9242879058464,30.0,9.8,11.0,11.0,9.8,10.0,10.0
2026-09-15 19:15:00,125.0,125.0,80.0,30.0,80.21862462789385,0.0,16.79852975143145,113.35111732798156,33.007335167158956,30.0,9.8,9.8,9.8,9.8,10.0,10.0
2026-09-15 19:30:00,125.0,125.0,80.0,30.0,63.087014459325275,0.0,18.503217824759062,100.60197102244274,24.29446454257851,30.0,9.8,9.8,9.8,9.8,9.8,9.8
2026-09-15 19:45:00,125.0,125.0,80.0,30.0,53.05425487827981,0.0,16.272849931840568,92.43330511538164,18.530742564286697,30.0,9.8,9.8,9.8,9.8,9.8,9.8
2026-09-15 20:00:00,125.0,125.0,80.0,30.0,37.751679372056444,0.0,19.802560711569328,79.23460066232876,6.944398037677999,30.0,9.8,9.8,9.8,9.8,9.8,9.8
2026-09-15 20:15:00,125.0,125.0,80.0,30.0,28.001264962311595,0.0,17.865729024166978,76.48399833308228,7.277342377654165,30.0,9.8,9.8,9.8,9.8,9.8,9.8
2026-09-15 20:30:00,125.0,125.0,80.0,30.0,14.93482491307988,0.0,19.04608990158995,63.697220096133904,2.4456016913674006,30.0,9.8,9.8,9.8,9.8,9.8,9.8
2026-09-15 20:45:00,125.0,125.0,80.0,30.0,8.021532083694751,0.0,15.790237691258382,60.48834624372381,3.2922484862805845,30.0,9.8,9.8,9.8,9.8,9.8,9.8
2026-09-15 21:00:00,125.0,125.0,78.49996002784653,30.0,0.0,0.0,13.981407911315102,54.99284510582348,2.2670977656114957,30.0,8.2,8.2,8.2,8.2,8.2,8.2
2026-09-15 21:15:00,125.0,125.0,69.17079347272028,30.0,0.0,0.0,16.6190104627004,57.79971000851123,2.9356907227000733,30.0,8.2,8.2,8.2,8.2,8.2,8.2
2026-09-15 21:30:00,125.0,125.0,70.68445677789637,30.0,0.0,0.0,15.968309526216977,55.06847047900487,8.727426266102569,30.0,8.299999999999997,8.299999999999997,8.299999999999997,8.299999999999997,8.299999999999997,8.299999999999997
2026-09-15 21:45:00,125.0,125.0,40.68445677789637,30.0,14.802378564748892,0.0,17.31024143629344,80.19528489038211,10.470247613919014,30.0,9.8,9.8,9.8,9.8,9.8,9.8
2026-09-15 22:00:00,125.0,125.0,10.684456777896372,30.0,43.19091939622594,0.0,17.519965296418018,106.40723146959273,13.520199937670682,30.0,6.5,6.5,6.5,6.5,6.5,6.5
2026-09-15 22:15:00,125.0,125.0,0.0,30.0,41.99315977567639,0.0,17.103131707402866,111.14703583277608,11.317509559539047,30.0,6.5,6.5,6.5,6.5,6.5,6.5
2026-09-15 22:30:00,125.0,125.0,0.0,30.0,25.043852807723724,0.0,19.339645434933484,97.42566449427493,6.689665400154212,30.0,6.5,6.5,6.5,6.5,6.5,6.5
2026-09-15 22:45:00,125.0,125.0,0.0,30.0,17.504152562513397,0.0,18.62695562256287,92.24976391983326,5.8637222440448795,30.0,6.5,6.5,6.5,6.5,6.5,6.5
2026-09-15 23:00:00,125.0,125.0,0.0,0.0,40.09708765393978,0.0,15.15693853734633,117.37477154973806,36.76585585333604,30.0,3.8,3.8,3.8,3.8,3.8,3.8
2026-09-15 23:15:00,125.0,125.0,0.0,0.0,31.06958721346554,0.0,13.552976817595255,112.66580267982378,35.78096115775004,30.0,3.8,3.8,3.8,3.8,3.8,3.8
2026-09-15 23:30:00,125.0,125.0,0.0,0.0,21.75048239168308,0.0,14.439382806852208,106.21757036714868,32.57078703812981,30.0,3.8,3.8,3.8,3.8,3.8,3.8
2026-09-15 23:45:00,125.0,125.0,0.0,0.0,14.316001374572295,0.0,15.025034340329501,99.79820965527065,29.608941862220732,30.0,3.8,3.8,3.8,3.8,3.8,3.8
2026-09-16 00:00:00,108.70549449905246,60.0,0.0,0.0,88.14079055811612,0.0,12.068330416458938,113.6977393138161,50.0,6.889638388395014,3.0,3.0,3.0,3.1,3.1,3.1
2026-09-16 00:15:00,104.12542937465327,60.0,0.0,0.0,90.0,0.0,10.726786590662252,112.81615096555706,50.0,7.631390948910315,3.1,3.1,3.1,3.1,3.1,3.1
2026-09-16 00:30:00,101.92846929048679,60.0,0.0,0.0,90.0,0.0,9.69347220215858,111.43851396347387,50.0,7.264639937715124,3.1,3.1,3.1,3.1,3.1,3.1
2026-09-16 00:45:00,100.44974457241642,60.0,0.0,0.0,90.0,0.0,9.093321533367934,110.21155818822884,50.0,8.024476876219147,3.1,3.1,3.1,3.1,3.1,3.1
2026-09-16 01:00:00,99.96864360527019,60.0,0.0,0.0,90.0,0.0,6.706878148778283,109.20498185582727,50.0,9.02461977681049,3.1,3.1,3.1,3.1,3.1,3.1
2026-09-16 01:15:00,98.03909835450648,60.0,0.0,0.0,90.0,0.0,5.753635210529177,108.31754477218489,50.0,9.282455825492725,3.1,3.1,3.1,3.1,3.1,3.1
2026-09-16 01:30:00,99.1718467794723,60.0,0.0,0.0,90.0,0.0,4.666049441398678,107.740095335669,50.0,10.054519530573678,3.1,3.1,3.1,3.1,3.1,3.1
2026-09-16 01:45:00,98.29866771583397,60.0,0.0,0.0,90.0,0.0,6.330225927973226,106.91366992955898,50.0,7.947652143018551,3.1,3.1,3.1,3.1,3.1,3.1
2026-09-16 02:00:00,92.6467176425895,60.0,0.0,0.0,90.0,0.0,8.032315905843573,105.87114780461353,50.0,6.250185432339563,3.1,3.1,3.1,3.1,3.1,3.1
2026-09-16 02:15:00,92.00470261935129,60.0,0.0,0.0,90.0,0.0,7.985864230691396,105.72224192655763,50.0,6.617650343881529,3.1,3.1,3.1,3.1,3.1,3.1
2026-09-16 02:30:00,92.15536125293468,60.0,0.0,0.0,90.0,0.0,7.520117834907277,105.01423127308792,50.0,7.009964270336802,3.1,3.1,3.1,3.1,3.1,3.1
2026-09-16 02:45:00,90.77951304474618,60.0,0.0,0.0,89.736651965385,0.0,8.049433615294417,105.19568353450543,50.0,5.7716994329994336,3.0,3.0,3.0,3.1,3.1,3.1
2026-09-16 03:00:00,91.07362246931251,60.0,0.0,0.0,90.0,0.0,6.865654346664225,104.81331363640825,50.0,6.733303576856379,3.1,3.1,3.1,3.1,3.1,3.1
2026-09-16 03:15:00,89.11506788912989,60.0,0.0,0.0,90.0,0.0,5.14823342893128,105.95141318559523,50.0,2.6382233787040263,3.1,3.1,3.1,3.1,3.1,3.1
2026-09-16 03:30:00,85.66116584688697,60.0,0.0,0.0,90.0,0.0,3.880258015002865,107.25389893151694,50.0,-2.119207580135914,3.1,3.1,3.1,3.1,3.1,3.1
2026-09-16 03:45:00,82.69723034294242,60.0,0.0,0.0,90.0,0.0,3.2266839901803506,108.45984898342397,50.0,-7.136011208140133,3.1,3.1,3.1,3.1,3.1,3.1
2026-09-16 04:00:00,81.09990325534434,60.0,0.0,0.0,89.39026521855516,0.0,1.668246005061238,109.47548327579935,50.0,-11.979067554427218,3.0,3.0,3.0,3.0000000000000004,3.0000000000000004,3.0000000000000004
2026-09-16 04:15:00,91.09990325534434,60.0,0.0,0.0,88.51144584385216,0.0,2.570013363254323,113.052248633793,50.0,-10.253946008795431,3.0,3.0,3.0,3.0,3.0,3.0
2026-09-16 04:30:00,101.09990325534434,60.967960794282305,0.0,0.0,90.0,0.0,4.494257333761159,116.84840491984902,50.0,-10.086759186647079,3.3000000000000003,3.3000000000000003,3.3000000000000003,3.3,3.3,3.3
2026-09-16 04:45:00,102.91769766819675,65.0,0.0,0.0,90.0,0.0,2.2183951023310513,84.5065684053917,13.898388809486512,30.0,3.1,3.1,3.1,3.1,3.1,3.1
2026-09-16 05:00:00,98.68939420637003,75.0,0.0,0.0,90.0,0.0,2.9407218624635965,90.31437571501272,15.816557629776149,30.0,3.1,3.1,3.1,3.1,3.1,3.1
2026-09-16 05:15:00,99.5650511339175,85.0,0.0,0.0,90.0,0.0,3.2280659513204455,95.87505869304792,17.049969309999234,30.0,3.1,3.1,3.1,3.1,3.1,3.1
2026-09-16 05:30:00,105.0,95.0,0.0,0.0,82.58772828911623,0.0,4.54497270860048,100.30166993669383,17.491190409729732,30.0,3.0,3.0,3.0,3.0,3.0,3.0
2026-09-16 05:45:00,115.0,105.0,0.0,0.0,72.23643765109233,0.0,5.211611340377134,107.11391629960889,18.132575285216006,30.0,3.0,3.0,3.0,3.0,3.0,3.0
2026-09-16 06:00:00,125.0,115.0,0.0,0.0,64.1080480552763,0.0,3.2918512886972486,113.61445092390505,21.984934787834987,30.0,4.2,4.2,4.2,4.2,4.2,4.2
2026-09-16 06:15:00,125.0,125.0,0.0,0.3592564038819681,62.36843737033715,0.11754774136449536,1.8000815879987286,120.0,24.325340950960495,30.0,4.2,4.6,4.6,4.2,4.2,4.2
2026-09-16 06:30:00,125.0,125.0,0.0,0.0,66.45512578798403,1.4261843774760907,2.703865646241793,119.48679188498673,22.706144788143583,30.0,4.2,4.2,4.2,4.2,4.2,4.2
2026-09-16 06:45:00,125.0,125.0,0.0,0.0,68.9868963489477,4.9886713430538965,5.404125451109598,115.80515033665047,16.40836500393611,30.0,4.2,4.2,4.2,4.2,4.2,4.2
2026-09-16 07:00:00,125.0,125.0,0.0,30.0,49.6749554002196,5.4225661894676,2.209883175872991,91.85634765585834,-10.129038264750129,30.0,5.0,5.0,5.0,5.0,5.0,5.0
2026-09-16 07:15:00,125.0,125.0,0.0,30.0,48.912832086367786,5.1571103856455975,3.7421623829256365,89.91933456783147,-13.022866117253358,30.0,5.0,5.0,5.0,5.0,5.0,5.0
2026-09-16 07:30:00,125.0,125.0,0.0,30.0,46.744117699075446,1.3018319499464015,6.769236703839675,87.43754635778689,-13.229957765538344,30.0,5.0,5.0,5.0,5.0,5.0,5.0
2026-09-16 07:45:00,125.0,125.0,0.0,30.0,46.51070049966572,1.5604243438315022,7.3092938100991525,84.46990743269296,-16.23432641705901,30.0,5.0,5.0,5.0,5.0,5.0,5.0
2026-09-16 08:00:00,125.0,125.0,0.0,30.0,47.31062560590156,1.8113502526737035,9.118242906093046,80.73125016939245,-19.57188946751441,30.0,4.6,4.6,4.6,4.6,4.6,4.6
2026-09-16 08:15:00,125.0,125.0,0.0,30.0,45.59943143265896,2.0521590297853236,8.634956183694113,83.06896673888251,-19.864403803082993,30.0,4.6,4.6,4.6,4.6,4.6,4.6
2026-09-16 08:30:00,125.0,125.0,0.0,3.9929483013081963,69.67009505930042,2.2826442745091398,9.233316860298467,106.63819317057431,4.296873284259583,30.0,4.6,4.6,4.6,4.6,4.6,4.6
2026-09-16 08:45:00,125.0,125.0,0.0,30.0,48.258330867546874,2.503751921546263,7.125916684874682,83.72910131587213,-20.35794456698266,30.0,4.6,4.6,4.6,4.6,4.6,4.6
2026-09-16 09:00:00,120.0,120.0,0.0,1.6959914562313685,90.0,2.7103723300258253,3.792967441293904,116.13478457284796,9.796677775406735,30.0,4.6,4.6,4.6,2.6,2.6,2.6
2026-09-16 09:15:00,113.62603885398578,110.0,0.0,17.532297254410743,90.0,2.9037003796977308,6.488575635641442,99.19650039920404,-8.262217595017987,30.0,4.6,4.6,4.6,2.9000000000000004,2.9000000000000004,2.9000000000000004
2026-09-16 09:30:00,123.62603885398578,100.90548465644281,0.0,12.524403009743544,90.0,6.90653378771203,5.6434384378690785,100.93008233622126,-6.582336603425659,30.0,4.6,4.6,4.6,3.3,3.3,3.3
2026-09-16 09:45:00,125.0,91.88880896556792,0.0,26.368683053931882,90.0,3.249069370750104,5.7850646571029,91.39045138490155,-16.220875160681658,30.0,4.6,4.6,4.6,3.3,3.3,3.3
2026-09-16 10:00:00,125.0,96.80433722934204,0.0,25.296356179407525,90.0,3.398672301965327,4.253405257984725,95.22620101157528,-14.017861161921815,30.0,4.6,4.6,4.6,3.3,3.3,3.3
2026-09-16 10:15:00,125.0,86.8373782279993,0.0,15.777011284076622,90.0,17.471493650397488,2.730167584016503,91.28435989595627,-17.970772384839265,30.0,4.6,4.6,4.6,3.3,3.3,3.3
2026-09-16 10:30:00,120.0,76.8373782279993,0.0,0.0,80.18596994439235,49.83870655227166,3.480677602451835,67.68821158365436,-37.93118651820858,30.0,2.6,2.6,2.6,3.3,3.3,3.3
2026-09-16 10:45:00,125.0,86.4043664054987,0.0,0.0,90.0,33.92857308566367,3.2095328898833033,88.94454643593934,-20.750980478710623,30.0,3.3,3.3,3.3,3.3,3.3,3.3
2026-09-16 11:00:00,125.0,88.64530890271743,0.0,0.7290984280017767,90.0,28.90463052628528,4.93947452250267,95.55860186429399,-17.286465202876172,30.0,4.6,4.6,4.6,3.3,3.3,3.3
2026-09-16 11:15:00,125.0,81.3290849861583,0.0,0.0,90.0,32.785976401194546,6.749280839108468,87.93490643794169,-22.324677722089987,30.0,3.3,3.3,3.3,3.1,3.1,3.1
2026-09-16 11:30:00,120.0,85.31287960225934,0.0,0.0,77.88528779268893,51.127502464518855,8.263481595197748,68.09853418977016,-43.60065801618551,30.0,2.6,2.6,2.6,3.4999999999999996,3.4999999999999996,3.4999999999999996
2026-09-16 11:45:00,125.0,78.69244999361621,0.0,0.0,90.0,35.81772811743847,9.578141944782669,84.30556966540186,-27.405620971665712,30.0,3.3,3.3,3.3,3.3,3.3,3.3
2026-09-16 12:00:00,125.0,78.71303291523934,0.0,0.0,90.0,31.442864948261608,13.25602849855347,87.56935648352673,-25.218960085410046,30.0,3.3,3.3,3.3,3.3,3.3,3.3
2026-09-16 12:15:00,120.0,74.33039031724343,0.0,0.0,89.51086130962503,39.562112524707715,12.05235623768423,79.55306346528792,-32.39089839337672,30.0,2.6,2.6,2.6,3.3,3.3,3.3
2026-09-16 12:30:00,120.0,75.64772899676586,0.0,0.0,86.17620872933857,41.913292018924324,12.696315153608218,76.6833714351046,-35.109092536377716,30.0,2.6,2.6,2.6,3.3,3.3,3.3
2026-09-16 12:45:00,120.17081510498076,80.82097125979809,0.0,0.0,90.0,34.49478560414053,15.445768609255513,83.16266939741465,-29.29935456240952,30.0,3.1,3.1,3.1,3.3,3.3,3.3
2026-09-16 13:00:00,120.0,88.07901468382533,0.0,0.0,88.79736647842856,31.093030313710372,18.335566486892127,87.36206972573564,-27.778833895336284,30.0,2.6,2.6,2.6,3.3,3.3,3.3
2026-09-16 13:15:00,125.0,98.07901468382533,0.0,10.917540256243399,90.0,13.86161498996044,16.287293522635835,98.69358528762208,-17.499399611776653,30.0,4.6,4.6,4.6,3.3,3.3,3.3
2026-09-16 13:30:00,125.0,98.80480749304522,0.0,8.596569200431901,90.0,13.261974488173896,16.27991276132367,100.14819061123538,-14.514379157618748,30.0,4.6,4.6,4.6,3.3,3.3,3.3
2026-09-16 13:45:00,125.0,101.73526148757233,0.0,9.453107040308467,90.0,12.351485439740554,19.260735248799975,97.78495620163139,-17.049193852422448,30.0,4.6,4.6,4.6,3.1,3.1,3.1
2026-09-16 14:00:00,124.91906522405228,110.09374283733266,0.0,0.0,90.0,16.93679805104086,20.60187718476719,101.98509875169465,-14.37970644344098,30.0,3.1,3.1,3.1,3.4999999999999996,3.4999999999999996,3.4999999999999996
2026-09-16 14:15:00,125.0,120.09374283733266,0.0,0.21499074548007968,90.0,11.926933278517271,21.318317699304767,113.4806746634857,-4.140709832202916,30.0,4.6,4.6,4.6,3.3,3.3,3.3
2026-09-16 14:30:00,125.0,116.8133200157731,0.0,0.0,90.0,18.28419393952242,21.247434556439305,112.47590297330423,-4.27785795905173,30.0,3.3,3.3,3.3,3.3,3.3,3.3
2026-09-16 14:45:00,120.32496788965058,113.35053207429716,0.0,0.0,90.0,27.423309536318627,20.85611429970823,108.10046175021422,-8.063662648716416,30.0,3.1,3.1,3.1,3.3,3.3,3.3
2026-09-16 15:00:00,125.0,123.35053207429716,0.0,0.0,90.0,26.026634951407814,21.661686251030893,116.03419595670202,-0.9369846251854028,30.0,3.4999999999999996,3.4999999999999996,3.4999999999999996,4.2,4.2,4.2
2026-09-16 15:15:00,125.0,123.84756515627355,0.0,0.0,90.0,26.029350348176976,21.44471577795952,116.64654505555681,-0.6823684960133534,30.0,3.3,3.3,3.3,4.2,4.2,4.2
2026-09-16 15:30:00,125.0,125.0,0.0,3.6642446481573927,90.0,23.163201553211557,21.585863021734923,118.47496432950885,-1.4811190753895573,30.0,4.6,4.6,4.6,4.2,4.2,4.2
2026-09-16 15:45:00,125.0,125.0,0.0,12.877502738385147,90.0,20.13508264406984,21.91426739131375,115.82130521948284,-6.2766109687982095,30.0,4.6,4.6,4.6,4.2,4.2,4.2
2026-09-16 16:00:00,125.0,125.0,0.0,30.0,81.8158025559157,12.874553232667253,20.843695244073647,111.30700355808037,-13.152067134487083,30.0,5.2,5.2,5.2,5.2,5.2,5.2
2026-09-16 16:15:00,125.0,125.0,4.9878627479876485,30.0,90.0,13.419327057710516,21.956109727706284,112.93457887133121,-11.84310107253954,30.0,8.2,8.2,8.2,8.2,8.2,8.2
2026-09-16 16:30:00,125.0,125.0,9.690738035983259,30.0,90.0,11.025621257084829,27.29521064442906,112.96917415722251,-11.415687893816681,30.0,8.2,8.2,8.2,8.2,8.2,8.2
2026-09-16 16:45:00,125.0,125.0,20.0,30.0,73.9487278151421,17.721626538317196,24.002035944289688,101.54874434958221,-12.848466223618672,30.0,5.2,5.2,5.2,5.2,5.2,5.2
2026-09-16 17:00:00,125.0,125.0,50.0,30.0,48.228546225639946,18.021927183832844,24.56155047648935,75.46770438009219,-11.261392845508738,30.0,9.8,9.8,9.8,9.8,9.8,9.8
2026-09-16 17:15:00,125.0,125.0,80.0,30.0,32.9443428673337,13.01824328301539,23.124911626470478,58.56760056801512,-1.3125147622211415,30.0,9.8,9.8,9.8,9.8,9.8,9.8
2026-09-16 17:30:00,125.0,125.0,80.0,30.0,49.63821458807439,6.489993247876663,24.111455815357612,72.2783004957638,7.254074329796509,30.0,9.8,9.8,9.8,9.8,9.8,9.8
2026-09-16 17:45:00,125.0,125.0,80.0,30.0,64.02393803975082,2.1086912156280757,24.085637997265906,85.33780417415912,14.888423733123318,30.0,9.8,9.8,9.8,9.8,9.8,9.8
2026-09-16 18:00:00,125.0,125.0,80.0,30.0,67.29731607521947,0.5667352361577961,25.321340458216003,90.14686515341447,18.983665499925877,30.0,9.8,9.8,9.8,9.8,9.8,9.8
2026-09-16 18:15:00,125.0,125.0,80.0,30.0,67.25993065013746,0.0,27.238325506280034,93.34918766880772,17.719299437179373,30.0,9.8,9.8,9.8,9.8,9.8,9.8
2026-09-16 18:30:00,125.0,125.0,80.0,30.0,70.85063137339912,0.0,27.30270968324428,94.31093416561251,18.747682147222918,30.0,9.8,9.8,9.8,9.8,9.8,9.8
2026-09-16 18:45:00,125.0,125.0,80.0,30.0,68.803681352626,0.0,29.031752393179335,94.73482934458772,18.363285547090953,30.0,9.8,9.8,9.8,9.8,9.8,9.8
2026-09-16 19:00:00,125.0,125.0,80.0,30.0,82.11195768644235,0.0,24.42764485639025,102.56506886008823,23.54532751451758,30.0,9.8,9.8,9.8,10.0,10.0,10.0
2026-09-16 19:15:00,125.0,125.0,80.0,30.0,58.631096911759755,0.0,27.02136178826139,90.03125473220643,14.229753327408844,30.0,9.8,9.8,9.8,9.8,9.8,9.8
2026-09-16 19:30:00,125.0,125.0,80.0,30.0,48.190719763769295,0.0,27.32781322513571,80.21366187462976,6.748037553849514,30.0,9.8,9.8,9.8,9.8,9.8,9.8
2026-09-16 19:45:00,125.0,125.0,80.0,30.0,39.163681808065235,0.0,28.869516084177114,70.08387167077586,-0.11340955367697347,30.0,9.8,9.8,9.8,9.8,9.8,9.8
2026-09-16 20:00:00,125.0,125.0,80.0,30.0,29.42608768133894,0.0,26.209790843487784,61.3553632999635,-4.796117185672756,30.0,9.8,9.8,9.8,9.8,9.8,9.8
2026-09-16 20:15:00,125.0,125.0,80.0,30.0,17.245891639547025,0.0,24.312326420893644,55.488039405756965,-4.851293317451095,30.0,9.8,9.8,9.8,9.8,9.8,9.8
2026-09-16 20:30:00,125.0,125.0,80.0,30.0,12.008213665539444,0.0,24.213377036913876,48.96752694514362,-7.170283848592021,30.0,9.8,9.8,9.8,9.8,9.8,9.8
2026-09-16 20:45:00,125.0,125.0,78.73721990372174,30.0,0.0,0.0,23.809063861659183,45.72407853020215,-8.868630816728242,30.0,8.2,8.2,8.2,9.8,9.8,9.8
2026-09-16 21:00:00,125.0,125.0,66.27495667371973,30.0,0.0,0.0,23.943669192107954,49.50057170743014,-11.287534703434218,30.0,8.2,8.2,8.2,8.2,8.2,8.2
2026-09-16 21:15:00,125.0,125.0,55.72625062862265,30.0,0.0,0.0,25.5050676306378,53.18441370171672,-8.054107490742823,30.0,8.2,8.2,8.2,8.2,8.2,8.2
2026-09-16 21:30:00,125.0,125.0,59.36278720018673,30.0,0.0,0.0,21.880008092972655,51.2120580767797,-1.820264409900389,30.0,8.2,8.2,8.2,8.299999999999997,8.299999999999997,8.299999999999997
2026-09-16 21:45:00,125.0,125.0,30.0,30.0,18.6667789843557,0.0,23.285602685898567,75.14304238069964,0.00040029410905617624,30.0,9.8,9.8,9.8,9.8,9.8,9.8
2026-09-16 22:00:00,125.0,125.0,0.0,30.0,43.120146470445036,0.0,22.90445344676462,103.92427236580778,4.498662230428124,30.0,6.5,6.5,6.5,6.5,6.5,6.5
2026-09-16 22:15:00,125.0,125.0,0.0,30.0,30.130337561304245,0.0,22.148202544015195,95.99178267238578,2.119182897159419,30.0,6.5,6.5,6.5,6.5,6.5,6.5
2026-09-16 22:30:00,125.0,125.0,0.0,30.0,24.727914495076064,0.0,19.1304261396758,91.6960803184942,1.9860612408039486,30.0,6.5,6.5,6.5,6.5,6.5,6.5
2026-09-16 22:45:00,125.0,125.0,0.0,30.0,12.610325305682736,0.0,19.755486393614696,84.2007062900948,-1.062981628368476,30.0,6.5,6.5,6.5,6.5,6.5,6.5
2026-09-16 23:00:00,125.0,125.0,0.0,0.0,36.86684840097189,0.0,15.111547847024976,110.55431227036124,31.335051765307554,30.0,3.8,3.8,3.8,3.8,3.8,3.8
2026-09-16 23:15:00,125.0,125.0,0.0,0.0,28.446502754797564,0.0,16.121889233726296,104.23537046632202,28.123814277843536,30.0,3.8,3.8,3.8,3.8,3.8,3.8
2026-09-16 23:30:00,125.0,125.0,0.0,0.0,22.26589775918407,0.0,13.253292234984883,101.66139331991971,28.771925154456397,30.0,3.8,3.8,3.8,3.8,3.8,3.8
2026-09-16 23:45:00,125.0,125.0,0.0,0.0,16.087110986644944,0.0,13.258834336877134,119.9400250959971,50.0,6.544090870793063,3.8,3.8,3.8,3.8,3.8,3.8
2026-09-17 00:00:00,111.2565917384059,60.11092861257554,0.0,0.0,90.0,0.0,12.961317356343676,118.28390236222641,50.0,5.784957581923301,3.3,3.3,3.3,3.1,3.1,3.1
2026-09-17 00:15:00,104.77181222933136,60.0,0.0,0.0,90.0,0.0,15.001969122414202,115.47301558006275,50.0,3.1085248626700093,3.1,3.1,3.1,3.1,3.1,3.1
2026-09-17 00:30:00,103.87141796601284,60.0,0.0,0.0,90.0,0.0,14.565918382297008,114.45403799882997,50.0,3.00187963216878,3.1,3.1,3.1,3.1,3.1,3.1
2026-09-17 00:45:00,102.29039380296553,60.0,0.0,0.0,90.0,0.0,13.22799018744562,112.44055944980784,50.0,3.9166033038572508,3.1,3.1,3.1,3.1,3.1,3.1
2026-09-17 01:00:00,101.50712455185035,60.0,0.0,0.0,90.0,0.0,12.282266349968264,110.08002614244249,50.0,4.190317133609895,3.1,3.1,3.1,3.1,3.1,3.1
2026-09-17 01:15:00,97.61459199147401,60.0,0.0,0.0,90.0,0.0,14.584018744056916,109.87268548473963,50.0,1.0584475403921374,3.1,3.1,3.1,3.1,3.1,3.1
2026-09-17 01:30:00,92.75409684723678,60.0,0.0,0.0,90.0,0.0,15.50835488691334,109.76342770545477,50.0,-0.5015142584899195,3.1,3.1,3.1,3.1,3.1,3.1
2026-09-17 01:45:00,89.9243401684259,60.0,0.0,0.0,90.0,0.0,14.764368375809306,108.87544300182091,50.0,-0.06434838210954297,3.1,3.1,3.1,3.1,3.1,3.1
2026-09-17 02:00:00,87.20161057506041,60.0,0.0,0.0,90.0,0.0,14.331412164526009,108.20411406837694,50.0,-0.036984195062686354,3.1,3.1,3.1,3.1,3.1,3.1
2026-09-17 02:15:00,91.56628057910899,60.0,0.0,0.0,90.0,0.0,11.53752766311942,107.90264509390613,50.0,2.7210764196924515,3.1,3.1,3.1,3.1,3.1,3.1
2026-09-17 02:30:00,87.74162565125958,60.0,0.0,0.0,90.0,0.0,12.37015655846255,108.15066089200128,50.0,1.8509870028904913,3.1,3.1,3.1,3.1,3.1,3.1
2026-09-17 02:45:00,89.63132941524775,60.0,0.0,0.0,90.0,0.0,9.334439141620791,107.81800246717361,50.0,4.709649512217624,3.1,3.1,3.1,3.1,3.1,3.1
2026-09-17 03:00:00,85.57039916623101,60.0,0.0,0.0,90.0,0.0,10.935178539124664,108.02326033762715,50.0,3.0834206764972123,3.1,3.1,3.1,3.1,3.1,3.1
2026-09-17 03:15:00,83.29128955938666,60.80788149733131,0.0,0.0,90.0,0.0,11.39148851000358,109.79584286463519,50.0,-2.761447039885539,3.3,3.3,3.3,3.1,3.1,3.1
2026-09-17 03:30:00,76.0556651020407,60.0,0.0,0.0,90.0,0.0,15.925126858942345,110.95445576910382,50.0,-13.547520804161763,3.1,3.1,3.1,3.1,3.1,3.1
2026-09-17 03:45:00,75.25632755237552,60.0,0.0,0.0,90.0,0.0,14.072626467246517,111.70583519312441,50.0,-17.443393353880452,3.1,3.1,3.1,3.1,3.1,3.1
2026-09-17 04:00:00,72.82863234318087,60.0,0.0,0.0,90.0,0.0,14.098271283568373,113.16240971181287,50.0,-23.06996554970256,3.1,3.1,3.1,3.0,3.0,3.0
2026-09-17 04:15:00,82.3304671258389,60.0,0.0,0.0,90.0,0.0,17.572348538754582,118.09559873581884,50.0,-23.853276310967246,3.1,3.1,3.1,3.2,3.2,3.2
2026-09-17 04:30:00,89.8155475072434,60.0,0.0,0.0,90.0,0.0,19.87753559371028,68.14339817852058,-3.6514117561887574,30.0,3.1,3.1,3.1,3.1,3.1,3.1
2026-09-17 04:45:00,95.3558958104343,65.0,0.0,0.0,90.0,0.0,18.743770263074715,75.30670920302322,-0.585177279842263,30.0,3.1,3.1,3.1,3.1,3.1,3.1
2026-09-17 05:00:00,95.34383078736221,75.0,0.0,0.0,90.0,0.0,19.328245459268295,81.94578684535685,1.4900655658369715,30.0,3.1,3.1,3.1,3.1,3.1,3.1
2026-09-17 05:15:00,96.02683526283931,85.0,0.0,0.0,90.0,0.0,19.523447113247563,88.6617430813316,3.358796938526602,30.0,3.1,3.1,3.1,3.0,3.0,3.0
2026-09-17 05:30:00,105.0,95.0,0.0,0.0,87.05083294284458,0.0,20.24429736301302,96.17101191240117,4.427738855809849,30.0,3.0,3.0,3.0,3.0,3.0,3.0
2026-09-17 05:45:00,115.0,105.0,0.0,0.0,72.36380622323935,0.0,19.20562125297106,100.18851382660998,6.871053413478997,30.0,3.0,3.0,3.0,3.0,3.0,3.0
2026-09-17 06:00:00,125.0,115.0,0.0,0.0,64.52467764998141,0.0,19.32174288292897,106.19124482832983,8.45608390784956,30.0,4.2,4.2,4.2,4.2,4.2,4.2
2026-09-17 06:15:00,125.0,125.0,0.0,0.0,57.85576158824864,0.4334904025329271,16.74488289684831,111.65345713064787,10.517383955177785,30.0,4.2,4.2,4.2,4.2,4.2,4.2
2026-09-17 06:30:00,125.0,125.0,0.0,0.0,61.31085754748041,3.028357462228552,17.390582693135485,112.14654424211055,8.36233676024672,30.0,4.2,4.2,4.2,4.2,4.2,4.2
2026-09-17 06:45:00,125.0,125.0,0.0,0.0,64.56495659818833,5.754396940503634,18.608472543213857,112.78486772559381,4.265759522542233,30.0,4.2,4.2,4.2,4.2,4.2,4.2
2026-09-17 07:00:00,125.0,125.0,0.0,30.0,34.88201369070529,11.774418590424878,18.594282180332538,77.00960545294981,-31.85510208340675,30.0,5.0,5.0,5.0,5.0,5.0,5.0
2026-09-17 07:15:00,125.0,125.0,0.0,30.0,32.036822407865856,16.866651765392135,16.10562997055593,75.14798423277563,-35.52823263801213,30.0,5.0,5.0,5.0,5.0,5.0,5.0
2026-09-17 07:30:00,125.0,125.0,0.0,30.0,28.188999873997318,18.225345493118603,18.39983800745594,69.70677981494217,-40.18901178901863,30.0,5.0,5.0,5.0,5.0,5.0,5.0
2026-09-17 07:45:00,125.0,125.0,0.0,30.0,24.9630902032946,17.94464128781712,19.522568720165157,64.07926829534071,-42.0893926162704,30.0,5.0,5.0,5.0,5.0,5.0,5.0
2026-09-17 08:00:00,125.0,125.0,0.0,30.0,22.751226822589523,21.45243198609072,18.66792790014772,58.801742737039966,-46.15280248393871,30.0,4.6,4.6,4.6,4.6,4.6,4.6
2026-09-17 08:15:00,125.0,125.0,0.0,30.0,27.01342120587811,19.191261810567777,18.658594169234675,60.915594268012946,-44.61080407427719,30.0,4.6,4.6,4.6,4.6,4.6,4.6
2026-09-17 08:30:00,125.0,125.0,0.0,30.0,33.781534761106286,19.55954358228919,16.46989993996388,62.260940744870595,-44.33259744937669,30.0,4.6,4.6,4.6,4.6,4.6,4.6
2026-09-17 08:45:00,125.0,115.0,0.0,2.815715244237154,59.0029804173499,25.313344053086816,15.217308375104578,83.12681871559056,-23.661394649585112,30.0,4.6,4.6,4.6,4.6,4.6,4.6
2026-09-17 09:00:00,115.0,105.0,0.0,0.0,68.39669068042792,35.557286717256524,14.893374912528023,72.74102712135877,-32.64795697315369,30.0,2.6,2.6,2.6,2.6,2.6,2.6
2026-09-17 09:15:00,105.0,95.0,0.0,0.0,79.12026118206762,41.441525359388294,17.770149902637314,63.87488662449479,-42.622565750302385,30.0,2.6,2.6,2.6,2.6,2.6,2.6
2026-09-17 09:30:00,111.05196228783223,90.0,0.0,5.985102545175003,90.0,28.063077712368237,17.208450243161618,76.58507250808336,-32.64081092384659,30.0,4.6,4.6,4.6,3.1,3.1,3.1
2026-09-17 09:45:00,112.51039450194834,80.0,0.0,2.6088742561328857,90.0,34.07263954556977,18.975460816034598,70.11642334083112,-37.735366835996885,30.0,4.6,4.6,4.6,2.9000000000000004,2.9000000000000004,2.9000000000000004
2026-09-17 10:00:00,122.51039450194834,71.29618671326111,0.0,0.0,90.0,37.65720693245017,18.57471642288398,71.90355302161916,-39.04450743032734,30.0,3.4999999999999996,3.4999999999999996,3.4999999999999996,3.3,3.3,3.3
2026-09-17 10:15:00,121.96855266327191,61.29618671326111,0.0,0.0,90.0,43.28013702124705,19.606090489053134,62.96678560392727,-46.00750474507468,30.0,3.1,3.1,3.1,3.1,3.1,3.1
2026-09-17 10:30:00,117.55961397605319,60.0,0.0,0.0,76.88120858802922,56.6927231182325,19.908718776648833,57.6579783230858,-50.0,18.909657261322792,2.6,2.6,2.6,3.1,3.1,3.1
2026-09-17 10:45:00,122.03568032051913,60.0,0.0,0.0,90.0,40.46133772847155,22.029473658465495,62.595697112152614,-45.49806736133382,30.0,3.1,3.1,3.1,3.1,3.1,3.1
2026-09-17 11:00:00,119.96269377409152,65.0,0.0,3.346400763377602,90.0,38.05620738591228,21.551808862843536,65.17944042925043,-45.082383505179536,30.0,4.6,4.6,4.6,3.1,3.1,3.1
2026-09-17 11:15:00,123.806542805052,61.76688811229985,0.0,0.0,90.0,45.58028543321764,19.21812514507145,64.438208846555,-47.04772456807356,30.0,3.3,3.3,3.3,3.1,3.1,3.1
2026-09-17 11:30:00,119.98876794096608,65.0,0.0,15.243907191077355,90.0,33.84474349717157,17.293222952143008,66.75981675495385,-46.8487723410733,30.0,4.6,4.6,4.6,3.1,3.1,3.1
2026-09-17 11:45:00,116.83391999446346,60.0,0.0,0.0,90.0,49.515077872680166,16.950130148251414,66.68595368964759,-47.6392861166032,30.0,3.1,3.1,3.1,3.1,3.1,3.1
2026-09-17 12:00:00,116.19983481555005,60.0,0.0,0.0,90.0,52.752749853158306,15.318566339820258,64.2234946968698,-49.06460352899848,30.0,3.1,3.1,3.1,3.1,3.1,3.1
2026-09-17 12:15:00,106.8331651615513,60.0,0.0,0.0,88.35308916357161,58.832440761694286,16.713068356217004,61.23287164572859,-50.0,22.925139004675675,2.6,2.6,2.6,3.1,3.1,3.1
2026-09-17 12:30:00,116.8331651615513,62.365475853461184,0.0,0.0,90.0,52.551919447910535,16.47770597100572,62.50917500394697,-49.62604383904249,30.0,3.3,3.3,3.3,3.1,3.1,3.1
2026-09-17 12:45:00,115.94640632205423,60.0,0.0,0.0,84.2833361255839,57.93961607266268,21.3491678152434,62.11980807441523,-50.0,19.42056449092033,2.6,2.6,2.6,3.1,3.1,3.1
2026-09-17 13:00:00,114.92748413856977,60.0,0.0,0.0,84.17846318507739,63.678139771937666,18.65780578864508,64.51006584167445,-50.0,15.48183787463546,2.6,2.6,2.6,3.1,3.1,3.1
2026-09-17 13:15:00,118.21956536653073,60.0,0.0,0.0,83.02136804858021,61.564572420144344,19.52557993583407,63.32798651451925,-50.0,16.854577924715816,2.6,2.6,2.6,3.1,3.1,3.1
2026-09-17 13:30:00,120.0,60.0,0.0,0.0,87.54727463272991,59.45923128006658,17.952974934796323,66.19398703569135,-50.0,21.30433178091497,2.6,2.6,2.6,3.3,3.3,3.3
2026-09-17 13:45:00,120.0,65.32229455214187,0.0,0.0,82.11101760926843,57.518043073315226,17.550865171818554,63.63837830900165,-50.0,24.338165218230703,2.6,2.6,2.6,3.3,3.3,3.3
2026-09-17 14:00:00,117.53304196005027,75.32229455214187,0.0,0.0,90.0,47.54852457437758,18.28331587274987,72.79702933604024,-45.60703221513073,30.0,3.1,3.1,3.1,3.1,3.1,3.1
2026-09-17 14:15:00,122.40096925180714,85.32229455214187,0.0,0.0,90.0,44.27203757861009,14.532171295210661,85.46309029973693,-31.703823951419146,30.0,3.1,3.1,3.1,3.1,3.1,3.1
2026-09-17 14:30:00,125.0,95.32229455214187,0.0,0.0,90.0,41.193645912664934,15.482992002868853,96.64869485690147,-22.839382956004535,30.0,4.399999999999999,4.399999999999999,4.399999999999999,3.6999999999999993,3.6999999999999993,3.6999999999999993
2026-09-17 14:45:00,123.94021467908517,95.76913193861,0.0,0.0,90.0,41.65300006972439,19.380680121112334,98.09043950748115,-19.514870930991833,30.0,3.1,3.1,3.1,3.1,3.1,3.1
2026-09-17 15:00:00,120.0,105.76913193861,0.0,0.0,89.2713486211192,44.87787619340551,18.895531847166826,101.4323157700067,-16.01874472677848,30.0,2.6,2.6,2.6,3.4999999999999996,3.4999999999999996,3.4999999999999996
2026-09-17 15:15:00,125.0,113.67931732616906,0.0,0.0,90.0,34.671511631754925,19.68347357343336,112.97584863756258,-5.993223751061578,30.0,3.3,3.3,3.3,3.3,3.3,3.3
2026-09-17 15:30:00,125.0,116.4520607936321,0.0,0.0,90.0,31.496902039573357,21.798958648850267,115.77603223814945,-3.633502877415509,30.0,3.3,3.3,3.3,3.3,3.3,3.3
2026-09-17 15:45:00,120.92591447397893,117.76992909457132,0.0,0.0,90.0,36.211223491565555,21.684376178559972,111.77882229524792,-7.789584393957725,30.0,3.1,3.1,3.1,3.3,4.2,4.2
2026-09-17 16:00:00,125.0,125.0,0.0,30.0,62.35481871738449,28.287489718503778,20.795501179634112,95.54121197434077,-26.78315329379977,30.0,5.2,5.2,5.2,5.2,5.2,5.2
2026-09-17 16:15:00,125.0,125.0,0.0,30.0,82.88751689852327,21.562964301037745,16.855203085514194,113.59181392156665,-13.091947931865619,30.0,5.2,5.2,5.2,5.2,5.2,5.2
2026-09-17 16:30:00,125.0,125.0,2.2705993502503787,30.0,89.32853033391243,19.808864146107346,18.255474129265924,120.0,-9.59372154128603,30.0,5.2,8.2,8.2,5.2,5.2,5.2
2026-09-17 16:45:00,125.0,125.0,20.0,30.0,78.26888292692547,19.28286952827815,18.22836433785637,108.78771848026386,-6.769523918524527,30.0,5.2,5.2,5.2,5.2,5.2,5.2
2026-09-17 17:00:00,125.0,125.0,50.0,30.0,66.866409493707,15.258080088105455,16.55503554220838,94.78366597233064,1.9601978005924963,30.0,9.8,9.8,9.8,9.8,9.8,9.8
2026-09-17 17:15:00,125.0,125.0,80.0,30.0,44.284473764783826,13.685291270058666,16.95480837823181,71.90854790283208,5.872245982767964,30.0,9.8,9.8,9.8,9.8,9.8,9.8
2026-09-17 17:30:00,125.0,125.0,80.0,30.0,60.50769922565317,9.755808814572184,16.03650638278033,84.77809566032926,15.025893391509896,30.0,9.8,9.8,9.8,9.8,9.8,9.8
2026-09-17 17:45:00,125.0,125.0,80.0,30.0,76.1584784840557,5.200820288092615,15.217966559667849,99.17819187022644,25.17151328204619,30.0,9.8,9.8,9.8,9.8,9.8,9.8
2026-09-17 18:00:00,125.0,0.0,80.0,30.0,90.0,0.8392482825432156,16.43968465146513,6.238165192723358,-27.360239609824106,30.0,12.5,12.5,12.5,9.8,9.8,9.8
2026-09-17 18:15:00,125.0,0.0,80.0,30.0,90.0,0.0,14.09811919563296,2.105105063881581,-34.54744211666144,30.0,12.5,12.5,12.5,9.8,9.8,9.8
2026-09-17 18:30:00,125.0,0.0,80.0,30.0,90.0,0.0,16.09551906486666,3.2561056030914983,-29.336118342392496,30.0,12.5,12.5,12.5,9.8,9.8,9.8
2026-09-17 18:45:00,125.0,0.0,80.0,30.0,90.0,0.0,13.607248280594396,1.4778907454471266,-34.487132264669484,30.0,12.5,12.5,12.5,9.8,9.8,9.8
2026-09-17 19:00:00,125.0,0.0,80.0,30.0,90.0,0.0,12.492749540963,0.22613890365488487,-33.462877778590666,30.0,12.5,12.5,12.5,10.0,10.0,10.0
2026-09-17 19:15:00,125.0,0.0,80.0,30.0,90.0,0.0,16.04300234536796,6.404005746923758,-37.820077926929656,30.0,12.5,12.5,12.5,9.8,9.8,9.8
2026-09-17 19:30:00,125.0,0.0,80.0,30.0,90.0,0.0,18.03293126307923,8.96427208355854,-33.594754005244084,30.0,12.5,12.5,12.5,9.8,9.8,9.8
2026-09-17 19:45:00,125.0,0.0,80.0,30.0,90.0,0.0,18.089049727132792,12.457964281951277,-28.913085011062705,30.0,12.25,12.25,12.25,9.8,9.8,9.8
2026-09-17 20:00:00,125.0,0.0,80.0,30.0,90.0,0.0,16.255560429967346,10.256001172044336,-28.08941013336087,30.0,12.25,12.25,12.25,9.8,9.8,9.8
2026-09-17 20:15:00,125.0,0.0,80.0,30.0,90.0,0.0,15.199418554608616,6.166234267090118,-27.9797314935806,30.0,12.25,12.25,12.25,9.8,9.8,9.8
2026-09-17 20:30:00,125.0,0.0,80.0,30.0,90.0,0.0,15.243063043411059,9.371443530792646,-28.96494525388104,30.0,12.25,12.25,12.25,9.8,9.8,9.8
2026-09-17 20:45:00,125.0,0.0,80.0,30.0,90.0,0.0,15.206069306980158,13.58171771844161,-18.537379859962442,30.0,12.25,12.25,12.25,9.8,9.8,9.8
2026-09-17 21:00:00,125.0,0.0,80.0,30.0,90.0,0.0,14.92567334232459,18.6272711502516,-20.16874597085753,30.0,12.0,12.0,12.0,9.8,9.8,9.8
2026-09-17 21:15:00,125.0,0.0,80.0,30.0,90.0,0.0,14.749985841322465,16.14327403899378,-22.30328394186506,30.0,12.0,12.0,12.0,8.2,8.2,8.2
2026-09-17 21:30:00,125.0,0.0,80.0,30.0,90.0,0.0,14.239100127412707,21.5965031428384,-13.999859689793382,30.0,12.0,12.0,12.0,8.299999999999997,8.299999999999997,8.299999999999997
2026-09-17 21:45:00,125.0,0.0,80.0,30.0,90.0,0.0,11.525485906062235,22.381560994661243,-9.503340843594643,30.0,11.75,11.75,11.75,9.8,9.8,9.8
2026-09-17 22:00:00,125.0,0.0,80.0,30.0,90.0,0.0,10.55251339650961,24.225621606866156,1.809373016073181,30.0,11.25,11.25,11.25,6.5,6.5,6.5
2026-09-17 22:15:00,125.0,0.0,80.0,30.0,90.0,0.0,12.179951342468346,26.624260905198724,9.550651400883083,30.0,11.0,11.0,11.0,6.5,6.5,6.5
2026-09-17 22:30:00,125.0,0.0,74.73427404528445,30.0,90.0,0.0,9.646228160476147,30.426376939492343,13.079289148749098,30.0,8.2,8.2,8.2,6.5,6.5,6.5
2026-09-17 22:45:00,125.0,0.0,61.5358404220281,30.0,90.0,0.0,9.309126829941974,35.26918875010705,9.945342559614062,30.0,8.2,8.2,8.2,6.5,6.5,6.5
2026-09-17 23:00:00,125.0,0.0,49.05850902291361,30.0,90.0,0.0,7.848416130330784,40.82615397862057,8.389967763793251,30.0,8.2,8.2,8.2,3.8,3.8,3.8
2026-09-17 23:15:00,125.0,0.0,40.631225893984805,30.0,90.0,0.0,8.109973021219847,42.97915774228085,5.861490372245555,30.0,8.2,8.2,8.2,3.8,3.8,3.8
2026-09-17 23:30:00,125.0,0.0,33.88992643535909,30.0,90.0,0.0,7.4679842867847395,44.567479756529764,4.466196525379829,30.0,8.2,8.2,8.2,3.8,3.8,3.8
2026-09-17 23:45:00,125.0,0.0,22.200749654475544,30.0,90.0,0.0,10.210169981365944,48.1619900870308,0.034517541388552786,30.0,8.2,8.2,8.2,3.8,3.8,3.8
2026-09-18 00:00:00,125.0,0.0,38.42553652108171,0.0,90.0,0.0,11.130466516230534,75.29233900429784,50.0,7.825162550366265,8.2,8.2,8.2,8.2,8.2,8.2
2026-09-18 00:15:00,125.0,0.0,36.26238684213577,0.0,90.0,0.0,8.759629443976484,75.40347049615812,50.0,9.432473397458843,8.2,8.2,8.2,8.2,8.2,8.2
2026-09-18 00:30:00,125.0,0.0,32.64807587745403,0.0,90.0,0.0,10.040638619342083,77.28690157924365,50.0,7.339107690845545,8.2,8.2,8.2,8.2,8.2,8.2
2026-09-18 00:45:00,125.0,0.0,30.7931251100338,0.0,90.0,0.0,8.693544886169827,77.95468685269435,50.0,8.04086506735117,8.2,8.2,8.2,8.2,8.2,8.2
2026-09-18 01:00:00,125.0,0.0,25.545684307075632,0.0,90.0,0.0,7.757145791999348,81.8809591340213,50.0,7.795963987974034,8.2,8.2,8.2,8.2,8.2,8.2
2026-09-18 01:15:00,125.0,0.0,24.277154958402704,0.0,90.0,0.0,8.468337055261493,82.82110403715174,50.0,7.677219958119899,8.2,8.2,8.2,8.2,8.2,8.2
2026-09-18 01:30:00,125.0,0.0,24.331761105207562,0.0,90.0,0.0,7.72566374874193,82.36029403994701,50.0,8.79834599699793,8.2,8.2,8.2,8.2,8.2,8.2
2026-09-18 01:45:00,125.0,0.0,23.413140938726002,0.0,90.0,0.0,9.516432407906045,83.10629847299748,50.0,6.606130030471185,8.2,8.2,8.2,8.2,8.2,8.2
2026-09-18 02:00:00,125.0,0.0,21.764044926365628,0.0,90.0,0.0,8.272399720871858,83.93109370199136,50.0,6.833337314269713,8.2,8.2,8.2,8.2,8.2,8.2
2026-09-18 02:15:00,125.0,0.0,23.133674024597653,0.0,90.0,0.0,7.367100561164247,82.8561120873086,50.0,8.292216759089982,8.2,8.2,8.2,8.2,8.2,8.2
2026-09-18 02:30:00,125.0,0.0,23.601205959109976,0.0,90.0,0.0,6.44412109964666,82.70712962009111,50.0,8.92174480280567,8.2,8.2,8.2,8.2,8.2,8.2
2026-09-18 02:45:00,125.0,0.0,23.375444946771424,0.0,90.0,0.0,5.735703273382146,82.68150257460525,50.0,9.075527040492489,8.2,8.2,8.2,8.2,8.2,8.2
2026-09-18 03:00:00,125.0,0.0,21.268354607552396,0.0,90.0,0.0,8.06971590841542,84.95138666919476,50.0,6.350123920784071,8.2,8.2,8.2,8.2,8.2,8.2
2026-09-18 03:15:00,125.0,0.0,15.795126068211346,0.0,90.0,0.0,9.512304220229879,91.68081437581009,50.0,-0.7791762315096875,8.2,8.2,8.2,8.2,8.2,8.2
2026-09-18 03:30:00,125.0,0.0,8.31956731040664,0.0,90.0,0.0,12.883703975850523,100.22180060897503,50.0,-10.052166345314916,8.2,8.2,8.2,8.2,8.2,8.2
2026-09-18 03:45:00,125.0,0.0,1.1204385400528736,0.0,90.0,0.0,17.184449834369858,108.42904204999331,50.0,-20.54447486063399,8.2,8.2,8.2,8.2,8.2,8.2
2026-09-18 04:00:00,123.77714843631838,0.0,0.0,0.0,90.0,0.0,15.44624105607294,110.45083657744114,50.0,-24.73779624177574,3.1,3.1,3.1,3.1,3.1,3.1
2026-09-18 04:15:00,125.0,0.0,7.6168191523768485,0.0,90.0,0.0,15.769715785611618,106.03719653327647,50.0,-22.539383242151246,8.2,8.2,8.2,8.2,8.2,8.2
2026-09-18 04:30:00,125.0,0.0,16.950619725630318,0.0,90.0,0.0,13.867319900678885,100.09937055756953,50.0,-18.664197260007057,8.2,8.2,8.2,8.2,8.2,8.2
2026-09-18 04:45:00,125.0,0.0,25.63753214887086,0.0,90.0,0.0,12.767352063731197,49.963583760179944,4.45226131688225,30.0,8.2,8.2,8.2,8.2,8.2,8.2
2026-09-18 05:00:00,125.0,0.0,8.849098839284999,30.0,90.0,0.0,11.99382991637267,45.014426767203986,-22.363066600302695,30.0,8.2,8.2,8.2,8.2,8.2,8.2
2026-09-18 05:15:00,125.0,0.0,29.53630545696562,18.660517065786337,90.0,0.0,10.502586421642757,43.17731311186816,-7.804748521203777,30.0,8.2,8.2,8.2,8.2,8.2,8.2
2026-09-18 05:30:00,125.0,0.0,59.53630545696562,0.0,90.0,0.0,9.093144839629733,37.27162680758971,13.099468083207896,30.0,8.2,8.2,8.2,8.2,8.2,8.2
2026-09-18 05:45:00,125.0,0.0,50.0,19.630400488824925,90.0,0.0,9.386916208725507,35.231036120966564,-5.184796222577916,30.0,8.2,8.2,8.2,8.2,8.2,8.2
2026-09-18 06:00:00,125.0,0.0,80.0,2.319535155485518,90.0,0.0,7.768282561776572,31.32923192504518,16.256090526907528,30.0,8.2,8.2,8.2,8.2,8.2,8.2
2026-09-18 06:15:00,125.0,0.0,80.0,6.743303661434439,90.0,0.07699073273087326,9.93034918727631,27.447065704187168,10.339141140047005,30.0,8.2,8.2,8.2,8.2,8.2,8.2
2026-09-18 06:30:00,125.0,0.0,80.0,16.338847397491875,90.0,0.2424925225791941,8.885306414136572,22.237221186269522,3.440676243169122,30.0,8.2,8.2,8.2,8.2,8.2,8.2
2026-09-18 06:45:00,125.0,0.0,68.20712019840377,30.0,90.0,0.6254052291259384,14.60554148659912,18.25705536719053,-15.073292841126168,30.0,8.2,8.2,8.2,8.2,8.2,8.2
2026-09-18 07:00:00,125.0,0.0,80.0,21.912718586323507,90.0,3.966396218395282,14.308301986439321,15.874304755661484,-9.26635427341752,30.0,8.2,8.2,8.2,8.2,8.2,8.2
2026-09-18 07:15:00,125.0,0.0,80.0,11.061633274520318,90.0,11.474673872893144,14.984952540982825,14.263908838472844,-9.278882719578363,30.0,8.2,8.2,8.2,8.2,8.2,8.2
2026-09-18 07:30:00,125.0,0.0,80.0,20.23363074877065,90.0,7.960586310406049,13.201809415598529,11.259031299400988,-14.23014238226736,30.0,8.2,8.2,8.2,8.2,8.2,8.2
2026-09-18 07:45:00,125.0,0.0,80.0,9.261552515693324,90.0,11.964921574437646,16.895301082306176,11.913595392535825,-12.394534940384403,30.0,8.2,8.2,8.2,8.2,8.2,8.2
2026-09-18 08:00:00,125.0,0.0,61.969371271924715,30.0,90.0,8.11238474821941,19.441406692731515,9.035536149025688,-33.00693263783177,30.0,8.2,8.2,8.2,8.2,8.2,8.2
2026-09-18 08:15:00,125.0,0.0,62.59153581054345,30.0,90.0,13.568129901427016,20.448397969674474,4.498862822874742,-41.0745303774663,30.0,8.2,8.2,8.2,8.2,8.2,8.2
2026-09-18 08:30:00,125.0,0.0,72.64949478681379,14.090352758977922,90.0,14.727884102313824,18.48296996359458,5.896046087677917,-25.15890040986202,30.0,8.2,8.2,8.2,8.2,8.2,8.2
2026-09-18 08:45:00,125.0,0.0,80.0,18.889861399586295,90.0,2.5973509475015684,19.3949249079309,8.229738830587195,-18.18908669612584,30.0,8.2,8.2,8.2,8.2,8.2,8.2
2026-09-18 09:00:00,125.0,0.0,80.0,2.2905712551294286,90.0,14.360766242477467,17.895147489981348,9.568386927901003,-14.21114200743503,30.0,8.2,8.2,8.2,8.2,8.2,8.2
2026-09-18 09:15:00,125.0,0.0,80.0,7.242609575666421,90.0,11.461843828193512,21.10295131491482,7.512768312831128,-19.402371663324658,30.0,8.2,8.2,8.2,8.2,8.2,8.2
2026-09-18 09:30:00,125.0,0.0,80.0,8.18745628835358,90.0,9.478528470870728,23.048924234003962,7.170808686315553,-20.021624169285403,30.0,8.2,8.2,8.2,8.2,8.2,8.2
2026-09-18 09:45:00,125.0,0.0,80.0,12.454212355969531,90.0,3.23878158238965,23.660126269637836,10.065260733398645,-17.890614428177926,30.0,8.2,8.2,8.2,8.2,8.2,8.2
2026-09-18 10:00:00,125.0,0.0,80.0,15.793489500609944,90.0,3.3874780896065353,19.70233488418478,11.647929075342631,-17.92116945094213,30.0,8.2,8.2,8.2,8.2,8.2,8.2
2026-09-18 10:15:00,125.0,0.0,80.0,14.69445373260291,90.0,10.577017479385473,18.48342602539528,6.709253595744428,-23.370930385942174,30.0,8.2,8.2,8.2,8.2,8.2,8.2
2026-09-18 10:30:00,125.0,0.0,80.0,11.366936565112049,90.0,12.358045439397314,20.31221618763933,7.40910306997219,-23.651544791392382,30.0,8.2,8.2,8.2,8.2,8.2,8.2
2026-09-18 10:45:00,125.0,0.0,78.31561867048259,0.0,90.0,19.78871087558237,23.032554912061016,9.621393322487648,-23.18131255849105,30.0,8.2,8.2,8.2,8.2,8.2,8.2
2026-09-18 11:00:00,125.0,0.0,69.81438242169342,0.0,90.0,26.270508792317937,25.483963748310433,10.205378449882033,-31.96005217397139,30.0,8.2,8.2,8.2,8.2,8.2,8.2
2026-09-18 11:15:00,125.0,0.0,50.33587273470116,0.0,90.0,42.151439767102794,22.997242829944113,13.391780419826546,-46.09746519640469,30.0,8.2,8.2,8.2,8.2,8.2,8.2
2026-09-18 11:30:00,125.0,0.0,56.3111773064233,0.0,90.0,36.44518610880224,23.989269515187257,14.579513062997961,-40.16654362517584,30.0,8.2,8.2,8.2,8.2,8.2,8.2
2026-09-18 11:45:00,125.0,0.0,75.14012531779673,0.0,90.0,18.233504302380165,26.230602193170572,15.188176402870141,-22.5342901124218,30.0,8.2,8.2,8.2,8.2,8.2,8.2
2026-09-18 12:00:00,125.0,0.0,59.167515059160266,0.0,90.0,33.4383467130196,23.583928152564297,16.710745672208105,-35.47713286023783,30.0,8.2,8.2,8.2,8.2,8.2,8.2
2026-09-18 12:15:00,125.0,0.0,66.07662563751217,0.0,90.0,29.09545769900988,23.9778595586837,14.63497635104045,-31.35529595396688,30.0,8.2,8.2,8.2,8.2,8.2,8.2
2026-09-18 12:30:00,125.0,0.0,50.66428272102179,0.0,90.0,41.96669220147245,24.855852451098176,15.04073799424441,-45.70740880693364,30.0,8.2,8.2,8.2,8.2,8.2,8.2
2026-09-18 12:45:00,125.0,0.0,47.950409597756384,0.0,90.0,43.63486568326395,24.66030185816139,14.469580756587675,-46.8867509191381,30.0,8.2,8.2,8.2,8.2,8.2,8.2
2026-09-18 13:00:00,125.0,0.0,59.75340000565956,0.0,90.0,39.126561508383084,21.663600741800202,11.497513782593217,-38.89874115381983,30.0,8.2,8.2,8.2,8.2,8.2,8.2
2026-09-18 13:15:00,125.0,0.0,65.64893701199094,0.0,90.0,40.46616761679654,21.488404720584185,7.768389299442958,-40.73517977441097,30.0,8.2,8.2,8.2,8.2,8.2,8.2
2026-09-18 13:30:00,125.0,0.0,40.69161329336457,0.0,90.0,57.264215032492636,21.298080643855094,19.642022295068188,-50.0,20.801122070116946,8.2,8.2,8.2,8.2,8.2,8.2
2026-09-18 13:45:00,125.0,0.0,29.983727260556513,0.0,90.0,67.75022458772169,21.417209794108423,27.433647980113157,-50.0,8.286583297659526,8.2,8.2,8.2,8.2,8.2,8.2
2026-09-18 14:00:00,125.0,0.0,41.76648849599355,0.0,90.0,60.817573486984365,20.76486653859294,18.14131254711554,-50.0,16.64398968440259,8.2,8.2,8.2,8.2,8.2,8.2
2026-09-18 14:15:00,125.0,0.0,53.26205987623064,0.0,90.0,53.99215513699427,20.327522040017513,8.140711858712962,-48.81549923649146,30.0,8.2,8.2,8.2,8.2,8.2,8.2
2026-09-18 14:30:00,125.0,0.0,58.92324036379151,0.0,90.0,55.91554446272113,20.606723906888497,7.408465904010512,-44.93867764908185,30.0,8.2,8.2,8.2,8.2,8.2,8.2
2026-09-18 14:45:00,125.0,0.0,80.0,4.830928791832974,90.0,40.653141627441315,21.721884924863367,3.8265316434733734,-27.382262923650032,30.0,8.2,8.2,8.2,8.2,8.2,8.2
2026-09-18 15:00:00,125.0,0.0,80.0,11.65697682957827,90.0,38.03987177101629,21.43472127072679,6.637554783359036,-24.187666595344183,30.0,8.2,8.2,8.2,8.2,8.2,8.2
2026-09-18 15:15:00,125.0,0.0,80.0,20.186787850502157,90.0,32.58074184382736,20.941465100974206,7.381337424594733,-25.011526367517845,30.0,8.2,8.2,8.2,8.2,8.2,8.2
2026-09-18 15:30:00,125.0,0.0,80.0,29.782757792569242,90.0,30.3701387309954,21.34058865179719,2.4495325889034234,-32.151231105158985,30.0,8.2,8.2,8.2,10.0,10.0,10.0
2026-09-18 15:45:00,125.0,0.0,80.0,30.0,90.0,20.2115577823999,18.077224914855755,3.9988574071151106,-31.879734860935088,30.0,11.25,11.25,11.25,10.0,10.0,10.0
2026-09-18 16:00:00,125.0,0.0,80.0,30.0,90.0,7.8263756746613415,19.200956022205318,5.817996228216913,-34.45523978824974,30.0,11.75,11.75,11.75,10.0,10.0,10.0
2026-09-18 16:15:00,125.0,0.0,80.0,30.0,90.0,1.7956031109261164,19.403806234686094,3.3219574916588215,-34.667957467067836,30.0,12.0,12.0,12.0,10.0,10.0,10.0
2026-09-18 16:30:00,125.0,0.0,80.0,30.0,90.0,1.5492367675649756,19.645284236927324,3.953595252643339,-33.79944481411303,30.0,12.25,12.25,12.25,10.0,10.0,10.0
2026-09-18 16:45:00,125.0,0.0,80.0,30.0,90.0,1.2956210348743937,21.50950503346998,7.049257722258176,-33.64665862931105,30.0,12.25,12.25,12.25,10.0,10.0,10.0
2026-09-18 17:00:00,125.0,0.0,80.0,30.0,90.0,1.0362617045273177,18.045504995365423,5.74945444831755,-35.90246561388898,30.0,12.25,12.25,12.25,10.0,10.0,10.0
2026-09-18 17:15:00,125.0,0.0,80.0,30.0,90.0,5.110608720102406,14.619788703548162,1.3200104918011277,-35.05455583141483,30.0,12.25,12.25,12.25,10.0,10.0,10.0
2026-09-18 17:30:00,125.0,0.0,80.0,30.0,90.0,5.286716906362501,15.31500886217065,3.617727344487008,-33.38945679532148,30.0,12.25,12.25,12.25,10.0,10.0,10.0
2026-09-18 17:45:00,125.0,0.0,80.0,30.0,90.0,1.7360761046043787,15.456470661453075,2.593811137917328,-28.84190941935998,30.0,12.5,12.5,12.5,10.0,10.0,10.0
2026-09-18 18:00:00,125.0,0.0,80.0,30.0,90.0,0.2876499835532568,15.8860280469466,6.618044953166731,-35.46515903950214,30.0,12.5,12.5,12.5,10.0,10.0,10.0
2026-09-18 18:15:00,125.0,0.0,80.0,30.0,90.0,0.0,15.138331894322507,8.257323357202708,-36.69356352237902,30.0,12.5,12.5,12.5,10.0,10.0,10.0
2026-09-18 18:30:00,125.0,0.0,80.0,30.0,90.0,0.0,16.41519448129463,9.975622296747758,-32.69625245305417,30.0,12.5,12.5,12.5,10.0,10.0,10.0
2026-09-18 18:45:00,125.0,0.0,80.0,30.0,90.0,0.0,18.11191844552667,7.037218635997419,-37.89878929295406,30.0,12.5,12.5,12.5,10.0,10.0,10.0
2026-09-18 19:00:00,125.0,0.0,80.0,30.0,90.0,0.0,18.926310265099534,11.45218490972016,-26.548611352865024,30.0,12.5,12.5,12.5,10.0,10.0,10.0
2026-09-18 19:15:00,125.0,0.0,80.0,30.0,90.0,0.0,18.352761873332305,13.695507524913936,-27.3707812805351,30.0,12.25,12.25,12.25,10.0,10.0,10.0
2026-09-18 19:30:00,125.0,0.0,80.0,30.0,90.0,0.0,14.450318536542358,15.013645694250343,-24.504677513316622,30.0,12.25,12.25,12.25,10.0,10.0,10.0
2026-09-18 19:45:00,125.0,0.0,80.0,30.0,90.0,0.0,15.822853370367067,13.049639761769072,-25.93352567518326,30.0,12.25,12.25,12.25,10.0,10.0,10.0
2026-09-18 20:00:00,125.0,0.0,80.0,30.0,90.0,0.0,17.949415950998446,18.203202876120827,-30.35397042269929,30.0,12.25,12.25,12.25,10.0,10.0,10.0
2026-09-18 20:15:00,125.0,0.0,80.0,30.0,90.0,0.0,18.955353703639755,20.23540083598715,-25.988390157121316,30.0,12.25,12.25,12.25,10.0,10.0,10.0
2026-09-18 20:30:00,125.0,0.0,80.0,30.0,90.0,0.0,17.171068202455498,20.48295892334997,-21.253618617959816,30.0,12.0,12.0,12.0,10.0,10.0,10.0
2026-09-18 20:45:00,125.0,0.0,80.0,30.0,90.0,0.0,18.221522401643956,15.516628951815136,-21.564437180816086,30.0,12.0,12.0,12.0,10.0,10.0,10.0
2026-09-18 21:00:00,125.0,0.0,80.0,30.0,90.0,0.0,19.563183991805804,21.751034099242617,-23.95439564511335,30.0,12.0,12.0,12.0,10.0,10.0,10.0
2026-09-18 21:15:00,125.0,0.0,80.0,30.0,90.0,0.0,22.10973894270913,26.495700956093856,-14.170826022317485,30.0,11.5,11.5,11.5,10.0,10.0,10.0
2026-09-18 21:30:00,125.0,0.0,80.0,30.0,90.0,0.0,20.186937969616647,27.651962395888518,-6.311056421053678,30.0,11.25,11.25,11.25,10.0,10.0,10.0
2026-09-18 21:45:00,125.0,0.0,80.0,30.0,90.0,0.0,19.48283208497263,31.53082739467098,3.607164242953573,30.0,11.0,11.0,11.0,9.8,9.8,9.8
2026-09-18 22:00:00,125.0,0.0,80.0,21.513872479304027,90.0,0.0,20.545948218000415,36.551266795223256,16.610025545833906,30.0,8.2,8.2,8.2,8.2,8.2,8.2
2026-09-18 22:15:00,125.0,0.0,80.0,10.1462940449194,90.0,0.0,20.330597950726787,39.46670247953759,25.377769809595463,30.0,8.2,8.2,8.2,8.2,8.2,8.2
2026-09-18 22:30:00,125.0,0.0,80.0,0.710299884954992,90.0,0.0,18.004167422386555,42.26494963596221,34.04433270795127,30.0,8.2,8.2,8.2,8.2,8.2,8.2
2026-09-18 22:45:00,125.0,0.0,67.80391201247238,0.0,90.0,0.0,18.503837147813833,46.37969890369405,31.19511224729336,30.0,8.2,8.2,8.2,8.2,8.2,8.2
2026-09-18 23:00:00,125.0,0.0,56.52476352241018,0.0,90.0,0.0,19.28443315132131,49.343378785706335,27.53847064604642,30.0,8.2,8.2,8.2,8.2,8.2,8.2
2026-09-18 23:15:00,125.0,0.0,49.09424190565028,0.0,90.0,0.0,19.16081197205986,51.439652202794434,25.833318822013425,30.0,8.2,8.2,8.2,8.2,8.2,8.2
2026-09-18 23:30:00,125.0,0.0,41.85101654242358,0.0,90.0,0.0,19.282090663943723,55.14716937731913,24.918961851181095,30.0,8.2,8.2,8.2,8.2,8.2,8.2
2026-09-18 23:45:00,125.0,0.0,34.55064699106576,0.0,90.0,0.0,18.54487394722144,83.75276611703113,50.0,3.7908911685749302,8.2,8.2,8.2,8.2,8.2,8.2
2026-09-19 00:00:00,77.79052854552147,60.0,0.0,0.0,90.0,0.0,20.964181769856815,114.44731268516558,50.0,-1.3044384428536802,3.1,3.1,3.1,3.1,3.1,3.1
2026-09-19 00:15:00,76.85977761921316,60.0,0.0,0.0,90.0,0.0,19.03833300771014,113.10326307416327,50.0,-0.03155194273514894,3.1,3.1,3.1,3.1,3.1,3.1
2026-09-19 00:30:00,75.10073039665869,60.0,0.0,0.0,90.0,0.0,17.745593282284272,111.74821778529673,50.0,0.5771802978925678,3.1,3.1,3.1,3.1,3.1,3.1
2026-09-19 00:45:00,74.45744822370321,60.0,0.0,0.0,90.0,0.0,17.581498174845006,110.08894153667207,50.0,0.4333931989161073,3.1,3.1,3.1,3.1,3.1,3.1
2026-09-19 01:00:00,70.4522856244037,60.0,0.0,0.0,90.0,0.0,18.99917120035544,108.64173796914795,50.0,-1.8197647133179515,3.1,3.1,3.1,3.1,3.1,3.1
2026-09-19 01:15:00,71.51906096994325,60.0,0.0,0.0,90.0,0.0,16.112955759003917,108.04682321874556,50.0,-0.12696247606660904,3.1,3.1,3.1,3.1,3.1,3.1
2026-09-19 01:30:00,72.11814798476497,60.0,0.0,0.0,90.0,0.0,13.667555097308533,107.57493326116818,50.0,1.6905951649400492,3.1,3.1,3.1,3.1,3.1,3.1
2026-09-19 01:45:00,74.34147772140658,60.0,0.0,0.0,90.0,0.0,10.00501523271184,106.81697540975591,50.0,4.749364785197159,3.1,3.1,3.1,3.1,3.1,3.1
2026-09-19 02:00:00,70.88948335412425,60.0,0.0,0.0,90.0,0.0,10.199294577113477,105.53000866266716,50.0,4.398590356667867,3.1,3.1,3.1,3.1,3.1,3.1
2026-09-19 02:15:00,71.23452061496516,60.0,0.0,0.0,90.0,0.0,8.337341895411294,104.87666845946187,50.0,5.627609988806647,3.1,3.1,3.1,3.1,3.1,3.1
2026-09-19 02:30:00,66.83355344533291,62.783647495181555,0.0,0.0,90.0,0.0,7.874532604220642,103.97723280302134,50.0,5.8309353289477315,3.3,3.3,3.3,3.1,3.1,3.1
2026-09-19 02:45:00,66.30622139295329,60.0,0.0,0.0,90.0,0.0,9.331832921663052,103.56095877401566,50.0,3.677086888071635,3.1,3.1,3.1,3.1,3.1,3.1
2026-09-19 03:00:00,66.3188790925362,60.0,0.0,0.0,90.0,0.0,8.424639969852711,103.57047395268006,50.0,3.6344685652266193,3.1,3.1,3.1,3.1,3.1,3.1
2026-09-19 03:15:00,63.375180946033794,60.0,0.0,0.0,90.0,0.0,9.141054872263561,104.74638232125471,50.0,-2.1995260415833258,3.1,3.1,3.1,3.1,3.1,3.1
2026-09-19 03:30:00,60.0,60.0,0.0,0.0,89.93966474863521,0.0,8.906884757148369,105.31321572771002,50.0,-7.660124923571026,3.0,3.0,3.0,3.0,3.0,3.0
2026-09-19 03:45:00,60.0,60.0,0.0,0.0,86.08593277470112,0.0,10.4549813923837,107.30707262156744,50.0,-14.90439622983093,3.0,3.0,3.0,3.0,3.0,3.0
2026-09-19 04:00:00,60.0,60.0,0.0,0.0,79.72904944170881,0.0,11.629177846050991,108.78814004626216,50.0,-21.510266113291173,3.0,3.0,3.0,3.0,3.0,3.0
2026-09-19 04:15:00,60.0,60.0,0.0,0.0,89.18362022844292,0.0,10.69492938958691,112.79323033569715,50.0,-18.60974335547494,3.0,3.0,3.0,3.0,3.0,3.0
2026-09-19 04:30:00,69.95092519810973,60.0,0.0,0.0,90.0,0.0,10.758364510372278,117.4398073198364,50.0,-16.00522062709885,3.1,3.1,3.1,3.1,3.1,3.1
2026-09-19 04:45:00,75.0,65.0,0.0,0.0,83.60780506734136,0.0,13.030094120977562,74.08882025255154,3.791995368987145,30.0,3.0,3.0,3.0,3.0,3.0,3.0
2026-09-19 05:00:00,85.0,75.0,0.0,0.0,73.18077027662557,0.0,14.090916596819225,80.59295922932341,5.49441021943187,30.0,3.0,3.0,3.0,3.0,3.0,3.0
2026-09-19 05:15:00,95.0,85.0,0.0,0.0,66.01499593351761,0.0,11.925107571172772,87.10403316631246,8.534544957005366,30.0,3.0,3.0,3.0,3.0,3.0,3.0
2026-09-19 05:30:00,105.0,95.0,0.0,0.0,55.064757859707214,0.0,13.54649995599948,93.83082958462498,8.963881303030938,30.0,3.0,3.0,3.0,3.0,3.0,3.0
2026-09-19 05:45:00,115.0,105.0,0.0,0.0,45.46980034869449,0.0,12.01408343255539,100.70420494401618,12.036209464847317,30.0,3.0,3.0,3.0,3.0,3.0,3.0
2026-09-19 06:00:00,125.0,115.0,0.0,0.0,32.99173330621062,0.0,15.049251447916902,102.26580553086052,10.485504253504892,30.0,4.2,4.2,4.2,4.2,4.2,4.2
2026-09-19 06:15:00,125.0,125.0,0.0,0.0,27.715953714263918,0.43361554438724753,17.320438392098538,104.23765817967347,8.847786086814963,30.0,4.2,4.2,4.2,3.8999999999999986,3.8999999999999986,3.8999999999999986
2026-09-19 06:30:00,125.0,125.0,0.0,0.0,28.602245513212807,2.5714785293997258,18.227443166818777,102.63133055745465,6.168087580656014,30.0,4.2,4.2,4.2,4.2,4.2,4.2
2026-09-19 06:45:00,125.0,125.0,0.0,0.0,37.43295431045384,3.5885162765481944,18.893209108712504,104.1291318237429,5.174713493269991,30.0,4.2,4.2,4.2,4.2,4.2,4.2
2026-09-19 07:00:00,125.0,125.0,0.0,1.803158563830003,31.310943503581186,8.777889359844906,18.90357353077586,98.38755555546528,-1.36179137505016,30.0,5.0,5.0,5.0,5.0,5.0,5.0
2026-09-19 07:15:00,125.0,125.0,0.0,0.0,29.442240339532418,10.356528450113451,20.53407729605862,94.90837557017045,-4.244508811441108,30.0,5.0,5.0,5.0,3.8,3.8,3.8
2026-09-19 07:30:00,125.0,125.0,0.0,0.0,23.478498061821924,17.899152977301114,20.248673855029203,84.32478660018374,-13.50319131236509,30.0,5.0,5.0,5.0,3.8,3.8,3.8
2026-09-19 07:45:00,125.0,125.0,0.0,22.942750882082166,0.0,17.346454774918996,21.08382019107599,59.54668548058933,-38.03735315311086,30.0,5.0,5.0,5.0,3.8,3.8,3.8
2026-09-19 08:00:00,125.0,125.0,0.0,0.0,14.917466561331196,26.572872535503734,23.058650862527998,68.28631429921103,-28.00707661131795,30.0,4.6,4.6,4.6,3.8,3.8,3.8
2026-09-19 08:15:00,125.0,125.0,0.0,0.0,15.169480534688446,27.881984699512426,22.411424468706,67.78921745609635,-28.948191686233955,30.0,4.6,4.6,4.6,3.8,3.8,3.8
2026-09-19 08:30:00,125.0,119.85234578184753,0.0,0.0,13.042944066031879,29.887760982313264,21.70220332347512,63.65944882629574,-31.56726958555513,30.0,4.6,4.6,4.6,3.8,3.8,3.8
2026-09-19 08:45:00,125.0,109.85234578184753,0.0,0.0,9.327812600686457,41.022397934016986,19.988523021806685,51.9751302331149,-43.48502895928235,30.0,4.6,4.6,4.6,4.6,4.6,4.6
2026-09-19 09:00:00,115.0,99.85234578184753,0.0,0.0,36.825656772667514,36.76081598103122,18.57346260024481,58.908244138648094,-38.000654002030096,30.0,2.6,2.6,2.6,2.6,2.6,2.6
2026-09-19 09:15:00,105.0,89.85234578184753,0.0,0.0,71.78323684565265,27.895121150783282,15.83756593702362,76.00931334792713,-25.888944875731674,30.0,2.6,2.6,2.6,2.6,2.6,2.6
2026-09-19 09:30:00,95.0,79.85234578184753,0.0,0.0,90.0,24.149763172648225,17.79864172034174,75.01796216331604,-23.955080447585523,30.0,2.7999999999999994,2.7999999999999994,2.7999999999999994,2.6,2.6,2.6
2026-09-19 09:45:00,100.0,69.85234578184753,0.0,0.0,88.58083977537439,29.455216343045908,21.651608137856545,69.11026206007259,-32.74048454335796,30.0,2.6,2.6,2.6,3.3,3.3,3.3
2026-09-19 10:00:00,109.56020563290083,65.0,0.0,9.315209693991648,90.0,13.6779847100536,24.705140588448657,75.06817041969686,-27.76407193567418,30.0,5.0,5.0,5.0,3.1,3.1,3.1
2026-09-19 10:15:00,103.58168288911617,65.0,0.0,7.346671918501869,90.0,23.43723764690835,22.17934424058977,68.54986298731762,-33.61294542752988,30.0,5.0,5.0,5.0,3.1,3.1,3.1
2026-09-19 10:30:00,104.10962253111197,65.0,0.0,9.56923064233375,90.0,18.80781103609192,23.96402522829937,70.45622939130831,-32.57822426296147,30.0,5.0,5.0,5.0,2.9000000000000004,2.9000000000000004,2.9000000000000004
2026-09-19 10:45:00,104.30262932421739,60.0,0.0,0.0,90.0,33.66635513859377,26.95141046626198,59.82975710837455,-42.34982073802722,30.0,3.1,3.1,3.1,3.3,3.3,3.3
2026-09-19 11:00:00,110.12760718950989,65.0,0.0,23.367408882285666,90.0,5.370607161105401,26.466490009869936,72.7385381338033,-33.48748434128184,30.0,5.0,5.0,5.0,3.1,3.1,3.1
2026-09-19 11:15:00,115.36829923372646,65.0,0.0,22.803530359821977,90.0,3.9107369014731375,26.99852208286154,76.3291871290333,-31.669408242402795,30.0,5.0,5.0,5.0,3.1,3.1,3.1
2026-09-19 11:30:00,105.81274745367159,65.0,4.753820545567407,30.0,90.0,3.9625434611495964,23.713508746805527,67.9849894887509,-35.27813411588367,30.0,8.2,8.2,8.2,3.1,3.1,3.1
2026-09-19 11:45:00,111.76195078740315,65.0,0.0,26.594611304271716,90.0,3.9979496530630403,24.615311960528974,76.79401205274812,-32.78772186639178,30.0,5.0,5.0,5.0,3.1,3.1,3.1
2026-09-19 12:00:00,103.45562056458587,65.0,3.4057307379169828,30.0,90.0,4.020249031634689,23.087693131967498,70.5595161752056,-35.145571449542174,30.0,8.2,8.2,8.2,3.1,3.1,3.1
2026-09-19 12:15:00,106.35763573374314,65.0,1.3187194830368298,30.0,90.0,4.021299765991762,23.870082748617357,74.6401271323191,-35.60116188181684,30.0,8.2,8.2,8.2,3.1,3.1,3.1
2026-09-19 12:30:00,109.3412576895569,65.0,2.66874307488915,30.0,90.0,4.0054190673243175,21.448227368438616,75.10244943162465,-33.022751943954816,30.0,8.2,8.2,8.2,3.1,3.1,3.1
2026-09-19 12:45:00,108.7225724107411,65.0,0.0,26.473537845200532,90.0,6.728307080505166,22.87342658476541,76.75854437530813,-34.00817546869064,30.0,5.0,5.0,5.0,3.1,3.1,3.1
2026-09-19 13:00:00,105.83808957515872,65.0,0.0,17.755722999453916,90.0,13.660812986263872,25.10834588209631,74.3289372466227,-35.27825122273222,30.0,5.0,5.0,5.0,3.1,3.1,3.1
2026-09-19 13:15:00,108.96582887555726,65.0,0.939184369193967,30.0,90.0,4.3474329180425295,24.006340353716816,75.4606760721338,-35.23947746198303,30.0,8.2,8.2,8.2,3.1,3.1,3.1
2026-09-19 13:30:00,114.55693999040491,65.0,0.0,13.0053912735777,90.0,17.244438426587436,22.28316733591401,78.6594820619718,-31.731834224937217,30.0,5.0,5.0,5.0,3.1,3.1,3.1
2026-09-19 13:45:00,117.83424178625694,65.0,0.0,4.579671001518186,90.0,26.00425248706858,18.758432737001563,82.356284559975,-28.992830939361042,30.0,5.0,5.0,5.0,3.1,3.1,3.1
2026-09-19 14:00:00,123.68773972188764,60.0,0.0,0.0,90.0,29.28493469779637,18.720556997629096,82.27781904239261,-28.05231153532735,30.0,3.1,3.1,3.1,3.1,3.1,3.1
2026-09-19 14:15:00,124.31569397000058,63.259197731349815,0.0,0.0,90.0,32.982297134072454,18.095094579410336,85.83699636836985,-24.468637988074157,30.0,3.3,3.3,3.3,3.1,3.1,3.1
2026-09-19 14:30:00,125.0,71.05372946552929,0.0,0.0,90.0,32.81269619176923,15.720905636097589,92.96626796385512,-15.255881601973087,30.0,3.3,3.3,3.3,3.1,3.1,3.1
2026-09-19 14:45:00,120.0,76.89318475730337,0.0,0.0,83.06617731667106,46.99670644559557,17.001656674612615,82.28362213212588,-24.80778498681684,30.0,2.6,2.6,2.6,3.1999999999999993,3.1999999999999993,3.1999999999999993
2026-09-19 15:00:00,120.0,86.89318475730337,0.0,0.0,88.4380725804293,39.2403935358741,16.594121353769193,99.67367435370092,-8.50073137160716,30.0,2.6,2.6,2.6,3.8,3.8,3.8
2026-09-19 15:15:00,124.65843486248741,95.0,0.0,0.0,90.0,31.10253757729776,15.047126527026325,113.18614941516098,2.9566242274774766,30.0,3.1,3.1,3.1,3.1,3.1,3.1
2026-09-19 15:30:00,121.28423999559126,105.0,0.0,6.614170767328119,90.0,21.22162173711946,14.458612636056918,120.0,8.378360744147727,30.0,3.1,5.0,5.0,3.1,3.1,3.1
2026-09-19 15:45:00,115.0,115.0,0.0,17.422390181687675,87.4383553406966,11.768106495060184,16.787705016272326,120.0,6.579382636601508,30.0,2.6,5.0,5.0,2.6,3.8,3.8
2026-09-19 16:00:00,125.0,125.0,0.0,30.0,65.07552485582625,3.6081135765698407,18.17674499033117,119.3387104003678,2.43984363446485,30.0,5.2,5.2,5.2,5.2,5.2,5.2
2026-09-19 16:15:00,125.0,125.0,7.0415469309663195,30.0,71.05042753275669,1.7883155762199452,18.177288197892207,120.0,6.855498576235931,30.0,5.2,8.2,8.2,5.2,5.2,5.2
2026-09-19 16:30:00,125.0,125.0,12.233516438685655,30.0,73.31752502865166,2.1438529407580207,19.49850242659838,120.0,8.889705326505009,30.0,5.2,8.2,8.2,5.2,5.2,5.2
2026-09-19 16:45:00,125.0,125.0,20.0,30.0,70.394147677581,4.751686049966254,17.548163402284743,117.81672440039745,10.82298359302996,30.0,5.2,5.2,5.2,5.2,5.2,5.2
2026-09-19 17:00:00,125.0,125.0,50.0,30.0,45.854393858462444,4.757320148573542,17.77633774851124,93.09540209513135,11.939079643872006,30.0,9.8,9.8,9.8,9.8,9.8,9.8
2026-09-19 17:15:00,125.0,125.0,80.0,30.0,32.815355637338726,2.1366404321434858,18.176777634721386,74.8944435033393,18.38032152051612,30.0,9.8,9.8,9.8,9.8,9.8,9.8
2026-09-19 17:30:00,125.0,125.0,80.0,30.0,44.16597065463968,3.300465475835702,17.426735488528635,84.18262626520207,21.100923990913046,30.0,9.8,9.8,9.8,9.8,9.8,9.8
2026-09-19 17:45:00,125.0,125.0,80.0,30.0,46.525614569746466,2.211985279544958,18.301480832975006,89.62907457142649,23.86965600443409,30.0,9.8,9.8,9.8,9.8,9.8,9.8
2026-09-19 18:00:00,125.0,125.0,80.0,30.0,56.52928584591339,0.23598399522244184,16.93458919721738,98.65879261546257,31.30134276161047,30.0,9.8,9.8,9.8,9.8,9.8,9.8
2026-09-19 18:15:00,125.0,125.0,80.0,30.0,56.12448712390075,0.0,17.90494221939258,101.71601977680545,31.242817421823744,30.0,9.8,9.8,9.8,9.8,9.8,9.8
2026-09-19 18:30:00,125.0,125.0,80.0,30.0,56.55679030202957,0.0,18.896315671737046,103.57197339666895,32.94015087643335,30.0,9.8,9.8,9.8,9.8,9.8,9.8
2026-09-19 18:45:00,125.0,125.0,80.0,30.0,62.60440052815261,0.0,13.588968297617082,110.9969953816734,37.200930017269854,30.0,9.8,9.8,9.8,9.8,9.8,9.8
2026-09-19 19:00:00,125.0,125.0,80.0,30.0,59.26952580380872,0.0,15.810430758832695,110.20272575100078,35.91640501140414,30.0,9.8,9.8,9.8,9.8,9.8,9.8
2026-09-19 19:15:00,125.0,125.0,80.0,30.0,51.27004542519197,0.0,10.314111359746768,104.17171347648909,33.74688852211969,30.0,9.8,9.8,9.8,9.8,9.8,9.8
2026-09-19 19:30:00,125.0,125.0,80.0,30.0,41.35581170405821,0.0,9.337780190069287,96.13365253126558,27.31428557903071,30.0,9.8,9.8,9.8,9.8,9.8,9.8
2026-09-19 19:45:00,125.0,125.0,80.0,30.0,25.581615035063663,0.0,11.324692461485316,82.46544076606972,17.641205673033085,30.0,9.8,9.8,9.8,9.8,9.8,9.8
2026-09-19 20:00:00,125.0,125.0,80.0,30.0,15.542936065336093,0.0,10.815972164737088,73.815064295189,10.897116603868952,30.0,9.8,9.8,9.8,9.8,9.8,9.8
2026-09-19 20:15:00,125.0,125.0,80.0,30.0,7.028732130119138,0.0,8.236573320949901,67.98665887966634,10.193303731739647,30.0,9.8,9.8,9.8,9.8,9.8,9.8
2026-09-19 20:30:00,125.0,125.0,78.60161463392657,30.0,0.0,0.0,6.388480889417839,63.14955205194812,9.61687266375516,30.0,8.2,8.2,8.2,8.2,8.2,8.2
2026-09-19 20:45:00,125.0,125.0,67.75282570687199,30.0,0.0,0.0,8.398013142772578,66.09065780534621,5.205241524806894,30.0,8.2,8.2,8.2,8.2,8.2,8.2
2026-09-19 21:00:00,125.0,125.0,60.28867731102471,30.0,0.0,0.0,5.02671838138242,70.4446906439592,7.39643540136224,30.0,8.2,8.2,8.2,8.2,8.2,8.2
2026-09-19 21:15:00,125.0,125.0,56.55143880506711,30.0,0.0,0.0,7.235682036291726,72.56759748118691,9.669880669887363,30.0,8.2,8.2,8.2,8.2,8.2,8.2
2026-09-19 21:30:00,125.0,125.0,46.27572790591262,30.0,0.0,0.0,7.2369168557259735,76.28943060578078,12.588505162584198,30.0,8.2,8.2,8.2,8.2,8.2,8.2
2026-09-19 21:45:00,125.0,125.0,30.94561433365952,30.0,14.279314552320471,0.0,5.182618261881746,91.81691979805512,18.79132728665654,30.0,9.8,9.8,9.8,9.8,9.8,9.8
2026-09-19 22:00:00,125.0,125.0,0.9456143336595204,30.0,36.56614025320192,0.0,4.2800439873991944,120.0,24.72737964810797,30.0,6.5,6.599999999999998,6.599999999999998,6.5,6.599999999999998,6.599999999999998
2026-09-19 22:15:00,125.0,125.0,0.0,30.0,32.18831470788129,0.0,2.6183289044719693,114.44705761911885,23.037976510678405,30.0,6.5,6.5,6.5,6.5,6.5,6.5
2026-09-19 22:30:00,125.0,125.0,0.0,30.0,19.126746757836855,0.0,4.393661492757023,104.92267177258714,18.261000238509354,30.0,6.5,6.5,6.5,6.5,6.5,6.5
2026-09-19 22:45:00,125.0,125.0,0.0,30.0,5.8819927915465655,0.0,5.873707140598233,94.87153850015557,13.575564273110885,30.0,6.5,6.5,6.5,6.5,6.5,6.5
2026-09-19 23:00:00,125.0,125.0,0.0,0.4065436841150998,30.158674586404544,0.0,2.8971260624779904,120.0,43.956223535866386,30.0,3.8,5.0,5.0,3.8,3.8,3.8
2026-09-19 23:15:00,125.0,125.0,0.0,0.0,22.600664271787778,0.0,2.3803250691512376,113.04620272298153,41.83726175015485,30.0,3.8,3.8,3.8,3.8,3.8,3.8
2026-09-19 23:30:00,125.0,125.0,0.0,0.0,15.63744896204031,0.0,1.0560313069787597,117.92635351104781,50.0,21.641790741185652,3.8,3.8,3.8,3.8,3.8,3.8
2026-09-19 23:45:00,125.0,125.0,0.0,0.0,6.894643643021283,0.0,3.659584937226609,115.6616896051427,50.0,17.168106892885078,3.8,3.8,3.8,3.8,3.8,3.8
2026-09-20 00:00:00,83.91351622801794,60.0,0.0,0.0,90.0,0.0,1.4343709332453647,109.67777305182335,50.0,17.444960412058876,3.1,3.1,3.1,3.1,3.1,3.1
2026-09-20 00:15:00,80.62626899264937,60.0,0.0,0.0,88.4277073507651,0.0,4.603274815312876,108.40817642717244,50.0,14.364649757712456,3.0,3.0,3.0,3.1,3.1,3.1
2026-09-20 00:30:00,77.92754505659016,60.0,0.0,0.0,88.66006911028879,0.0,4.740833677503239,106.70787144119801,50.0,13.430408125083126,3.0,3.0,3.0,3.1,3.1,3.1
2026-09-20 00:45:00,78.37193307070453,60.0,0.0,0.0,90.0,0.0,2.855625502373702,105.67852201608775,50.0,15.210947361042422,3.1,3.1,3.1,3.1,3.1,3.1
2026-09-20 01:00:00,75.27062576368742,60.0,0.0,0.0,90.0,0.0,1.9138639269799707,103.86863116651,50.0,14.697730188157223,3.1,3.1,3.1,3.1,3.1,3.1
2026-09-20 01:15:00,75.08697658986114,60.0,0.0,0.0,90.0,0.0,0.7925654966166662,103.89842003795874,50.0,14.85484271897483,3.1,3.1,3.1,3.1,3.1,3.1
2026-09-20 01:30:00,73.40376783737433,60.0,0.0,0.0,90.0,0.0,0.0,103.2933007820325,50.0,14.75380399288889,3.1,3.1,3.1,3.1,3.1,3.1
2026-09-20 01:45:00,70.96524008190141,60.0,0.0,0.0,90.0,0.0,0.0,102.43741728606267,50.0,15.537149153285114,3.1,3.1,3.1,3.1,3.1,3.1
2026-09-20 02:00:00,68.65701992753063,60.0,0.0,0.0,90.0,0.0,0.0,101.37874201990005,50.0,14.375174820600677,3.1,3.1,3.1,3.1,3.1,3.1
2026-09-20 02:15:00,67.3808692169178,60.0,0.0,0.0,90.0,0.0,0.0,101.79277548921579,50.0,13.900304158633837,3.1,3.1,3.1,3.1,3.1,3.1
2026-09-20 02:30:00,67.13782208791598,60.0,0.0,0.0,90.0,0.0,0.0,101.43348454633986,50.0,14.52881695789533,3.1,3.1,3.1,3.1,3.1,3.1
2026-09-20 02:45:00,67.62713151951527,60.0,0.0,0.0,90.0,0.0,0.0,101.90860854321038,50.0,15.21116411878954,3.1,3.1,3.1,3.1,3.1,3.1
2026-09-20 03:00:00,67.79153464139637,60.0,0.0,0.0,90.0,0.0,0.0,102.11168380897026,50.0,14.563104450336354,3.1,3.1,3.1,3.1,3.1,3.1
2026-09-20 03:15:00,63.57367833027197,60.0,0.0,0.0,90.0,0.0,0.0,103.51753932299174,50.0,8.047644970477542,3.1,3.1,3.1,3.1,3.1,3.1
2026-09-20 03:30:00,60.0,60.0,0.0,0.0,89.40136484883229,0.0,0.0,104.37803141912624,50.0,2.3362586754310968,3.0,3.0,3.0,3.0,3.0,3.0
2026-09-20 03:45:00,60.0,60.0,0.0,0.0,86.37783193221658,0.0,0.0,106.575365626409,50.0,-3.5931823357856985,3.0,3.0,3.0,3.0,3.0,3.0
2026-09-20 04:00:00,60.0,60.0,0.0,0.0,81.7516115967413,0.0,0.0,107.33701463646821,50.0,-9.29653845137473,3.0,3.0,3.0,3.0,3.0,3.0
2026-09-20 04:15:00,63.68893840634857,60.0,0.0,0.0,86.46437162402898,0.0,0.0,111.25916996614119,50.0,-7.005340172276092,3.0,3.0,3.0,3.0,3.0,3.0
2026-09-20 04:30:00,73.68893840634857,60.0,0.0,0.0,90.0,0.0,0.0,115.73727055265962,50.0,-4.636428724517657,3.2,3.2,3.2,3.1,3.1,3.1
2026-09-20 04:45:00,79.37903320591752,62.215301992523734,0.0,0.0,90.0,0.0,0.0,119.39987769671521,50.0,-2.5337993213759304,3.1,3.1,3.1,3.1,3.1,3.1
2026-09-20 05:00:00,85.0,72.21530199252373,0.0,0.0,82.91251219882702,0.0,0.0,92.47777022921026,19.37214604020525,30.0,3.0,3.0,3.0,3.0,3.0,3.0
2026-09-20 05:15:00,95.0,82.21530199252373,0.0,0.0,72.25741451909505,0.0,0.0,98.17666030647598,21.43785076061173,30.0,3.0,3.0,3.0,3.0,3.0,3.0
2026-09-20 05:30:00,105.0,92.21530199252373,0.0,0.0,58.2034321545369,0.0,0.0,105.96889269104997,23.087206431905926,30.0,3.0,3.0,3.0,3.0,3.0,3.0
2026-09-20 05:45:00,115.0,102.21530199252373,0.0,0.0,48.754008968776304,0.0,0.0,108.7817567231194,24.975261964262913,30.0,3.0,3.0,3.0,3.0,3.0,3.0
2026-09-20 06:00:00,125.0,112.21530199252373,0.0,30.0,9.782850726607876,0.0,0.0,82.6814537764852,-3.9591668147485706,30.0,4.2,4.2,4.2,4.2,4.2,4.2
2026-09-20 06:15:00,125.0,122.21530199252373,0.0,30.0,0.0,0.2144742472336934,0.0,84.67581944016976,-3.5322450557092466,30.0,3.7999999999999985,3.7999999999999985,3.7999999999999985,3.7999999999999985,3.7999999999999985,3.7999999999999985
2026-09-20 06:30:00,125.0,125.0,0.0,30.0,2.590676546327842,2.5228953088854302,0.0,87.4065040226815,-5.208944204541275,30.0,4.2,4.2,4.2,3.3,3.3,3.3
2026-09-20 06:45:00,125.0,125.0,0.0,30.0,1.740832777969075,5.810199361711303,0.0,85.57001093081499,-7.595086229334363,30.0,4.2,4.2,4.2,3.3,3.3,3.3
2026-09-20 07:00:00,125.0,125.0,0.0,30.0,8.222390276128493,8.07385726760512,0.0,88.66345225572655,-9.04101601753458,30.0,5.0,5.0,5.0,3.3,3.3,3.3
2026-09-20 07:15:00,125.0,122.47587712213074,0.0,25.604094878008866,0.0,14.9098356678635,0.0,78.39525108443783,-14.520845771733406,30.0,3.3,3.3,3.3,3.3,3.3,3.3
2026-09-20 07:30:00,125.0,112.47587712213074,0.0,30.0,0.020346695910120616,17.063123763737597,0.0,69.76036934508994,-22.007193586856694,30.0,5.0,5.0,5.0,3.3,3.3,3.3
2026-09-20 07:45:00,125.0,108.0669703137614,0.0,29.43934756130284,0.0,20.55666053593798,0.0,65.28309924960374,-27.19843727604315,30.0,3.3,3.3,3.3,3.3,3.3,3.3
2026-09-20 08:00:00,125.0,110.0,0.0,18.322901413113968,0.0,24.849574353304167,1.3522902289815086,66.63082628682542,-23.842030564328383,30.0,3.3,3.3,3.3,3.3,3.3,3.3
2026-09-20 08:15:00,125.0,100.0,0.0,28.00090818952617,0.0,25.02694512479198,2.2080013310562685,54.79184189528618,-35.452531997215544,30.0,3.3,3.3,3.3,3.3,3.3,3.3
2026-09-20 08:30:00,125.0,90.0,0.0,28.30395241654068,0.0,30.520258677870846,2.4392048117066123,45.71749102547642,-43.227854289376,30.0,3.3,3.3,3.3,3.3,3.3,3.3
2026-09-20 08:45:00,117.55802417504056,80.0,0.0,30.0,9.716704865157062,30.33015947661312,4.8870515856312515,39.49779912890772,-48.47032653406618,30.0,4.6,4.6,4.6,4.6,4.6,4.6
2026-09-20 09:00:00,107.55802417504056,70.0,0.0,0.0,55.080893503743326,30.85945666834958,5.416584611316223,66.26912721656012,-20.74277702403962,30.0,2.6,2.6,2.6,2.6,2.6,2.6
2026-09-20 09:15:00,97.55802417504056,60.0,0.0,0.0,61.899530936649015,42.223146366665674,5.814450730270909,51.867966504868996,-34.5378935720157,30.0,2.6,2.6,2.6,2.6,2.6,2.6
2026-09-20 09:30:00,87.55802417504056,60.0,0.0,0.0,80.46039256122647,37.03311899911317,6.950970203362287,57.399713754463306,-29.79203627392512,30.0,2.6,2.6,2.6,2.6,2.6,2.6
2026-09-20 09:45:00,77.55802417504056,65.0,0.0,10.068617155699897,90.0,22.640880185104738,10.927176619985019,63.992894811660534,-28.05996065073451,30.0,3.3,3.3,3.3,2.900000000000001,2.900000000000001,2.900000000000001
2026-09-20 10:00:00,69.72793125209554,60.55814783593927,0.0,0.0,90.0,39.48088849156477,9.324208743428558,53.077931577974475,-35.293699674831,30.0,3.3,3.3,3.3,3.1,3.1,3.1
2026-09-20 10:15:00,60.0,60.0,0.0,0.0,70.87636788926153,59.70992304778663,11.572534837947641,37.2743962920687,-50.0,20.58916143705313,2.6,2.6,2.6,2.6,2.6,2.6
2026-09-20 10:30:00,60.0,60.0,0.0,0.0,81.43300349053038,55.754692651557924,8.962973608706761,38.35008229410289,-50.0,27.80000087685101,2.6,2.6,2.6,2.6,2.6,2.6
2026-09-20 10:45:00,65.48900421588523,62.62959241755932,0.0,0.0,90.0,40.758453567200675,10.231690650206268,53.768943169729184,-36.539777510062166,30.0,3.3,3.3,3.3,3.1,3.1,3.1
2026-09-20 11:00:00,65.0,60.83091707508626,0.0,0.0,90.0,40.66008224501666,13.905768843321203,52.28275950189254,-40.16463389567487,30.0,3.3,3.3,3.3,2.6,2.6,2.6
2026-09-20 11:15:00,65.0,61.57983379071966,0.0,0.0,90.0,40.68913722353736,15.511620520180337,51.995820411283304,-41.53102229793993,30.0,3.3,3.3,3.3,2.6,2.6,2.6
2026-09-20 11:30:00,65.0,60.0,0.0,0.7378598093340756,90.0,41.55283387053612,16.492546863824792,49.63842230644988,-43.69056614739644,30.0,3.3,3.3,3.3,2.6,2.6,2.6
2026-09-20 11:45:00,67.78828404919793,65.0,0.0,5.202880729635758,90.0,34.363471175358775,16.12204478783417,58.21836798474774,-39.142392921167044,30.0,3.3,3.3,3.3,3.1,3.1,3.1
2026-09-20 12:00:00,66.12876404022812,60.08937274641774,0.0,0.0,90.0,42.74110558764828,16.819516448315426,50.45264610102602,-43.70669590445516,30.0,3.3,3.3,3.3,3.1,3.1,3.1
2026-09-20 12:15:00,60.0,60.0,0.0,0.0,89.00682194492539,48.61938796676935,16.976895265508084,44.58836967546209,-49.6406283107428,30.0,2.6,2.6,2.6,3.1,3.1,3.1
2026-09-20 12:30:00,69.41656648883149,65.0,0.0,4.735802011669193,90.0,36.5706399056135,16.157242875486162,55.84109535854475,-40.56777396342741,30.0,3.3,3.3,3.3,3.1,3.1,3.1
2026-09-20 12:45:00,65.24352614021794,60.0,0.0,0.0,90.0,44.801363275184116,16.242250714687096,50.58542937659101,-45.0831900510246,30.0,3.1,3.1,3.1,3.1,3.1,3.1
2026-09-20 13:00:00,60.0,60.0,0.0,0.0,77.38498784333667,60.990360070176486,17.189068561479893,43.41220479530884,-50.0,16.56377760816052,2.6,2.6,2.6,3.1,3.1,3.1
2026-09-20 13:15:00,64.47254983315821,60.0,0.0,0.0,79.31733375128447,58.94378417201432,16.35337438045104,45.78881165205608,-50.0,19.70581102229954,2.6,2.6,2.6,3.1,3.1,3.1
2026-09-20 13:30:00,66.23420342986257,60.0,0.0,0.0,83.34969361180089,53.26450397042642,15.454943711152557,45.214751566792714,-50.0,26.911593077875075,2.6,2.6,2.6,3.1,3.1,3.1
2026-09-20 13:45:00,68.98789676048919,60.0,0.0,0.0,88.53496159629466,49.74607038482908,13.56745910990701,49.18702692304257,-46.78758138004036,30.0,2.6,2.6,2.6,3.1,3.1,3.1
2026-09-20 14:00:00,66.29386097765637,60.0,0.0,0.0,85.84813089217317,51.88536270738286,14.868161987642708,44.60141552437206,-50.0,29.5914376366405,2.6,2.6,2.6,2.9000000000000004,2.9000000000000004,2.9000000000000004
2026-09-20 14:15:00,76.29386097765637,65.0,0.0,4.821684527261624,90.0,36.68572359011141,16.38672237297114,62.42575754958999,-32.545492268230575,30.0,3.3,3.3,3.3,3.3,3.3,3.3
2026-09-20 14:30:00,86.29386097765637,65.0,0.0,0.15725210341008022,90.0,37.507618391072896,17.272608337703797,71.92177996301844,-22.414340458082222,30.0,3.3,3.3,3.3,3.1,3.1,3.1
2026-09-20 14:45:00,95.27802549562963,65.0,0.0,0.0,90.0,33.906651302263,19.428681420720327,80.92228355530415,-14.028895967374638,30.0,3.1,3.1,3.1,3.1,3.1,3.1
2026-09-20 15:00:00,85.33677169453426,75.0,0.0,0.0,83.31863093058502,44.08394407850229,19.916443791595352,74.21685538529458,-19.131155785527525,30.0,2.6,2.6,2.6,3.1,3.1,3.1
2026-09-20 15:15:00,95.0,85.0,0.0,0.0,74.14857561996115,39.08381762896825,20.911723704537476,81.17624156058092,-13.694989725003452,30.0,2.6,2.6,2.6,2.6,2.6,2.6
2026-09-20 15:30:00,105.0,95.0,0.0,0.0,52.22623617100163,43.973809059049614,21.69240959454315,76.8830138779605,-18.301943411413603,30.0,2.6,2.6,2.6,2.6,2.6,2.6
2026-09-20 15:45:00,115.0,105.0,0.0,0.0,51.80885824067457,32.96105605268601,21.71136786097789,92.21016867536596,-5.832492775712055,30.0,2.6,2.6,2.6,2.6,2.6,2.6
2026-09-20 16:00:00,125.0,115.0,0.0,30.0,3.2807797235222864,31.674159896654245,20.9119321603028,65.4821590246169,-33.32464913669115,30.0,5.2,5.2,5.2,5.2,5.2,5.2
2026-09-20 16:15:00,125.0,125.0,0.0,30.0,5.808945822040286,28.45616260533695,25.049941371887414,74.62901445700989,-31.757289393315787,30.0,5.2,5.2,5.2,5.2,5.2,5.2
2026-09-20 16:30:00,125.0,125.0,0.0,30.0,22.77291807907993,20.86319358903092,24.237075208400682,89.74444989776678,-19.4666902484973,30.0,5.2,5.2,5.2,5.2,5.2,5.2
2026-09-20 16:45:00,125.0,125.0,0.2241645192281112,30.0,36.69461097541834,17.909327777362126,23.035640642112313,103.0554609323237,-12.183665911667248,30.0,5.2,5.2,5.2,5.2,5.2,5.2
2026-09-20 17:00:00,125.0,125.0,30.22416451922811,30.0,13.551058355851055,17.010052676582756,23.822142172045528,81.96322795528253,-9.251075187242805,30.0,9.8,9.8,9.8,9.8,9.8,9.8
2026-09-20 17:15:00,125.0,125.0,60.22416451922811,30.0,0.0,11.621781301462235,24.229365678205006,64.97007541403818,-0.9920469945746788,30.0,9.599999999999998,9.599999999999998,9.599999999999998,9.599999999999998,9.599999999999998,9.599999999999998
2026-09-20 17:30:00,125.0,125.0,78.39673358162742,30.0,0.0,5.458599756162785,21.614826820306867,64.7689875608394,11.117847168029897,30.0,8.2,8.2,8.2,8.2,8.2,8.2
2026-09-20 17:45:00,125.0,125.0,80.0,30.0,8.862929873925054,2.6901755587536025,23.600925278291264,73.49668908898596,15.50143435036918,30.0,9.8,9.8,9.8,9.8,9.8,9.8
2026-09-20 18:00:00,125.0,125.0,80.0,30.0,20.508487705168008,0.22046234607895035,23.310280291902664,83.67755032418226,20.662735728953876,30.0,9.8,9.8,9.8,9.8,9.8,9.8
2026-09-20 18:15:00,125.0,125.0,80.0,30.0,30.350311652050266,0.0,21.172009335851996,92.43943189514019,24.755749712286757,30.0,9.8,9.8,9.8,9.8,9.8,9.8
2026-09-20 18:30:00,125.0,125.0,80.0,30.0,25.298697776216784,0.0,23.21183639178333,88.97833775520431,22.6125537225538,30.0,9.8,9.8,9.8,9.8,9.8,9.8
2026-09-20 18:45:00,125.0,125.0,80.0,30.0,27.791905020256948,0.0,24.15212721018977,91.49258136449224,24.65327659398072,30.0,9.8,9.8,9.8,9.8,9.8,9.8
2026-09-20 19:00:00,125.0,125.0,80.0,30.0,36.73934961256168,0.0,21.637969052203744,97.49797061393954,29.98259129461647,30.0,9.8,9.8,9.8,9.8,9.8,9.8
2026-09-20 19:15:00,125.0,125.0,80.0,30.0,17.9241606014281,0.0,24.651491234415545,83.36453463823474,19.071333955714067,30.0,9.8,9.8,9.8,9.8,9.8,9.8
2026-09-20 19:30:00,125.0,125.0,80.0,30.0,5.2123098299532415,0.0,25.539762177558174,73.38934905343133,11.602317873316409,30.0,9.8,9.8,9.8,9.8,9.8,9.8
2026-09-20 19:45:00,125.0,125.0,73.41090780526639,30.0,0.0,0.0,25.176635519560495,71.13329547961166,4.30008341152913,30.0,8.2,8.2,8.2,8.2,8.2,8.2
2026-09-20 20:00:00,125.0,125.0,58.593304810855045,30.0,0.0,0.0,27.68586688664361,71.40702595846835,-6.263398020824056,30.0,8.2,8.2,8.2,8.2,8.2,8.2
2026-09-20 20:15:00,125.0,125.0,55.13540173002323,30.0,0.0,0.0,27.52624198053775,72.80884752394803,-6.35120597082593,30.0,8.2,8.2,8.2,8.2,8.2,8.2
2026-09-20 20:30:00,125.0,125.0,41.829634391977365,30.0,0.0,0.0,27.017636665120804,75.6778595302386,-9.024309307190109,30.0,8.2,8.2,8.2,8.2,8.2,8.2
2026-09-20 20:45:00,125.0,125.0,35.95460784277148,30.0,0.0,0.0,25.371323692987758,77.53476762738768,-8.09348641759415,30.0,8.2,8.2,8.2,8.2,8.2,8.2
2026-09-20 21:00:00,125.0,125.0,25.885913514687687,30.0,0.0,0.0,25.99686856083143,81.56309705911355,-10.412912192927465,30.0,8.2,8.2,8.2,8.2,8.2,8.2
2026-09-20 21:15:00,125.0,125.0,20.119092006823237,30.0,0.0,0.0,26.402429069808797,83.86751048599876,-7.325744747710985,30.0,8.2,8.2,8.2,8.2,8.2,8.2
2026-09-20 21:30:00,125.0,125.0,13.218220058712689,30.0,0.0,0.0,25.954269508315136,89.19903425700875,-3.4236914267900005,30.0,8.2,8.2,8.2,8.2,8.2,8.2
2026-09-20 21:45:00,125.0,125.0,12.286813240166978,30.0,0.0,0.0,24.062786492727927,91.5653095096971,2.3759803116946756,30.0,8.2,8.2,8.2,8.2,8.2,8.2
2026-09-20 22:00:00,125.0,125.0,0.0,30.0,2.5101088229472026,0.0,23.877288038963762,98.9550111831917,6.5939562226401875,30.0,6.5,6.5,6.5,6.5,6.5,6.5
2026-09-20 22:15:00,125.0,122.61014804296923,0.0,30.0,0.0,0.0,23.333021634100703,93.15873977294066,4.789533057130129,30.0,3.3,3.3,3.3,6.5,6.5,6.5
2026-09-20 22:30:00,125.0,117.55859664016104,0.0,22.61899686380748,0.0,0.0,20.527454305229984,94.50969754718362,10.784454091148177,30.0,3.3,3.3,3.3,3.3,3.3,3.3
2026-09-20 22:45:00,125.0,111.71154714836048,0.0,20.562105591419048,0.0,0.0,17.555853878740358,91.22889011273298,12.498542769044363,30.0,3.3,3.3,3.3,3.3,3.3,3.3
2026-09-20 23:00:00,125.0,121.09765162148564,0.0,0.0,0.0,0.0,18.340574521310323,102.98422609304572,28.33378306685831,30.0,3.3,3.3,3.3,3.3,3.3,3.3
2026-09-20 23:15:00,125.0,111.94637468993254,0.0,10.553801223270831,0.0,0.0,13.403536920460361,94.30143049765633,21.965106066532016,30.0,3.3,3.3,3.3,3.3,3.3,3.3
2026-09-20 23:30:00,125.0,113.06003517252975,0.0,0.8697955259994785,0.0,0.0,13.67201994349858,118.42304437594274,50.0,9.427049753946164,3.3,3.3,3.3,3.3,3.3,3.3
2026-09-20 23:45:00,125.0,103.06003517252975,0.0,0.0,0.0,0.0,12.70822646746708,113.66588799871028,50.0,8.792720857074691,3.3,3.3,3.3,3.3,3.3,3.3
