,gross,net,import,battery_kw,soc,unserved,curtail_t3,curtail_t2,tier1_unserved,solar_avail,solar_used,spill,limit,cap_request,rebound,t3_avail,state,relief_requested,tier1
2026-09-14 00:00:00,123.76780742703409,123.76780742703409,123.76780742703409,0.0,100.0,0.0,0.0,0.0,0.0,0.0,0.0,0.0,291.0,,0.0,11.741887230994436,normal,0.0,14.399999999999999
2026-09-14 00:15:00,120.20296219032963,120.20296219032963,120.20296219032963,0.0,100.0,0.0,0.0,0.0,0.0,0.0,0.0,0.0,291.0,,0.0,11.358915472059016,normal,0.0,14.399999999999999
2026-09-14 00:30:00,116.53183218085837,116.53183218085837,116.53183218085837,0.0,100.0,0.0,0.0,0.0,0.0,0.0,0.0,0.0,291.0,,0.0,10.945077631111696,normal,0.0,14.399999999999999
2026-09-14 00:45:00,113.79663772738851,113.79663772738851,113.79663772738851,0.0,100.0,0.0,0.0,0.0,0.0,0.0,0.0,0.0,291.0,,0.0,10.634192920166345,normal,0.0,14.399999999999999
2026-09-14 01:00:00,109.62814085046256,109.62814085046256,109.62814085046256,0.0,100.0,0.0,0.0,0.0,0.0,0.0,0.0,0.0,291.0,,0.0,10.189708576654294,normal,0.0,14.399999999999999
2026-09-14 01:15:00,108.37614917809938,108.37614917809938,108.37614917809938,0.0,100.0,0.0,0.0,0.0,0.0,0.0,0.0,0.0,291.0,,0.0,10.030015550480925,normal,0.0,14.399999999999999
2026-09-14 01:30:00,106.05109035369497,106.05109035369497,106.05109035369497,0.0,100.0,0.0,0.0,0.0,0.0,0.0,0.0,0.0,291.0,,0.0,9.758283018640867,normal,0.0,14.399999999999999
2026-09-14 01:45:00,103.59122914151962,103.59122914151962,103.59122914151962,0.0,100.0,0.0,0.0,0.0,0.0,0.0,0.0,0.0,291.0,,0.0,9.479313849467335,normal,0.0,14.399999999999999
2026-09-14 02:00:00,102.07179414030932,102.07179414030932,102.07179414030932,0.0,100.0,0.0,0.0,0.0,0.0,0.0,0.0,0.0,291.0,,0.0,9.328617419171405,normal,0.0,14.399999999999999
2026-09-14 02:15:00,100.69090484003863,100.69090484003863,100.69090484003863,0.0,100.0,0.0,0.0,0.0,0.0,0.0,0.0,0.0,291.0,,0.0,9.186284063881864,normal,0.0,14.399999999999999
2026-09-14 02:30:00,100.75138546184854,100.75138546184854,100.75138546184854,0.0,100.0,0.0,0.0,0.0,0.0,0.0,0.0,0.0,291.0,,0.0,9.143659058176166,normal,0.0,14.399999999999999
2026-09-14 02:45:00,99.66578164510446,99.66578164510446,99.66578164510446,0.0,100.0,0.0,0.0,0.0,0.0,0.0,0.0,0.0,291.0,,0.0,9.05577552771824,normal,0.0,14.399999999999999
2026-09-14 03:00:00,100.30572753675676,100.30572753675676,100.30572753675676,0.0,100.0,0.0,0.0,0.0,0.0,0.0,0.0,0.0,291.0,,0.0,9.119469604718418,normal,0.0,14.399999999999999
2026-09-14 03:15:00,101.13528440296918,101.13528440296918,101.13528440296918,0.0,100.0,0.0,0.0,0.0,0.0,0.0,0.0,0.0,291.0,,0.0,9.201414846618416,normal,0.0,14.399999999999999
2026-09-14 03:30:00,103.7006726398732,103.7006726398732,103.7006726398732,0.0,100.0,0.0,0.0,0.0,0.0,0.0,0.0,0.0,291.0,,0.0,9.505315303440828,normal,0.0,14.399999999999999
2026-09-14 03:45:00,106.01964739818271,106.01964739818271,106.01964739818271,0.0,100.0,0.0,0.0,0.0,0.0,0.0,0.0,0.0,291.0,,0.0,9.741182221866323,normal,0.0,14.399999999999999
2026-09-14 04:00:00,108.39323561029536,108.39323561029536,108.39323561029536,0.0,100.0,0.0,0.0,0.0,0.0,0.0,0.0,0.0,291.0,,0.0,10.035908295216098,normal,0.0,14.399999999999999
2026-09-14 04:15:00,114.03236404405231,114.03236404405231,114.03236404405231,0.0,100.0,0.0,0.0,0.0,0.0,0.0,0.0,0.0,291.0,,0.0,10.654058217783053,normal,0.0,14.399999999999999
2026-09-14 04:30:00,120.557875623542,120.557875623542,120.557875623542,0.0,100.0,0.0,0.0,0.0,0.0,0.0,0.0,0.0,291.0,,0.0,11.371466921162412,normal,0.0,14.399999999999999
2026-09-14 04:45:00,127.93219819223978,127.93219819223978,127.93219819223978,0.0,100.0,0.0,0.0,0.0,0.0,0.0,0.0,0.0,291.0,,0.0,12.210661429753035,normal,0.0,14.399999999999999
2026-09-14 05:00:00,149.43377512642402,149.43377512642402,194.19308611170226,-44.759310985278226,110.63033635900358,0.0,0.0,0.0,0.0,0.0,0.0,0.0,291.0,,0.0,12.94744085780738,normal,0.0,29.4
2026-09-14 05:15:00,159.54644259525512,159.54644259525512,238.55937714677037,-79.01293455151526,129.39590831498845,0.0,0.0,0.0,0.0,0.0,0.0,0.0,291.0,,0.0,14.079723242025294,normal,0.0,29.4
2026-09-14 05:30:00,168.69927983971806,168.69927983971806,168.69927983971806,0.0,129.39590831498845,0.0,0.0,0.0,0.0,0.0,0.0,0.0,291.0,,0.0,15.117535406448798,normal,0.0,29.4
2026-09-14 05:45:00,177.417733055221,177.417733055221,240.34913177946535,-62.93139872424436,144.34211551199647,0.0,0.0,0.0,0.0,0.0,0.0,0.0,291.0,,0.0,16.055574491574767,normal,0.0,29.4
2026-09-14 06:00:00,177.36825429903783,177.36825429903783,177.36825429903783,0.0,144.34211551199647,0.0,0.0,0.0,0.0,0.0,0.0,0.0,291.0,,0.0,16.746650288774138,normal,0.0,23.4
2026-09-14 06:15:00,183.43174230264225,182.92615625135568,182.92615625135568,0.0,144.34211551199647,0.0,0.0,0.0,0.0,0.5055860512865642,0.5055860512865642,0.0,291.0,,0.0,17.425715043746848,normal,0.0,23.4
2026-09-14 06:30:00,188.18308689545208,182.8958897274728,182.8958897274728,0.0,144.34211551199647,0.0,0.0,0.0,0.0,5.2871971679792775,5.2871971679792775,0.0,291.0,,0.0,17.951879091382647,normal,0.0,23.4
2026-09-14 06:45:00,189.32749748023969,177.67234592315216,177.67234592315216,0.0,144.34211551199647,0.0,0.0,0.0,0.0,11.655151557087535,11.655151557087535,0.0,291.0,,0.0,18.08967520564065,normal,0.0,23.4
2026-09-14 07:00:00,188.61589020945684,173.20422784739858,173.20422784739858,0.0,144.34211551199647,0.0,0.0,0.0,0.0,15.411662362058257,15.411662362058257,0.0,291.0,,0.0,18.015989432469816,normal,0.0,23.4
2026-09-14 07:15:00,186.4522413760877,165.13664511951012,165.13664511951012,0.0,144.34211551199647,0.0,0.0,0.0,0.0,21.315596256577557,21.315596256577557,0.0,291.0,,0.0,17.778149733658474,normal,0.0,23.4
2026-09-14 07:30:00,182.16116941680286,155.42390266679226,155.42390266679226,0.0,144.34211551199647,0.0,0.0,0.0,0.0,26.737266750010605,26.737266750010605,0.0,291.0,,0.0,17.28359226288969,normal,0.0,23.4
2026-09-14 07:45:00,180.91769015668385,148.42567665445756,148.42567665445756,0.0,144.34211551199647,0.0,0.0,0.0,0.0,32.49201350222628,32.49201350222628,0.0,291.0,,0.0,17.145088500651795,normal,0.0,23.4
2026-09-14 08:00:00,164.92457654959048,122.94610707961922,122.94610707961922,0.0,144.34211551199647,0.0,0.0,0.0,0.0,41.97846946997126,41.97846946997126,0.0,291.0,,0.0,16.486077585718945,normal,0.0,13.2
2026-09-14 08:15:00,160.88070790384452,113.86258508433095,113.86258508433095,0.0,144.34211551199647,0.0,0.0,0.0,0.0,47.01812281951358,47.01812281951358,0.0,291.0,,0.0,16.043983448511174,normal,0.0,13.2
2026-09-14 08:30:00,162.62136472868357,107.56366656510076,107.56366656510076,0.0,144.34211551199647,0.0,0.0,0.0,0.0,55.05769816358282,55.05769816358282,0.0,291.0,,0.0,15.488107863231487,normal,0.0,20.0
2026-09-14 08:45:00,158.7786792308519,100.97397456938117,100.97397456938117,0.0,144.34211551199647,0.0,0.0,0.0,0.0,57.80470466147074,57.80470466147074,0.0,291.0,,0.0,15.047573284601299,normal,0.0,20.0
2026-09-14 09:00:00,204.83585565555978,142.46108774484279,240.3727120056305,-97.9116242607877,167.59612627393355,0.0,0.0,0.0,0.0,62.37476791071698,62.37476791071698,0.0,291.0,,0.0,14.510251991506195,normal,0.0,20.0
2026-09-14 09:15:00,201.07137038493568,131.43011742983253,131.43011742983253,0.0,167.59612627393355,0.0,0.0,0.0,0.0,69.64125295510311,69.64125295510311,0.0,291.0,,0.0,14.278890848225746,normal,0.0,20.0
2026-09-14 09:30:00,200.34318249669178,143.99796019709868,143.99796019709868,0.0,167.59612627393355,0.0,0.0,0.0,0.0,56.345222299593104,56.345222299593104,0.0,291.0,,0.0,13.935502959258,normal,0.0,20.0
2026-09-14 09:45:00,199.57404886467384,143.65709328767113,143.65709328767113,0.0,167.59612627393355,0.0,0.0,0.0,0.0,55.91695557700271,55.91695557700271,0.0,291.0,,0.0,13.876243727690944,normal,0.0,20.0
2026-09-14 10:00:00,195.03887609686723,141.01587385067137,141.01587385067137,0.0,167.59612627393355,0.0,0.0,0.0,0.0,54.02300224619585,54.02300224619585,0.0,291.0,,0.0,13.620706993693574,normal,0.0,20.0
2026-09-14 10:15:00,194.51386635871395,144.01387140809592,144.01387140809592,0.0,167.59612627393355,0.0,0.0,0.0,0.0,50.49999495061803,50.49999495061803,0.0,291.0,,0.0,13.590168472494561,normal,0.0,20.0
2026-09-14 10:30:00,197.1092212723105,145.2795208602656,145.2795208602656,0.0,167.59612627393355,0.0,0.0,0.0,0.0,51.829700412044886,51.829700412044886,0.0,291.0,,0.0,13.663343824619755,normal,0.0,20.0
2026-09-14 10:45:00,199.32875218164838,125.64523225544225,125.64523225544225,0.0,167.59612627393355,0.0,0.0,0.0,0.0,73.68351992620615,73.68351992620615,0.0,291.0,,0.0,13.627776844562423,normal,0.0,20.0
2026-09-14 11:00:00,196.13041507150615,132.2399533377074,132.2399533377074,0.0,167.59612627393355,0.0,0.0,0.0,0.0,63.89046173379878,63.89046173379878,0.0,291.0,,0.0,13.634458725902359,normal,0.0,20.0
2026-09-14 11:15:00,197.02802347009754,119.40252444957932,119.40252444957932,0.0,167.59612627393355,0.0,0.0,0.0,0.0,77.62549902051822,77.62549902051822,0.0,291.0,,0.0,13.712656911538692,normal,0.0,20.0
2026-09-14 11:30:00,200.41326067018872,143.8115866332572,143.8115866332572,0.0,167.59612627393355,0.0,0.0,0.0,0.0,56.60167403693151,56.60167403693151,0.0,291.0,,0.0,14.037366491937453,normal,0.0,20.0
2026-09-14 11:45:00,201.8167626162184,145.91023789602704,145.91023789602704,0.0,167.59612627393355,0.0,0.0,0.0,0.0,55.90652472019137,55.90652472019137,0.0,291.0,,0.0,14.335827264270055,normal,0.0,20.0
2026-09-14 12:00:00,207.09029555965748,145.60600550118946,145.60600550118946,0.0,167.59612627393355,0.0,0.0,0.0,0.0,61.48429005846801,61.48429005846801,0.0,291.0,,0.0,14.459711323877908,normal,0.0,20.0
2026-09-14 12:15:00,206.51540832084405,135.59798920384173,135.59798920384173,0.0,167.59612627393355,0.0,0.0,0.0,0.0,70.91741911700228,70.91741911700228,0.0,291.0,,0.0,14.707044500425164,normal,0.0,20.0
2026-09-14 12:30:00,207.98599230833676,128.57224319144916,128.57224319144916,0.0,167.59612627393355,0.0,0.0,0.0,0.0,79.41374911688759,79.41374911688759,0.0,291.0,,0.0,14.932028578994188,normal,0.0,20.0
2026-09-14 12:45:00,210.1953713468448,123.68076179251045,123.68076179251045,0.0,167.59612627393355,0.0,0.0,0.0,0.0,86.51460955433436,86.51460955433436,0.0,291.0,,0.0,14.903654378040397,normal,0.0,20.0
2026-09-14 13:00:00,187.61600051869596,109.0074950155878,109.0074950155878,0.0,167.59612627393355,0.0,0.0,0.0,0.0,78.60850550310815,78.60850550310815,0.0,291.0,,0.0,15.012653439213604,normal,0.0,20.0
2026-09-14 13:15:00,186.60609131090862,116.10101435013392,116.10101435013392,0.0,167.59612627393355,0.0,0.0,0.0,0.0,70.50507696077472,70.50507696077472,0.0,291.0,,0.0,14.886390632810095,normal,0.0,20.0
2026-09-14 13:30:00,186.46928807223628,107.95443572253501,107.95443572253501,0.0,167.59612627393355,0.0,0.0,0.0,0.0,78.51485234970129,78.51485234970129,0.0,291.0,,0.0,14.811670108459392,normal,0.0,20.0
2026-09-14 13:45:00,185.47921435288663,113.12408535041126,113.12408535041126,0.0,167.59612627393355,0.0,0.0,0.0,0.0,72.35512900247537,72.35512900247537,0.0,291.0,,0.0,14.739477583041353,normal,0.0,20.0
2026-09-14 14:00:00,206.18238200972678,151.18203851870456,151.18203851870456,0.0,167.59612627393355,0.0,0.0,0.0,0.0,55.00034349102222,55.00034349102222,0.0,291.0,,0.0,14.605172418401889,normal,0.0,20.0
2026-09-14 14:15:00,204.60966644714236,162.1691822241063,162.1691822241063,0.0,167.59612627393355,0.0,0.0,0.0,0.0,42.440484223036066,42.440484223036066,0.0,291.0,,0.0,14.431656992241031,normal,0.0,20.0
2026-09-14 14:30:00,202.22949364269442,167.62651599069582,167.62651599069582,0.0,167.59612627393355,0.0,0.0,0.0,0.0,34.6029776519986,34.6029776519986,0.0,291.0,,0.0,14.2790787062882,normal,0.0,20.0
2026-09-14 14:45:00,204.40243210533018,161.59736718063033,161.59736718063033,0.0,167.59612627393355,0.0,0.0,0.0,0.0,42.805064924699856,42.805064924699856,0.0,291.0,,0.0,14.330807299150234,normal,0.0,20.0
2026-09-14 15:00:00,204.60721666604593,160.2186984853225,160.2186984853225,0.0,167.59612627393355,0.0,0.0,0.0,0.0,44.38851818072344,44.38851818072344,0.0,291.0,,0.0,14.387777141636871,normal,0.0,20.0
2026-09-14 15:15:00,206.77323131074513,157.3988179307954,157.3988179307954,0.0,167.59612627393355,0.0,0.0,0.0,0.0,49.37441337994974,49.37441337994974,0.0,291.0,,0.0,14.661893065136095,normal,0.0,20.0
2026-09-14 15:30:00,207.74438934068795,165.23839220730136,165.23839220730136,0.0,167.59612627393355,0.0,0.0,0.0,0.0,42.50599713338659,42.50599713338659,0.0,291.0,,0.0,14.830361835579588,normal,0.0,20.0
2026-09-14 15:45:00,211.70523074956495,170.72699390106806,265.0590938002952,-94.33209989922716,190.0,0.0,0.0,0.0,0.0,40.9782368484969,40.9782368484969,0.0,291.0,,0.0,15.401325964214667,normal,0.0,20.0
2026-09-14 16:00:00,207.5873202089806,165.89705182544466,165.89705182544466,0.0,190.0,0.0,0.0,0.0,0.0,41.69026838353594,41.69026838353594,0.0,291.0,,0.0,15.70134286903346,normal,0.0,13.2
2026-09-14 16:15:00,214.79456925637595,180.07802169099836,180.07802169099836,0.0,190.0,0.0,0.0,0.0,0.0,34.71654756537762,34.71654756537762,0.0,291.0,,0.0,16.454567464024493,normal,0.0,13.2
2026-09-14 16:30:00,225.26341086229255,192.6122701830859,192.6122701830859,0.0,190.0,0.0,0.0,0.0,0.0,32.65114067920666,32.65114067920666,0.0,291.0,,0.0,17.270825577277392,normal,0.0,13.2
2026-09-14 16:45:00,232.77856529254373,208.6433083120573,208.6433083120573,0.0,190.0,0.0,0.0,0.0,0.0,24.13525698048645,24.13525698048645,0.0,291.0,,0.0,18.440618428308944,normal,0.0,13.2
2026-09-14 17:00:00,256.9262057501721,238.52233280880446,238.52233280880446,0.0,190.0,0.0,0.0,0.0,0.0,18.403872941367606,18.403872941367606,0.0,291.0,,0.0,34.10653604367073,normal,0.0,28.2
2026-09-14 17:15:00,268.8474921676336,255.61359448875658,243.21351444618412,12.400080042572462,186.7368210414283,0.0,0.0,0.0,0.0,13.233897678877046,13.233897678877046,0.0,291.0,,0.0,36.97123742064896,normal,0.0,28.2
2026-09-14 17:30:00,282.3655046760071,275.35873323977876,250.99484130927536,24.36389193050339,180.3252705334011,0.0,0.0,0.0,0.0,7.006771436228341,7.006771436228341,0.0,291.0,,0.0,38.97698745778821,normal,0.0,28.2
2026-09-14 17:45:00,295.5608249635374,290.90699095930995,250.38076819777237,40.52622276153758,169.66047506983858,0.0,0.0,0.0,0.0,4.653834004227471,4.653834004227471,0.0,291.0,,0.0,41.50039773117233,normal,0.0,28.2
2026-09-14 18:00:00,306.7192967101711,305.74209040675396,258.07891558117103,47.663174825582956,157.11753432626412,0.0,0.0,0.0,0.0,0.9772063034170729,0.9772063034170729,0.0,291.0,,0.0,43.28169947418655,normal,0.0,29.4
2026-09-14 18:15:00,312.8146022558507,312.8146022558507,262.47388244721265,50.340719808638,143.8699764818857,0.0,0.0,0.0,0.0,0.0,0.0,0.0,291.0,,0.0,44.77273849925405,normal,0.0,29.4
2026-09-14 18:30:00,325.193467010178,325.193467010178,280.3361747286615,44.857292281516465,132.06542588148662,0.0,0.0,0.0,0.0,0.0,0.0,0.0,291.0,,0.0,46.91513283359744,normal,0.0,29.4
2026-09-14 18:45:00,330.24519513293757,330.24519513293757,287.0847853472312,43.16040978570638,120.70742330630073,0.0,0.0,0.0,0.0,0.0,0.0,0.0,291.0,,0.0,47.957247519262594,normal,0.0,29.4
2026-09-14 19:00:00,269.9820886147348,269.9820886147348,240.69738232724134,29.284706287493435,113.00092165169718,0.0,0.0,0.0,0.0,0.0,0.0,0.0,291.0,,0.0,49.161599307552805,normal,0.0,14.399999999999999
2026-09-14 19:15:00,268.2101785813612,268.2101785813612,238.70479209981434,29.50538648154688,105.23634626181642,0.0,0.0,0.0,0.0,0.0,0.0,0.0,291.0,,0.0,48.875138246031945,normal,0.0,14.399999999999999
2026-09-14 19:30:00,268.47903152663145,268.47903152663145,240.37491334421534,28.1041181824161,97.8405256874964,0.0,0.0,0.0,0.0,0.0,0.0,0.0,291.0,,0.0,48.92973248427169,normal,0.0,14.399999999999999
2026-09-14 19:45:00,262.89666704710254,262.89666704710254,238.80042435317554,24.096242693926996,91.49940918909455,0.0,0.0,0.0,0.0,0.0,0.0,0.0,291.0,,0.0,47.82757212002339,normal,0.0,14.399999999999999
2026-09-14 20:00:00,253.76761846976024,253.76761846976024,232.21674121714463,21.550877252615606,85.82812570156413,0.0,0.0,0.0,0.0,0.0,0.0,0.0,291.0,,0.0,46.055673562959996,normal,0.0,14.399999999999999
2026-09-14 20:15:00,251.7275682122642,251.7275682122642,237.7657463609216,13.961821851342592,82.15396205647397,0.0,0.0,0.0,0.0,0.0,0.0,0.0,291.0,,0.0,45.65443517975331,normal,0.0,14.399999999999999
2026-09-14 20:30:00,247.40519049727803,247.40519049727803,236.48415391708886,10.921036580189167,79.28000506168735,0.0,0.0,0.0,0.0,0.0,0.0,0.0,291.0,,0.0,44.842382810603155,normal,0.0,14.399999999999999
2026-09-14 20:45:00,242.18358013627966,242.18358013627966,240.35956090186818,1.8240192344114803,78.80000000000011,0.0,0.0,0.0,0.0,0.0,0.0,0.0,291.0,,0.0,43.77329863491044,normal,0.0,14.399999999999999
2026-09-14 21:00:00,234.15664522321623,234.15664522321623,234.15664522321623,0.0,78.80000000000011,0.0,0.0,0.0,0.0,0.0,0.0,0.0,291.0,,0.0,42.20192047195575,normal,0.0,14.399999999999999
2026-09-14 21:15:00,224.74918018198642,224.74918018198642,224.74918018198642,0.0,78.80000000000011,0.0,0.0,0.0,0.0,0.0,0.0,0.0,291.0,,0.0,40.33264511391194,normal,0.0,14.399999999999999
2026-09-14 21:30:00,216.7479455914575,216.7479455914575,216.7479455914575,0.0,78.80000000000011,0.0,0.0,0.0,0.0,0.0,0.0,0.0,291.0,,0.0,38.82300177732037,normal,0.0,14.399999999999999
2026-09-14 21:45:00,206.29330750995757,206.29330750995757,206.29330750995757,0.0,78.80000000000011,0.0,0.0,0.0,0.0,0.0,0.0,0.0,291.0,,0.0,36.74991057990129,normal,0.0,14.399999999999999
2026-09-14 22:00:00,196.43698885848562,196.43698885848562,196.43698885848562,0.0,78.80000000000011,0.0,0.0,0.0,0.0,0.0,0.0,0.0,291.0,,0.0,34.8025378800033,normal,0.0,14.399999999999999
2026-09-14 22:15:00,185.76498601655518,185.76498601655518,185.76498601655518,0.0,78.80000000000011,0.0,0.0,0.0,0.0,0.0,0.0,0.0,291.0,,0.0,32.70894350368914,normal,0.0,14.399999999999999
2026-09-14 22:30:00,174.52677451243403,174.52677451243403,174.52677451243403,0.0,78.80000000000011,0.0,0.0,0.0,0.0,0.0,0.0,0.0,291.0,,0.0,30.5272163645359,normal,0.0,14.399999999999999
2026-09-14 22:45:00,163.87852785282735,163.87852785282735,163.87852785282735,0.0,78.80000000000011,0.0,0.0,0.0,0.0,0.0,0.0,0.0,291.0,,0.0,28.46613255367609,normal,0.0,14.399999999999999
2026-09-14 23:00:00,153.23024396387848,153.23024396387848,153.23024396387848,0.0,78.80000000000011,0.0,0.0,0.0,0.0,0.0,0.0,0.0,291.0,,0.0,15.048710070158618,normal,0.0,14.399999999999999
2026-09-14 23:15:00,146.4749431290312,146.4749431290312,146.4749431290312,0.0,78.80000000000011,0.0,0.0,0.0,0.0,0.0,0.0,0.0,291.0,,0.0,14.284255736038382,normal,0.0,14.399999999999999
2026-09-14 23:30:00,137.96785807574133,137.96785807574133,137.96785807574133,0.0,78.80000000000011,0.0,0.0,0.0,0.0,0.0,0.0,0.0,291.0,,0.0,13.340240811310633,normal,0.0,14.399999999999999
2026-09-14 23:45:00,130.42390595548477,130.42390595548477,219.68706385022165,-89.26315789473686,100.00000000000011,0.0,0.0,0.0,0.0,0.0,0.0,0.0,291.0,,0.0,12.492860291157221,normal,0.0,14.399999999999999
2026-09-15 00:00:00,129.77208855539195,129.77208855539195,129.77208855539195,0.0,100.00000000000011,0.0,0.0,0.0,0.0,0.0,0.0,0.0,291.0,,0.0,12.41755118741936,normal,0.0,14.399999999999999
2026-09-15 00:15:00,124.28103700481239,124.28103700481239,124.28103700481239,0.0,100.00000000000011,0.0,0.0,0.0,0.0,0.0,0.0,0.0,291.0,,0.0,11.81655500090841,normal,0.0,14.399999999999999
2026-09-15 00:30:00,120.59907321391765,120.59907321391765,120.59907321391765,0.0,100.00000000000011,0.0,0.0,0.0,0.0,0.0,0.0,0.0,291.0,,0.0,11.432483924263424,normal,0.0,14.399999999999999
2026-09-15 00:45:00,117.56510256029912,117.56510256029912,117.56510256029912,0.0,100.00000000000011,0.0,0.0,0.0,0.0,0.0,0.0,0.0,291.0,,0.0,11.041278741785355,normal,0.0,14.399999999999999
2026-09-15 01:00:00,113.55820333899459,113.55820333899459,113.55820333899459,0.0,100.00000000000011,0.0,0.0,0.0,0.0,0.0,0.0,0.0,291.0,,0.0,10.602043995127627,normal,0.0,14.399999999999999
2026-09-15 01:15:00,112.64263027672166,112.64263027672166,112.64263027672166,0.0,100.00000000000011,0.0,0.0,0.0,0.0,0.0,0.0,0.0,291.0,,0.0,10.502973139979707,normal,0.0,14.399999999999999
2026-09-15 01:30:00,109.42971369852887,109.42971369852887,109.42971369852887,0.0,100.00000000000011,0.0,0.0,0.0,0.0,0.0,0.0,0.0,291.0,,0.0,10.122326259180447,normal,0.0,14.399999999999999
2026-09-15 01:45:00,107.14891091632632,107.14891091632632,107.14891091632632,0.0,100.00000000000011,0.0,0.0,0.0,0.0,0.0,0.0,0.0,291.0,,0.0,9.90120295442631,normal,0.0,14.399999999999999
2026-09-15 02:00:00,106.91263859407499,106.91263859407499,106.91263859407499,0.0,100.00000000000011,0.0,0.0,0.0,0.0,0.0,0.0,0.0,291.0,,0.0,9.861613496817984,normal,0.0,14.399999999999999
2026-09-15 02:15:00,105.84316678711605,105.84316678711605,105.84316678711605,0.0,100.00000000000011,0.0,0.0,0.0,0.0,0.0,0.0,0.0,291.0,,0.0,9.740833692915535,normal,0.0,14.399999999999999
2026-09-15 02:30:00,105.21410589329943,105.21410589329943,105.21410589329943,0.0,100.00000000000011,0.0,0.0,0.0,0.0,0.0,0.0,0.0,291.0,,0.0,9.67758742249765,normal,0.0,14.399999999999999
2026-09-15 02:45:00,104.38417401466506,104.38417401466506,104.38417401466506,0.0,100.00000000000011,0.0,0.0,0.0,0.0,0.0,0.0,0.0,291.0,,0.0,9.558207628317124,normal,0.0,14.399999999999999
2026-09-15 03:00:00,104.40011914375609,104.40011914375609,104.40011914375609,0.0,100.00000000000011,0.0,0.0,0.0,0.0,0.0,0.0,0.0,291.0,,0.0,9.580670109807489,normal,0.0,14.399999999999999
2026-09-15 03:15:00,105.5491148977651,105.5491148977651,105.5491148977651,0.0,100.00000000000011,0.0,0.0,0.0,0.0,0.0,0.0,0.0,291.0,,0.0,9.72148715703458,normal,0.0,14.399999999999999
2026-09-15 03:30:00,107.84147541506749,107.84147541506749,107.84147541506749,0.0,100.00000000000011,0.0,0.0,0.0,0.0,0.0,0.0,0.0,291.0,,0.0,9.99500276019738,normal,0.0,14.399999999999999
2026-09-15 03:45:00,109.06534082472368,109.06534082472368,109.06534082472368,0.0,100.00000000000011,0.0,0.0,0.0,0.0,0.0,0.0,0.0,291.0,,0.0,10.107088968859184,normal,0.0,14.399999999999999
2026-09-15 04:00:00,113.68947004203667,113.68947004203667,113.68947004203667,0.0,100.00000000000011,0.0,0.0,0.0,0.0,0.0,0.0,0.0,291.0,,0.0,10.63584152362941,normal,0.0,14.399999999999999
2026-09-15 04:15:00,119.85202135495626,119.85202135495626,119.85202135495626,0.0,100.00000000000011,0.0,0.0,0.0,0.0,0.0,0.0,0.0,291.0,,0.0,11.304903590344868,normal,0.0,14.399999999999999
2026-09-15 04:30:00,127.06366092165254,127.06366092165254,127.06366092165254,0.0,100.00000000000011,0.0,0.0,0.0,0.0,0.0,0.0,0.0,291.0,,0.0,12.112314326515897,normal,0.0,14.399999999999999
2026-09-15 04:45:00,133.280458399451,133.280458399451,133.280458399451,0.0,100.00000000000011,0.0,0.0,0.0,0.0,0.0,0.0,0.0,291.0,,0.0,12.817930133019386,normal,0.0,14.399999999999999
2026-09-15 05:00:00,156.42933541464683,156.42933541464683,156.42933541464683,0.0,100.00000000000011,0.0,0.0,0.0,0.0,0.0,0.0,0.0,291.0,,0.0,13.732090894277741,normal,0.0,29.4
2026-09-15 05:15:00,166.3640531557355,166.3640531557355,190.85069381200242,-24.486640656266925,105.81557715586351,0.0,0.0,0.0,0.0,0.0,0.0,0.0,291.0,,0.0,14.841791990696052,normal,0.0,29.4
2026-09-15 05:30:00,176.51664600047008,176.51664600047008,257.6250065451624,-81.10836054469235,125.07881278522794,0.0,0.0,0.0,0.0,0.0,0.0,0.0,291.0,,0.0,15.981461604832516,normal,0.0,29.4
2026-09-15 05:45:00,184.18907972977942,184.18907972977942,257.54144694987235,-73.3523672200929,142.5,0.0,0.0,0.0,0.0,0.0,0.0,0.0,291.0,,0.0,16.832051704710555,normal,0.0,29.4
2026-09-15 06:00:00,185.6059817716698,185.6059817716698,185.6059817716698,0.0,142.5,0.0,0.0,0.0,0.0,0.0,0.0,0.0,291.0,,0.0,17.671226020613783,normal,0.0,23.4
2026-09-15 06:15:00,191.96472110081535,191.3704227814255,191.3704227814255,0.0,142.5,0.0,0.0,0.0,0.0,0.5942983193898428,0.5942983193898428,0.0,291.0,,0.0,18.384803223675803,normal,0.0,23.4
2026-09-15 06:30:00,194.05807170395397,188.41898688080957,188.41898688080957,0.0,142.5,0.0,0.0,0.0,0.0,5.639084823144396,5.639084823144396,0.0,291.0,,0.0,18.59497355280525,normal,0.0,23.4
2026-09-15 06:45:00,196.5497894356603,184.14973776803208,184.14973776803208,0.0,142.5,0.0,0.0,0.0,0.0,12.400051667628212,12.400051667628212,0.0,291.0,,0.0,18.91518847278074,normal,0.0,23.4
2026-09-15 07:00:00,197.8169879608291,177.02457461599846,177.02457461599846,0.0,142.5,0.0,0.0,0.0,0.0,20.79241334483064,20.79241334483064,0.0,291.0,,0.0,19.02331509914619,normal,0.0,23.4
2026-09-15 07:15:00,194.04491162093865,163.17664253724965,163.17664253724965,0.0,142.5,0.0,0.0,0.0,0.0,30.86826908368902,30.86826908368902,0.0,291.0,,0.0,18.57855605484484,normal,0.0,23.4
2026-09-15 07:30:00,191.4030062108525,153.55866219035795,153.55866219035795,0.0,142.5,0.0,0.0,0.0,0.0,37.844344020494574,37.844344020494574,0.0,291.0,,0.0,18.327203320340402,normal,0.0,23.4
2026-09-15 07:45:00,187.80267084031425,145.67793327020297,145.67793327020297,0.0,142.5,0.0,0.0,0.0,0.0,42.12473757011128,42.12473757011128,0.0,291.0,,0.0,17.931207251423405,normal,0.0,23.4
2026-09-15 08:00:00,173.76624753387475,130.07171736629303,130.07171736629303,0.0,142.5,0.0,0.0,0.0,0.0,43.69453016758173,43.69453016758173,0.0,291.0,,0.0,17.48555054543173,normal,0.0,13.2
2026-09-15 08:15:00,165.9768118657397,115.93268638541048,115.93268638541048,0.0,142.5,0.0,0.0,0.0,0.0,50.044125480329214,50.044125480329214,0.0,291.0,,0.0,16.613696614071205,normal,0.0,13.2
2026-09-15 08:30:00,167.87998684989054,114.35729935568803,114.35729935568803,0.0,142.5,0.0,0.0,0.0,0.0,53.5226874942025,53.5226874942025,0.0,291.0,,0.0,16.081242475690072,normal,0.0,20.0
2026-09-15 08:45:00,165.74875958189648,107.97045624970546,107.97045624970546,0.0,142.5,0.0,0.0,0.0,0.0,57.77830333219103,57.77830333219103,0.0,291.0,,0.0,15.845576668316212,normal,0.0,20.0
2026-09-15 09:00:00,211.29196216781833,150.08441454848185,250.08441454848185,-100.0,166.25,0.0,0.0,0.0,0.0,61.207547619336495,61.207547619336495,0.0,291.0,,0.0,15.251773375352801,normal,0.0,20.0
2026-09-15 09:15:00,204.73851335981064,138.88321342870685,238.88321342870685,-100.0,190.0,0.0,0.0,0.0,0.0,65.85529993110377,65.85529993110377,0.0,291.0,,0.0,14.621725683161088,normal,0.0,20.0
2026-09-15 09:30:00,205.89123378084764,132.0825420269743,132.0825420269743,0.0,190.0,0.0,0.0,0.0,0.0,73.80869175387335,73.80869175387335,0.0,291.0,,0.0,14.526906530248173,normal,0.0,20.0
2026-09-15 09:45:00,204.47100528801045,126.57194668876964,126.57194668876964,0.0,190.0,0.0,0.0,0.0,0.0,77.89905859924079,77.89905859924079,0.0,291.0,,0.0,14.349303089079784,normal,0.0,20.0
2026-09-15 10:00:00,202.08459111781445,121.43221337793457,121.43221337793457,0.0,190.0,0.0,0.0,0.0,0.0,80.6523777398799,80.6523777398799,0.0,291.0,,0.0,14.166741565959159,normal,0.0,20.0
2026-09-15 10:15:00,200.874228222106,120.70600153473899,120.70600153473899,0.0,190.0,0.0,0.0,0.0,0.0,80.16822668736702,80.16822668736702,0.0,291.0,,0.0,13.875421618019574,normal,0.0,20.0
2026-09-15 10:30:00,197.91021394472725,120.39770813735707,120.39770813735707,0.0,190.0,0.0,0.0,0.0,0.0,77.51250580737018,77.51250580737018,0.0,291.0,,0.0,13.85457709382041,normal,0.0,20.0
2026-09-15 10:45:00,198.43287437972478,118.85683674396869,118.85683674396869,0.0,190.0,0.0,0.0,0.0,0.0,79.57603763575608,79.57603763575608,0.0,291.0,,0.0,13.870919223305672,normal,0.0,20.0
2026-09-15 11:00:00,199.92800979811182,117.02060629039451,117.02060629039451,0.0,190.0,0.0,0.0,0.0,0.0,82.9074035077173,82.9074035077173,0.0,291.0,,0.0,14.03440962874432,normal,0.0,20.0
2026-09-15 11:15:00,202.61788984952645,110.23315603440315,110.23315603440315,0.0,190.0,0.0,0.0,0.0,0.0,92.3847338151233,92.3847338151233,0.0,291.0,,0.0,14.270738381368865,normal,0.0,20.0
2026-09-15 11:30:00,204.05756732022022,110.27573461926522,110.27573461926522,0.0,190.0,0.0,0.0,0.0,0.0,93.781832700955,93.781832700955,0.0,291.0,,0.0,14.538902141318232,normal,0.0,20.0
2026-09-15 11:45:00,205.47948016111997,107.32779548232986,107.32779548232986,0.0,190.0,0.0,0.0,0.0,0.0,98.1516846787901,98.1516846787901,0.0,291.0,,0.0,14.740263201821964,normal,0.0,20.0
2026-09-15 12:00:00,207.17914293838285,111.42325570763333,111.42325570763333,0.0,190.0,0.0,0.0,0.0,0.0,95.7558872307495,95.7558872307495,0.0,291.0,,0.0,14.666939538474503,normal,0.0,20.0
2026-09-15 12:15:00,210.38157493453957,119.52966936804327,119.52966936804327,0.0,190.0,0.0,0.0,0.0,0.0,90.85190556649628,90.85190556649628,0.0,291.0,,0.0,15.057543989923989,normal,0.0,20.0
2026-09-15 12:30:00,210.24724552050333,122.7237653256008,122.7237653256008,0.0,190.0,0.0,0.0,0.0,0.0,87.52348019490253,87.52348019490253,0.0,291.0,,0.0,15.194577160376888,normal,0.0,20.0
2026-09-15 12:45:00,210.5019497251867,125.17618317690531,125.17618317690531,0.0,190.0,0.0,0.0,0.0,0.0,85.32576654828141,85.32576654828141,0.0,291.0,,0.0,15.257027467416098,normal,0.0,20.0
2026-09-15 13:00:00,189.28451167129197,95.54289282125467,95.54289282125467,0.0,190.0,0.0,0.0,0.0,0.0,93.74161885003733,93.74161885003733,0.0,291.0,,0.0,15.156535636756686,normal,0.0,20.0
2026-09-15 13:15:00,191.50655974488788,102.55478460360037,102.55478460360037,0.0,190.0,0.0,0.0,0.0,0.0,88.95177514128753,88.95177514128753,0.0,291.0,,0.0,15.332040509294007,normal,0.0,20.0
2026-09-15 13:30:00,189.3239952373707,98.87921828841905,98.87921828841905,0.0,190.0,0.0,0.0,0.0,0.0,90.44477694895164,90.44477694895164,0.0,291.0,,0.0,15.18032700161772,normal,0.0,20.0
2026-09-15 13:45:00,189.4318881487808,104.81379067148299,104.81379067148299,0.0,190.0,0.0,0.0,0.0,0.0,84.61809747729782,84.61809747729782,0.0,291.0,,0.0,15.238436513293587,normal,0.0,20.0
2026-09-15 14:00:00,210.7261813975658,125.21421675494571,125.21421675494571,0.0,190.0,0.0,0.0,0.0,0.0,85.51196464262009,85.51196464262009,0.0,291.0,,0.0,15.187191440070167,normal,0.0,20.0
2026-09-15 14:15:00,210.79904391098887,127.30613844051551,127.30613844051551,0.0,190.0,0.0,0.0,0.0,0.0,83.49290547047335,83.49290547047335,0.0,291.0,,0.0,15.035896383799225,normal,0.0,20.0
2026-09-15 14:30:00,207.6699520339488,128.62948842902938,128.62948842902938,0.0,190.0,0.0,0.0,0.0,0.0,79.04046360491941,79.04046360491941,0.0,291.0,,0.0,14.87071515931647,normal,0.0,20.0
2026-09-15 14:45:00,209.9830568933276,135.01945935908944,135.01945935908944,0.0,190.0,0.0,0.0,0.0,0.0,74.96359753423818,74.96359753423818,0.0,291.0,,0.0,14.875718668039525,normal,0.0,20.0
2026-09-15 15:00:00,208.2298115042914,139.43899262924523,139.43899262924523,0.0,190.0,0.0,0.0,0.0,0.0,68.79081887504616,68.79081887504616,0.0,291.0,,0.0,14.944858837103876,normal,0.0,20.0
2026-09-15 15:15:00,209.48465494240608,143.46520240113242,143.46520240113242,0.0,190.0,0.0,0.0,0.0,0.0,66.01945254127367,66.01945254127367,0.0,291.0,,0.0,15.04191217571714,normal,0.0,20.0
2026-09-15 15:30:00,210.30498421946152,150.15969744559374,150.15969744559374,0.0,190.0,0.0,0.0,0.0,0.0,60.14528677386775,60.14528677386775,0.0,291.0,,0.0,15.341169170802058,normal,0.0,20.0
2026-09-15 15:45:00,216.3991945947221,163.89585827562712,163.89585827562712,0.0,190.0,0.0,0.0,0.0,0.0,52.50333631909497,52.50333631909497,0.0,291.0,,0.0,15.675412167992949,normal,0.0,20.0
2026-09-15 16:00:00,215.31483574063543,169.97865120266897,169.97865120266897,0.0,190.0,0.0,0.0,0.0,0.0,45.33618453796646,45.33618453796646,0.0,291.0,,0.0,16.46618123246931,normal,0.0,13.2
2026-09-15 16:15:00,221.76111594631345,180.09395355845254,180.09395355845254,0.0,190.0,0.0,0.0,0.0,0.0,41.6671623878609,41.6671623878609,0.0,291.0,,0.0,17.053175987686465,normal,0.0,13.2
2026-09-15 16:30:00,229.71428158677952,190.06105060103906,190.06105060103906,0.0,190.0,0.0,0.0,0.0,0.0,39.65323098574046,39.65323098574046,0.0,291.0,,0.0,18.150671853257627,normal,0.0,13.2
2026-09-15 16:45:00,239.93960466729882,206.20902218576504,206.20902218576504,0.0,190.0,0.0,0.0,0.0,0.0,33.73058248153381,33.73058248153381,0.0,291.0,,0.0,19.169379342491965,normal,0.0,13.2
2026-09-15 17:00:00,267.0369639409638,239.87020049334836,239.87020049334836,-0.0,190.0,0.0,0.0,0.0,0.0,27.16676344761543,27.16676344761543,0.0,291.0,,0.0,35.79084737807614,normal,0.0,28.2
2026-09-15 17:15:00,280.55767471706463,259.65951731803375,256.1454727858297,3.5140445322040423,189.07525143889367,0.0,0.0,0.0,0.0,20.8981573990309,20.8981573990309,0.0,291.0,,0.0,38.362593234176394,normal,0.0,28.2
2026-09-15 17:30:00,290.94279113779163,276.0098816358157,253.50434081304167,22.505540822774027,183.1527406960584,0.0,0.0,0.0,0.0,14.932909501975926,14.932909501975926,0.0,291.0,,0.0,40.38810383103707,normal,0.0,28.2
2026-09-15 17:45:00,302.87863045859257,295.0248428709815,253.44930353785202,41.575539333129484,172.21180929260328,0.0,0.0,0.0,0.0,7.853787587611064,7.853787587611064,0.0,291.0,,0.0,42.63426448976022,normal,0.0,28.2
2026-09-15 18:00:00,311.03645877354325,309.48642544137914,253.08947924075198,56.396946200627156,157.3705076608593,0.0,0.0,0.0,0.0,1.550033332164063,1.550033332164063,0.0,291.0,,0.0,44.92498275696005,normal,0.0,29.4
2026-09-15 18:15:00,326.6540016369775,326.6540016369775,254.44837649859107,72.20562513838644,138.3690273612839,0.0,0.0,0.0,0.0,0.0,0.0,0.0,291.0,,0.0,46.96145533631652,normal,0.0,29.4
2026-09-15 18:30:00,333.11348651870435,333.11348651870435,256.9865328368,76.12695368190435,118.33561849762486,0.0,0.0,0.0,0.0,0.0,0.0,0.0,291.0,,0.0,48.551238274148524,normal,0.0,29.4
2026-09-15 18:45:00,339.9999999999998,339.9999999999998,262.4260437468406,77.57395625315917,97.92141948363562,0.0,0.0,0.0,0.0,0.0,0.0,0.0,291.0,,0.0,49.31380946330262,normal,0.0,29.4
2026-09-15 19:00:00,273.2967609886668,273.2967609886668,258.89539009797113,14.40137089069566,94.13158503871571,0.0,0.0,0.0,0.0,0.0,0.0,0.0,291.0,,0.0,49.880427569798584,normal,0.0,14.399999999999999
2026-09-15 19:15:00,273.139132901771,273.139132901771,258.10858136238676,15.030551539384248,90.17617673887776,0.0,0.0,0.0,0.0,0.0,0.0,0.0,291.0,,0.0,49.82706434684026,normal,0.0,14.399999999999999
2026-09-15 19:30:00,268.4799343987269,268.4799343987269,254.01783278774406,14.46210161098287,86.37036052546121,0.0,0.0,0.0,0.0,0.0,0.0,0.0,291.0,,0.0,48.90246491460755,normal,0.0,14.399999999999999
2026-09-15 19:45:00,268.43198233152754,268.43198233152754,254.9991034955774,13.432878835950135,82.83539241073748,0.0,0.0,0.0,0.0,0.0,0.0,0.0,291.0,,0.0,48.933611097716195,normal,0.0,14.399999999999999
2026-09-15 20:00:00,263.74416113652023,263.74416113652023,253.24594711311653,10.498214023403705,80.07270450984177,0.0,0.0,0.0,0.0,0.0,0.0,0.0,291.0,,0.0,48.0112359153776,normal,0.0,14.399999999999999
2026-09-15 20:15:00,255.22408687723032,255.22408687723032,250.38780973983222,4.836277137398099,78.80000000000017,0.0,0.0,0.0,0.0,0.0,0.0,0.0,291.0,,0.0,46.36043057935842,normal,0.0,14.399999999999999
2026-09-15 20:30:00,251.01959892223508,251.01959892223508,251.01959892223508,0.0,78.80000000000017,0.0,0.0,0.0,0.0,0.0,0.0,0.0,291.0,,0.0,45.5145609684314,normal,0.0,14.399999999999999
2026-09-15 20:45:00,245.02550047164084,245.02550047164084,245.02550047164084,0.0,78.80000000000017,0.0,0.0,0.0,0.0,0.0,0.0,0.0,291.0,,0.0,44.32275318877902,normal,0.0,14.399999999999999
2026-09-15 21:00:00,235.2996474909895,235.2996474909895,235.2996474909895,0.0,78.80000000000017,0.0,0.0,0.0,0.0,0.0,0.0,0.0,291.0,,0.0,42.40625645727064,normal,0.0,14.399999999999999
2026-09-15 21:15:00,228.2605233516045,228.2605233516045,228.2605233516045,0.0,78.80000000000017,0.0,0.0,0.0,0.0,0.0,0.0,0.0,291.0,,0.0,41.01481837586175,normal,0.0,14.399999999999999
2026-09-15 21:30:00,218.42584726444662,218.42584726444662,218.42584726444662,0.0,78.80000000000017,0.0,0.0,0.0,0.0,0.0,0.0,0.0,291.0,,0.0,39.10861012493666,normal,0.0,14.399999999999999
2026-09-15 21:45:00,206.41186116789265,206.41186116789265,206.41186116789265,0.0,78.80000000000017,0.0,0.0,0.0,0.0,0.0,0.0,0.0,291.0,,0.0,36.757643894229155,normal,0.0,14.399999999999999
2026-09-15 22:00:00,195.5556508745425,195.5556508745425,195.5556508745425,0.0,78.80000000000017,0.0,0.0,0.0,0.0,0.0,0.0,0.0,291.0,,0.0,34.65864952165987,normal,0.0,14.399999999999999
2026-09-15 22:15:00,187.78673104457863,187.78673104457863,187.78673104457863,0.0,78.80000000000017,0.0,0.0,0.0,0.0,0.0,0.0,0.0,291.0,,0.0,33.11674570860012,normal,0.0,14.399999999999999
2026-09-15 22:30:00,176.40818947530317,176.40818947530317,176.40818947530317,0.0,78.80000000000017,0.0,0.0,0.0,0.0,0.0,0.0,0.0,291.0,,0.0,30.878114024093666,normal,0.0,14.399999999999999
2026-09-15 22:45:00,168.12466951836416,168.12466951836416,168.12466951836416,0.0,78.80000000000017,0.0,0.0,0.0,0.0,0.0,0.0,0.0,291.0,,0.0,29.22306356613184,normal,0.0,14.399999999999999
2026-09-15 23:00:00,156.63024105014406,156.63024105014406,156.63024105014406,0.0,78.80000000000017,0.0,0.0,0.0,0.0,0.0,0.0,0.0,291.0,,0.0,15.42587845029151,normal,0.0,14.399999999999999
2026-09-15 23:15:00,146.71569218225105,146.71569218225105,146.71569218225105,0.0,78.80000000000017,0.0,0.0,0.0,0.0,0.0,0.0,0.0,291.0,,0.0,14.323487669039082,normal,0.0,14.399999999999999
2026-09-15 23:30:00,139.77351335628404,139.77351335628404,139.77351335628404,0.0,78.80000000000017,0.0,0.0,0.0,0.0,0.0,0.0,0.0,291.0,,0.0,13.541967813029604,normal,0.0,14.399999999999999
2026-09-15 23:45:00,132.53234411457493,132.53234411457493,221.7955020093118,-89.26315789473686,100.00000000000017,0.0,0.0,0.0,0.0,0.0,0.0,0.0,291.0,,0.0,12.733053910744307,normal,0.0,14.399999999999999
2026-09-16 00:00:00,118.83127573380517,118.83127573380517,118.83127573380517,0.0,100.00000000000017,0.0,0.0,0.0,0.0,0.0,0.0,0.0,291.0,,0.0,11.194999930718156,normal,0.0,14.399999999999999
2026-09-16 00:15:00,114.9236602099794,114.9236602099794,114.9236602099794,0.0,100.00000000000017,0.0,0.0,0.0,0.0,0.0,0.0,0.0,291.0,,0.0,10.778547426024765,normal,0.0,14.399999999999999
2026-09-16 00:30:00,109.78163095217829,109.78163095217829,109.78163095217829,0.0,100.00000000000017,0.0,0.0,0.0,0.0,0.0,0.0,0.0,291.0,,0.0,10.18782093875404,normal,0.0,14.399999999999999
2026-09-16 00:45:00,107.58325295828371,107.58325295828371,107.58325295828371,0.0,100.00000000000017,0.0,0.0,0.0,0.0,0.0,0.0,0.0,291.0,,0.0,9.95005101331627,normal,0.0,14.399999999999999
2026-09-16 01:00:00,104.92857132185262,104.92857132185262,104.92857132185262,0.0,100.00000000000017,0.0,0.0,0.0,0.0,0.0,0.0,0.0,291.0,,0.0,9.650259244223523,normal,0.0,14.399999999999999
2026-09-16 01:15:00,101.78246152416412,101.78246152416412,101.78246152416412,0.0,100.00000000000017,0.0,0.0,0.0,0.0,0.0,0.0,0.0,291.0,,0.0,9.298411702374858,normal,0.0,14.399999999999999
2026-09-16 01:30:00,100.69147194782124,100.69147194782124,100.69147194782124,0.0,100.00000000000017,0.0,0.0,0.0,0.0,0.0,0.0,0.0,291.0,,0.0,9.170749332624249,normal,0.0,14.399999999999999
2026-09-16 01:45:00,100.32028689050367,100.32028689050367,100.32028689050367,0.0,100.00000000000017,0.0,0.0,0.0,0.0,0.0,0.0,0.0,291.0,,0.0,9.111809293972918,normal,0.0,14.399999999999999
2026-09-16 02:00:00,98.01653875422994,98.01653875422994,98.01653875422994,0.0,100.00000000000017,0.0,0.0,0.0,0.0,0.0,0.0,0.0,291.0,,0.0,8.867535790509445,normal,0.0,14.399999999999999
2026-09-16 02:15:00,97.76724248258722,97.76724248258722,97.76724248258722,0.0,100.00000000000017,0.0,0.0,0.0,0.0,0.0,0.0,0.0,291.0,,0.0,8.83808010295239,normal,0.0,14.399999999999999
2026-09-16 02:30:00,96.6947612795345,96.6947612795345,96.6947612795345,0.0,100.00000000000017,0.0,0.0,0.0,0.0,0.0,0.0,0.0,291.0,,0.0,8.728361089413664,normal,0.0,14.399999999999999
2026-09-16 02:45:00,96.22455058591714,96.22455058591714,96.22455058591714,0.0,100.00000000000017,0.0,0.0,0.0,0.0,0.0,0.0,0.0,291.0,,0.0,8.643571975117773,normal,0.0,14.399999999999999
2026-09-16 03:00:00,95.9232074764711,95.9232074764711,95.9232074764711,0.0,100.00000000000017,0.0,0.0,0.0,0.0,0.0,0.0,0.0,291.0,,0.0,8.64570828245515,normal,0.0,14.399999999999999
2026-09-16 03:15:00,96.95850859115563,96.95850859115563,96.95850859115563,0.0,100.00000000000017,0.0,0.0,0.0,0.0,0.0,0.0,0.0,291.0,,0.0,8.745771035123592,normal,0.0,14.399999999999999
2026-09-16 03:30:00,98.40742602533513,98.40742602533513,98.40742602533513,0.0,100.00000000000017,0.0,0.0,0.0,0.0,0.0,0.0,0.0,291.0,,0.0,8.916836522856812,normal,0.0,14.399999999999999
2026-09-16 03:45:00,100.00187226299292,100.00187226299292,100.00187226299292,0.0,100.00000000000017,0.0,0.0,0.0,0.0,0.0,0.0,0.0,291.0,,0.0,9.09552254213359,normal,0.0,14.399999999999999
2026-09-16 04:00:00,104.31351155963824,104.31351155963824,204.31351155963824,-100.0,123.75000000000017,0.0,0.0,0.0,0.0,0.0,0.0,0.0,291.0,,0.0,9.579592841366917,normal,0.0,14.399999999999999
2026-09-16 04:15:00,109.34389586411316,109.34389586411316,209.34389586411316,-100.0,147.50000000000017,0.0,0.0,0.0,0.0,0.0,0.0,0.0,291.0,,0.0,10.129458887016636,normal,0.0,14.399999999999999
2026-09-16 04:30:00,115.43417412167375,115.43417412167375,115.43417412167375,0.0,147.50000000000017,0.0,0.0,0.0,0.0,0.0,0.0,0.0,291.0,,0.0,10.83642958271473,normal,0.0,14.399999999999999
2026-09-16 04:45:00,123.08979477789399,123.08979477789399,123.08979477789399,0.0,147.50000000000017,0.0,0.0,0.0,0.0,0.0,0.0,0.0,291.0,,0.0,11.672336465757297,normal,0.0,14.399999999999999
2026-09-16 05:00:00,146.051985148709,146.051985148709,170.43432146986567,-24.382336321156657,153.29080487627488,0.0,0.0,0.0,0.0,0.0,0.0,0.0,291.0,,0.0,12.579422765116844,normal,0.0,29.4
2026-09-16 05:15:00,153.7064707942943,153.7064707942943,153.7064707942943,0.0,153.29080487627488,0.0,0.0,0.0,0.0,0.0,0.0,0.0,291.0,,0.0,13.422682355524264,normal,0.0,29.4
2026-09-16 05:30:00,161.87405989489457,161.87405989489457,242.89922813385326,-81.02516823895868,172.53428233302756,0.0,0.0,0.0,0.0,0.0,0.0,0.0,291.0,,0.0,14.344977382266809,normal,0.0,29.4
2026-09-16 05:45:00,170.14238371796014,170.14238371796014,243.68224757889672,-73.53986386093658,190.0,0.0,0.0,0.0,0.0,0.0,0.0,0.0,291.0,,0.0,15.283567110102286,normal,0.0,29.4
2026-09-16 06:00:00,170.31342483936785,170.31342483936785,170.31342483936785,0.0,190.0,0.0,0.0,0.0,0.0,0.0,0.0,0.0,291.0,,0.0,15.955619522053228,normal,0.0,23.4
2026-09-16 06:15:00,175.86158925473666,175.68526764268992,175.68526764268992,0.0,190.0,0.0,0.0,0.0,0.0,0.17632161204674301,0.17632161204674301,0.0,291.0,,0.0,16.566269130717977,normal,0.0,23.4
2026-09-16 06:30:00,179.19501323285178,177.05573666663764,177.05573666663764,0.0,190.0,0.0,0.0,0.0,0.0,2.1392765662141358,2.1392765662141358,0.0,291.0,,0.0,16.947035465313252,normal,0.0,23.4
2026-09-16 06:45:00,181.4270940398414,173.94408702526056,173.94408702526056,0.0,190.0,0.0,0.0,0.0,0.0,7.483007014580846,7.483007014580846,0.0,291.0,,0.0,17.209764235397856,normal,0.0,23.4
2026-09-16 07:00:00,182.54922238139847,174.41537309719706,174.41537309719706,0.0,190.0,0.0,0.0,0.0,0.0,8.1338492842014,8.1338492842014,0.0,291.0,,0.0,17.330908847827843,normal,0.0,23.4
2026-09-16 07:15:00,182.18996394258085,174.45429836411245,174.45429836411245,0.0,190.0,0.0,0.0,0.0,0.0,7.735665578468396,7.735665578468396,0.0,291.0,,0.0,17.269768030281103,normal,0.0,23.4
2026-09-16 07:30:00,178.53691164541974,176.58416372050013,176.58416372050013,0.0,190.0,0.0,0.0,0.0,0.0,1.9527479249196018,1.9527479249196018,0.0,291.0,,0.0,16.891000533385345,normal,0.0,23.4
2026-09-16 07:45:00,174.99124257116634,172.6506060554191,172.6506060554191,0.0,190.0,0.0,0.0,0.0,0.0,2.3406365157472533,2.3406365157472533,0.0,291.0,,0.0,16.467779784968013,normal,0.0,23.4
2026-09-16 08:00:00,160.41221711670147,157.69519173769092,157.69519173769092,0.0,190.0,0.0,0.0,0.0,0.0,2.717025379010555,2.717025379010555,0.0,291.0,,0.0,16.000739739738005,normal,0.0,13.2
2026-09-16 08:15:00,155.30609408700337,152.2278555423254,152.2278555423254,0.0,190.0,0.0,0.0,0.0,0.0,3.078238544677986,3.078238544677986,0.0,291.0,,0.0,15.416424491063914,normal,0.0,13.2
2026-09-16 08:30:00,157.62773488098156,154.20376846921786,154.20376846921786,0.0,190.0,0.0,0.0,0.0,0.0,3.4239664117637094,3.4239664117637094,0.0,291.0,,0.0,14.91248855905558,normal,0.0,20.0
2026-09-16 08:45:00,153.6052010350745,149.84957315275508,149.84957315275508,0.0,190.0,0.0,0.0,0.0,0.0,3.755627882319395,3.755627882319395,0.0,291.0,,0.0,14.438347083429637,normal,0.0,20.0
2026-09-16 09:00:00,201.93178018641134,197.8662216913726,197.8662216913726,0.0,190.0,0.0,0.0,0.0,0.0,4.065558495038738,4.065558495038738,0.0,291.0,,0.0,14.06006873983592,normal,0.0,20.0
2026-09-16 09:15:00,200.9566524001587,196.6011018306121,196.6011018306121,0.0,190.0,0.0,0.0,0.0,0.0,4.355550569546596,4.355550569546596,0.0,291.0,,0.0,13.921059127856303,normal,0.0,20.0
2026-09-16 09:30:00,198.77326528857262,188.41346460700458,188.41346460700458,0.0,190.0,0.0,0.0,0.0,0.0,10.359800681568046,10.359800681568046,0.0,291.0,,0.0,13.697477946896115,normal,0.0,20.0
2026-09-16 09:45:00,194.0126699354433,189.13906587931817,189.13906587931817,0.0,190.0,0.0,0.0,0.0,0.0,4.873604056125155,4.873604056125155,0.0,291.0,,0.0,13.360079435723385,normal,0.0,20.0
2026-09-16 10:00:00,192.3041209749893,187.2061125220413,187.2061125220413,0.0,190.0,0.0,0.0,0.0,0.0,5.09800845294799,5.09800845294799,0.0,291.0,,0.0,13.311995080935532,normal,0.0,20.0
2026-09-16 10:15:00,192.52718635850607,166.31994588290985,166.31994588290985,0.0,190.0,0.0,0.0,0.0,0.0,26.20724047559623,26.20724047559623,0.0,291.0,,0.0,13.285284928303309,normal,0.0,20.0
2026-09-16 10:30:00,194.47757324006892,119.71951341166142,119.71951341166142,0.0,190.0,0.0,0.0,0.0,0.0,74.7580598284075,74.7580598284075,0.0,291.0,,0.0,13.122299737077515,normal,0.0,20.0
2026-09-16 10:45:00,194.095629788778,143.2027701602825,143.2027701602825,0.0,190.0,0.0,0.0,0.0,0.0,50.892859628495515,50.892859628495515,0.0,291.0,,0.0,13.09340909350959,normal,0.0,20.0
2026-09-16 11:00:00,195.03078102801868,151.67383523859075,151.67383523859075,0.0,190.0,0.0,0.0,0.0,0.0,43.356945789427925,43.356945789427925,0.0,291.0,,0.0,13.39673648913205,normal,0.0,20.0
2026-09-16 11:15:00,194.9901576361034,145.81119303431154,145.81119303431154,0.0,190.0,0.0,0.0,0.0,0.0,49.17896460179183,49.17896460179183,0.0,291.0,,0.0,13.324061361731314,normal,0.0,20.0
2026-09-16 11:30:00,193.68035374000735,116.98910004322906,116.98910004322906,0.0,190.0,0.0,0.0,0.0,0.0,76.69125369677829,76.69125369677829,0.0,291.0,,0.0,13.456219290848717,normal,0.0,20.0
2026-09-16 11:45:00,196.7941811738861,143.0675889977284,143.0675889977284,0.0,190.0,0.0,0.0,0.0,0.0,53.72659217615771,53.72659217615771,0.0,291.0,,0.0,13.782665784375897,normal,0.0,20.0
2026-09-16 12:00:00,201.50834290128563,154.3440454788932,154.3440454788932,0.0,190.0,0.0,0.0,0.0,0.0,47.16429742239242,47.16429742239242,0.0,291.0,,0.0,14.155228830575647,normal,0.0,20.0
2026-09-16 12:15:00,201.28181116625524,141.93864237919365,141.93864237919365,0.0,190.0,0.0,0.0,0.0,0.0,59.34316878706158,59.34316878706158,0.0,291.0,,0.0,14.275472368814082,normal,0.0,20.0
2026-09-16 12:30:00,201.7396528402004,138.86971481181388,138.86971481181388,0.0,190.0,0.0,0.0,0.0,0.0,62.869938028386485,62.869938028386485,0.0,291.0,,0.0,14.289416453898838,normal,0.0,20.0
2026-09-16 12:45:00,204.7930469401047,153.05086853389386,153.05086853389386,0.0,190.0,0.0,0.0,0.0,0.0,51.74217840621081,51.74217840621081,0.0,291.0,,0.0,14.483539165598252,normal,0.0,20.0
2026-09-16 13:00:00,183.03097914413377,136.39143367356823,136.39143367356823,0.0,190.0,0.0,0.0,0.0,0.0,46.63954547056555,46.63954547056555,0.0,291.0,,0.0,14.516496223693016,normal,0.0,20.0
2026-09-16 13:15:00,184.04637205647506,163.2539495715344,163.2539495715344,0.0,190.0,0.0,0.0,0.0,0.0,20.79242248494066,20.79242248494066,0.0,291.0,,0.0,14.483621600663536,normal,0.0,20.0
2026-09-16 13:30:00,181.47297600527745,161.5800142730166,161.5800142730166,0.0,190.0,0.0,0.0,0.0,0.0,19.892961732260844,19.892961732260844,0.0,291.0,,0.0,14.466087203225868,normal,0.0,20.0
2026-09-16 13:45:00,181.6263627761104,163.09913461649958,163.09913461649958,0.0,190.0,0.0,0.0,0.0,0.0,18.52722815961083,18.52722815961083,0.0,291.0,,0.0,14.415827727581753,normal,0.0,20.0
2026-09-16 14:00:00,202.8844443358378,177.4792472592765,177.4792472592765,0.0,190.0,0.0,0.0,0.0,0.0,25.405197076561286,25.405197076561286,0.0,291.0,,0.0,14.235589509046328,normal,0.0,20.0
2026-09-16 14:15:00,201.11986531523257,183.22946539745666,183.22946539745666,0.0,190.0,0.0,0.0,0.0,0.0,17.89039991777591,17.89039991777591,0.0,291.0,,0.0,14.305590736482358,normal,0.0,20.0
2026-09-16 14:30:00,201.65926064166993,174.2329697323863,174.2329697323863,0.0,190.0,0.0,0.0,0.0,0.0,27.426290909283637,27.426290909283637,0.0,291.0,,0.0,14.1253385044593,normal,0.0,20.0
2026-09-16 14:45:00,200.99738150585716,159.86241720137923,159.86241720137923,0.0,190.0,0.0,0.0,0.0,0.0,41.13496430447794,41.13496430447794,0.0,291.0,,0.0,13.982328507694426,normal,0.0,20.0
2026-09-16 15:00:00,203.1854237056018,164.1454712784901,164.1454712784901,0.0,190.0,0.0,0.0,0.0,0.0,39.039952427111714,39.039952427111714,0.0,291.0,,0.0,14.103932699818447,normal,0.0,20.0
2026-09-16 15:15:00,203.40228699532855,164.35826147306307,164.35826147306307,0.0,190.0,0.0,0.0,0.0,0.0,39.044025522265464,39.044025522265464,0.0,291.0,,0.0,14.278690276138743,normal,0.0,20.0
2026-09-16 15:30:00,205.83546309336063,171.0906607635433,171.0906607635433,0.0,190.0,0.0,0.0,0.0,0.0,34.74480232981734,34.74480232981734,0.0,291.0,,0.0,14.452845977823578,normal,0.0,20.0
2026-09-16 15:45:00,210.70036248141477,180.49773851531,180.49773851531,0.0,190.0,0.0,0.0,0.0,0.0,30.202623966104756,30.202623966104756,0.0,291.0,,0.0,15.030152366371517,normal,0.0,20.0
2026-09-16 16:00:00,205.08617607482606,185.77434622582516,185.77434622582516,0.0,190.0,0.0,0.0,0.0,0.0,19.311829849000883,19.311829849000883,0.0,291.0,,0.0,15.404795213853449,normal,0.0,13.2
2026-09-16 16:15:00,214.02132525937466,193.8923346728089,193.8923346728089,0.0,190.0,0.0,0.0,0.0,0.0,20.128990586565774,20.128990586565774,0.0,291.0,,0.0,16.183135064762958,normal,0.0,13.2
2026-09-16 16:30:00,221.5979077355442,205.05947584991696,205.05947584991696,0.0,190.0,0.0,0.0,0.0,0.0,16.538431885627244,16.538431885627244,0.0,291.0,,0.0,17.0325644819408,normal,0.0,13.2
2026-09-16 16:45:00,226.6947894296821,200.1123496222063,200.1123496222063,0.0,190.0,0.0,0.0,0.0,0.0,26.58243980747579,26.58243980747579,0.0,291.0,,0.0,17.818232928763365,normal,0.0,13.2
2026-09-16 17:00:00,252.18077294757015,225.14788217182087,220.50429514740463,4.6435870244162345,188.7780034146273,0.0,0.0,0.0,0.0,27.032890775749266,27.032890775749266,0.0,291.0,,0.0,33.04028008182285,normal,0.0,28.2
2026-09-16 17:15:00,268.0712750682353,248.54391014371222,226.25338468615683,22.2905254575554,182.91207566263904,0.0,0.0,0.0,0.0,19.52736492452309,19.52736492452309,0.0,291.0,,0.0,35.61206200326645,normal,0.0,28.2
2026-09-16 17:30:00,274.1820746844786,264.4470848126636,230.90202498626937,33.54505982639424,174.08442833990372,0.0,0.0,0.0,0.0,9.734989871814994,9.734989871814994,0.0,291.0,,0.0,37.42350942741837,normal,0.0,28.2
2026-09-16 17:45:00,283.8638825646089,280.7008457411668,236.73047414940626,43.97037159176054,162.51327792101938,0.0,0.0,0.0,0.0,3.1630368234421136,3.1630368234421136,0.0,291.0,,0.0,39.20834911517669,normal,0.0,28.2
2026-09-16 18:00:00,297.71800496933366,296.86790211509697,238.8968561185021,57.97104599659488,147.25773950086284,0.0,0.0,0.0,0.0,0.850102854236694,0.850102854236694,0.0,291.0,,0.0,41.551000373799766,normal,0.0,29.4
2026-09-16 18:15:00,300.411965726026,300.411965726026,231.2010453565126,69.21092036951339,129.04433940362247,0.0,0.0,0.0,0.0,0.0,0.0,0.0,291.0,,0.0,42.5627172520862,normal,0.0,29.4
2026-09-16 18:30:00,310.38880874699305,310.38880874699305,238.58350742698096,71.80530132001209,110.1482074773035,0.0,0.0,0.0,0.0,0.0,0.0,0.0,291.0,,0.0,44.06379794064547,normal,0.0,29.4
2026-09-16 18:45:00,315.78571196982864,315.78571196982864,241.36102357440117,74.42468839542747,90.56276316271732,0.0,0.0,0.0,0.0,0.0,0.0,0.0,291.0,,0.0,45.15851722570668,normal,0.0,29.4
2026-09-16 19:00:00,249.25377281294942,249.25377281294942,238.33095665801898,10.922816154930445,87.68833785878826,0.0,0.0,0.0,0.0,0.0,0.0,0.0,291.0,,0.0,45.15470207607882,normal,0.0,14.399999999999999
2026-09-16 19:15:00,253.01759918044806,253.01759918044806,239.68395702243532,13.333642158012736,84.17948465931123,0.0,0.0,0.0,0.0,0.0,0.0,0.0,291.0,,0.0,45.90529392432417,normal,0.0,14.399999999999999
2026-09-16 19:30:00,251.09996435775867,251.09996435775867,246.52396727846093,4.575997079297736,82.9752749016013,0.0,0.0,0.0,0.0,0.0,0.0,0.0,291.0,,0.0,45.543166285748384,normal,0.0,14.399999999999999
2026-09-16 19:45:00,251.6523736766777,251.6523736766777,244.173536628842,7.478837047835725,81.00715988901295,0.0,0.0,0.0,0.0,0.0,0.0,0.0,291.0,,0.0,45.623142338443046,normal,0.0,14.399999999999999
2026-09-16 20:00:00,245.69159153008698,245.69159153008698,239.21382977687162,6.477761753215361,79.30248574342997,0.0,0.0,0.0,0.0,0.0,0.0,0.0,291.0,,0.0,44.476059069626174,normal,0.0,14.399999999999999
2026-09-16 20:15:00,240.9897435810481,240.9897435810481,239.08029775601455,1.9094458250335435,78.80000000000008,0.0,0.0,0.0,0.0,0.0,0.0,0.0,291.0,,0.0,43.52261560539749,normal,0.0,14.399999999999999
2026-09-16 20:30:00,236.78923820405922,236.78923820405922,236.78923820405922,0.0,78.80000000000008,0.0,0.0,0.0,0.0,0.0,0.0,0.0,291.0,,0.0,42.72704529713078,normal,0.0,14.399999999999999
2026-09-16 20:45:00,230.400285547124,230.400285547124,230.400285547124,0.0,78.80000000000008,0.0,0.0,0.0,0.0,0.0,0.0,0.0,291.0,,0.0,41.443271679611854,normal,0.0,14.399999999999999
2026-09-16 21:00:00,222.02899358192644,222.02899358192644,222.02899358192644,0.0,78.80000000000008,0.0,0.0,0.0,0.0,0.0,0.0,0.0,291.0,,0.0,39.84839011865061,normal,0.0,14.399999999999999
2026-09-16 21:15:00,214.72602021183826,214.72602021183826,214.72602021183826,0.0,78.80000000000008,0.0,0.0,0.0,0.0,0.0,0.0,0.0,291.0,,0.0,38.40398753506912,normal,0.0,14.399999999999999
2026-09-16 21:30:00,204.3812405951943,204.3812405951943,204.3812405951943,0.0,78.80000000000008,0.0,0.0,0.0,0.0,0.0,0.0,0.0,291.0,,0.0,36.31166962105047,normal,0.0,14.399999999999999
2026-09-16 21:45:00,193.71265080714662,193.71265080714662,193.71265080714662,0.0,78.80000000000008,0.0,0.0,0.0,0.0,0.0,0.0,0.0,291.0,,0.0,34.31879855331195,normal,0.0,14.399999999999999
2026-09-16 22:00:00,186.2870596470702,186.2870596470702,186.2870596470702,0.0,78.80000000000008,0.0,0.0,0.0,0.0,0.0,0.0,0.0,291.0,,0.0,32.799351240784745,normal,0.0,14.399999999999999
2026-09-16 22:15:00,176.35704738573648,176.35704738573648,176.35704738573648,0.0,78.80000000000008,0.0,0.0,0.0,0.0,0.0,0.0,0.0,291.0,,0.0,30.8375739582594,normal,0.0,14.399999999999999
2026-09-16 22:30:00,165.65663495536117,165.65663495536117,165.65663495536117,0.0,78.80000000000008,0.0,0.0,0.0,0.0,0.0,0.0,0.0,291.0,,0.0,28.771782295791134,normal,0.0,14.399999999999999
2026-09-16 22:45:00,156.01878993029965,156.01878993029965,156.01878993029965,0.0,78.80000000000008,0.0,0.0,0.0,0.0,0.0,0.0,0.0,291.0,,0.0,26.933253403805228,normal,0.0,14.399999999999999
2026-09-16 23:00:00,146.7292709475942,146.7292709475942,146.7292709475942,0.0,78.80000000000008,0.0,0.0,0.0,0.0,0.0,0.0,0.0,291.0,,0.0,14.3095866061087,normal,0.0,14.399999999999999
2026-09-16 23:15:00,138.94699920008134,138.94699920008134,138.94699920008134,0.0,78.80000000000008,0.0,0.0,0.0,0.0,0.0,0.0,0.0,291.0,,0.0,13.462395753417006,normal,0.0,14.399999999999999
2026-09-16 23:30:00,131.88617700043017,131.88617700043017,131.88617700043017,0.0,78.80000000000008,0.0,0.0,0.0,0.0,0.0,0.0,0.0,291.0,,0.0,12.65606943083949,normal,0.0,14.399999999999999
2026-09-16 23:45:00,124.96553583492775,124.96553583492775,214.2286937296646,-89.26315789473686,100.00000000000009,0.0,0.0,0.0,0.0,0.0,0.0,0.0,291.0,,0.0,11.891703685432871,normal,0.0,14.399999999999999
2026-09-17 00:00:00,124.38647170687526,124.38647170687526,124.38647170687526,0.0,100.00000000000009,0.0,0.0,0.0,0.0,0.0,0.0,0.0,291.0,,0.0,11.810642976315876,normal,0.0,14.399999999999999
2026-09-17 00:15:00,117.85274051054023,117.85274051054023,117.85274051054023,0.0,100.00000000000009,0.0,0.0,0.0,0.0,0.0,0.0,0.0,291.0,,0.0,11.108172516744677,normal,0.0,14.399999999999999
2026-09-17 00:30:00,116.33665552179258,116.33665552179258,116.33665552179258,0.0,100.00000000000009,0.0,0.0,0.0,0.0,0.0,0.0,0.0,291.0,,0.0,10.915564960566773,normal,0.0,14.399999999999999
2026-09-17 00:45:00,112.55689373128286,112.55689373128286,112.55689373128286,0.0,100.00000000000009,0.0,0.0,0.0,0.0,0.0,0.0,0.0,291.0,,0.0,10.494988743755519,normal,0.0,14.399999999999999
2026-09-17 01:00:00,108.71949581040528,108.71949581040528,108.71949581040528,0.0,100.00000000000009,0.0,0.0,0.0,0.0,0.0,0.0,0.0,291.0,,0.0,10.057364213757719,normal,0.0,14.399999999999999
2026-09-17 01:15:00,107.2414876031691,107.2414876031691,107.2414876031691,0.0,100.00000000000009,0.0,0.0,0.0,0.0,0.0,0.0,0.0,291.0,,0.0,9.901101562525685,normal,0.0,14.399999999999999
2026-09-17 01:30:00,105.84730684797813,105.84730684797813,105.84730684797813,0.0,100.00000000000009,0.0,0.0,0.0,0.0,0.0,0.0,0.0,291.0,,0.0,9.756930746243366,normal,0.0,14.399999999999999
2026-09-17 01:45:00,104.43791950577486,104.43791950577486,104.43791950577486,0.0,100.00000000000009,0.0,0.0,0.0,0.0,0.0,0.0,0.0,291.0,,0.0,9.581749038697653,normal,0.0,14.399999999999999
2026-09-17 02:00:00,102.31171366599952,102.31171366599952,102.31171366599952,0.0,100.00000000000009,0.0,0.0,0.0,0.0,0.0,0.0,0.0,291.0,,0.0,9.337693496434444,normal,0.0,14.399999999999999
2026-09-17 02:15:00,101.11740208648754,101.11740208648754,101.11740208648754,0.0,100.00000000000009,0.0,0.0,0.0,0.0,0.0,0.0,0.0,291.0,,0.0,9.227127844948289,normal,0.0,14.399999999999999
2026-09-17 02:30:00,100.70145285791907,100.70145285791907,100.70145285791907,0.0,100.00000000000009,0.0,0.0,0.0,0.0,0.0,0.0,0.0,291.0,,0.0,9.189993694601357,normal,0.0,14.399999999999999
2026-09-17 02:45:00,101.28859185463403,101.28859185463403,101.28859185463403,0.0,100.00000000000009,0.0,0.0,0.0,0.0,0.0,0.0,0.0,291.0,,0.0,9.222303294323396,normal,0.0,14.399999999999999
2026-09-17 03:00:00,101.27381846731268,101.27381846731268,101.27381846731268,0.0,100.00000000000009,0.0,0.0,0.0,0.0,0.0,0.0,0.0,291.0,,0.0,9.232296056532952,normal,0.0,14.399999999999999
2026-09-17 03:15:00,102.59732709975887,102.59732709975887,102.59732709975887,0.0,100.00000000000009,0.0,0.0,0.0,0.0,0.0,0.0,0.0,291.0,,0.0,9.38197841815422,normal,0.0,14.399999999999999
2026-09-17 03:30:00,104.57942853046814,104.57942853046814,104.57942853046814,0.0,100.00000000000009,0.0,0.0,0.0,0.0,0.0,0.0,0.0,291.0,,0.0,9.583574021267525,normal,0.0,14.399999999999999
2026-09-17 03:45:00,106.32884838849395,106.32884838849395,106.32884838849395,0.0,100.00000000000009,0.0,0.0,0.0,0.0,0.0,0.0,0.0,291.0,,0.0,9.830418951908463,normal,0.0,14.399999999999999
2026-09-17 04:00:00,110.47565737951109,110.47565737951109,110.47565737951109,0.0,100.00000000000009,0.0,0.0,0.0,0.0,0.0,0.0,0.0,291.0,,0.0,10.261832693688298,normal,0.0,14.399999999999999
2026-09-17 04:15:00,116.09609643093813,116.09609643093813,116.09609643093813,0.0,100.00000000000009,0.0,0.0,0.0,0.0,0.0,0.0,0.0,291.0,,0.0,10.88257928787272,normal,0.0,14.399999999999999
2026-09-17 04:30:00,123.71877502751818,123.71877502751818,123.71877502751818,0.0,100.00000000000009,0.0,0.0,0.0,0.0,0.0,0.0,0.0,291.0,,0.0,11.731976098004472,normal,0.0,14.399999999999999
2026-09-17 04:45:00,131.05703748530277,131.05703748530277,131.05703748530277,0.0,100.00000000000009,0.0,0.0,0.0,0.0,0.0,0.0,0.0,291.0,,0.0,12.56699879715639,normal,0.0,14.399999999999999
2026-09-17 05:00:00,155.9512130002247,155.9512130002247,221.20703752642368,-65.25582452619898,115.49825832497234,0.0,0.0,0.0,0.0,0.0,0.0,0.0,291.0,,0.0,13.664108390963076,normal,0.0,29.4
2026-09-17 05:15:00,163.10307632918742,163.10307632918742,244.942650977988,-81.83957464880058,134.93515730406247,0.0,0.0,0.0,0.0,0.0,0.0,0.0,291.0,,0.0,14.473181675026598,normal,0.0,29.4
2026-09-17 05:30:00,172.50432658921756,172.50432658921756,251.04597644525143,-78.54164985603387,153.5887991448705,0.0,0.0,0.0,0.0,0.0,0.0,0.0,291.0,,0.0,15.557584370593917,normal,0.0,29.4
2026-09-17 05:45:00,181.2534032376552,181.2534032376552,249.50416987466588,-68.25076663701068,169.79835622116053,0.0,0.0,0.0,0.0,0.0,0.0,0.0,291.0,,0.0,16.510889454862074,normal,0.0,29.4
2026-09-17 06:00:00,179.21449020641154,179.21449020641154,179.21449020641154,0.0,169.79835622116053,0.0,0.0,0.0,0.0,0.0,0.0,0.0,291.0,,0.0,16.986959186424677,normal,0.0,23.4
2026-09-17 06:15:00,188.02200492525347,187.37176932145408,187.37176932145408,0.0,169.79835622116053,0.0,0.0,0.0,0.0,0.6502356037993906,0.6502356037993906,0.0,291.0,,0.0,17.951314233185066,normal,0.0,23.4
2026-09-17 06:30:00,189.6279396495832,185.08540345624039,185.08540345624039,0.0,169.79835622116053,0.0,0.0,0.0,0.0,4.542536193342828,4.542536193342828,0.0,291.0,,0.0,18.112735710832634,normal,0.0,23.4
2026-09-17 06:45:00,190.7922751330875,182.16067972233202,182.16067972233202,0.0,169.79835622116053,0.0,0.0,0.0,0.0,8.63159541075545,8.63159541075545,0.0,291.0,,0.0,18.254078131738765,normal,0.0,23.4
2026-09-17 07:00:00,191.91834603279824,174.2567181471609,174.2567181471609,0.0,169.79835622116053,0.0,0.0,0.0,0.0,17.66162788563732,17.66162788563732,0.0,291.0,,0.0,18.381589270064307,normal,0.0,23.4
2026-09-17 07:15:00,189.93666871355578,164.63669106546757,164.63669106546757,0.0,169.79835622116053,0.0,0.0,0.0,0.0,25.299977648088202,25.299977648088202,0.0,291.0,,0.0,18.166236802929728,normal,0.0,23.4
2026-09-17 07:30:00,187.30170397168857,159.96368573201067,159.96368573201067,0.0,169.79835622116053,0.0,0.0,0.0,0.0,27.3380182396779,27.3380182396779,0.0,291.0,,0.0,17.853660046843423,normal,0.0,23.4
2026-09-17 07:45:00,182.9314760837884,156.01451415206273,156.01451415206273,0.0,169.79835622116053,0.0,0.0,0.0,0.0,26.916961931725677,26.916961931725677,0.0,291.0,,0.0,17.384884799355792,normal,0.0,23.4
2026-09-17 08:00:00,170.91655735571163,138.73790937657557,138.73790937657557,0.0,169.79835622116053,0.0,0.0,0.0,0.0,32.17864797913608,32.17864797913608,0.0,291.0,,0.0,17.153936539472944,normal,0.0,13.2
2026-09-17 08:15:00,162.7794079097765,133.99251519392482,133.99251519392482,0.0,169.79835622116053,0.0,0.0,0.0,0.0,28.786892715851668,28.786892715851668,0.0,291.0,,0.0,16.236079963974554,normal,0.0,13.2
2026-09-17 08:30:00,166.82982763906162,137.49051226562784,137.49051226562784,0.0,169.79835622116053,0.0,0.0,0.0,0.0,29.339315373433784,29.339315373433784,0.0,291.0,,0.0,15.959925959198909,normal,0.0,20.0
2026-09-17 08:45:00,161.53518539219772,123.5651693125675,123.5651693125675,0.0,169.79835622116053,0.0,0.0,0.0,0.0,37.97001607963023,37.97001607963023,0.0,291.0,,0.0,15.376258247742548,normal,0.0,20.0
2026-09-17 09:00:00,209.98532284498424,156.64939276909945,241.70894552210768,-85.05955275300823,190.0,0.0,0.0,0.0,0.0,53.33593007588479,53.33593007588479,0.0,291.0,,0.0,15.056024164947639,normal,0.0,20.0
2026-09-17 09:15:00,204.86448763787888,142.70219959879645,142.70219959879645,0.0,190.0,0.0,0.0,0.0,0.0,62.16228803908244,62.16228803908244,0.0,291.0,,0.0,14.715242071666484,normal,0.0,20.0
2026-09-17 09:30:00,203.62508548822453,161.5304689196722,161.5304689196722,0.0,190.0,0.0,0.0,0.0,0.0,42.09461656855235,42.09461656855235,0.0,291.0,,0.0,14.356519941936135,normal,0.0,20.0
2026-09-17 09:45:00,202.22556191317682,151.11660259482215,151.11660259482215,0.0,190.0,0.0,0.0,0.0,0.0,51.108959318354664,51.108959318354664,0.0,291.0,,0.0,14.068720460760176,normal,0.0,20.0
2026-09-17 10:00:00,199.23840408293083,142.75259368425557,142.75259368425557,0.0,190.0,0.0,0.0,0.0,0.0,56.485810398675255,56.485810398675255,0.0,291.0,,0.0,13.906068742105175,normal,0.0,20.0
2026-09-17 10:15:00,195.14381751118435,130.22361197931377,130.22361197931377,0.0,190.0,0.0,0.0,0.0,0.0,64.92020553187058,64.92020553187058,0.0,291.0,,0.0,13.701452165026012,normal,0.0,20.0
2026-09-17 10:30:00,194.51545093304705,109.47636625569828,109.47636625569828,0.0,190.0,0.0,0.0,0.0,0.0,85.03908467734877,85.03908467734877,0.0,291.0,,0.0,13.565996531899687,normal,0.0,20.0
2026-09-17 10:45:00,201.39691305954307,140.70490646683572,140.70490646683572,0.0,190.0,0.0,0.0,0.0,0.0,60.69200659270732,60.69200659270732,0.0,291.0,,0.0,13.82781774204294,normal,0.0,20.0
2026-09-17 11:00:00,197.14439483391004,140.06008375504166,140.06008375504166,0.0,190.0,0.0,0.0,0.0,0.0,57.0843110788684,57.0843110788684,0.0,291.0,,0.0,13.69947412501523,normal,0.0,20.0
2026-09-17 11:15:00,200.86920927620866,132.4987811263822,132.4987811263822,0.0,190.0,0.0,0.0,0.0,0.0,68.37042814982647,68.37042814982647,0.0,291.0,,0.0,13.98821199236834,normal,0.0,20.0
2026-09-17 11:30:00,201.88064608746544,151.11353084170807,151.11353084170807,0.0,190.0,0.0,0.0,0.0,0.0,50.76711524575736,50.76711524575736,0.0,291.0,,0.0,14.152460699791106,normal,0.0,20.0
2026-09-17 11:45:00,203.72411345449052,129.45149664547026,129.45149664547026,0.0,190.0,0.0,0.0,0.0,0.0,74.27261680902025,74.27261680902025,0.0,291.0,,0.0,14.290151145646462,normal,0.0,20.0
2026-09-17 12:00:00,208.35527675536528,129.22615197562783,129.22615197562783,0.0,190.0,0.0,0.0,0.0,0.0,79.12912477973745,79.12912477973745,0.0,291.0,,0.0,14.766637131528523,normal,0.0,20.0
2026-09-17 12:15:00,208.0230541625512,119.7743930200098,119.7743930200098,0.0,190.0,0.0,0.0,0.0,0.0,88.24866114254144,88.24866114254144,0.0,291.0,,0.0,14.824215644650828,normal,0.0,20.0
2026-09-17 12:30:00,206.12481772849878,127.29693855663297,127.29693855663297,0.0,190.0,0.0,0.0,0.0,0.0,78.82787917186582,78.82787917186582,0.0,291.0,,0.0,14.765096442525271,normal,0.0,20.0
2026-09-17 12:45:00,208.6661425969654,121.75671848797137,121.75671848797137,0.0,190.0,0.0,0.0,0.0,0.0,86.90942410899403,86.90942410899403,0.0,291.0,,0.0,15.015995393717425,normal,0.0,20.0
2026-09-17 13:00:00,186.69278411056817,91.17557445266169,91.17557445266169,0.0,190.0,0.0,0.0,0.0,0.0,95.51720965790649,95.51720965790649,0.0,291.0,,0.0,14.906136925850522,normal,0.0,20.0
2026-09-17 13:15:00,188.0256532158061,95.67879458558959,95.67879458558959,0.0,190.0,0.0,0.0,0.0,0.0,92.3468586302165,92.3468586302165,0.0,291.0,,0.0,15.18329735072378,normal,0.0,20.0
2026-09-17 13:30:00,185.28417195683483,96.09532503673495,96.09532503673495,0.0,190.0,0.0,0.0,0.0,0.0,89.18884692009988,89.18884692009988,0.0,291.0,,0.0,14.913627190416355,normal,0.0,20.0
2026-09-17 13:45:00,186.54930766262072,100.27224305264788,100.27224305264788,0.0,190.0,0.0,0.0,0.0,0.0,86.27706460997285,86.27706460997285,0.0,291.0,,0.0,14.943037716725968,normal,0.0,20.0
2026-09-17 14:00:00,207.6325099945925,136.30972313302613,136.30972313302613,0.0,190.0,0.0,0.0,0.0,0.0,71.32278686156637,71.32278686156637,0.0,291.0,,0.0,14.68731001968327,normal,0.0,20.0
2026-09-17 14:15:00,209.26997113252762,142.8619147646125,142.8619147646125,0.0,190.0,0.0,0.0,0.0,0.0,66.40805636791514,66.40805636791514,0.0,291.0,,0.0,14.61469774197693,normal,0.0,20.0
2026-09-17 14:30:00,207.65694320892055,145.86647433992314,145.86647433992314,0.0,190.0,0.0,0.0,0.0,0.0,61.79046886899741,61.79046886899741,0.0,291.0,,0.0,14.704118688017669,normal,0.0,20.0
2026-09-17 14:45:00,202.84196831274437,140.3624682081578,140.3624682081578,0.0,190.0,0.0,0.0,0.0,0.0,62.47950010458658,62.47950010458658,0.0,291.0,,0.0,14.495278751280644,normal,0.0,20.0
2026-09-17 15:00:00,205.23863769912202,137.92182340901374,137.92182340901374,0.0,190.0,0.0,0.0,0.0,0.0,67.31681429010828,67.31681429010828,0.0,291.0,,0.0,14.441500985989503,normal,0.0,20.0
2026-09-17 15:15:00,203.07442352216262,151.06715607453023,151.06715607453023,0.0,190.0,0.0,0.0,0.0,0.0,52.00726744763239,52.00726744763239,0.0,291.0,,0.0,14.590016368819198,normal,0.0,20.0
2026-09-17 15:30:00,211.66630344092522,164.42095038156518,164.42095038156518,0.0,190.0,0.0,0.0,0.0,0.0,47.24535305936004,47.24535305936004,0.0,291.0,,0.0,15.03233896325504,normal,0.0,20.0
2026-09-17 15:45:00,211.73705807162335,157.42022283427502,157.42022283427502,0.0,190.0,0.0,0.0,0.0,0.0,54.31683523734833,54.31683523734833,0.0,291.0,,0.0,15.391842532954268,normal,0.0,20.0
2026-09-17 16:00:00,210.87156988773074,168.44033530997507,168.44033530997507,0.0,190.0,0.0,0.0,0.0,0.0,42.431234577755674,42.431234577755674,0.0,291.0,,0.0,15.935328393567673,normal,0.0,13.2
2026-09-17 16:15:00,216.27503193472756,183.93058548317094,183.93058548317094,0.0,190.0,0.0,0.0,0.0,0.0,32.34444645155662,32.34444645155662,0.0,291.0,,0.0,16.539111262947337,normal,0.0,13.2
2026-09-17 16:30:00,225.53764195244003,195.824345733279,195.824345733279,0.0,190.0,0.0,0.0,0.0,0.0,29.713296219161023,29.713296219161023,0.0,291.0,,0.0,17.490652486497527,normal,0.0,13.2
2026-09-17 16:45:00,233.62621684305662,204.7019125506394,204.7019125506394,0.0,190.0,0.0,0.0,0.0,0.0,28.924304292417233,28.924304292417233,0.0,291.0,,0.0,18.743969341601428,normal,0.0,13.2
2026-09-17 17:00:00,259.8540010682507,236.96688093609248,234.73735867176356,2.2295222643289265,189.41328361465028,0.0,0.0,0.0,0.0,22.88712013215818,22.88712013215818,0.0,291.0,,0.0,34.38356777472583,normal,0.0,28.2
2026-09-17 17:15:00,268.8409508816682,248.3130139765802,228.5562842618576,19.75672971472261,184.21414421603907,0.0,0.0,0.0,0.0,20.527936905087998,20.527936905087998,0.0,291.0,,0.0,36.42755096549088,normal,0.0,28.2
2026-09-17 17:30:00,283.4874856250278,268.8537724031695,241.5218090487529,27.331963354416587,177.0215222806663,0.0,0.0,0.0,0.0,14.633713221858276,14.633713221858276,0.0,291.0,,0.0,39.24918877563606,normal,0.0,28.2
2026-09-17 17:45:00,294.2918047350175,286.49057430287854,245.61303974895685,40.87753455392169,166.26427634542375,0.0,0.0,0.0,0.0,7.801230432138921,7.801230432138921,0.0,291.0,,0.0,41.14773973207862,normal,0.0,28.2
2026-09-17 18:00:00,306.5554964472766,305.2966240234618,147.07918250703796,100.0,139.94848687173953,58.21744151642385,38.69606522733647,19.52137628908738,0.0,1.2588724238148234,1.2588724238148234,0.0,0.0,0.0,0.0,43.55227907422913,sps_relief,0.0,29.4
2026-09-17 18:15:00,312.09248708271474,312.09248708271474,150.84786017487627,100.0,113.63269739805531,61.24462690783846,41.691938502366945,19.552688405471514,0.0,0.0,0.0,0.0,0.0,0.0,0.0,44.80737788947485,sps_relief,0.0,29.4
2026-09-17 18:30:00,322.03210702158174,322.03210702158174,158.91410553071643,100.0,87.3169079243711,63.11800149086531,42.90499902384019,20.213002467025124,0.0,0.0,0.0,0.0,124.86633978247761,124.86633978247761,0.0,46.53436282869661,cap,197.16576723910413,29.4
2026-09-17 18:45:00,323.7885789545393,323.7885789545393,0.0,29.4,79.58006581910794,294.3885789545393,0.0,0.0,0.0,0.0,0.0,0.0,0.0,,0.0,46.74065099770065,cap_shortfall_trip+island,0.0,29.4
2026-09-17 19:00:00,262.92820500218147,262.92820500218147,216.05129649179761,2.964250112610196,78.8,43.91265839777364,42.40491591780857,1.5077424799650647,0.0,0.0,0.0,0.0,131.46410250109074,131.46410250109074,0.0,47.894008943543064,cap,131.46410250109074,14.399999999999999
2026-09-17 19:15:00,260.0478091263407,260.0478091263407,0.0,14.399999999999999,75.01052631578948,245.64780912634072,0.0,0.0,0.0,0.0,0.0,0.0,0.0,,0.0,47.25864745224168,cap_shortfall_trip+island,0.0,14.399999999999999
2026-09-17 19:30:00,259.5326297540041,259.5326297540041,216.4867736697233,0.0,75.01052631578948,43.04585608428082,41.57699613976676,1.4688599445140602,0.0,0.0,0.0,0.0,129.76631487700206,129.76631487700206,0.0,47.21716257377993,cap,129.76631487700206,14.399999999999999
2026-09-17 19:45:00,262.28103595858244,262.28103595858244,0.0,14.399999999999999,71.22105263157896,247.88103595858243,0.0,0.0,0.0,0.0,0.0,0.0,0.0,,0.0,47.68961812614806,cap_shortfall_trip+island,0.0,14.399999999999999
2026-09-17 20:00:00,255.99618352179255,255.99618352179255,211.85271641411157,0.0,71.22105263157896,44.14346710768096,42.523231047782915,1.6202360598980512,0.0,0.0,0.0,0.0,127.99809176089627,127.99809176089627,0.0,46.47200483634896,cap,127.99809176089627,14.399999999999999
2026-09-17 20:15:00,252.93673050091687,252.93673050091687,0.0,14.399999999999999,67.43157894736844,238.53673050091686,0.0,0.0,0.0,0.0,0.0,0.0,0.0,,0.0,45.857339660450805,cap_shortfall_trip+island,0.0,14.399999999999999
2026-09-17 20:30:00,245.00551691504253,245.00551691504253,203.96354222777546,0.0,67.43157894736844,41.041974687267086,39.38670664541039,1.6552680418566939,0.0,0.0,0.0,0.0,168.6819589974904,168.6819589974904,0.0,44.30652897347785,cap,76.32355791755214,14.399999999999999
2026-09-17 20:45:00,239.3844905536045,239.3844905536045,197.84001564725355,0.0,67.43157894736844,41.54447490635097,39.9738274224861,1.5706474838648656,0.0,0.0,0.0,0.0,179.53836791520337,179.53836791520337,0.0,43.24364708326125,cap,59.84612263840113,14.399999999999999
2026-09-17 21:00:00,231.7525357673354,231.7525357673354,193.0212424275666,0.0,67.43157894736844,38.731293339768804,37.172235834142455,1.5590575056263476,0.0,0.0,0.0,0.0,173.81440182550153,173.81440182550153,0.0,41.745905282762926,cap,57.93813394183385,14.399999999999999
2026-09-17 21:15:00,291.0,223.555011183065,291.0,0.0,67.43157894736844,0.0,0.0,0.0,0.0,0.0,0.0,0.0,291.0,,67.444988816935,40.08238312659503,normal,0.0,14.399999999999999
2026-09-17 21:30:00,291.0,215.08909338387656,291.0,0.0,67.43157894736844,0.0,0.0,0.0,0.0,0.0,0.0,0.0,291.0,,75.91090661612344,38.42661838343192,normal,0.0,14.399999999999999
2026-09-17 21:45:00,291.0,204.41412326250304,291.0,0.0,67.43157894736844,0.0,0.0,0.0,0.0,0.0,0.0,0.0,291.0,,86.58587673749696,36.410879495496616,normal,0.0,14.399999999999999
2026-09-17 22:00:00,252.8565111019793,194.33085513866106,252.8565111019793,0.0,67.43157894736844,0.0,0.0,0.0,0.0,0.0,0.0,0.0,291.0,,58.52565596331823,34.42714619259705,normal,0.0,14.399999999999999
2026-09-17 22:15:00,183.88828079800325,183.88828079800325,183.88828079800325,0.0,67.43157894736844,0.0,0.0,0.0,0.0,0.0,0.0,0.0,291.0,,0.0,32.33494254451572,normal,0.0,14.399999999999999
2026-09-17 22:30:00,174.0678222020001,174.0678222020001,174.0678222020001,0.0,67.43157894736844,0.0,0.0,0.0,0.0,0.0,0.0,0.0,291.0,,0.0,30.407513231360156,normal,0.0,14.399999999999999
2026-09-17 22:45:00,162.66516672065075,162.66516672065075,162.66516672065075,0.0,67.43157894736844,0.0,0.0,0.0,0.0,0.0,0.0,0.0,291.0,,0.0,28.237528222917287,normal,0.0,14.399999999999999
2026-09-17 23:00:00,154.94784221006032,154.94784221006032,154.94784221006032,0.0,67.43157894736844,0.0,0.0,0.0,0.0,0.0,0.0,0.0,291.0,,0.0,15.211772524593313,normal,0.0,14.399999999999999
2026-09-17 23:15:00,146.79308328854978,146.79308328854978,146.79308328854978,0.0,67.43157894736844,0.0,0.0,0.0,0.0,0.0,0.0,0.0,291.0,,0.0,14.344928365388167,normal,0.0,14.399999999999999
2026-09-17 23:30:00,137.6676565868696,137.6676565868696,137.6676565868696,0.0,67.43157894736844,0.0,0.0,0.0,0.0,0.0,0.0,0.0,291.0,,0.0,13.315648214342005,normal,0.0,14.399999999999999
2026-09-17 23:45:00,130.66834279271706,130.66834279271706,219.93150068745393,-89.26315789473686,88.63157894736844,0.0,0.0,0.0,0.0,0.0,0.0,0.0,291.0,,0.0,12.548559179542204,normal,0.0,14.399999999999999
2026-09-18 00:00:00,119.73811429199361,119.73811429199361,119.73811429199361,0.0,88.63157894736844,0.0,0.0,0.0,0.0,0.0,0.0,0.0,291.0,,0.0,11.32163825439286,normal,0.0,14.399999999999999
2026-09-18 00:15:00,115.52311511244116,115.52311511244116,115.52311511244116,0.0,88.63157894736844,0.0,0.0,0.0,0.0,0.0,0.0,0.0,291.0,,0.0,10.825948141679914,normal,0.0,14.399999999999999
2026-09-18 00:30:00,111.2802744613015,111.2802744613015,73.92027446130143,37.36000000000008,78.8,0.0,0.0,0.0,0.0,0.0,0.0,0.0,291.0,,0.0,10.350050997928053,normal,0.0,14.399999999999999
2026-09-18 00:45:00,108.24421694354842,108.24421694354842,108.24421694354842,0.0,78.8,0.0,0.0,0.0,0.0,0.0,0.0,0.0,291.0,,0.0,10.006748337526918,normal,0.0,14.399999999999999
2026-09-18 01:00:00,105.36226513379853,105.36226513379853,105.36226513379853,0.0,78.8,0.0,0.0,0.0,0.0,0.0,0.0,0.0,291.0,,0.0,9.68769452721267,normal,0.0,14.399999999999999
2026-09-18 01:15:00,103.61632680957612,103.61632680957612,103.61632680957612,0.0,78.8,0.0,0.0,0.0,0.0,0.0,0.0,0.0,291.0,,0.0,9.485297843967487,normal,0.0,14.399999999999999
2026-09-18 01:30:00,101.64944900674564,101.64944900674564,101.64944900674564,-0.0,78.8,0.0,0.0,0.0,0.0,0.0,0.0,0.0,291.0,,0.0,9.289702644483981,normal,0.0,14.399999999999999
2026-09-18 01:45:00,101.37888778103209,101.37888778103209,101.37888778103209,0.0,78.8,0.0,0.0,0.0,0.0,0.0,0.0,0.0,291.0,,0.0,9.240438276831428,normal,0.0,14.399999999999999
2026-09-18 02:00:00,100.2686457521697,100.2686457521697,200.2686457521697,-100.0,102.55,0.0,0.0,0.0,0.0,0.0,0.0,0.0,291.0,,0.0,9.132784372714895,normal,0.0,14.399999999999999
2026-09-18 02:15:00,99.38864829170438,99.38864829170438,99.38864829170438,0.0,102.55,0.0,0.0,0.0,0.0,0.0,0.0,0.0,291.0,,0.0,9.001396478961121,normal,0.0,14.399999999999999
2026-09-18 02:30:00,99.04926870500239,99.04926870500239,199.0492687050024,-100.0,126.3,0.0,0.0,0.0,0.0,0.0,0.0,0.0,291.0,,0.0,8.982679927547245,normal,0.0,14.399999999999999
2026-09-18 02:45:00,98.6055927431693,98.6055927431693,166.8161190589588,-68.2105263157895,142.5,0.0,0.0,0.0,0.0,0.0,0.0,0.0,291.0,,0.0,8.925168537217395,normal,0.0,14.399999999999999
2026-09-18 03:00:00,99.25187349149422,99.25187349149422,99.25187349149422,0.0,142.5,0.0,0.0,0.0,0.0,0.0,0.0,0.0,291.0,,0.0,9.030707652558615,normal,0.0,14.399999999999999
2026-09-18 03:15:00,100.48840227536044,100.48840227536044,200.48840227536044,-100.0,166.25,0.0,0.0,0.0,0.0,0.0,0.0,0.0,291.0,,0.0,9.155134822182323,normal,0.0,14.399999999999999
2026-09-18 03:30:00,101.4859948524765,101.4859948524765,201.4859948524765,-100.0,190.0,0.0,0.0,0.0,0.0,0.0,0.0,0.0,291.0,,0.0,9.262858160991096,normal,0.0,14.399999999999999
2026-09-18 03:45:00,103.6932119260911,103.6932119260911,103.6932119260911,-0.0,190.0,0.0,0.0,0.0,0.0,0.0,0.0,0.0,291.0,,0.0,9.517421327874953,normal,0.0,14.399999999999999
2026-09-18 04:00:00,106.60955413495523,106.60955413495523,106.60955413495523,-0.0,190.0,0.0,0.0,0.0,0.0,0.0,0.0,0.0,291.0,,0.0,9.843627478935726,normal,0.0,14.399999999999999
2026-09-18 04:15:00,111.62765016202252,111.62765016202252,111.62765016202252,0.0,190.0,0.0,0.0,0.0,0.0,0.0,0.0,0.0,291.0,,0.0,10.38513726036642,normal,0.0,14.399999999999999
2026-09-18 04:30:00,116.71482572182589,116.71482572182589,116.71482572182589,0.0,190.0,0.0,0.0,0.0,0.0,0.0,0.0,0.0,291.0,,0.0,10.976185958329074,normal,0.0,14.399999999999999
2026-09-18 04:45:00,124.27446859570335,124.27446859570335,124.27446859570335,0.0,190.0,0.0,0.0,0.0,0.0,0.0,0.0,0.0,291.0,,0.0,11.821340043478124,normal,0.0,14.399999999999999
2026-09-18 05:00:00,148.15086428725934,148.15086428725934,148.15086428725934,0.0,190.0,0.0,0.0,0.0,0.0,0.0,0.0,0.0,291.0,,0.0,12.799993976748546,normal,0.0,29.4
2026-09-18 05:15:00,155.53440295953246,155.53440295953246,155.53440295953246,0.0,190.0,0.0,0.0,0.0,0.0,0.0,0.0,0.0,291.0,,0.0,13.656196411489377,normal,0.0,29.4
2026-09-18 05:30:00,164.01805044945596,164.01805044945596,164.01805044945596,0.0,190.0,0.0,0.0,0.0,0.0,0.0,0.0,0.0,291.0,,0.0,14.60335759369107,normal,0.0,29.4
2026-09-18 05:45:00,171.75934076291855,171.75934076291855,171.75934076291855,0.0,190.0,0.0,0.0,0.0,0.0,0.0,0.0,0.0,291.0,,0.0,15.446902646270102,normal,0.0,29.4
2026-09-18 06:00:00,172.8399590521796,172.8399590521796,172.8399590521796,0.0,190.0,0.0,0.0,0.0,0.0,0.0,0.0,0.0,291.0,,0.0,16.23378071970939,normal,0.0,23.4
2026-09-18 06:15:00,177.7862915925717,177.6708054934754,177.6708054934754,0.0,190.0,0.0,0.0,0.0,0.0,0.11548609909630986,0.11548609909630986,0.0,291.0,,0.0,16.829828310225764,normal,0.0,23.4
2026-09-18 06:30:00,184.39462644419888,184.03088766033008,184.03088766033008,0.0,190.0,0.0,0.0,0.0,0.0,0.3637387838687912,0.3637387838687912,0.0,291.0,,0.0,17.541022406813404,normal,0.0,23.4
2026-09-18 06:45:00,185.39580902922106,184.45770118553216,184.45770118553216,-0.0,190.0,0.0,0.0,0.0,0.0,0.9381078436889076,0.9381078436889076,0.0,291.0,,0.0,17.63181331445002,normal,0.0,23.4
2026-09-18 07:00:00,186.35316301354015,180.40356868594725,180.40356868594725,0.0,190.0,0.0,0.0,0.0,0.0,5.949594327592923,5.949594327592923,0.0,291.0,,0.0,17.77175010322633,normal,0.0,23.4
2026-09-18 07:15:00,184.65662432298808,167.44461351364836,167.44461351364836,0.0,190.0,0.0,0.0,0.0,0.0,17.212010809339713,17.212010809339713,0.0,291.0,,0.0,17.551770340445664,normal,0.0,23.4
2026-09-18 07:30:00,181.88744519834424,169.94656573273517,169.94656573273517,0.0,190.0,0.0,0.0,0.0,0.0,11.940879465609074,11.940879465609074,0.0,291.0,,0.0,17.258925749441108,normal,0.0,23.4
2026-09-18 07:45:00,179.54532855637038,161.5979461947139,161.5979461947139,0.0,190.0,0.0,0.0,0.0,0.0,17.947382361656466,17.947382361656466,0.0,291.0,,0.0,16.98282118167369,normal,0.0,23.4
2026-09-18 08:00:00,166.1742713016751,154.005694179346,154.005694179346,0.0,190.0,0.0,0.0,0.0,0.0,12.168577122329115,12.168577122329115,0.0,291.0,,0.0,16.644280843862788,normal,0.0,13.2
2026-09-18 08:15:00,160.31579078412943,139.96359593198892,139.96359593198892,0.0,190.0,0.0,0.0,0.0,0.0,20.35219485214052,20.35219485214052,0.0,291.0,,0.0,15.97148765278599,normal,0.0,13.2
2026-09-18 08:30:00,161.26997405918536,139.1781479057146,139.1781479057146,0.0,190.0,0.0,0.0,0.0,0.0,22.09182615347074,22.09182615347074,0.0,291.0,,0.0,15.311315201239857,normal,0.0,20.0
2026-09-18 08:45:00,156.62250000905166,152.72647358779932,152.72647358779932,0.0,190.0,0.0,0.0,0.0,0.0,3.896026421252352,3.896026421252352,0.0,291.0,,0.0,14.800617071067682,normal,0.0,20.0
2026-09-18 09:00:00,201.6036453048789,180.06249594116272,180.06249594116272,0.0,190.0,0.0,0.0,0.0,0.0,21.5411493637162,21.5411493637162,0.0,291.0,,0.0,14.405242028310475,normal,0.0,20.0
2026-09-18 09:15:00,200.661734294915,183.46896855262472,183.46896855262472,0.0,190.0,0.0,0.0,0.0,0.0,17.192765742290266,17.192765742290266,0.0,291.0,,0.0,14.068233618903662,normal,0.0,20.0
2026-09-18 09:30:00,200.3797335664187,186.16194086011262,186.16194086011262,0.0,190.0,0.0,0.0,0.0,0.0,14.217792706306094,14.217792706306094,0.0,291.0,,0.0,13.830067447293313,normal,0.0,20.0
2026-09-18 09:45:00,196.74349887912925,191.88532650554478,191.88532650554478,0.0,190.0,0.0,0.0,0.0,0.0,4.858172373584474,4.858172373584474,0.0,291.0,,0.0,13.739880037070197,normal,0.0,20.0
2026-09-18 10:00:00,194.86696248653263,189.78574535212283,189.78574535212283,0.0,190.0,0.0,0.0,0.0,0.0,5.081217134409804,5.081217134409804,0.0,291.0,,0.0,13.263143269047987,normal,0.0,20.0
2026-09-18 10:15:00,198.02702740086283,182.16150118178462,182.16150118178462,0.0,190.0,0.0,0.0,0.0,0.0,15.86552621907821,15.86552621907821,0.0,291.0,,0.0,13.598124658376875,normal,0.0,20.0
2026-09-18 10:30:00,193.98316670640168,175.4460985473057,175.4460985473057,0.0,190.0,0.0,0.0,0.0,0.0,18.537068159095973,18.537068159095973,0.0,291.0,,0.0,13.38913143128996,normal,0.0,20.0
2026-09-18 10:45:00,194.81758745824743,165.13452114487387,165.13452114487387,0.0,190.0,0.0,0.0,0.0,0.0,29.68306631337355,29.68306631337355,0.0,291.0,,0.0,13.359393356637385,normal,0.0,20.0
2026-09-18 11:00:00,195.3101197019025,155.9043565134256,155.9043565134256,0.0,190.0,0.0,0.0,0.0,0.0,39.405763188476904,39.405763188476904,0.0,291.0,,0.0,13.398304788552661,normal,0.0,20.0
2026-09-18 11:15:00,196.69231059839456,133.46515094774034,133.46515094774034,0.0,190.0,0.0,0.0,0.0,0.0,63.227159650654194,63.227159650654194,0.0,291.0,,0.0,13.700884859181992,normal,0.0,20.0
2026-09-18 11:30:00,196.8366109404826,142.16883177727922,142.16883177727922,0.0,190.0,0.0,0.0,0.0,0.0,54.66777916320336,54.66777916320336,0.0,291.0,,0.0,13.71904306011221,normal,0.0,20.0
2026-09-18 11:45:00,202.1304798953375,174.78022344176722,174.78022344176722,0.0,190.0,0.0,0.0,0.0,0.0,27.35025645357025,27.35025645357025,0.0,291.0,,0.0,13.95614941301165,normal,0.0,20.0
2026-09-18 12:00:00,201.6354578789423,151.47793780941288,151.47793780941288,0.0,190.0,0.0,0.0,0.0,0.0,50.15752006952941,50.15752006952941,0.0,291.0,,0.0,14.268335820177604,normal,0.0,20.0
2026-09-18 12:15:00,205.74491049167491,162.1017239431601,162.1017239431601,0.0,190.0,0.0,0.0,0.0,0.0,43.64318654851483,43.64318654851483,0.0,291.0,,0.0,14.537473880112433,normal,0.0,20.0
2026-09-18 12:30:00,206.89004644752913,143.94000814532046,143.94000814532046,0.0,190.0,0.0,0.0,0.0,0.0,62.95003830220867,62.95003830220867,0.0,291.0,,0.0,14.554754610205652,normal,0.0,20.0
2026-09-18 12:45:00,204.88039129062315,139.42809276572723,139.42809276572723,0.0,190.0,0.0,0.0,0.0,0.0,65.45229852489592,65.45229852489592,0.0,291.0,,0.0,14.69687842030732,normal,0.0,20.0
2026-09-18 13:00:00,182.5983405769431,123.90849831436847,123.90849831436847,0.0,190.0,0.0,0.0,0.0,0.0,58.689842262574615,58.689842262574615,0.0,291.0,,0.0,14.607164956959615,normal,0.0,20.0
2026-09-18 13:15:00,185.24149187772403,124.54224045252923,124.54224045252923,0.0,190.0,0.0,0.0,0.0,0.0,60.69925142519481,60.69925142519481,0.0,291.0,,0.0,14.599561723339969,normal,0.0,20.0
2026-09-18 13:30:00,180.82035717279086,94.9240346240519,94.9240346240519,0.0,190.0,0.0,0.0,0.0,0.0,85.89632254873896,85.89632254873896,0.0,291.0,,0.0,14.422947596067448,normal,0.0,20.0
2026-09-18 13:45:00,183.01871646056549,81.39337957898296,81.39337957898296,0.0,190.0,0.0,0.0,0.0,0.0,101.62533688158251,101.62533688158251,0.0,291.0,,0.0,14.406000814847484,normal,0.0,20.0
2026-09-18 14:00:00,202.79125116305352,111.56489093257699,111.56489093257699,0.0,190.0,0.0,0.0,0.0,0.0,91.22636023047653,91.22636023047653,0.0,291.0,,0.0,14.311462367807517,normal,0.0,20.0
2026-09-18 14:15:00,202.95636924867898,121.96813654318757,121.96813654318757,0.0,190.0,0.0,0.0,0.0,0.0,80.98823270549141,80.98823270549141,0.0,291.0,,0.0,14.247902224245626,normal,0.0,20.0
2026-09-18 14:30:00,200.89209885676019,117.01878216267849,117.01878216267849,0.0,190.0,0.0,0.0,0.0,0.0,83.8733166940817,83.8733166940817,0.0,291.0,,0.0,13.989056267454378,normal,0.0,20.0
2026-09-18 14:45:00,199.35619855675975,138.3764861155978,138.3764861155978,0.0,190.0,0.0,0.0,0.0,0.0,60.97971244116197,60.97971244116197,0.0,291.0,,0.0,14.030604469011985,normal,0.0,20.0
2026-09-18 15:00:00,201.13774458205023,144.07793692552582,144.07793692552582,0.0,190.0,0.0,0.0,0.0,0.0,57.059807656524434,57.059807656524434,0.0,291.0,,0.0,13.95938238267417,normal,0.0,20.0
2026-09-18 15:15:00,200.9314212024599,152.06030843671886,152.06030843671886,0.0,190.0,0.0,0.0,0.0,0.0,48.871112765741046,48.871112765741046,0.0,291.0,,0.0,14.102963638983415,normal,0.0,20.0
2026-09-18 15:30:00,203.22653034821258,157.6713222517195,157.6713222517195,0.0,190.0,0.0,0.0,0.0,0.0,45.55520809649311,45.55520809649311,0.0,291.0,,0.0,14.359989802345375,normal,0.0,20.0
2026-09-18 15:45:00,206.2190317659498,175.90169509234994,175.90169509234994,0.0,190.0,0.0,0.0,0.0,0.0,30.317336673599847,30.317336673599847,0.0,291.0,,0.0,14.682137281558136,normal,0.0,20.0
2026-09-18 16:00:00,205.8330632924484,194.0934997804564,194.0934997804564,0.0,190.0,0.0,0.0,0.0,0.0,11.739563511992014,11.739563511992014,0.0,291.0,,0.0,15.365313559518365,normal,0.0,13.2
2026-09-18 16:15:00,210.0508869700828,207.35748230369362,155.51811172777022,51.8393705759234,176.358060374757,0.0,0.0,0.0,0.0,2.693404666389174,2.693404666389174,0.0,155.51811172777022,155.51811172777022,0.0,15.908866823456375,cap,51.839370575923404,13.2
2026-09-18 16:30:00,218.22608078088697,215.90222562953952,161.92666922215463,53.975556407384886,162.15396658333992,0.0,0.0,0.0,0.0,2.3238551513474635,2.3238551513474635,0.0,161.92666922215463,161.92666922215463,0.0,16.797959302341937,cap,53.97555640738488,13.2
2026-09-18 16:45:00,226.04099491559526,224.09756336328368,168.07317252246276,56.02439084082093,147.41070583575546,0.0,0.0,0.0,0.0,1.9434315523115908,1.9434315523115908,0.0,168.07317252246276,168.07317252246276,0.0,17.624423964068598,cap,56.02439084082092,13.2
2026-09-18 17:00:00,251.5469590210658,249.9925664642748,187.4944248482061,62.49814161606869,130.96382646310582,0.0,0.0,0.0,0.0,1.5543925567909769,1.5543925567909769,0.0,187.4944248482061,187.4944248482061,0.0,33.01867789657358,cap,62.4981416160687,28.2
2026-09-18 17:15:00,265.99823947175395,258.3323263916003,193.74924479370023,64.58308159790008,113.96827867418475,0.0,0.0,0.0,0.0,7.66591308015361,7.66591308015361,0.0,193.74924479370023,193.74924479370023,0.0,35.284794910825596,cap,64.58308159790008,28.2
2026-09-18 17:30:00,277.96984746848415,270.0397721089404,155.50889284571085,100.0,87.65248920050053,14.530879263229535,14.530879263229535,0.0,0.0,7.930075359543752,7.930075359543752,0.0,155.69507271842434,155.69507271842434,0.0,38.12146838580236,cap,114.34469939051604,28.2
2026-09-18 17:45:00,287.81586018377453,285.21174602686796,0.0,27.158354337237373,80.50555384859595,259.61586018377454,0.0,0.0,0.0,2.6041141569065682,1.0416456627626274,1.5624684941439408,0.0,,0.0,40.00029627859955,cap_shortfall_trip+island,0.0,28.2
2026-09-18 18:00:00,295.5626801876432,295.1312052123133,231.95387668577774,6.481104624664627,78.8,56.696223901870965,36.951564068489134,19.74465983338183,0.0,0.4314749753298852,0.4314749753298852,0.0,147.56560260615666,147.56560260615666,0.0,41.32945272906281,cap,147.56560260615666,29.4
2026-09-18 18:15:00,302.61597329015035,302.61597329015035,0.0,29.4,71.06315789473683,273.2159732901504,0.0,0.0,0.0,0.0,0.0,0.0,0.0,,0.0,42.5441934399357,cap_shortfall_trip+island,0.0,29.4
2026-09-18 18:30:00,310.72785661799486,310.72785661799486,251.3305040673764,0.0,71.06315789473683,59.397352550618436,40.751144415886294,18.646208134732145,0.0,0.0,0.0,0.0,155.36392830899743,155.36392830899743,0.0,44.54029996127598,cap,155.36392830899743,29.4
2026-09-18 18:45:00,311.40891629376483,311.40891629376483,0.0,29.4,63.326315789473675,282.00891629376486,0.0,0.0,0.0,0.0,0.0,0.0,0.0,,0.0,44.497271741463905,cap_shortfall_trip+island,0.0,29.4
2026-09-18 19:00:00,255.89807198242795,255.89807198242795,212.8385797264702,0.0,63.326315789473675,43.05949225595775,41.47976242190144,1.579729834056309,0.0,0.0,0.0,0.0,127.94903599121398,127.94903599121398,0.0,46.46210410612956,cap,127.94903599121398,14.399999999999999
2026-09-18 19:15:00,252.9799729020178,252.9799729020178,0.0,14.399999999999999,59.53684210526315,238.5799729020178,0.0,0.0,0.0,0.0,0.0,0.0,0.0,,0.0,45.86695511682206,cap_shortfall_trip+island,0.0,14.399999999999999
2026-09-18 19:30:00,252.68046029880477,252.68046029880477,209.83180119211124,0.0,59.53684210526315,42.848659106693525,41.31394429527431,1.5347148114192104,0.0,0.0,0.0,0.0,126.34023014940239,126.34023014940239,0.0,45.86115011761065,cap,126.34023014940239,14.399999999999999
2026-09-18 19:45:00,250.60875632839898,250.60875632839898,0.0,14.399999999999999,55.74736842105262,236.20875632839898,0.0,0.0,0.0,0.0,0.0,0.0,0.0,,0.0,45.405620964753304,cap_shortfall_trip+island,0.0,14.399999999999999
2026-09-18 20:00:00,243.15410695757672,243.15410695757672,202.78381731622443,0.0,55.74736842105262,40.3702896413523,38.826668181270946,1.543621460081356,0.0,0.0,0.0,0.0,182.36558021818254,182.36558021818254,0.0,43.99486377217476,cap,60.78852673939418,14.399999999999999
2026-09-18 20:15:00,242.64085185299777,242.64085185299777,201.93644477592207,0.0,55.74736842105262,40.70440707707571,39.087854910875066,1.6165521662006426,0.0,0.0,0.0,0.0,181.98063888974832,181.98063888974832,0.0,43.85364942058773,cap,60.66021296324944,14.399999999999999
2026-09-18 20:30:00,237.5875233088394,237.5875233088394,198.12019862910446,0.0,55.74736842105262,39.46732467973493,37.95797102906368,1.509353650671248,0.0,0.0,0.0,0.0,178.19064248162954,178.19064248162954,0.0,42.88218227405023,cap,59.39688082720985,14.399999999999999
2026-09-18 20:45:00,231.02798954028896,231.02798954028896,0.0,14.399999999999999,51.95789473684209,216.62798954028895,0.0,0.0,0.0,0.0,0.0,0.0,0.0,,0.0,41.54390021765954,cap_shortfall_trip+island,0.0,14.399999999999999
2026-09-18 21:00:00,223.98247307363474,223.98247307363474,186.48742687951216,0.0,51.95789473684209,37.49504619412259,35.97453086039888,1.5205153337237052,0.0,0.0,0.0,0.0,179.87769634683895,179.87769634683895,0.0,40.200634939490186,cap,44.10477672679578,14.399999999999999
2026-09-18 21:15:00,291.0,215.71939506843412,291.0,0.0,51.95789473684209,0.0,0.0,0.0,0.0,0.0,0.0,0.0,291.0,,75.28060493156588,38.62164315729018,normal,0.0,14.399999999999999
2026-09-18 21:30:00,291.0,204.98834546710404,291.0,0.0,51.95789473684209,0.0,0.0,0.0,0.0,0.0,0.0,0.0,291.0,,86.01165453289596,36.497292302359256,normal,0.0,14.399999999999999
2026-09-18 21:45:00,277.60669489181487,195.0790074641767,277.60669489181487,0.0,51.95789473684209,0.0,0.0,0.0,0.0,0.0,0.0,0.0,291.0,,82.52768742763817,34.55874481618326,normal,0.0,14.399999999999999
2026-09-18 22:00:00,186.5948494277759,186.5948494277759,186.5948494277759,0.0,51.95789473684209,0.0,0.0,0.0,0.0,0.0,0.0,0.0,291.0,,0.0,32.84946188426479,normal,0.0,14.399999999999999
2026-09-18 22:15:00,176.25559584137207,176.25559584137207,176.25559584137207,0.0,51.95789473684209,0.0,0.0,0.0,0.0,0.0,0.0,0.0,291.0,,0.0,30.845928998995973,normal,0.0,14.399999999999999
2026-09-18 22:30:00,166.221824694817,166.221824694817,166.221824694817,0.0,51.95789473684209,0.0,0.0,0.0,0.0,0.0,0.0,0.0,291.0,,0.0,28.89185441843612,normal,0.0,14.399999999999999
2026-09-18 22:45:00,156.26803831954976,156.26803831954976,156.26803831954976,0.0,51.95789473684209,0.0,0.0,0.0,0.0,0.0,0.0,0.0,291.0,,0.0,26.966988359502665,normal,0.0,14.399999999999999
2026-09-18 23:00:00,145.8335643459054,145.8335643459054,145.8335643459054,0.0,51.95789473684209,0.0,0.0,0.0,0.0,0.0,0.0,0.0,291.0,,0.0,14.241634541376428,normal,0.0,14.399999999999999
2026-09-18 23:15:00,137.127444552839,137.127444552839,137.127444552839,0.0,51.95789473684209,0.0,0.0,0.0,0.0,0.0,0.0,0.0,291.0,,0.0,13.265675701531366,normal,0.0,14.399999999999999
2026-09-18 23:30:00,130.84646932493428,130.84646932493428,130.84646932493428,0.0,51.95789473684209,0.0,0.0,0.0,0.0,0.0,0.0,0.0,291.0,,0.0,12.538003583033987,normal,0.0,14.399999999999999
2026-09-18 23:45:00,124.01039084365513,124.01039084365513,165.40651272731174,-41.3961218836566,61.789473684210535,0.0,0.0,0.0,0.0,0.0,0.0,0.0,291.0,,0.0,11.754487738215317,normal,0.0,14.399999999999999
2026-09-19 00:00:00,119.09806824423708,119.09806824423708,119.09806824423708,0.0,61.789473684210535,0.0,0.0,0.0,0.0,0.0,0.0,0.0,291.0,,0.0,11.219317030702765,normal,0.0,14.399999999999999
2026-09-19 00:15:00,115.12753010072706,115.12753010072706,115.12753010072706,0.0,61.789473684210535,0.0,0.0,0.0,0.0,0.0,0.0,0.0,291.0,,0.0,10.79764384296675,normal,0.0,14.399999999999999
2026-09-19 00:30:00,110.68081787211545,110.68081787211545,110.68081787211545,0.0,61.789473684210535,0.0,0.0,0.0,0.0,0.0,0.0,0.0,291.0,,0.0,10.27689018822118,normal,0.0,14.399999999999999
2026-09-19 00:45:00,108.6524630983339,108.6524630983339,108.6524630983339,0.0,61.789473684210535,0.0,0.0,0.0,0.0,0.0,0.0,0.0,291.0,,0.0,10.060191820938307,normal,0.0,14.399999999999999
2026-09-19 01:00:00,104.83558429073472,104.83558429073472,104.83558429073472,0.0,61.789473684210535,0.0,0.0,0.0,0.0,0.0,0.0,0.0,291.0,,0.0,9.64433287678476,normal,0.0,14.399999999999999
2026-09-19 01:15:00,102.18413421839512,102.18413421839512,102.18413421839512,0.0,61.789473684210535,0.0,0.0,0.0,0.0,0.0,0.0,0.0,291.0,,0.0,9.35285734068275,normal,0.0,14.399999999999999
2026-09-19 01:30:00,100.72399032953547,100.72399032953547,100.72399032953547,0.0,61.789473684210535,0.0,0.0,0.0,0.0,0.0,0.0,0.0,291.0,,0.0,9.174045693623848,normal,0.0,14.399999999999999
2026-09-19 01:45:00,99.36034506730252,99.36034506730252,99.36034506730252,0.0,61.789473684210535,0.0,0.0,0.0,0.0,0.0,0.0,0.0,291.0,,0.0,8.991664078321755,normal,0.0,14.399999999999999
2026-09-19 02:00:00,99.11023062544845,99.11023062544845,99.11023062544845,0.0,61.789473684210535,0.0,0.0,0.0,0.0,0.0,0.0,0.0,291.0,,0.0,8.971618207290032,normal,0.0,14.399999999999999
2026-09-19 02:15:00,97.14378501861611,97.14378501861611,97.14378501861611,0.0,61.789473684210535,0.0,0.0,0.0,0.0,0.0,0.0,0.0,291.0,,0.0,8.755458793745749,normal,0.0,14.399999999999999
2026-09-19 02:30:00,96.08128876326984,96.08128876326984,96.08128876326984,0.0,61.789473684210535,0.0,0.0,0.0,0.0,0.0,0.0,0.0,291.0,,0.0,8.651534288052897,normal,0.0,14.399999999999999
2026-09-19 02:45:00,96.30351988837845,96.30351988837845,96.30351988837845,0.0,61.789473684210535,0.0,0.0,0.0,0.0,0.0,0.0,0.0,291.0,,0.0,8.649587972063319,normal,0.0,14.399999999999999
2026-09-19 03:00:00,97.1347878954879,97.1347878954879,97.1347878954879,0.0,61.789473684210535,0.0,0.0,0.0,0.0,0.0,0.0,0.0,291.0,,0.0,8.759507634141588,normal,0.0,14.399999999999999
2026-09-19 03:15:00,97.1856139209907,97.1856139209907,97.1856139209907,0.0,61.789473684210535,0.0,0.0,0.0,0.0,0.0,0.0,0.0,291.0,,0.0,8.7670943566171,normal,0.0,14.399999999999999
2026-09-19 03:30:00,98.7179811682999,98.7179811682999,98.7179811682999,0.0,61.789473684210535,0.0,0.0,0.0,0.0,0.0,0.0,0.0,291.0,,0.0,8.942182818687293,normal,0.0,14.399999999999999
2026-09-19 03:45:00,102.07891350334464,102.07891350334464,102.07891350334464,0.0,61.789473684210535,0.0,0.0,0.0,0.0,0.0,0.0,0.0,291.0,,0.0,9.321795826527403,normal,0.0,14.399999999999999
2026-09-19 04:00:00,104.51753701648633,104.51753701648633,104.51753701648633,0.0,61.789473684210535,0.0,0.0,0.0,0.0,0.0,0.0,0.0,291.0,,0.0,9.577884494689378,normal,0.0,14.399999999999999
2026-09-19 04:15:00,110.91369040727218,110.91369040727218,200.71233839884002,-89.79864799156782,83.11665258220789,0.0,0.0,0.0,0.0,0.0,0.0,0.0,291.0,,0.0,10.305079503071195,normal,0.0,14.399999999999999
2026-09-19 04:30:00,116.91770837836171,116.91770837836171,116.91770837836171,0.0,83.11665258220789,0.0,0.0,0.0,0.0,0.0,0.0,0.0,291.0,,0.0,10.976442583751819,normal,0.0,14.399999999999999
2026-09-19 04:45:00,122.42772881258213,122.42772881258213,122.42772881258213,0.0,83.11665258220789,0.0,0.0,0.0,0.0,0.0,0.0,0.0,291.0,,0.0,11.597123076101498,normal,0.0,14.399999999999999
2026-09-19 05:00:00,146.1390985148428,146.1390985148428,237.99944878616913,-91.86035027132633,104.9334857716479,0.0,0.0,0.0,0.0,0.0,0.0,0.0,291.0,,0.0,12.57875129443309,normal,0.0,29.4
2026-09-19 05:15:00,153.71512774007033,153.71512774007033,233.91564943356101,-80.20052169349069,123.98110967385193,0.0,0.0,0.0,0.0,0.0,0.0,0.0,291.0,,0.0,13.43145583785726,normal,0.0,29.4
2026-09-19 05:30:00,163.0909756455125,163.0909756455125,236.99725204387386,-73.90627639836137,141.53385031846275,0.0,0.0,0.0,0.0,0.0,0.0,0.0,291.0,,0.0,14.49592149738194,normal,0.0,29.4
2026-09-19 05:45:00,170.80326231575907,170.80326231575907,237.5887881676036,-66.78552585184454,157.39541270827584,0.0,0.0,0.0,0.0,0.0,0.0,0.0,291.0,,0.0,15.356316203397423,normal,0.0,29.4
2026-09-19 06:00:00,171.52008013913363,171.52008013913363,171.52008013913363,0.0,157.39541270827584,0.0,0.0,0.0,0.0,0.0,0.0,0.0,291.0,,0.0,16.111421224811608,normal,0.0,23.4
2026-09-19 06:15:00,177.55821186021663,176.90778854363577,176.90778854363577,0.0,157.39541270827584,0.0,0.0,0.0,0.0,0.6504233165808713,0.6504233165808713,0.0,291.0,,0.0,16.750785021855744,normal,0.0,23.4
2026-09-19 06:30:00,179.91124422927874,176.05402643517917,176.05402643517917,0.0,157.39541270827584,0.0,0.0,0.0,0.0,3.8572177940995886,3.8572177940995886,0.0,291.0,,0.0,17.0341765522788,normal,0.0,23.4
2026-09-19 06:45:00,183.80177807077285,178.41900365595058,178.41900365595058,0.0,157.39541270827584,0.0,0.0,0.0,0.0,5.382774414822292,5.382774414822292,0.0,291.0,,0.0,17.445945011578143,normal,0.0,23.4
2026-09-19 07:00:00,186.34458393545273,173.1777498956854,173.1777498956854,0.0,157.39541270827584,0.0,0.0,0.0,0.0,13.166834039767359,13.166834039767359,0.0,291.0,,0.0,17.755555423805163,normal,0.0,23.4
2026-09-19 07:15:00,184.15153454669195,168.61674187152175,168.61674187152175,0.0,157.39541270827584,0.0,0.0,0.0,0.0,15.534792675170179,15.534792675170179,0.0,291.0,,0.0,17.517169009366583,normal,0.0,23.4
2026-09-19 07:30:00,181.43107941173437,154.5823499457827,154.5823499457827,0.0,157.39541270827584,0.0,0.0,0.0,0.0,26.84872946595167,26.84872946595167,0.0,291.0,,0.0,17.204160326576126,normal,0.0,23.4
2026-09-19 07:45:00,175.59107139494665,149.57138923256815,149.57138923256815,0.0,157.39541270827584,0.0,0.0,0.0,0.0,26.019682162378494,26.019682162378494,0.0,291.0,,0.0,16.5527915587326,normal,0.0,23.4
2026-09-19 08:00:00,160.9567494119817,121.09744060872609,121.09744060872609,0.0,157.39541270827584,0.0,0.0,0.0,0.0,39.8593088032556,39.8593088032556,0.0,291.0,,0.0,16.046606080634866,normal,0.0,13.2
2026-09-19 08:15:00,157.82576379532097,116.00278674605234,116.00278674605234,0.0,157.39541270827584,0.0,0.0,0.0,0.0,41.822977049268644,41.822977049268644,0.0,291.0,,0.0,15.695494531434665,normal,0.0,13.2
2026-09-19 08:30:00,152.74200592154872,107.91036444807882,107.91036444807882,0.0,157.39541270827584,0.0,0.0,0.0,0.0,44.8316414734699,44.8316414734699,0.0,291.0,,0.0,15.139476511881458,normal,0.0,13.2
2026-09-19 08:45:00,147.9502051126086,86.41660821158311,86.41660821158311,0.0,157.39541270827584,0.0,0.0,0.0,0.0,61.53359690102548,61.53359690102548,0.0,291.0,,0.0,14.600491491599643,normal,0.0,13.2
2026-09-19 09:00:00,196.0264949042272,140.88527093268038,204.52431512656523,-63.63904419388484,172.5096857043235,0.0,0.0,0.0,0.0,55.14122397154683,55.14122397154683,0.0,291.0,,0.0,14.25606673280156,normal,0.0,13.2
2026-09-19 09:15:00,193.44535172144538,151.60266999527045,151.60266999527045,0.0,172.5096857043235,0.0,0.0,0.0,0.0,41.84268172617493,41.84268172617493,0.0,291.0,,0.0,13.987986982619212,normal,0.0,13.2
2026-09-19 09:30:00,188.3882389057525,152.16359414678018,225.80702276015498,-73.6434286133748,190.0,0.0,0.0,0.0,0.0,36.22464475897233,36.22464475897233,0.0,291.0,,0.0,13.556093950135288,normal,0.0,13.2
2026-09-19 09:45:00,186.19728363677274,142.01445912220385,142.01445912220385,0.0,190.0,0.0,0.0,0.0,0.0,44.18282451456887,44.18282451456887,0.0,291.0,,0.0,13.423560226061266,normal,0.0,13.2
2026-09-19 10:00:00,185.14280403452253,164.62582696944213,164.62582696944213,0.0,190.0,0.0,0.0,0.0,0.0,20.516977065080397,20.516977065080397,0.0,291.0,,0.0,13.214210998074343,normal,0.0,13.2
2026-09-19 10:15:00,185.21638092206643,150.0605244517039,150.0605244517039,0.0,190.0,0.0,0.0,0.0,0.0,35.15585647036253,35.15585647036253,0.0,291.0,,0.0,12.963394362539487,normal,0.0,13.2
2026-09-19 10:30:00,184.1222776643105,155.91056111017264,155.91056111017264,0.0,190.0,0.0,0.0,0.0,0.0,28.211716554137876,28.211716554137876,0.0,291.0,,0.0,13.079231579045214,normal,0.0,13.2
2026-09-19 10:45:00,184.7461163010927,134.24658359320205,134.24658359320205,0.0,190.0,0.0,0.0,0.0,0.0,50.499532707890666,50.499532707890666,0.0,291.0,,0.0,13.122512377297397,normal,0.0,13.2
2026-09-19 11:00:00,189.29908870221354,181.24317796055544,181.24317796055544,0.0,190.0,0.0,0.0,0.0,0.0,8.055910741658101,8.055910741658101,0.0,291.0,,0.0,13.332440882497409,normal,0.0,13.2
2026-09-19 11:15:00,188.74349736698542,182.87739201477572,182.87739201477572,0.0,190.0,0.0,0.0,0.0,0.0,5.866105352209706,5.866105352209706,0.0,291.0,,0.0,13.254422487781952,normal,0.0,13.2
2026-09-19 11:30:00,189.1511775491701,183.2073623574457,183.2073623574457,0.0,190.0,0.0,0.0,0.0,0.0,5.943815191724394,5.943815191724394,0.0,291.0,,0.0,13.549863661511049,normal,0.0,13.2
2026-09-19 11:45:00,192.48960770412234,186.49268322452778,186.49268322452778,0.0,190.0,0.0,0.0,0.0,0.0,5.99692447959456,5.99692447959456,0.0,291.0,,0.0,13.838194252780248,normal,0.0,13.2
2026-09-19 12:00:00,193.62249794949136,187.59212440203933,187.59212440203933,0.0,190.0,0.0,0.0,0.0,0.0,6.030373547452035,6.030373547452035,0.0,291.0,,0.0,13.97561181555972,normal,0.0,13.2
2026-09-19 12:15:00,194.12173541797495,188.0897857689873,188.0897857689873,0.0,190.0,0.0,0.0,0.0,0.0,6.031949648987645,6.031949648987645,0.0,291.0,,0.0,14.042690363976853,normal,0.0,13.2
2026-09-19 12:30:00,193.09180491049798,187.0836763095115,187.0836763095115,0.0,190.0,0.0,0.0,0.0,0.0,6.008128600986477,6.008128600986477,0.0,291.0,,0.0,14.020661058352584,normal,0.0,13.2
2026-09-19 12:45:00,191.43864524678474,181.346184626027,181.346184626027,0.0,190.0,0.0,0.0,0.0,0.0,10.092460620757748,10.092460620757748,0.0,291.0,,0.0,13.916395747108695,normal,0.0,13.2
2026-09-19 13:00:00,172.85287081246156,152.36165133306574,152.36165133306574,0.0,190.0,0.0,0.0,0.0,0.0,20.49121947939581,20.49121947939581,0.0,291.0,,0.0,14.128693490053406,normal,0.0,13.2
2026-09-19 13:15:00,174.12849757488735,167.60734819782354,167.60734819782354,0.0,190.0,0.0,0.0,0.0,0.0,6.521149377063793,6.521149377063793,0.0,291.0,,0.0,14.237616111212368,normal,0.0,13.2
2026-09-19 13:30:00,171.05597397208285,145.1893163322017,145.1893163322017,0.0,190.0,0.0,0.0,0.0,0.0,25.86665763988115,25.86665763988115,0.0,291.0,,0.0,13.982029113155907,normal,0.0,13.2
2026-09-19 13:45:00,172.89320118631056,133.88682245570772,133.88682245570772,0.0,190.0,0.0,0.0,0.0,0.0,39.00637873060287,39.00637873060287,0.0,291.0,,0.0,14.148049096497441,normal,0.0,13.2
2026-09-19 14:00:00,191.25148456631956,147.324082519625,147.324082519625,0.0,190.0,0.0,0.0,0.0,0.0,43.92740204669455,43.92740204669455,0.0,291.0,,0.0,13.99117912979857,normal,0.0,13.2
2026-09-19 14:15:00,192.64558465907606,143.17213895796738,143.17213895796738,0.0,190.0,0.0,0.0,0.0,0.0,49.47344570110869,49.47344570110869,0.0,291.0,,0.0,13.981875504042181,normal,0.0,13.2
2026-09-19 14:30:00,194.53778870252262,145.31874441486877,145.31874441486877,0.0,190.0,0.0,0.0,0.0,0.0,49.219044287653844,49.219044287653844,0.0,291.0,,0.0,13.88304932839728,normal,0.0,13.2
2026-09-19 14:45:00,192.9646379203307,122.46957825193732,122.46957825193732,0.0,190.0,0.0,0.0,0.0,0.0,70.49505966839337,70.49505966839337,0.0,291.0,,0.0,13.838024998393891,normal,0.0,13.2
2026-09-19 15:00:00,191.91917664181327,133.05858633800213,133.05858633800213,0.0,190.0,0.0,0.0,0.0,0.0,58.860590303811136,58.860590303811136,0.0,291.0,,0.0,13.889465442327438,normal,0.0,13.2
2026-09-19 15:15:00,193.63925926560998,146.98545289966336,146.98545289966336,0.0,190.0,0.0,0.0,0.0,0.0,46.653806365946636,46.653806365946636,0.0,291.0,,0.0,14.193918821376027,normal,0.0,13.2
2026-09-19 15:30:00,195.79479695705248,163.96236435137328,163.96236435137328,0.0,190.0,0.0,0.0,0.0,0.0,31.832432605679195,31.832432605679195,0.0,291.0,,0.0,14.238089473281859,normal,0.0,13.2
2026-09-19 15:45:00,199.09402220390996,181.4418624613197,181.4418624613197,0.0,190.0,0.0,0.0,0.0,0.0,17.65215974259028,17.65215974259028,0.0,291.0,,0.0,14.610924889173795,normal,0.0,13.2
2026-09-19 16:00:00,202.6093090550109,197.19713869015612,197.19713869015612,0.0,190.0,0.0,0.0,0.0,0.0,5.412170364854761,5.412170364854761,0.0,291.0,,0.0,15.185984934787793,normal,0.0,13.2
2026-09-19 16:15:00,211.6907210326655,209.00824766833557,209.00824766833557,0.0,190.0,0.0,0.0,0.0,0.0,2.6824733643299172,2.6824733643299172,0.0,291.0,,0.0,15.879573380283029,normal,0.0,13.2
2026-09-19 16:30:00,221.1736708837904,217.9578914726534,217.9578914726534,0.0,190.0,0.0,0.0,0.0,0.0,3.2157794111370306,3.2157794111370306,0.0,291.0,,0.0,16.607029336004373,normal,0.0,13.2
2026-09-19 16:45:00,226.8407080095315,219.71317893458212,219.71317893458212,0.0,190.0,0.0,0.0,0.0,0.0,7.127529074949381,7.127529074949381,0.0,291.0,,0.0,17.506612506667054,normal,0.0,13.2
2026-09-19 17:00:00,250.0743868575168,242.9384066346565,234.1589833000928,8.779423334563688,187.6896254382727,0.0,0.0,0.0,0.0,7.135980222860313,7.135980222860313,0.0,291.0,,0.0,32.59259481705956,normal,0.0,28.2
2026-09-19 17:15:00,263.53080053018317,260.3258398819679,238.25761605501333,22.06822382695458,181.88219811538994,0.0,0.0,0.0,0.0,3.204960648215229,3.204960648215229,0.0,291.0,,0.0,35.31243458437946,normal,0.0,28.2
2026-09-19 17:30:00,271.6227349404215,266.67203672666795,234.01767396026918,32.654362766398776,173.28894475581131,0.0,0.0,0.0,0.0,4.9506982137535545,4.9506982137535545,0.0,291.0,,0.0,36.77919088386608,normal,0.0,28.2
2026-09-19 17:45:00,285.33332868833253,282.0153507690151,237.72425458816076,44.29109618085431,161.6333931292707,0.0,0.0,0.0,0.0,3.3179779193174372,3.3179779193174372,0.0,291.0,,0.0,39.27932786276524,normal,0.0,28.2
2026-09-19 18:00:00,298.43227134961313,298.07829535677945,240.52660056455687,57.55169479222258,146.48821028921213,0.0,0.0,0.0,0.0,0.35397599283366277,0.35397599283366277,0.0,291.0,,0.0,41.466501008950495,normal,0.0,29.4
2026-09-19 18:15:00,303.7803854483808,303.7803854483808,240.00916071773833,63.77122473064247,129.7063090443062,0.0,0.0,0.0,0.0,0.0,0.0,0.0,291.0,,0.0,43.44970415378869,normal,0.0,29.4
2026-09-19 18:30:00,315.77365475976114,315.77365475976114,238.41673349954164,77.35692126021951,109.34922450214319,0.0,0.0,0.0,0.0,0.0,0.0,0.0,291.0,,0.0,44.822724637977075,normal,0.0,29.4
2026-09-19 18:45:00,313.215135886458,313.215135886458,235.42146882793264,77.79366705852533,88.87720685516284,0.0,0.0,0.0,0.0,0.0,0.0,0.0,291.0,,0.0,45.13885603287079,normal,0.0,29.4
2026-09-19 19:00:00,252.97640867443832,252.97640867443832,230.8350727226984,22.141335951739904,83.05053949944181,0.0,0.0,0.0,0.0,0.0,0.0,0.0,291.0,,0.0,45.88800565581209,normal,0.0,14.399999999999999
2026-09-19 19:15:00,255.66103830932258,255.66103830932258,239.5089882114437,16.15205009787889,78.8,0.0,0.0,0.0,0.0,0.0,0.0,0.0,291.0,,0.0,46.398694307566686,normal,0.0,14.399999999999999
2026-09-19 19:30:00,251.9856843102425,251.9856843102425,251.9856843102425,0.0,78.8,0.0,0.0,0.0,0.0,0.0,0.0,0.0,291.0,,0.0,45.701924971865324,normal,0.0,14.399999999999999
2026-09-19 19:45:00,250.90016469679827,250.90016469679827,250.90016469679827,0.0,78.8,0.0,0.0,0.0,0.0,0.0,0.0,0.0,291.0,,0.0,45.467524105319384,normal,0.0,14.399999999999999
2026-09-19 20:00:00,246.3419714495986,246.3419714495986,246.3419714495986,0.0,78.8,0.0,0.0,0.0,0.0,0.0,0.0,0.0,291.0,,0.0,44.606847766203565,normal,0.0,14.399999999999999
2026-09-19 20:15:00,241.82404521826214,241.82404521826214,241.82404521826214,0.0,78.8,0.0,0.0,0.0,0.0,0.0,0.0,0.0,291.0,,0.0,43.72056192130606,normal,0.0,14.399999999999999
2026-09-19 20:30:00,234.79779380264037,234.79779380264037,234.79779380264037,0.0,78.8,0.0,0.0,0.0,0.0,0.0,0.0,0.0,291.0,,0.0,42.30225684438525,normal,0.0,14.399999999999999
2026-09-19 20:45:00,227.39838620866144,227.39838620866144,227.39838620866144,0.0,78.8,0.0,0.0,0.0,0.0,0.0,0.0,0.0,291.0,,0.0,40.90495093352747,normal,0.0,14.399999999999999
2026-09-19 21:00:00,222.68996529496434,222.68996529496434,222.68996529496434,0.0,78.8,0.0,0.0,0.0,0.0,0.0,0.0,0.0,291.0,,0.0,39.976967371208175,normal,0.0,14.399999999999999
2026-09-19 21:15:00,212.3599660937134,212.3599660937134,212.3599660937134,0.0,78.8,0.0,0.0,0.0,0.0,0.0,0.0,0.0,291.0,,0.0,37.95133898076019,normal,0.0,14.399999999999999
2026-09-19 21:30:00,203.2854511501247,203.2854511501247,203.2854511501247,0.0,78.8,0.0,0.0,0.0,0.0,0.0,0.0,0.0,291.0,,0.0,36.15273595313427,normal,0.0,14.399999999999999
2026-09-19 21:45:00,196.49882333865034,196.49882333865034,196.49882333865034,0.0,78.8,0.0,0.0,0.0,0.0,0.0,0.0,0.0,291.0,,0.0,34.78939977508653,normal,0.0,14.399999999999999
2026-09-19 22:00:00,185.1143060395493,185.1143060395493,185.1143060395493,0.0,78.8,0.0,0.0,0.0,0.0,0.0,0.0,0.0,291.0,,0.0,32.59995420893427,normal,0.0,14.399999999999999
2026-09-19 22:15:00,175.4830633427083,175.4830633427083,175.4830633427083,0.0,78.8,0.0,0.0,0.0,0.0,0.0,0.0,0.0,291.0,,0.0,30.722055036089195,normal,0.0,14.399999999999999
2026-09-19 22:30:00,165.02108782655037,165.02108782655037,165.02108782655037,0.0,78.8,0.0,0.0,0.0,0.0,0.0,0.0,0.0,291.0,,0.0,28.645147523497673,normal,0.0,14.399999999999999
2026-09-19 22:45:00,155.53160090306656,155.53160090306656,155.53160090306656,0.0,78.8,0.0,0.0,0.0,0.0,0.0,0.0,0.0,291.0,,0.0,26.77957144138719,normal,0.0,14.399999999999999
2026-09-19 23:00:00,149.80092806776057,149.80092806776057,149.80092806776057,0.0,78.8,0.0,0.0,0.0,0.0,0.0,0.0,0.0,291.0,,0.0,14.677352031996003,normal,0.0,14.399999999999999
2026-09-19 23:15:00,137.99011867059383,137.99011867059383,137.99011867059383,0.0,78.8,0.0,0.0,0.0,0.0,0.0,0.0,0.0,291.0,,0.0,13.323832051058027,normal,0.0,14.399999999999999
2026-09-19 23:30:00,132.94343469199288,132.94343469199288,132.94343469199288,-0.0,78.8,0.0,0.0,0.0,0.0,0.0,0.0,0.0,291.0,,0.0,12.78641706936751,normal,0.0,14.399999999999999
2026-09-19 23:45:00,127.25767850971357,127.25767850971357,127.25767850971357,-0.0,78.8,0.0,0.0,0.0,0.0,0.0,0.0,0.0,291.0,,0.0,12.108340628334771,normal,0.0,14.399999999999999
2026-09-20 00:00:00,121.67508638382529,121.67508638382529,121.67508638382529,0.0,78.8,0.0,0.0,0.0,0.0,0.0,0.0,0.0,291.0,,0.0,11.914489471053884,normal,0.0,14.399999999999999
2026-09-20 00:15:00,116.94151818182334,116.94151818182334,116.94151818182334,0.0,78.8,0.0,0.0,0.0,0.0,0.0,0.0,0.0,291.0,,0.0,11.386848611696456,normal,0.0,14.399999999999999
2026-09-20 00:30:00,113.77881280309879,113.77881280309879,113.77881280309879,0.0,78.8,0.0,0.0,0.0,0.0,0.0,0.0,0.0,291.0,,0.0,11.028072238884985,normal,0.0,14.399999999999999
2026-09-20 00:45:00,108.97213847654731,108.97213847654731,108.97213847654731,0.0,78.8,0.0,0.0,0.0,0.0,0.0,0.0,0.0,291.0,,0.0,10.49736490258187,normal,0.0,14.399999999999999
2026-09-20 01:00:00,106.4533699504627,106.4533699504627,106.4533699504627,0.0,78.8,0.0,0.0,0.0,0.0,0.0,0.0,0.0,291.0,,0.0,10.21254185475148,normal,0.0,14.399999999999999
2026-09-20 01:15:00,104.31808908100254,104.31808908100254,104.31808908100254,0.0,78.8,0.0,0.0,0.0,0.0,0.0,0.0,0.0,291.0,,0.0,9.970903817066725,normal,0.0,14.399999999999999
2026-09-20 01:30:00,102.63285379771733,102.63285379771733,102.63285379771733,0.0,78.8,0.0,0.0,0.0,0.0,0.0,0.0,0.0,291.0,,0.0,9.786537247312891,normal,0.0,14.399999999999999
2026-09-20 01:45:00,102.44885847661962,102.44885847661962,102.44885847661962,0.0,78.8,0.0,0.0,0.0,0.0,0.0,0.0,0.0,291.0,,0.0,9.757815150011831,normal,0.0,14.399999999999999
2026-09-20 02:00:00,100.4059984950897,100.4059984950897,100.4059984950897,0.0,78.8,0.0,0.0,0.0,0.0,0.0,0.0,0.0,291.0,,0.0,9.535608886184582,normal,0.0,14.399999999999999
2026-09-20 02:15:00,99.98797871615412,99.98797871615412,99.98797871615412,0.0,78.8,0.0,0.0,0.0,0.0,0.0,0.0,0.0,291.0,,0.0,9.487579879702958,normal,0.0,14.399999999999999
2026-09-20 02:30:00,100.38979324298799,100.38979324298799,100.38979324298799,0.0,78.8,0.0,0.0,0.0,0.0,0.0,0.0,0.0,291.0,,0.0,9.530500788128938,normal,0.0,14.399999999999999
2026-09-20 02:45:00,97.90248620185636,97.90248620185636,97.90248620185636,0.0,78.8,0.0,0.0,0.0,0.0,0.0,0.0,0.0,291.0,,0.0,9.247430025339652,normal,0.0,14.399999999999999
2026-09-20 03:00:00,99.18620878046386,99.18620878046386,99.18620878046386,0.0,78.8,0.0,0.0,0.0,0.0,0.0,0.0,0.0,291.0,,0.0,9.39714152843769,normal,0.0,14.399999999999999
2026-09-20 03:15:00,99.87400584172272,99.87400584172272,99.87400584172272,0.0,78.8,0.0,0.0,0.0,0.0,0.0,0.0,0.0,291.0,,0.0,9.473172281691781,normal,0.0,14.399999999999999
2026-09-20 03:30:00,101.3234964274603,101.3234964274603,101.3234964274603,0.0,78.8,0.0,0.0,0.0,0.0,0.0,0.0,0.0,291.0,,0.0,9.638350938802336,normal,0.0,14.399999999999999
2026-09-20 03:45:00,105.8913145951434,105.8913145951434,105.8913145951434,0.0,78.8,0.0,0.0,0.0,0.0,0.0,0.0,0.0,291.0,,0.0,10.147051184944061,normal,0.0,14.399999999999999
2026-09-20 04:00:00,108.68228351779561,108.68228351779561,108.68228351779561,0.0,78.8,0.0,0.0,0.0,0.0,0.0,0.0,0.0,291.0,,0.0,10.462113144710958,normal,0.0,14.399999999999999
2026-09-20 04:15:00,113.24723726629401,113.24723726629401,113.24723726629401,0.0,78.8,0.0,0.0,0.0,0.0,0.0,0.0,0.0,291.0,,0.0,10.96983938040141,normal,0.0,14.399999999999999
2026-09-20 04:30:00,120.69109190144391,120.69109190144391,120.69109190144391,0.0,78.8,0.0,0.0,0.0,0.0,0.0,0.0,0.0,291.0,,0.0,11.806108757550007,normal,0.0,14.399999999999999
2026-09-20 04:45:00,128.0941836216088,128.0941836216088,128.0941836216088,0.0,78.8,0.0,0.0,0.0,0.0,0.0,0.0,0.0,291.0,,0.0,12.634936259210146,normal,0.0,14.399999999999999
2026-09-20 05:00:00,150.43726951803237,150.43726951803237,150.43726951803237,0.0,78.8,0.0,0.0,0.0,0.0,0.0,0.0,0.0,291.0,,0.0,13.459188274196048,normal,0.0,29.4
2026-09-20 05:15:00,158.4216803539644,158.4216803539644,158.4216803539644,0.0,78.8,0.0,0.0,0.0,0.0,0.0,0.0,0.0,291.0,,0.0,14.35063100938191,normal,0.0,29.4
2026-09-20 05:30:00,167.82641839304313,167.82641839304313,167.82641839304313,0.0,78.8,0.0,0.0,0.0,0.0,0.0,0.0,0.0,291.0,,0.0,15.405287821695003,normal,0.0,29.4
2026-09-20 05:45:00,173.24610682291842,173.24610682291842,173.24610682291842,0.0,78.8,0.0,0.0,0.0,0.0,0.0,0.0,0.0,291.0,,0.0,16.01069431917302,normal,0.0,29.4
2026-09-20 06:00:00,174.563797829385,174.563797829385,174.563797829385,0.0,78.8,0.0,0.0,0.0,0.0,0.0,0.0,0.0,291.0,,0.0,16.833789333990786,normal,0.0,23.4
2026-09-20 06:15:00,179.78978480048406,179.46807342963353,179.46807342963353,0.0,78.8,0.0,0.0,0.0,0.0,0.32171137085054,0.32171137085054,0.0,291.0,,0.0,17.415406083066674,normal,0.0,23.4
2026-09-20 06:30:00,186.04337394914202,182.2590309858139,182.2590309858139,0.0,78.8,0.0,0.0,0.0,0.0,3.784342963328145,3.784342963328145,0.0,291.0,,0.0,18.115653084369878,normal,0.0,23.4
2026-09-20 06:45:00,186.6871021158692,177.97180307330225,177.97180307330225,0.0,78.8,0.0,0.0,0.0,0.0,8.715299042566954,8.715299042566954,0.0,291.0,,0.0,18.187607006158444,normal,0.0,23.4
2026-09-20 07:00:00,188.2343515819519,176.12356568054423,176.12356568054423,0.0,78.8,0.0,0.0,0.0,0.0,12.11078590140768,12.11078590140768,0.0,291.0,,0.0,18.361212684585972,normal,0.0,23.4
2026-09-20 07:15:00,185.71646795929206,163.3517144574968,163.3517144574968,0.0,78.8,0.0,0.0,0.0,0.0,22.36475350179525,22.36475350179525,0.0,291.0,,0.0,18.07834693019111,normal,0.0,23.4
2026-09-20 07:30:00,181.81790300780378,156.22321736219737,156.22321736219737,0.0,78.8,0.0,0.0,0.0,0.0,25.594685645606397,25.594685645606397,0.0,291.0,,0.0,17.639244704385355,normal,0.0,23.4
2026-09-20 07:45:00,177.37517326774858,146.5401824638416,146.5401824638416,0.0,78.8,0.0,0.0,0.0,0.0,30.834990803906976,30.834990803906976,0.0,291.0,,0.0,17.14393534417856,normal,0.0,23.4
2026-09-20 08:00:00,163.2658964444303,125.99153491447403,125.99153491447403,0.0,78.8,0.0,0.0,0.0,0.0,37.27436152995625,37.27436152995625,0.0,291.0,,0.0,16.702211619235605,normal,0.0,13.2
2026-09-20 08:15:00,160.49857174263425,122.95815405544629,122.95815405544629,0.0,78.8,0.0,0.0,0.0,0.0,37.54041768718797,37.54041768718797,0.0,291.0,,0.0,16.39792512247215,normal,0.0,13.2
2026-09-20 08:30:00,153.9823242049154,108.20193618810912,108.20193618810912,0.0,78.8,0.0,0.0,0.0,0.0,45.78038801680627,45.78038801680627,0.0,291.0,,0.0,15.67094392507953,normal,0.0,13.2
2026-09-20 08:45:00,148.7137976693978,103.21855845447813,103.21855845447813,0.0,78.8,0.0,0.0,0.0,0.0,45.495239214919664,45.495239214919664,0.0,291.0,,0.0,15.076993409793111,normal,0.0,13.2
2026-09-20 09:00:00,154.98244509911098,108.69326009658661,108.69326009658661,0.0,78.8,0.0,0.0,0.0,0.0,46.28918500252436,46.28918500252436,0.0,291.0,,0.0,14.663094710494347,normal,0.0,13.2
2026-09-20 09:15:00,151.43436260337882,88.0996430533803,188.0996430533803,-100.0,102.55,0.0,0.0,0.0,0.0,63.33471954999851,63.33471954999851,0.0,291.0,,0.0,14.210137699988387,normal,0.0,13.2
2026-09-20 09:30:00,149.98105307886001,94.43137458019027,171.13178375976764,-76.70040917957738,120.76634718014962,0.0,0.0,0.0,0.0,55.54967849866975,55.54967849866975,0.0,291.0,,0.0,14.09010763730788,normal,0.0,13.2
2026-09-20 09:45:00,149.18611784739238,115.22479756973527,115.22479756973527,0.0,120.76634718014962,0.0,0.0,0.0,0.0,33.96132027765711,33.96132027765711,0.0,291.0,,0.0,13.955477938068213,normal,0.0,13.2
2026-09-20 10:00:00,145.22913696299358,86.00780422564642,86.00780422564642,0.0,120.76634718014962,0.0,0.0,0.0,0.0,59.22133273734715,59.22133273734715,0.0,291.0,,0.0,13.499462710563657,normal,0.0,13.2
2026-09-20 10:15:00,145.24497728863122,55.68009271695129,55.68009271695129,0.0,120.76634718014962,0.0,0.0,0.0,0.0,89.56488457167993,89.56488457167993,0.0,291.0,,0.0,13.615949954339193,normal,0.0,13.2
2026-09-20 10:30:00,145.77157153409235,62.13953255675546,62.13953255675546,0.0,120.76634718014962,0.0,0.0,0.0,0.0,83.63203897733689,83.63203897733689,0.0,291.0,,0.0,13.633232085999865,normal,0.0,13.2
2026-09-20 10:45:00,144.33833722436668,83.20065687356569,83.20065687356569,0.0,120.76634718014962,0.0,0.0,0.0,0.0,61.137680350801006,61.137680350801006,0.0,291.0,,0.0,13.442109906880384,normal,0.0,13.2
2026-09-20 11:00:00,147.40430037275772,86.41417700523272,86.41417700523272,0.0,120.76634718014962,0.0,0.0,0.0,0.0,60.990123367524994,60.990123367524994,0.0,291.0,,0.0,13.804179213265092,normal,0.0,13.2
2026-09-20 11:15:00,148.3906670318542,87.35696119654816,87.35696119654816,0.0,120.76634718014962,0.0,0.0,0.0,0.0,61.033705835306044,61.033705835306044,0.0,291.0,,0.0,13.88037014297988,normal,0.0,13.2
2026-09-20 11:30:00,148.38815562540177,86.05890481959759,86.05890481959759,0.0,120.76634718014962,0.0,0.0,0.0,0.0,62.32925080580418,62.32925080580418,0.0,291.0,,0.0,13.901839920234663,normal,0.0,13.2
2026-09-20 11:45:00,149.85612926376317,98.31092250072498,98.31092250072498,0.0,120.76634718014962,0.0,0.0,0.0,0.0,51.545206763038166,51.545206763038166,0.0,291.0,,0.0,14.108619849932875,normal,0.0,13.2
2026-09-20 12:00:00,151.22961600934877,87.11795762787636,87.11795762787636,0.0,120.76634718014962,0.0,0.0,0.0,0.0,64.11165838147241,64.11165838147241,0.0,291.0,,0.0,14.232024365773624,normal,0.0,13.2
2026-09-20 12:15:00,153.5735785489072,80.64449659875315,80.64449659875315,0.0,120.76634718014962,0.0,0.0,0.0,0.0,72.92908195015403,72.92908195015403,0.0,291.0,,0.0,14.485268883447393,normal,0.0,13.2
2026-09-20 12:30:00,154.71439576213194,99.8584359037117,99.8584359037117,0.0,120.76634718014962,0.0,0.0,0.0,0.0,54.85595985842026,54.85595985842026,0.0,291.0,,0.0,14.626993412298646,normal,0.0,13.2
2026-09-20 12:45:00,157.8140102136611,90.61196530088493,90.61196530088493,0.0,120.76634718014962,0.0,0.0,0.0,0.0,67.20204491277617,67.20204491277617,0.0,291.0,,0.0,14.92221647495374,normal,0.0,13.2
2026-09-20 13:00:00,152.27673207424377,60.79119196897904,60.79119196897904,0.0,120.76634718014962,0.0,0.0,0.0,0.0,91.48554010526473,91.48554010526473,0.0,291.0,,0.0,14.828367878089804,normal,0.0,13.2
2026-09-20 13:15:00,153.59942389931285,65.18374764129138,65.18374764129138,0.0,120.76634718014962,0.0,0.0,0.0,0.0,88.41567625802148,88.41567625802148,0.0,291.0,,0.0,14.977216502879179,normal,0.0,13.2
2026-09-20 13:30:00,152.23141340073497,72.33465744509535,72.33465744509535,0.0,120.76634718014962,0.0,0.0,0.0,0.0,79.89675595563963,79.89675595563963,0.0,291.0,,0.0,14.828973922378745,normal,0.0,13.2
2026-09-20 13:45:00,152.36280849303893,77.7437029157953,77.7437029157953,0.0,120.76634718014962,0.0,0.0,0.0,0.0,74.61910557724363,74.61910557724363,0.0,291.0,,0.0,14.860559758273126,normal,0.0,13.2
2026-09-20 14:00:00,154.96290862085166,77.13486455977737,77.13486455977737,0.0,120.76634718014962,0.0,0.0,0.0,0.0,77.82804406107428,77.82804406107428,0.0,291.0,,0.0,14.656687959379017,normal,0.0,13.2
2026-09-20 14:15:00,153.57904046710823,98.55045508194112,98.55045508194112,0.0,120.76634718014962,0.0,0.0,0.0,0.0,55.028585385167105,55.028585385167105,0.0,291.0,,0.0,14.488049637606888,normal,0.0,13.2
2026-09-20 14:30:00,154.4071090282556,98.14568144164627,98.14568144164627,0.0,120.76634718014962,0.0,0.0,0.0,0.0,56.261427586609344,56.261427586609344,0.0,291.0,,0.0,14.502276437812045,normal,0.0,13.2
2026-09-20 14:45:00,153.5258602436235,102.665883290229,102.665883290229,0.0,120.76634718014962,0.0,0.0,0.0,0.0,50.859976953394494,50.859976953394494,0.0,291.0,,0.0,14.465036768897292,normal,0.0,13.2
2026-09-20 15:00:00,154.03620622589008,87.91029010813665,87.91029010813665,0.0,120.76634718014962,0.0,0.0,0.0,0.0,66.12591611775343,66.12591611775343,0.0,291.0,,0.0,14.521593372676598,normal,0.0,13.2
2026-09-20 15:15:00,154.8226778752,96.19695143174764,193.86605119878536,-97.66909976703772,143.96275837482108,0.0,0.0,0.0,0.0,58.625726443452365,58.625726443452365,0.0,291.0,,0.0,14.582216929770158,normal,0.0,13.2
2026-09-20 15:30:00,155.4132689367116,89.45255534813717,189.45255534813717,-100.0,167.71275837482108,0.0,0.0,0.0,0.0,65.96071358857442,65.96071358857442,0.0,291.0,,0.0,14.70479632114112,normal,0.0,13.2
2026-09-20 15:45:00,159.523008876476,110.08142479744699,203.92244216662135,-93.84101736917435,190.0,0.0,0.0,0.0,0.0,49.44158407902901,49.44158407902901,0.0,291.0,,0.0,15.144840648569193,normal,0.0,13.2
2026-09-20 16:00:00,165.3059589167993,117.79471907181795,117.79471907181795,0.0,190.0,0.0,0.0,0.0,0.0,47.51123984498137,47.51123984498137,0.0,291.0,,0.0,15.769701369059103,normal,0.0,13.2
2026-09-20 16:15:00,168.79076216113032,126.10651825312489,126.10651825312489,0.0,190.0,0.0,0.0,0.0,0.0,42.68424390800542,42.68424390800542,0.0,291.0,,0.0,16.195041667479103,normal,0.0,13.2
2026-09-20 16:30:00,178.7317037323446,147.43691334879824,147.43691334879824,0.0,190.0,0.0,0.0,0.0,0.0,31.294790383546385,31.294790383546385,0.0,291.0,,0.0,17.314086644292026,normal,0.0,13.2
2026-09-20 16:45:00,188.53307669285627,161.6690850268131,161.6690850268131,0.0,190.0,0.0,0.0,0.0,0.0,26.863991666043187,26.863991666043187,0.0,291.0,,0.0,18.369365014783465,normal,0.0,13.2
2026-09-20 17:00:00,212.22486880320272,186.7097897883286,186.7097897883286,0.0,190.0,0.0,0.0,0.0,0.0,25.515079014874132,25.515079014874132,0.0,291.0,,0.0,33.86050008575185,normal,0.0,28.2
2026-09-20 17:15:00,222.92222063525793,205.48954868306458,201.67702605628062,3.812522626783954,188.99670457189896,0.0,0.0,0.0,0.0,17.432671952193353,17.432671952193353,0.0,291.0,,0.0,36.04248192745753,normal,0.0,28.2
2026-09-20 17:30:00,235.16074449146916,226.972844857225,208.413487646075,18.559357211149994,184.1126632005437,0.0,0.0,0.0,0.0,8.187899634244177,8.187899634244177,0.0,291.0,,0.0,38.384149340988095,normal,0.0,28.2
2026-09-20 17:45:00,248.18607341599946,244.15081007786907,216.5449991010053,27.60581097686378,176.847976101369,0.0,0.0,0.0,0.0,4.035263338130403,4.035263338130403,0.0,291.0,,0.0,40.897151363422225,normal,0.0,28.2
2026-09-20 18:00:00,258.22602421360403,257.8953306944856,219.64053815312508,38.25479254136053,166.78092543258992,0.0,0.0,0.0,0.0,0.3306935191184256,0.3306935191184256,0.0,291.0,,0.0,42.76259811508608,normal,0.0,29.4
2026-09-20 18:15:00,268.3712837214255,268.3712837214255,225.6838660052652,42.687417716160326,155.547394454653,0.0,0.0,0.0,0.0,0.0,0.0,0.0,291.0,,0.0,44.6917759468977,normal,0.0,29.4
2026-09-20 18:30:00,273.1852951749137,273.1852951749137,215.56356355258106,57.62173162233262,140.38378086982863,0.0,0.0,0.0,0.0,0.0,0.0,0.0,291.0,,0.0,45.65053003333738,normal,0.0,29.4
2026-09-20 18:45:00,282.7293647629736,282.7293647629736,224.23344751286692,58.495917250106686,124.99011843559002,0.0,0.0,0.0,0.0,0.0,0.0,0.0,291.0,,0.0,47.471789509291995,normal,0.0,29.4
2026-09-20 19:00:00,261.109316606153,261.109316606153,233.0284310194027,28.080885586750327,117.60041170223467,0.0,0.0,0.0,0.0,0.0,0.0,0.0,291.0,,0.0,48.184506747968456,normal,0.0,14.399999999999999
2026-09-20 19:15:00,262.30178768105196,262.30178768105196,232.32978864166233,29.97199903938963,109.71304353397424,0.0,0.0,0.0,0.0,0.0,0.0,0.0,291.0,,0.0,48.4140326326219,normal,0.0,14.399999999999999
2026-09-20 19:30:00,261.3071276547646,261.3071276547646,234.05205270174827,27.255074953016333,102.54065538844362,0.0,0.0,0.0,0.0,0.0,0.0,0.0,291.0,,0.0,48.223913275347456,normal,0.0,14.399999999999999
2026-09-20 19:45:00,256.0371832219384,256.0371832219384,231.891267075656,24.14591614628239,96.18646692889563,0.0,0.0,0.0,0.0,0.0,0.0,0.0,291.0,,0.0,47.18343784851959,normal,0.0,14.399999999999999
2026-09-20 20:00:00,250.34584846624867,250.34584846624867,226.3154730576036,24.030375408645057,89.8626839266206,0.0,0.0,0.0,0.0,0.0,0.0,0.0,291.0,,0.0,46.07653942015729,normal,0.0,14.399999999999999
2026-09-20 20:15:00,249.12033465182526,249.12033465182526,229.231002114888,19.889332536937246,84.62864904847922,0.0,0.0,0.0,0.0,0.0,0.0,0.0,291.0,,0.0,45.82346388402877,normal,0.0,14.399999999999999
2026-09-20 20:30:00,243.8076692077355,243.8076692077355,227.7084741018237,16.099195105911804,80.39201875744979,0.0,0.0,0.0,0.0,0.0,0.0,0.0,291.0,,0.0,44.79379541975118,normal,0.0,14.399999999999999
2026-09-20 20:45:00,233.92475746071148,233.92475746071148,227.87508618240227,6.049671278309213,78.8,0.0,0.0,0.0,0.0,0.0,0.0,0.0,291.0,,0.0,42.85491355651125,normal,0.0,14.399999999999999
2026-09-20 21:00:00,228.21640777576962,228.21640777576962,228.21640777576962,0.0,78.8,0.0,0.0,0.0,0.0,0.0,0.0,0.0,291.0,,0.0,41.72880397032705,normal,0.0,14.399999999999999
2026-09-20 21:15:00,216.72986307398875,216.72986307398875,216.72986307398875,0.0,78.8,0.0,0.0,0.0,0.0,0.0,0.0,0.0,291.0,,0.0,39.484874473463464,normal,0.0,14.399999999999999
2026-09-20 21:30:00,211.72684119278273,211.72684119278273,211.72684119278273,-0.0,78.8,0.0,0.0,0.0,0.0,0.0,0.0,0.0,291.0,,0.0,38.499337211034764,normal,0.0,14.399999999999999
2026-09-20 21:45:00,201.74690085414326,201.74690085414326,201.74690085414326,-0.0,78.8,0.0,0.0,0.0,0.0,0.0,0.0,0.0,291.0,,0.0,36.54622645791581,normal,0.0,14.399999999999999
2026-09-20 22:00:00,190.40041307832368,190.40041307832368,190.40041307832368,-0.0,78.8,0.0,0.0,0.0,0.0,0.0,0.0,0.0,291.0,,0.0,34.31650893635178,normal,0.0,14.399999999999999
2026-09-20 22:15:00,180.58081810084113,180.58081810084113,180.58081810084113,-0.0,78.8,0.0,0.0,0.0,0.0,0.0,0.0,0.0,291.0,,0.0,32.402901982205194,normal,0.0,14.399999999999999
2026-09-20 22:30:00,169.00104781095956,169.00104781095956,169.00104781095956,0.0,78.8,0.0,0.0,0.0,0.0,0.0,0.0,0.0,291.0,,0.0,30.132778240838064,normal,0.0,14.399999999999999
2026-09-20 22:45:00,161.41084399166564,161.41084399166564,161.41084399166564,0.0,78.8,0.0,0.0,0.0,0.0,0.0,0.0,0.0,291.0,,0.0,28.63695332545891,normal,0.0,14.399999999999999
2026-09-20 23:00:00,150.04978532586634,150.04978532586634,150.04978532586634,-0.0,78.8,0.0,0.0,0.0,0.0,0.0,0.0,0.0,291.0,,0.0,15.093895737834826,normal,0.0,14.399999999999999
2026-09-20 23:15:00,142.77643814891206,142.77643814891206,142.77643814891206,0.0,78.8,0.0,0.0,0.0,0.0,0.0,0.0,0.0,291.0,,0.0,14.277271613538922,normal,0.0,14.399999999999999
2026-09-20 23:30:00,134.98577408461392,134.98577408461392,134.98577408461392,-0.0,78.8,0.0,0.0,0.0,0.0,0.0,0.0,0.0,291.0,,0.0,13.408803677577687,normal,0.0,14.399999999999999
2026-09-20 23:45:00,127.42102132804149,127.42102132804149,127.42102132804149,-0.0,78.8,0.0,0.0,0.0,0.0,0.0,0.0,0.0,291.0,,0.0,12.559771737101773,normal,0.0,14.399999999999999
