t_s,f_city_hz,f_national_hz,tie_import_mw,governor_mw,ffr_mw,shed_mw,rocof_hz_s
0.0,49.98490338164251,50.0,76.1584784840557,0.0,0.0,0.0,-3.0193236714975846
0.02,49.92777626473171,49.999997226994516,86.31841513844073,0.0,0.0,0.0,-2.7545759273187507
0.04,49.87630923243682,49.999989586693815,97.72490639098277,0.0,0.1491875,0.0,-2.4615440356931346
0.06,49.83114782175853,49.999976616422344,110.06324806567453,0.0,0.7095614498779297,0.0,-2.1341504013330597
0.08,49.79268525428928,49.999957998999754,123.01222102443162,0.0,1.2159646026043156,0.0,-1.795542069114673
0.1,49.761061233923506,49.999933547833045,136.29067278899674,0.0,1.6735949994974728,0.0,-1.452438723355709
0.12,49.736286244303194,49.99990319706617,149.63375136015728,0.0,2.0871500475517313,0.0,-1.1111352640536714
0.14,49.71825106497461,49.999866993251416,162.79628239766117,0.0,2.4608747365852044,0.0,-0.7774220544813338
0.16,49.70673769334055,49.999825085695576,175.55554410513366,0.0,2.7986052124923484,0.0,-0.4565203221977617
0.18,49.701431369327906,49.99977771575132,187.7134365929783,0.0,3.103808153864653,0.0,-0.1530326800112448
0.2,49.70193340369146,49.99972520532218,199.09805348442913,0.0,3.379616356165936,0.0,0.1290915301261258
0.22,49.70777451983398,49.999667944842905,209.5646735360975,0.0,3.628860888720656,0.0,0.38657660547305794
0.24,49.71842843240219,49.99960638098656,218.99619896388816,0.0,3.8541001545948452,0.0,0.616827308781288
0.26,49.73332540314384,49.99954100433497,227.30307492430046,0.0,4.057646151658615,0.0,0.8179230794158615
0.28,49.75186553498438,49.999472337232135,234.42273115226578,0.0,4.241588204390335,0.0,0.9886007072282343
0.3,49.77343158839338,49.999400922019944,240.318592077162,0.0,4.407814410020696,0.0,1.128226667520769
0.32,49.79740112925006,49.99932730983383,244.9787058292985,0.0,4.558031019153394,0.0,1.2367604054995103
0.34,49.82315784398636,49.999252050112226,248.41404543243456,0.0,4.693779949797363,0.0,1.3147099190406581
0.36,49.85010188520542,49.99917568094966,250.65653719582073,0.0,4.81645461458561,0.0,1.3630810205983068
0.38,49.8776591386957,49.999098720398386,251.75687193120757,0.0,4.927314223641229,0.0,1.3833216642703323
0.4,49.90528933027215,49.99902165879862,251.78215420059607,0.0,5.027496709904215,0.0,1.377262704379822
0.42,49.93249291770868,49.998944952193334,250.81344343603698,0.0,5.11803040959278,0.0,1.3470564096735433
0.44,49.95881673875772,49.998869016860155,248.94323856037536,0.0,5.199844617694817,0.0,1.295113994865871
0.46,49.98385841051431,49.998794224970496,246.27295478184618,0.0,5.2737791268377014,0.0,1.2240433514106637
0.48,50.00726949785867,49.9987209013658,242.91043764534248,-0.00012428034021024883,5.34059284744943,0.0,1.1365880648152162
0.5,50.02875681631677,49.99864932141391,238.96760444519458,-0.004972377329035869,5.40097159769385,0.0,1.0354944318844508
0.52,50.04808190436883,49.99857970980688,234.55846521833487,-0.016279837064143425,5.4555351431408035,0.0,0.9235305561332705
0.54,50.065062984202854,49.99851224032059,229.7967751597304,-0.033325767755815534,5.504843558430783,0.0,0.8035399246870133
0.56,50.079574260784135,49.998447036595955,224.7938893681826,-0.05534140637231007,5.549402976234245,0.0,0.6782893300451647
0.58,50.09154383867025,49.99838417376645,219.65695764488882,-0.08152757358106942,5.589670782516534,0.0,0.5504255870119019
0.6,50.10095084079764,49.99832368082726,214.4873334107123,-0.11107132226082579,5.6260603114358725,0.0,0.42243770015922616
0.62,50.10782184165224,49.998265543646475,209.37920859455303,-0.14316154561607863,5.658945088065826,0.0,0.2966247384053075
0.64,50.11222673083965,49.99820970851534,204.4184814132369,-0.17700334736510587,5.688662662492224,0.0,0.17506955177971098
0.66,50.11427412432769,49.99815608613263,199.68185928643567,-0.21183101363964,5.715518074640107,0.0,0.059618350874082696
0.68,50.11410643970328,49.99810455591865,195.23619477208445,-0.2469194634098282,5.739786985395892,0.0,-0.04813393665094079
0.7000000000000001,50.11189474885147,49.99805497055655,191.1380484217736,-0.2815940907684592,5.761718506164552,0.0,-0.1468527145728929
0.72,50.107833516733514,49.99800716066241,187.43346888414084,-0.31523894767274185,5.781537755906184,0.0,-0.2354674394799716
0.74,50.102135328635505,49.99796093949091,184.15797745920213,-0.34730324921782063,5.799448171898968,0.0,-0.3131703572720657
0.76,50.0950257006128,49.99791610758986,181.336741649264,-0.3773062147441711,5.815633597947704,0.0,-0.37941065964455895
0.78,50.086738059107375,49.997872457324505,178.98492007399656,-0.4048402866768906,5.830260171472553,0.0,-0.4338845159727459
0.8,50.07750896610642,49.99782977720092,177.1081594204376,-0.4295727946509869,5.843478028848294,0.0,-0.4765214745742113
0.8200000000000001,50.06757365597778,49.99778785592678,175.7032228764316,-0.45124615496142495,5.855422846498761,0.0,-0.5074677541176519
0.84,50.05716193949219,49.99774648615727,174.75872873363195,-0.4696767145326042,5.866217233565211,0.0,-0.5270669613962882
0.86,50.046494519742765,49.99770546788349,174.25597752198306,-0.48475236434321467,5.875971990443881,0.0,-0.5358387763886647
0.88,50.035779753905025,49.997664611430444,174.16984612369018,-0.49642905955064237,5.884787246111127,0.0,-0.5344561402311174
0.9,50.0252108842351,49.99762374004103,174.46972777804075,-0.5047263924784371,5.892753485910379,0.0,-0.5237214672876372
0.92,50.01496375155098,49.99758269203185,175.1204976918384,-0.5097223702620249,5.899952480350779,0.0,-0.5045423798840161
0.9400000000000001,50.00519499483176,49.99754132251517,176.08348507322995,-0.5115475514438571,5.906458124451245,0.0,-0.4779074345055675
0.96,49.99604073163363,49.99749950468975,177.31743376668408,-0.5105146003310999,5.912337196245551,0.0,-0.4448622724212971
0.98,49.98761533938875,49.99745713070567,178.7794648018372,-0.5088150109593302,5.9176500422341825,0.0,-0.4065238168310441
1.0,49.98001066938438,49.997414112080556,180.42608897328722,-0.5071210798077777,5.922451196818863,0.0,-0.36400402467900067
1.02,49.9732969284259,49.99737037973941,182.2139393638136,-0.5054327880392708,5.926789942078058,0.0,-0.31837418501144865
1.04,49.96752321087154,49.997325883741944,184.1004903709051,-0.5037501168793506,5.9307108136292985,0.0,-0.27067835268238943
1.06,49.96271825097069,49.99728059269547,186.04474400259448,-0.5020730476160612,5.9342540577708505,0.0,-0.22191698167290463
1.08,49.95889147736399,49.997234492885255,188.00783650285558,-0.500401561599742,5.937456044595099,0.0,-0.17303258723532527
1.1,49.956034327879316,49.997187587159615,189.95356070398682,-0.4987356402428206,5.940349641314114,0.0,-0.12489753424013922
1.12,49.95412178137677,49.99713989360802,191.8488013464874,-0.49707526501960536,5.9429645496294405,56.84880134648739,-0.07830400406339139
1.1400000000000001,49.97969695152764,49.99709219200295,190.25685978860486,-0.4954204174660801,5.945327610609095,56.84880134648739,1.250237438061665
1.16,50.003614420444826,49.99704592957176,186.90723700161402,-0.49377107917969837,5.947463080201216,56.84880134648739,1.161361258087662
1.18,50.02557798391827,49.9970013876809,182.96406374613258,-0.4958886106254233,5.949392878212415,56.84880134648739,1.0587140389463532
1.2,50.04534659139072,49.99695879632642,178.54291167796077,-0.5046198540128438,5.951136813306488,56.84880134648739,0.9450650560079972
1.22,50.06273609034519,49.99691833386462,173.759178616458,-0.5192328701111906,5.952712786333037,56.84880134648739,0.8232809762186127
1.24,50.07761887398166,49.99688012778115,168.72586350509718,-0.5389472077084446,5.954136974073081,56.84880134648739,0.6961570857561864
1.26,50.08992181062197,49.996844256326796,163.55173414286062,-0.5629515386761426,5.955423995287735,56.84880134648739,0.5663690602452955
1.28,50.09962336159589,49.99681075090506,158.33971400094842,-0.5904204883314307,5.956587060774394,56.84880134648739,0.43643448062493223
1.3,50.1067500012917,49.99677959911109,153.18549710559284,-0.6205304230468568,5.957638108970693,56.84880134648739,0.3086801217642543
1.32,50.11135403894272,49.99675074831777,148.1763981469428,-0.6524739939217102,5.663942615998152,56.84880134648739,0.18161159048275635
1.34,50.1133452405028,49.99672410326232,143.4195114490905,-0.6854460305305542,5.118436355272414,56.84880134648739,0.051530535770342334
1.36,50.11286158893543,49.99669952362716,139.00146598649883,-0.7186356647148506,4.62546895319444,56.84880134648739,-0.06823852664655004
1.3800000000000001,50.11012503004068,49.99667684025735,134.9801682237631,-0.751293171592383,4.179980281463711,56.84880134648739,-0.1764751285325973
1.4000000000000001,50.10537832207085,49.996655861783324,131.4014985511002,-0.7827433630620062,3.7773975634100343,56.84880134648739,-0.27224633421335276
1.42,50.09887933134492,49.9966363799523,128.29946656113384,-0.812391180418142,3.4135884361300284,56.84880134648739,-0.3549024043204119
1.44,50.090895475674344,49.99661817483042,125.69656119418042,-0.8397254982366883,3.084818533308238,56.84880134648739,-0.42406763802431396
1.46,50.08169840529313,49.996601019794646,123.60427499890804,-0.8643212025453866,2.787713153326228,56.84880134648739,-0.4796269377482854
1.48,50.07155899966677,49.99658468624366,122.02378020319351,-0.8858396328369561,2.519222619196946,56.84880134648739,-0.5217086737797278
1.5,50.06074274672883,49.99656894796671,120.94673325882479,-0.9040275003324426,2.2765909747568753,56.84880134648739,-0.5506644468611721
1.52,50.049505559007265,49.996553585120616,120.3561839913528,-0.9187144139379219,2.0573276957939535,56.84880134648739,-0.5670463553508551
1.54,50.03809006898973,49.99653838777533,120.22756542368086,-0.9298091605190374,1.8591821257364296,56.84880134648739,-0.5715823706688321
1.56,50.026722434153925,49.99652315899921,120.52974071360809,-0.9372948974752222,1.6801203734944576,56.84880134648739,-0.5651504114055655
1.58,50.01560967055219,49.99650771746553,121.22608441122875,-0.9412234232245837,1.5183044363192937,56.84880134648739,-0.5487516837008417
1.6,50.00493752286388,49.99649189957159,122.27557635764738,-0.9417086952657013,1.3720733333839619,56.84880134648739,-0.5234838244255343
1.62,49.99486886684856,49.9964755610708,123.63388796490614,-0.9391437919178991,1.2399260564285648,56.84880134648739,-0.49051468891109995
1.6400000000000001,49.98554216115443,49.99645857822016,125.25448314336487,-0.9360172235371481,1.1205061624649044,56.84880134648739,-0.4511018261590473
1.6600000000000001,49.97707057013605,49.99644084841495,127.08976584525033,-0.9329010640308673,1.012587850390223,56.84880134648739,-0.40649290827156837
1.68,49.96954281616506,49.99642229040004,129.0919121178096,-0.9297952787461545,0.9150633785916438,56.84880134648739,-0.35790190777736186
1.7,49.963023629455165,49.9964028441162,131.21371243217766,-0.9266998331454732,0.8269316943876683,56.84880134648739,-0.30651733294199346
1.72,49.9575544956296,49.996382470180414,133.409369380581,-0.9236146928062681,0.7472881585921493,56.84880134648739,-0.25348343052187405
1.74,49.953154751941966,49.99636114903629,135.63520810592365,-0.9205398234205823,0.6753152597271799,56.84880134648739,-0.1998835909105947
1.76,49.94982298644206,49.996338879815276,137.850293714624,-0.917475190794676,0.6102742225697291,56.84880134648739,-0.14672608199305676
1.78,49.94753869249411,49.99631567895148,140.01695199922304,-0.914420760848646,0.5514974248968502,56.84880134648739,-0.09493218695102619
1.8,49.9462641301602,49.99629157859382,142.101191779301,-0.9113764996160468,0.4983815445901539,56.84880134648739,-0.04532677280723752
1.82,49.945946345996305,49.99626662485943,144.07302902971486,-0.9083423732435135,0.4503813667571055,56.84880134648739,0.0013687286928216092
1.84,49.946519303700036,49.99624087597178,145.90671468048146,-0.9053183479903839,0.4070041873015331,56.84880134648739,0.04454098763629087
1.86,49.94790607971547,49.99621440032533,147.58086952354927,-0.9023043902283249,0.36780475549806485,56.84880134648739,0.08368718683389227
1.8800000000000001,49.9500210802527,49.996187274517034,149.07853103339323,-0.8993004664409573,0.3323807036578901,56.84880134648739,0.1184153064901453
1.9000000000000001,49.952790256937,49.996159581382024,150.3871180902933,-0.8963065432234839,0.5950137294730519,56.84880134648739,0.15204600264342427
1.92,49.95631700677182,49.99613141450904,151.46924922907863,-0.8933225872823176,1.112449214775729,56.84880134648739,0.18997138940266362
1.94,49.96050851808527,49.99610288316787,152.30213055078332,-0.8903485654347113,1.5800493970234286,56.84880134648739,0.22040906727820425
1.96,49.96521677082104,49.9960740989315,152.88512570421204,-0.8873844446083888,2.002614019374718,56.84880134648739,0.243511800411864
1.98,49.97029815221986,49.99604517214731,153.2225455356375,-0.8844301918411774,2.3844805516001046,56.84880134648739,0.2595391165815621
2.0,49.97561544723292,49.99601620987804,153.32314535673004,-0.8814857742806406,2.729568712607148,56.84880134648739,0.2688455889934115
2.02,49.98103958306601,49.995987314078654,153.19958678107054,-0.8785511591837134,3.0414207049072624,56.84880134648739,0.27186823589764725
2.04,49.98645111398332,49.99595858002117,152.8678759290433,-0.8756263139163382,3.323237574016157,56.84880134648739,0.26911333836522966
2.06,49.99174143834107,49.9959300949746,152.34678935349194,-0.8727112059531011,3.5779120660037163,56.84880134648739,0.2611429628140462
2.08,49.99681374533787,49.995901937142186,151.65729842088717,-0.8698058028768717,3.808058320463947,56.84880134648739,0.2485614572100142
2.1,50.00158369408986,49.99587417485355,150.82200211927707,-0.8669432608993298,4.016038703692357,56.84880134648739,0.23200216889316094
2.12,50.005979685677715,49.9958468660034,149.8645883367007,-0.8650788325460168,4.054800557503417,56.84880134648739,0.21209870986198742
2.14,50.00977082056435,49.995820054495866,148.82675383034126,-0.8645329605398235,3.6642741627153366,56.84880134648739,0.1760621609372671
2.16,50.01284679863266,49.995793758940316,147.76287233038715,-0.8650910433678116,3.3113601887759105,56.84880134648739,0.14053767734131845
2.18,50.01522426609406,49.99576798351732,146.6976024652414,-0.8665273129881378,2.9924361040945042,56.84880134648739,0.10603194910237726
2.2,50.016929403588776,49.995742722057535,145.65336934575936,-0.8686231061424167,2.704228270739255,56.84880134648739,0.07300297173039545
2.22,50.017996884677046,49.99571795910057,144.6501716387234,-0.8711697045831285,2.4437783417528487,56.84880134648739,0.0418548190399754
2.24,50.01846874784915,49.995693671023204,143.70544331590708,-0.8739708290556734,2.208412894813692,56.84880134648739,0.012933856004429934
2.2600000000000002,50.01839321025584,49.99566982721307,142.83396866763098,-0.8768447644621425,1.9957159905432358,56.84880134648739,-0.013473658980172934
2.2800000000000002,50.017823450092,49.995646391264565,142.04784829769233,-0.8796261023951595,1.8035043737805994,56.84880134648739,-0.037142653189450876
2.3000000000000003,50.016816382929264,49.99562332217526,141.35651305521026,-0.8821670955206447,1.6298050632747514,56.84880134648739,-0.05790908820024926
2.32,50.015431455342984,49.995600575522396,140.76678221304545,-0.8843386260007413,1.4728350997607047,56.84880134648739,-0.07566868079448531
2.34,50.01372947697418,49.99557810460103,140.2829616744051,-0.886030797193212,1.3309832445412126,56.84880134648739,-0.09037461054652757
2.36,50.01177150976408,49.99555586150742,139.90697757914702,-0.887153164170561,1.2027934407166672,56.84880134648739,-0.10203433728963936
2.38,50.00961783055658,49.99553379815315,139.63854038718586,-0.8876346241183958,1.086949867298831,56.84880134648739,-0.1107056576195968
2.4,50.007326980635646,49.995511867198175,139.4753343344178,-0.8874229923633745,0.982263432794404,56.84880134648739,-0.11649213283863669
2.42,50.004954913104704,49.99549002289283,139.41322708116883,-0.8864842936288735,0.8876595696200464,56.84880134648739,-0.11953802141732592
2.44,50.00255424637104,49.995468221821454,139.44649439733783,-0.8848018011197373,0.8021672040630351,56.84880134648739,-0.12002284733753325
2.46,50.00017362941659,49.99544642354247,139.56805484392515,-0.8823748582095996,0.7249087885682781,56.84880134648739,-0.11815573178722497
2.48,49.99785720491069,49.99542459112181,139.76971023138006,-0.8794508501989005,0.6550912940367913,56.84880134648739,-0.11417225747665194
2.5,49.99564402542884,49.99540269155336,140.04241062584788,-0.8765230097081048,0.5919980696749098,56.84880134648739,-0.10833568676639674
2.52,49.9935678717122,49.99538069606226,140.37649919928225,-0.8736049164930525,0.5349814868385909,56.84880134648739,-0.10090870753950491
2.54,49.991657215229424,49.99535858031514,140.76191282421343,-0.8706965381034154,0.4834562913645924,56.84880134648739,-0.09215875104925356
2.56,49.98993515267144,49.9953363245364,141.1883958941388,-0.867797842196898,0.43689359615265394,56.84880134648739,-0.08235472555096843
2.58,49.9884194361898,49.99531391353249,141.64570199108724,-0.8649087965388781,0.3948154523347624,56.84880134648739,-0.07176228177057536
2.6,49.98712259329798,49.9952913366309,142.12377935180632,-0.8620293690020475,0.35678994330655667,56.84880134648739,-0.06063948709884982
2.62,49.98605212766473,49.9952685875418,142.6129381527249,-0.8591595275660554,0.3224267512629155,56.84880134648739,-0.049232954755920204
2.64,49.98521079125024,49.99524566415094,143.1039981021308,-0.8562992403171525,0.29137315072985565,56.84880134648739,-0.0377744624622773
2.66,49.98459691768845,49.99522256825288,143.58841528751486,-0.8534484754478354,0.26331038796782336,56.84880134648739,-0.026478083744667702
2.68,49.98420480649353,49.99519930523402,144.0583876692694,-0.8506072012564934,0.2379504090822927,56.84880134648739,-0.015537844075253378
2.7,49.98402514755475,49.99517588371512,144.50693903227193,-0.8477753861470556,0.21503290325693292,56.84880134648739,-0.005125903745751348
2.72,49.984045475466104,49.99515231516281,144.92798159862537,-0.8449529986286402,0.1943226307592274,56.84880134648739,0.0046087401526913084
2.74,49.984250643499266,49.995128613479444,145.316357863203,-0.8421400073152034,0.17560700829150694,56.84880134648739,0.013541048929599283
2.7600000000000002,49.984623307452196,49.995104794580385,145.6678625348644,-0.8393363809251911,0.1586939269019188,56.84880134648739,0.02157025865785345
2.7800000000000002,49.98514441017008,49.99508087596722,145.97924574741205,-0.8365420882811909,0.14340978005699295,56.84880134648739,0.02861974835731199
2.8000000000000003,49.98579365822061,49.99505687630485,146.24819894363122,-0.8337570983095848,0.12959768163469915,56.84880134648739,0.034636496273322846
2.82,49.9865499829894,49.995032815009765,146.47332503206863,-0.8309813800402046,0.11711585554635158,56.84880134648739,0.03959016506236973
2.84,49.987391979322595,49.99500871185585,146.6540945693639,-0.828214902605987,0.10583618045742467,56.84880134648739,0.04347186016106833
2.86,49.988298315760794,49.99498458660367,146.790789831551,-0.8254576352426298,0.09564287466937695,56.84880134648739,0.046292608026184116
2.88,49.9892481113616,49.994960458657694,146.88443870708176,-0.8227095472882512,0.0864313076632805,56.84880134648739,0.048081602330879956
2.9,49.99022127507634,49.9949363467558,146.9367403743308,-0.8199706081830471,0.07810692610619036,56.84880134648739,0.04888426663963477
2.92,49.99119880461272,49.99491226869379,146.94998471948935,-0.817240787468953,0.0705842832961059,56.84880134648739,0.04876018162753022
2.94,49.99216304266188,49.99488824108737,146.92696740999023,-0.814520054789304,0.06378616208313537,56.84880134648739,0.0477809236359028
2.96,49.99309788927997,49.994864279172795,146.870902467239,-0.8118083798884976,0.05764278226397296,56.84880134648739,0.04602785935132295
2.98,49.99398897007817,49.99484039664695,146.7853340840599,-0.8091057326116576,0.052091084313885885,56.84880134648739,0.043589938750199425
3.0,49.994823760678685,49.9948166055465,146.67404931070254,-0.8064120829042982,0.04707408210398457,56.84880134648739,0.04056152526325876
3.02,49.99559166862861,49.99479291616538,146.54099309241784,-0.8037274008119902,0.04254027795965788,56.84880134648739,0.03704029848083265
3.04,49.99628407462076,49.994769337009245,146.39018698546067,-0.8010516564800279,0.03844313405596441,56.84880134648739,0.03312526074001643
3.06,49.996894335444615,49.99474587478464,146.2256527108426,-0.7983848201530964,0.034740594724048585,56.84880134648739,0.02891487470533241
3.08,49.99741775157839,49.99472253442067,146.05134153006605,-0.795726862174942,0.03139465476523347,56.84880134648739,0.024505354669662315
3.1,49.997851502732,49.99469931912018,145.8710702480945,-0.7930777529880413,0.02837096934169394,56.84880134648739,0.019989129851436003
3.12,49.99819455496074,49.99467623043735,145.6884644694038,-0.790437463133273,0.025638501439381945,56.84880134648739,0.015453493531163818
3.14,49.99844754319197,49.99465326837826,145.5069095563186,-0.78780596324959,0.0231692032845411,56.84880134648739,0.010979447532502651
3.16,49.99861263314474,49.99463043152095,145.3295095678679,-0.7851832240736931,0.020937728443668768,56.84880134648739,0.00664074737953046
3.18,49.99869336667899,49.9946077171514,145.15905429467819,-0.7825692164397059,0.018921171651738095,56.84880134648739,0.0025031495140212297
3.2,49.99869449459274,49.99458512141169,144.9979943531976,-0.7799639112788499,0.01709883369811275,56.84880134648739,-0.0013761417132593635
3.22,49.99862180079691,49.99456263945693,144.84842416269086,-0.7773672796191214,0.01545200895679518,56.84880134648739,-0.004948832911343066
3.24,49.998481921647446,49.99454026561751,144.7120725024822,-0.7747792925849697,0.01396379338008484,56.84880134648739,-0.008175715003962943
3.2600000000000002,49.99828216400818,49.99451799356326,144.590300236005,-0.7721999213969752,0.012618910984772207,56.84880134648739,-0.011026662306819578
3.2800000000000002,49.99803032536503,49.99449581646669,144.48410469314774,-0.7696291373715303,0.011403557049813436,56.84880134648739,-0.013480470775071168
3.3000000000000003,49.99773451902007,49.99447372716235,144.39413012362328,-0.7670669119205198,0.010305256415967752,56.84880134648739,-0.015524550673461042
3.3200000000000003,49.99740300707063,49.994451718299864,144.3206835717715,-0.7645132165510031,0.009312735432895644,56.84880134648739,-0.017154490318286957
3.34,49.99704404353282,49.99442978248839,144.26375547716987,-0.7619680228648974,0.008415806239302161,56.84880134648739,-0.018373508536090735
3.36,49.99666572960752,49.99440791243068,144.2230442752314,-0.7594313025586623,0.007605262188303684,56.84880134648739,-0.019191814091666107
3.38,49.99627588271851,49.99438610104509,144.1979842569341,-0.7569030274229841,0.006872783344598228,56.84880134648739,-0.019625890576803653
3.4,49.995881920583166,49.99436434157439,144.18777594604558,-0.7543831693424631,0.006210851083402604,56.84880134648739,-0.019697725145180416
3.42,49.995490761213496,49.994342627680446,144.1914182646023,-0.7518717002953003,0.005612670914546096,56.84880134648739,-0.019433999056333653
3.44,49.99510873939424,49.99432095352413,144.20774178174068,-0.749368592352986,0.005072102739538451,56.84880134648739,-0.018865257284432717
3.46,49.994741539851354,49.9942993138303,144.23544237590835,-0.7468738176799894,0.0045835978257267864,56.84880134648739,-0.018025073490009237
3.48,49.99439414701261,49.994277703937726,144.2731146845788,-0.7443873485334486,0.004142141850604376,56.84880134648739,-0.01694922548097111
3.5,49.994070810976005,49.99425611983438,144.31928476736422,-0.7419091572628628,0.0037432034316422025,56.84880134648739,-0.015674894940318453
3.52,49.993775029044635,49.99423455817845,144.37244146636678,-0.7394392163097839,0.0033826876133210035,56.84880134648739,-0.014239903709415323
3.54,49.99350954196074,49.99421301630586,144.4310660102284,-0.736977498207511,0.0030568938339253734,56.84880134648739,-0.012681997324429024
3.56,49.99327634377812,49.99419149222528,144.4936594741672,-0.7345239755807843,0.0027624779406445897,56.84880134648739,-0.011038184845680367
3.58,49.99307670415259,49.99416998460158,144.55876777591448,-0.7320786211454804,0.0024964178630792035,56.84880134648739,-0.009344142329501494
3.6,49.99291120170429,49.99414849272886,144.6250039555569,-0.7296414077083101,0.002255982592804616,56.84880134648739,-0.007633685602126663
3.62,49.99277976701316,49.994127016494595,144.6910675546045,-0.7272123081665149,0.0020387041505783216,56.84880134648739,-0.005938316335027305
3.64,49.9926817337493,49.9941055563358,144.75576097501673,-0.7247912955075662,0.001842352253444556,56.84880134648739,-0.004286843817881399
3.66,49.99261589641089,49.99408411318906,144.81800276141448,-0.7223783428088641,0.0016649114217035263,56.84880134648739,-0.002705083303094944
3.68,49.992580573143016,49.99406268843537,144.87683780840774,-0.7199734232374393,0.0015045602907567295,56.84880134648739,-0.0012156303750631347
3.7,49.99257367213809,49.994041283841476,144.93144454912812,-0.7175765100496534,0.0013596529154720858,56.84880134648739,0.00016229050448796696
3.72,49.99259276017031,49.99401990149882,144.9811392300661,-0.7151875765909025,0.0012287018751651008,56.84880134648739,0.0014129062928870948
3.74,49.99263513189002,49.99399854376145,145.0253774207021,-0.71280659629532,0.0011103630057749318,56.84880134648739,0.0025239085483373877
3.7600000000000002,49.99269787859608,49.993977213184046,145.06375294385674,-0.7104335426854819,0.0010034216025167828,56.84880134648739,0.003486404416545293
3.7800000000000002,49.992777955311645,49.993955912461146,145.09599444395926,-0.708068389372112,0.0009067799513859487,56.84880134648739,0.004294811062890832
3.8000000000000003,49.99287224510922,49.99393464436856,145.12195983547093,-0.7057111100537883,0.0008194460615290081,56.84880134648739,0.00494669975717352
3.8200000000000003,49.992977619760204,49.99391341170783,145.14162889253367,-0.7033616785166508,0.0007405234828241132,56.84880134648739,0.0054425962310080764
3.84,49.993090995920184,49.993892217254505,145.155094253689,-0.7010200686341095,0.0006692021041516013,56.84880134648739,0.005785744192272174
3.86,49.99320938620055,49.99387106371084,145.16255112247083,-0.6986862543665548,0.0006047498379025721,56.84880134648739,0.005981839003373499
3.88,49.993329944617344,49.9938499536634,145.16428594613438,-0.6963602097610672,0.0005465051053699861,56.84880134648739,0.006038738519197474
3.9,49.99345000604659,49.99382888954595,145.16066435114777,-0.6940419089511284,0.000493870045887596,56.84880134648739,0.005966157946942479
3.92,49.99356711944963,49.99380787360793,145.1521186057921,-0.6917313261563347,0.00044630438001103356,56.84880134648739,0.005775355345347463
3.94,49.993679074760514,49.993786907888534,145.1391348677949,-0.6894284356821097,0.0004033198637488693,56.84880134648739,0.005478814038010135
3.96,49.99378392344729,49.993765994196565,145.1222404588995,-0.6871332119194179,0.00036447527691837816,56.84880134648739,0.005089927788098726
3.98,49.993879992870276,49.993745134095825,145.10199138920717,-0.6848456293444813,0.0003293718941833319,56.84880134648739,0.004622694083894652
4.0,49.99396589466036,49.993724328896,145.07896033259038,-0.6825656625184948,0.0002976493922856959,56.84880134648739,0.004091420330440181
4.0200000000000005,49.994040527428844,49.99370357964871,145.05372523103682,-0.6802932860873431,0.0002689821514604737,56.84880134648739,0.003510447146224866
4.04,49.99410307419658,49.99368288714839,145.02685868100247,-0.678028474781319,0.00024307591306908978,56.84880134648739,0.0028938923391335896
4.0600000000000005,49.9941529949938,49.99366225193772,144.9989182292697,-0.6757712034148428,0.0002196647591431516,56.84880134648739,0.0022554184959825414
4.08,49.99419001513242,49.993641674316976,144.97043767993884,-0.6735214468861814,0.00019850838283472336,56.84880134648739,0.0016080264773799089
4.1,49.99421410969067,49.993621154357,144.94191948850363,-0.6712791801771701,0.00017938962175529112,56.84880134648739,0.0009638764759246863
4.12,49.994225484775335,49.99360069191524,144.91382829391534,-0.6690443783529337,0.00016211222888405563,56.84880134648739,0.0003341376814100396
4.14,49.994224556140345,49.993580286654236,144.88658561552,-0.6668170165616092,0.00014649885816474945,56.84880134648739,-0.00027113298888324156
4.16,49.99421192574268,49.993559938062226,144.86056571910163,-0.6645970700340698,0.0001323892441138735,56.84880134648739,-0.0008430831854348165
4.18,49.99418835680841,49.99353964547518,144.8360926352807,-0.6623845140836494,0.00011963855675470452,56.84880134648739,-0.001374129042856463
4.2,49.994154747963975,49.993519408099836,144.81343829443938,-0.6601793241058678,0.00010811591499107828,56.84880134648739,-0.0018579917686099194
4.22,49.994112106961715,49.99349922503725,144.79282172536858,-0.6579814755781574,9.770304316127934e-05,56.84880134648739,-0.002289708357364895
4.24,49.99406152449504,49.993479095306384,144.77440925009023,-0.6557909440595904,8.829305698205986e-05,56.84880134648739,-0.0026656182297873305
4.26,49.99400414855922,49.99345901786737,144.7583155948953,-0.6536077051906071,7.97893664209506e-05,56.84880134648739,-0.002983327881745929
4.28,49.99394115976884,49.99343899164398,144.74460582759025,-0.6514317346927444,7.210468423525407e-05,56.84880134648739,-0.003241655858166413
4.3,49.993873747994684,49.993419015544966,144.73329802325844,-0.6492630083683667,6.516013000073844e-05,56.84880134648739,-0.0034405605356094444
4.32,49.99380309063154,49.99339908848415,144.72436655547685,-0.6471015021003965,5.88844204332181e-05,56.84880134648739,-0.0035810533105640305
4.34,49.99373033275557,49.993379209398746,144.7177459067912,-0.6449471918520457,5.321313769197051e-05,56.84880134648739,-0.003665099848757707
4.36,49.99365656937686,49.9933593772659,144.7133348912373,-0.6428000536665494,4.808806815439452e-05,56.84880134648739,-0.0036955120577529207
4.38,49.99358282993975,49.993339591117284,144.71100118264974,-0.640660063666898,4.345660487467602e-05,56.84880134648739,-0.003675833404471767
4.4,49.993510065172096,49.99331985005154,144.71058604525976,-0.6385271980555732,3.9271207592920065e-05,56.84880134648739,-0.0036102201154420616
4.42,49.99343913633553,49.99330015324464,144.7119091674602,-0.6364014331142823,3.5488914751942416e-05,56.84880134648739,-0.0035033206753381767
4.44,49.99337080688213,49.993280499958,144.7147735054059,-0.6342827452036949,3.207090251275329e-05,56.84880134648739,-0.003360155883887304
4.46,49.993305736480124,49.99326088954455,144.71897005011533,-0.6321711107631797,2.898208624219003e-05,56.84880134648739,-0.0031860015476803125
4.48,49.99324447733215,49.99324132145264,144.724282439722,-0.6300665063105432,2.619076038211654e-05,56.84880134648739,-0.0029862756773332876
4.5,49.9931874726751,49.993221795227996,144.73049134727933,-0.6279689084417676,2.3668273003579715e-05,56.84880134648739,-0.002766431837158983
4.5200000000000005,49.99313505732048,49.99320231051376,144.73737858383512,-0.6258782938307513,2.1388731705341586e-05,56.84880134648739,-0.0025318600592106797
4.54,49.99308746006879,49.993182867048866,144.74473086615416,-0.6237946392290493,1.93287378379442e-05,56.84880134648739,-0.0022877964914484704
4.5600000000000005,49.99304480781165,49.993163464664775,144.75234320828014,-0.6217179214656143,1.7467146325215417e-05,56.84880134648739,-0.002039242705573055
4.58,49.993007131119214,49.993144103280855,144.76002190591151,-0.6196481174465397,1.578484861787214e-05,56.84880134648739,-0.0017908953482840269
4.6000000000000005,49.99297437110022,49.99312478289857,144.7675870921421,-0.6175852041548021,1.426457655131982e-05,56.84880134648739,-0.0015470865844098656
4.62,49.992946387315726,49.993105503594606,144.7748748523403,-0.6155291586500059,1.2890725094321046e-05,56.84880134648739,-0.0013117355552266865
4.64,49.99292296652562,49.99308626551326,144.7817388946682,-0.6134799580681278,1.164919216911374e-05,56.84880134648739,-0.0010883108634816942
4.66,49.9929038320495,49.99306706885818,144.78805178086265,-0.6114375796212627,1.0527233898791663e-05,56.84880134648739,-0.0008798039009067835
4.68,49.99288865352934,49.99304791388365,144.79370572931595,-0.6094020005973704,9.513333796115032e-06,56.84880134648739,-0.0006887126565889894
4.7,49.992877056890464,49.99302880088573,144.79861300912435,-0.6073731983600228,8.597084551022717e-06,56.84880134648739,-0.0005170354871353311
4.72,49.99286863430973,49.99300973019325,144.8027059495673,-0.6053511503481523,7.769081203438494e-06,56.84880134648739,-0.0003662741934327001
4.74,49.99286295401414,49.99299070215898,144.80593659439495,-0.6033358340758012,7.0208246048296684e-06,56.84880134648739,-0.00023744563469782904
4.76,49.99285956974987,49.99297171715098,144.80827603432144,-0.6013272271318706,6.344634177586623e-06,56.84880134648739,-0.00013110101873634348
4.78,49.99285802977958,49.99295277554442,144.8097134542404,-0.5993253071798729,5.733569076730537e-06,56.84880134648739,-4.735193788550366e-05
4.8,49.99285788528545,49.9929338777138,144.81025493391581,-0.5973300519576819,5.181356944703348e-06,56.84880134648739,1.4097827634603182e-05
4.82,49.99285869807499,49.99291502402591,144.8099220422785,-0.5953414392772857,4.682329527934164e-06,56.84880134648739,5.391574396164611e-05
4.84,49.992860047507094,49.99289621483331,144.80875026602376,-0.5933594470245404,4.231364494309976e-06,56.84880134648739,7.310020737906065e-05
4.86,49.992861536575816,49.992877450468654,144.80678731300657,-0.5913840531589233,3.823832854328502e-06,56.84880134648739,7.293747813341582e-05
4.88,49.992862797109176,49.9928587312398,144.80409133003073,-0.5894152357132889,3.455551446230697e-06,56.84880134648739,5.4956836485183854e-05
4.9,49.992863494059,49.992840057425674,144.80072907310105,-0.5874529727936239,3.122739997390387e-06,56.84880134648739,2.088488994035209e-05
4.92,49.992863328875934,49.99282142927299,144.7967740661211,-0.5854972425788034,2.821982321212037e-06,56.84880134648739,-2.7400095786180943e-05
4.94,49.99286204198018,49.99280284699382,144.79230478145973,-0.5835480233203495,2.5501912512371467e-06,56.84880134648739,-8.79130369357667e-05
4.96,49.99285941435393,49.992784310763845,144.78740287285547,-0.5816052933421878,2.3045769525208263e-06,56.84880134648739,-0.00015860531440130886
4.98,49.9928552682946,49.992765820721544,144.78215148786126,-0.579669031040408,2.082618285006536e-06,56.84880134648739,-0.00023740585381972049
5.0,49.99284946738025,49.99274737696797,144.77663368353842,-0.5777392148830224,1.8820369249546113e-06,56.84880134648739,-0.00032225944641446174
5.0200000000000005,49.992841915708226,49.99272897956723,144.7709309654616,-0.5758158234097269,1.7007739787905942e-06,56.84880134648739,-0.0004111618454603619
5.04,49.99283255647629,49.99271062854761,144.76512196637634,-0.5738988352316629,1.5369688493231605e-06,56.84880134648739,-0.0005021912659629199
5.0600000000000005,49.99282136998186,49.99269232390321,144.759281277129,-0.5719882290311781,1.3889401374011806e-06,56.84880134648739,-0.0005935360072738683
5.08,49.992808371119466,49.99267406559606,144.75347843882736,-0.5700839835615908,1.2551683829724706e-06,56.84880134648739,-0.0006835180084368878
5.1000000000000005,49.99279360645903,49.99265585355865,144.7477771016538,-0.5681860776469532,1.1342804683875842e-06,56.84880134648739,-0.0007706122325190849
5.12,49.99277715098902,49.992637687696764,144.7422343523919,-0.5662944901818152,1.025035523854313e-06,56.84880134648739,-0.0008534618578492324
5.14,49.99275910460758,49.992619567892554,144.736900209587,-0.5644092001309912,9.26312190367596e-07,56.84880134648739,-0.0009308893298856392
5.16,49.992739588443094,49.99260149400786,144.7318172823832,-0.5625301865293244,8.370971093735163e-07,56.84880134648739,-0.0010019033964346767
5.18,49.99271874108231,49.99258346588751,144.72702058649085,-0.5606574284814553,7.564745210180379e-07,56.84880134648739,-0.0010657023104856636
5.2,49.9926967147797,49.9925654833628,144.72253750846454,-0.558790905161588,6.836168642103479e-07,56.84880134648739,-0.0011216734385099368
5.22,49.99267367171655,49.992547546254826,144.71838790752903,-0.5569305958132597,6.177762820139263e-07,56.84880134648739,-0.0011693895572748173
5.24,49.992649780372076,49.99252965437779,144.71458434258767,-0.5550764797491088,5.582769451713201e-07,56.84880134648739,-0.0012086021590220796
5.26,49.99262521206191,49.99251180754218,144.71113241078402,-0.5532285363506458,5.04508114966439e-07,56.84880134648739,-0.0012392321131408247
5.28,49.99260013769254,49.99249400555774,144.70803118306563,-0.5513867450680237,4.5591787421721624e-07,56.84880134648739,-0.001261358052415802
5.3,49.99257472477222,49.99247624823623,144.70527372160097,-0.5495510854198091,4.1200746204959023e-07,56.84880134648739,-0.0012752028638792988
5.32,49.992549134711574,49.99245853539394,144.70284766361897,-0.547721536992755,3.7232615430135397e-07,56.84880134648739,-0.0012811186685765088
5.34,49.99252352043933,49.992440866853926,144.70073585625238,-0.5458980794415735,3.3646663700510885e-07,56.84880134648739,-0.001279570671735116
5.36,49.99249802435104,49.99242324244791,144.69891702724897,-0.5440806924887095,3.0406082546083443e-07,56.84880134648739,-0.0012711202554777869
5.38,49.992472776601616,49.992405662017994,144.6973664769439,-0.5422693559241156,2.7477608598239783e-07,56.84880134648739,-0.0012564076710240347
5.4,49.99244789374515,49.99238812541788,144.69605677763371,-0.5404640496050267,2.4831182153562676e-07,56.84880134648739,-0.001236134666955251
5.42,49.992423477719676,49.992370632513946,144.6949584674246,-0.5386647534557364,2.2439638622078201e-07,56.84880134648739,-0.0012110473654217363
5.44,49.99239961516816,49.992353183185934,144.69404072672114,-0.536871447467374,2.0278429692773132e-07,56.84880134648739,-0.0011819196698017165
5.46,49.99237637708186,49.992335777327334,144.693272026734,-0.5350841116976814,1.8325371354249517e-07,56.84880134648739,-0.0011495374561751516
5.48,49.99235381874765,49.99231841484556,144.69262074069923,-0.533302726270792,1.6560416184041546e-07,56.84880134648739,-0.0011146837677090537
5.5,49.99233197997694,49.99230109566178,144.69205570987268,-0.531527271377009,1.4965447569228617e-07,56.84880134648739,-0.0010781251965375207
5.5200000000000005,49.992310885590335,49.99228381971057,144.69154675777366,-0.5297577272725855,1.3524093746095244e-07,56.84880134648739,-0.0010405996025104228
5.54,49.99229054613005,49.99226658693933,144.69106514756686,-0.527994074279505,1.2221559750023564e-07,56.84880134648739,-0.0010028052831326038
5.5600000000000005,49.9922709587698,49.99224939730752,144.69058397886928,-0.5262362927852622,1.1044475550646197e-07,56.84880134648739,-0.0009653916745472737
5.58,49.99225210839105,49.99223225078574,144.69007852162477,-0.5244843632426454,9.980758813422847e-08,56.84880134648739,-0.0009289516302733665
5.6000000000000005,49.99223396879373,49.992215147354685,144.68952648598068,-0.5227382661695188,9.019490878938971e-08,56.84880134648739,-0.0008940152929038523
5.62,49.9922165040098,49.99219808700396,144.68890822831563,-0.5209979821486058,8.150804686899786e-08,56.84880134648739,-0.0008610455446742892
5.64,49.992199669688425,49.99218106973091,144.6882068946825,-0.5192634918272736,7.365783494400831e-08,56.84880134648739,-0.0008304349959932304
5.66,49.99218341452291,49.99216409553929,144.68740850394036,-0.5175347759173169,6.656369348855529e-08,56.84880134648739,-0.0008025044469977476
5.68,49.99216768169088,49.992147164437995,144.68650197373967,-0.5158118151947445,6.015280376088158e-08,56.84880134648739,-0.0007775027361422671
5.7,49.99215241028126,49.9921302764398,144.68547909329206,-0.5140945904995653,5.4359360345850646e-08,56.84880134648739,-0.000755607871949665
5.72,49.99213753668391,49.992113431560064,144.68433444749394,-0.5123830827355745,4.912389568666604e-08,56.84880134648739,-0.0007369293293443114
5.74,49.992122995920205,49.99209662981553,144.6830652974819,-0.5106772728701425,4.439266967236577e-08,56.84880134648739,-0.0007215113805205761
5.76,49.992108722895466,49.99207987122317,144.68167142307757,-0.5089771419340019,4.0117118015432635e-08,56.84880134648739,-0.0007093373220212912
5.78,49.99209465355735,49.99206315579915,144.68015493283352,-0.5072826710210376,3.62533537573205e-08,56.84880134648739,-0.0007003344544804018
5.8,49.99208072594675,49.99204648355782,144.67852004752584,-0.5055938412880759,3.276171678503489e-08,56.84880134648739,-0.0006943796692195732
5.82,49.992066881130974,49.99202985451086,144.67677286295896,-0.5039106339546754,2.9606366734721836e-08,56.84880134648739,-0.0006913054963622131
5.84,49.99205306401179,49.99201326866651,144.67492109786284,-0.5022330303029178,2.6754915103570943e-08,56.84880134648739,-0.0006909064721438868
5.86,49.99203922400361,49.991996726028944,144.67297383248268,-0.5005610116772,2.417809279379698e-08,56.84880134648739,-0.000692945688393875
5.88,49.99202531557983,49.991980226597725,144.670941243195,-0.4988945594840267,2.1849449676161907e-08,56.84880134648739,-0.0006971613944558162
5.9,49.99201129868782,49.991963770367406,144.66883433814462,-0.49723365519180324,1.9745083089167846e-08,56.84880134648739,-0.0007032735308797693
5.92,49.991997139035306,49.99194735732724,144.6666646984952,-0.4955782803306299,1.784339248706545e-08,56.84880134648739,-0.0007109900846685054
5.94,49.991982808252935,49.991930987461004,144.66444422943437,-0.49392841649209623,1.612485771823015e-08,56.84880134648739,-0.0007200131674969171
5.96,49.99196828393975,49.99191466074692,144.66218492458313,-0.49228404532907666,1.4571838658015654e-08,56.84880134648739,-0.0007300447307953472
5.98,49.99195354959964,49.99189837715768,144.65989864694313,-0.49064514855552627,1.3168394139389996e-08,56.84880134648739,-0.0007407918445957199
6.0,49.99193859447841,49.99188213666059,144.65759692898135,-0.48901170794627746,1.1900118322743957e-08,56.84880134648739,-0.0007519714803948138
6.0200000000000005,49.99192341331183,49.991865939217746,144.65529079391462,-0.4873837053368372,1.07539928252684e-08,56.84880134648739,-0.0007633147516204478
6.04,49.99190800599608,49.991849784786325,144.65299059972335,-0.4857611226231854,9.718253092063185e-09,56.84880134648739,-0.0007745705784409993
6.0600000000000005,49.99189237719232,49.99183367331892,144.65070590690377,-0.48414394176157294,8.782267637326462e-09,56.84880134648739,-0.0007855087563955855
6.08,49.99187653587744,49.99181760476395,144.6484453704728,-0.4825321447683216,7.936428916079753e-09,56.84880134648739,-0.0007959224204121025
6.1000000000000005,49.99186049485304,49.991801579066056,144.6462166562697,-0.4809257137196239,7.172054706267367e-09,56.84880134648739,-0.00080562990713802
6.12,49.991844270224604,49.991785596166594,144.64402638116687,-0.4793246307513436,6.48129898895386e-09,56.84880134648739,-0.0008144760288923605
6.140000000000001,49.99182788086223,49.9917696560041,144.64188007641042,-0.4777288780588173,5.857071411837659e-09,56.84880134648739,-0.0008223327819312661
6.16,49.991811347854004,49.9917537585148,144.63978217295983,-0.4761384378966563,5.292964509403565e-09,56.84880134648739,-0.0008290995199783246
6.18,49.99179469396214,49.99173790363306,144.63773600739697,-0.4745532925785493,4.783187932655895e-09,56.84880134648739,-0.0008347026310227066
6.2,49.99177794309131,49.99172209129192,144.6357438467191,-0.47297342447706575,4.32250901332476e-09,56.84880134648739,-0.0008390947612691953
6.22,49.99176111977766,49.991706321423536,144.63380693012724,-0.47139881602345973,3.906199052459003e-09,56.84880134648739,-0.0008422536347327621
6.24,49.99174424870589,49.99169059395962,144.63192552576592,-0.4698294497074747,3.5299847820780498e-09,56.84880134648739,-0.0008441805204039449
6.26,49.99172735426087,49.991674908831854,144.63009900026304,-0.4682653080771486,3.1900045016544627e-09,56.84880134648739,-0.0008448984011434899
6.28,49.991710460118846,49.991659265972295,144.62832589885772,-0.4667063737386201,2.8827684391843756e-09,56.84880134648739,-0.0008444498995796151
6.3,49.99169358888279,49.99164366531367,144.6266040338869,-0.4651526293559348,2.6051229299668518e-09,56.84880134648739,-0.000842895016312493
6.32,49.99167676176454,49.99162810678971,144.62493057942532,-0.46360405765085283,2.354218045400564e-09,56.84880134648739,-0.0008403087348246923
6.34,49.99165999831599,49.99161259033542,144.62330216993314,-0.46206064140265624,2.1274783395193463e-09,56.84880134648739,-0.0008367785456506223
6.36,49.99164331621035,49.991597115887245,144.62171500086123,-0.46052236344795794,1.9225764129906154e-09,56.84880134648739,-0.0008324019397551064
6.38,49.99162673107325,49.99158168338327,144.6201649292853,-0.4589892066805105,1.7374090232208679e-09,56.84880134648739,-0.0008272839177742207
6.4,49.9916102563631,49.99156629276332,144.61864757278892,-0.45746115405101634,1.5700754953473078e-09,56.84880134648739,-0.0008215345579205332
6.42,49.991593903298934,49.99155094396908,144.6171584049827,-0.45593818856693763,1.4188582125124104e-09,56.84880134648739,-0.0008152666810078622
6.44,49.99157768083329,49.99153563694408,144.61569284622982,-0.4544202932923076,1.2822049851612983e-09,56.84880134648739,-0.0008085936463998858
6.46,49.99156159566728,49.991520371633726,144.61424634834415,-0.4529074513475423,1.158713118389273e-09,56.84880134648739,-0.000801627307764274
6.48,49.99154565230429,49.99150514798526,144.61281447222592,-0.45139964590925263,1.0471150137967182e-09,56.84880134648739,-0.0007944761524849553
6.5,49.99152985313832,49.991489965947665,144.61139295760717,-0.4498968602100575,9.46265158059724e-10,56.84880134648739,-0.0007872436434850114
6.5200000000000005,49.99151419857286,49.99147482547163,144.60997778428003,-0.4483990775383972,8.551283646589243e-10,56.84880134648739,-0.0007800267772196684
6.54,49.991498687165816,49.99145972650935,144.6085652243802,-0.44690628123834764,7.727691480722291e-10,56.84880134648739,-0.000772914866712248
6.5600000000000005,49.991483315795826,49.991444669014435,144.6071518854893,-0.44541845470943514,6.983421213614709e-10,56.84880134648739,-0.0007659885538396943
6.58,49.99146807984558,49.99142965294173,144.6057347444999,-0.44393558140645184,6.310833185877355e-10,56.84880134648739,-0.0007593190507132127
6.6000000000000005,49.9914529733974,49.99141467824716,144.604311172354,-0.44245764483927164,5.703023529831754e-10,56.84880134648739,-0.0007529676059621597
6.62,49.991437989436804,49.991399744887524,144.60287894991933,-0.4409846285726668,5.1537533038584e-10,56.84880134648739,-0.0007469851880653986
6.640000000000001,49.991423120059814,49.99138485282034,144.601436275404,-0.43951651622612514,4.657384451965422e-10,56.84880134648739,-0.0007414123746538893
6.66,49.99140835668002,49.991370002003634,144.59998176382817,-0.4380532914736683,4.208821931226304e-10,56.84880134648739,-0.0007362794339213805
6.68,49.991393690231845,49.99135519239578,144.59851443917196,-0.4365949380436695,3.803461413046138e-10,56.84880134648739,-0.0007316065819407673
6.7,49.99137911136662,49.991340423955286,144.59703371990219,-0.4351414397186732,3.4371420214292464e-10,56.84880134648739,-0.0007274043978297495
6.72,49.99136461063859,49.991325696640686,144.595539398641,-0.43369278033521447,3.1061036231239444e-10,56.84880134648739,-0.0007236743772945164
6.74,49.99135017867837,49.991311010410314,144.59403161678625,-0.43224894378363915,2.8069482312435475e-10,56.84880134648739,-0.0007204096041557906
6.76,49.9913358063517,49.99129636522221,144.59251083492043,-0.43080991400792495,2.536605126186056e-10,56.84880134648739,-0.00071759551891064
6.78,49.99132148490186,49.99128176103397,144.59097779985325,-0.42937567500550283,2.2922993358316386e-10,56.84880134648739,-0.0007152107633069142
6.8,49.991307206074495,49.9912671978026,144.58943350914024,-0.4279462108270789,2.0715231514787818e-10,56.84880134648739,-0.0007132280801628949
6.82,49.991292962223895,49.99125267548447,144.58787917389714,-0.42652150557645724,1.872010387140713e-10,56.84880134648739,-0.0007116152482863835
6.84,49.99127874640044,49.991238194035205,144.58631618069893,-0.425101543410363,1.6917131179832807e-10,56.84880134648739,-0.0007103360332835159
6.86,49.99126455241897,49.99122375340961,144.58474605330588,-0.42368630853826633,1.5287806591329527e-10,56.84880134648739,-0.0007093511362335452
6.88,49.991250374908425,49.99120935356165,144.58317041490773,-0.4222757852222067,1.3815405690801552e-10,56.84880134648739,-0.0007086191236231468
6.9,49.99123620934326,49.99119499444437,144.58159095151186,-0.42086995777661784,1.2484814826849076e-10,56.84880134648739,-0.0007080973235649554
6.92,49.99122205205752,49.99118067600993,144.58000937703537,-0.41946881056815344,1.1282375975718967e-10,56.84880134648739,-0.0007077426750361826
6.94,49.99120790024263,49.99116639820958,144.57842740058675,-0.41807232801551325,1.0195746546735648e-10,56.84880134648739,-0.0007075125187583353
6.96,49.99119375193019,49.99115216099367,144.57684669634688,-0.41668049458926987,9.213772690166666e-11,56.84880134648739,-0.000707365320208089
6.98,49.991179605961335,49.991137964311676,144.57526887638193,-0.41529329481169586,8.326374807074945e-11,56.84880134648739,-0.0007072613172220697
7.0,49.991165461943986,49.991123808112256,144.57369546664358,-0.4139107132565918,7.524444085958698e-11,56.84880134648739,-0.0007071630865194423
7.0200000000000005,49.991151320199975,49.99110969234325,144.57212788633512,-0.41253273454911465,6.799749004165773e-11,56.84880134648739,-0.000707036025381921
7.04,49.99113718170354,49.991095616951796,144.57056743075032,-0.41115934336560694,6.144850834354011e-11,56.84880134648739,-0.0007068487464838312
7.0600000000000005,49.991123048013044,49.99108158188434,144.56901525762052,-0.4097905244334262,5.553027288702647e-11,56.84880134648739,-0.0007065733855825149
7.08,49.99110892119761,49.99106758708672,144.56747237694265,-0.408426262530775,5.0182035171107577e-11,56.84880134648739,-0.0007061858233106422
7.1000000000000005,49.99109480376033,49.99105363250424,144.5659396441995,-0.4070665424865321,4.5348897511047763e-11,56.84880134648739,-0.0007056658237632809
7.12,49.991080698559806,49.99103971808174,144.56441775683226,-0.4057113491800834,4.0981249533928064e-11,56.84880134648739,-0.0007049970938134544
7.140000000000001,49.991066608731295,49.99102584376366,144.5629072537775,-0.4043606675411537,3.7034258946492216e-11,56.84880134648739,-0.0007041672682092806
7.16,49.99105253760912,49.991012009494106,144.56140851784096,-0.4030144825496395,3.3467411348215586e-11,56.84880134648739,-0.0007031678264075194
7.18,49.99103848865151,49.99099821521695,144.55992178064892,-0.40167277923544176,3.024409436594813e-11,56.84880134648739,-0.0007019939478614178
7.2,49.99102446536898,49.99098446087585,144.5584471298913,-0.40033554267829935,2.7331221841427113e-11,56.84880134648739,-0.000700644313048835
7.22,49.99101047125734,49.99097074641437,144.55698451855233,-0.39900275800762325,2.4698894214083197e-11,56.84880134648739,-0.0006991208579230905
7.24,49.99099650973605,49.990957071775966,144.55553377581327,-0.3976744104023311,2.2320091613094862e-11,56.84880134648739,-0.0006974284897047939
7.26,49.99098258409272,49.99094343690412,144.554094619306,-0.3963504850906825,2.0170396508394448e-11,56.84880134648739,-0.0006955747720067191
7.28,49.99096869743416,49.990929841742314,144.5526666683968,-0.3950309673501146,1.8227743073740845e-11,56.84880134648739,-0.0006935695872123875
7.3,49.99095485264441,49.99091628623411,144.55124945818724,-0.3937158425070785,1.6472190689163317e-11,56.84880134648739,-0.0006914247838127692
7.32,49.990941052349875,49.99090277032319,144.54984245392896,-0.392405095936876,1.4885719257862764e-11,56.84880134648739,-0.0006891538161048212
7.34,49.99092729889177,49.99088929395335,144.5484450655661,-0.3910987130634969,1.3452044236573943e-11,56.84880134648739,-0.0006867713831866926
7.36,49.99091359430567,49.99087585706855,144.54705666213886,-0.38979667935945717,1.2156449480743695e-11,56.84880134648739,-0.0006842930736969976
7.38,49.990899940308,49.99086245961293,144.5456765858038,-0.3884989803456372,1.0985636188742646e-11,56.84880134648739,-0.0006817350221259801
7.4,49.990886338289286,49.990849101530785,144.5443041652532,-0.38720560159112066,9.927586394578506e-12,56.84880134648739,-0.0006791135818827877
7.42,49.99087278931361,49.99083578276662,144.54293872834216,-0.38591652871303445,8.971439607914099e-12,56.84880134648739,-0.0006764450196144942
7.44,49.9908592941239,49.9908225032651,144.54157961376103,-0.3846317473763881,8.107381335145468e-12,56.84880134648739,-0.0006737452345358839
7.46,49.99084585315246,49.99080926297107,144.54022618162108,-0.3833512432939151,7.326542337250106e-12,56.84880134648739,-0.0006710295058167488
7.48,49.990832466536226,49.99079606182954,144.53887782284855,-0.3820750022259135,6.620907590324306e-12,56.84880134648739,-0.0006683122703306428
7.5,49.99081913413604,49.99078289978566,144.5375339673139,-0.38080300998008776,5.983234014323224e-12,56.84880134648739,-0.0006656069323591795
7.5200000000000005,49.9908058555593,49.99076977678471,144.53619409064905,-0.3795352524113909,5.406976125519506e-12,56.84880134648739,-0.0006629257061594473
7.54,49.990792630185396,49.99075669277208,144.53485771973317,-0.37827171542186716,4.886218849530457e-12,56.84880134648739,-0.0006602794916550724
7.5600000000000005,49.99077945719316,49.990743647693236,144.53352443685225,-0.37701238496049533,4.415616805264294e-12,56.84880134648739,-0.0006576777828977186
7.58,49.99076633558981,49.99073064149371,144.53219388256116,-0.3757572470230323,3.990339436557591e-12,56.84880134648739,-0.0006551286084014071
7.6000000000000005,49.99075326424063,49.99071767411907,144.5308657572968,-0.37450628765185756,3.6060214283004798e-12,56.84880134648739,-0.0006526385019580887
7.62,49.99074024189896,49.99070474551487,144.5295398218102,-0.37325949293581784,3.25871789808941e-12,56.84880134648739,-0.0006502125021001031
7.640000000000001,49.9907272672358,49.990691855626665,144.5282158965006,-0.3720168490100724,2.9448639034663523e-12,56.84880134648739,-0.0006478541780298395
7.66,49.99071433886857,49.990679004399965,144.52689385974742,-0.37077834205593896,2.6612378491012114e-12,56.84880134648739,-0.0006455656795132242
7.68,49.99070145538872,49.990666191780214,144.5255736453467,-0.36954395830074,2.4049284183056853e-12,56.84880134648739,-0.0006433478080235839
7.7,49.990688615387526,49.99065341771274,144.52425523916622,-0.36831368401764947,2.1733046894427822e-12,56.84880134648739,-0.0006412001062429134
7.72,49.99067581748003,49.990640682142796,144.52293867513828,-0.3670875055255404,1.9639891304879684e-12,56.84880134648739,-0.0006391209629280288
7.74,49.99066306032663,49.99062798501548,144.52162403071173,-0.3658654091888324,1.7748331945411002e-12,56.84880134648739,-0.0006371077301058386
7.76,49.99065034265228,49.990615326275744,144.52031142188562,-0.3646473814173404,1.603895265786077e-12,56.84880134648739,-0.0006351568495897685
7.78,49.99063766326301,49.99060270586838,144.51900099794355,-0.36343340866612317,1.4494207295216436e-12,56.84880134648739,-0.0006332639858509101
7.8,49.990625021059806,49.99059012373801,144.51769293600563,-0.36222347743533306,1.3098239616895628e-12,56.84880134648739,-0.0006314241624230035
7.82,49.99061241504968,49.99057757982907,144.51638743550777,-0.3610175742700657,1.1836720530293217e-12,56.84880134648739,-0.0006296318991470274
7.84,49.99059984435406,49.99056507408579,144.51508471271154,-0.3598156857602102,1.069670100793831e-12,56.84880134648739,-0.000627881347775363
7.86,49.9905873082145,49.99055260645222,144.5137849953394,-0.3586177985403004,9.666479170510083e-13,56.84880134648739,-0.0006261664236580177
7.88,49.99057480599581,49.990540176872194,144.51248851742022,-0.3574238992893658,8.735480171368756e-13,56.84880134648739,-0.0006244809314922126
7.9,49.99056233718681,49.990527785289366,144.5111955144204,-0.3562339747307839,7.894147649660744e-13,56.84880134648739,-0.0006228186833603517
7.92,49.99054990139877,49.990515431647175,144.50990621872398,-0.3550480116321321,7.13384563780422e-13,56.84880134648739,-0.0006211736075748698
7.94,49.99053749836187,49.99050311588887,144.5086208555158,-0.353865996805041,6.446769916471653e-13,56.84880134648739,-0.0006195398471028191
7.96,49.99052512791977,49.99049083795751,144.50733963910844,-0.35268791710504727,5.825867907160975e-13,56.84880134648739,-0.0006179118466348148
7.98,49.99051279002264,49.99047859779596,144.50606276974446,-0.3515137594314479,5.264766280082185e-13,56.84880134648739,-0.0006162844276348245
8.0,49.99050048471884,49.99046639534694,144.50479043089368,-0.3503435107271543,4.757705534281097e-13,56.84880134648739,-0.0006146528509671296
8.02,49.990488212145415,49.99045423055298,144.5035227870552,-0.3491771579785471,4.299480878489374e-13,56.84880134648739,-0.0006130128669435927
8.040000000000001,49.99047597251791,49.99044210335644,144.50225998206417,-0.34801468821533144,3.8853888058645846e-13,56.84880134648739,-0.0006113607528801309
8.06,49.990463766119426,49.99043001369958,144.50100213789477,-0.34685608851039285,3.511178814229754e-13,56.84880134648739,-0.0006096933384551976
8.08,49.990451593289414,49.99041796152448,144.49974935394192,-0.3457013459796533,3.173009776238475e-13,56.84880134648739,-0.000608008019354948
8.1,49.990439454412304,49.990405946773116,144.49850170675802,-0.34455044778192817,2.8674105116214504e-13,56.84880134648739,-0.0006063027598768473
8.120000000000001,49.9904273499062,49.990393969387355,144.4972592502143,-0.3434033811187831,2.5912441568031405e-13,56.84880134648739,-0.00060457608527606
8.14,49.99041528021186,49.99038202930896,144.49602201605137,-0.3422601332343922,2.3416759661557864e-13,56.84880134648739,-0.000602827064793091
8.16,49.99040324578216,49.9903701264796,144.49479001477908,-0.3411206914153956,2.1161442143825815e-13,56.84880134648739,-0.0006010552863725372
8.18,49.990391247072054,49.99035826084084,144.49356323688326,-0.3399850429907585,1.9123339013536928e-13,56.84880134648739,-0.0005992608241535259
8.2,49.99037928452936,49.990346432334235,144.49234165429436,-0.33885317533163,1.7281529894849956e-13,56.84880134648739,-0.0005974441998728281
8.22,49.99036735858635,49.99033464090121,144.4911252220718,-0.33772507585120287,1.5617109297449834e-13,56.84880134648739,-0.0005956063393161396
8.24,49.99035546965222,49.99032288648316,144.48991388025772,-0.3366007320045735,1.4112992558672516e-13,56.84880134648739,-0.0005937485249811758
8.26,49.990343618106635,49.99031116902146,144.4887075558546,-0.3354801312886023,1.2753740475753088e-13,56.84880134648739,-0.0005918723460705654
8.28,49.99033180429419,49.99029948845739,144.48750616488192,-0.3343632612417748,1.1525400828111988e-13,56.84880134648739,-0.0005899796469081648
8.3,49.990320028519974,49.99028784473223,144.48630961446966,-0.33325010944406297,1.0415365162964151e-13,56.84880134648739,-0.0005880724748061594
8.32,49.990308291046155,49.990276237787214,144.4851178049488,-0.33214066351678717,9.412239374208182e-14,56.84880134648739,-0.0005861530283550593
8.34,49.99029659208959,49.99026466756355,144.48393063190213,-0.33103491112247857,8.505726746135761e-14,56.84880134648739,-0.0005842236070088034
8.36,49.99028493182045,49.990253134002415,144.48274798814214,-0.3299328399647418,7.686522261448072e-14,56.84880134648739,-0.0005822865627596159
8.38,49.99027331036165,49.99024163704497,144.4815697655864,-0.3288344377881182,6.946217088690112e-14,56.84880134648739,-0.0005803442545997685
8.4,49.99026172778935,49.99023017663233,144.48039585700587,-0.32773969237794964,6.277212268701696e-14,56.84880134648739,-0.0005783990063555026
8.42,49.99025018413408,49.99021875270561,144.479226157624,-0.3266485915602428,5.672640714108406e-14,56.84880134648739,-0.0005764530683798513
8.44,49.99023867938266,49.990207365205876,144.478060566551,-0.32556112320153335,5.1262967212061194e-14,56.84880134648739,-0.0005745085834860632
8.46,49.99022721348071,49.990196014074186,144.47689898803915,-0.3244772752087516,4.632572270704612e-14,56.84880134648739,-0.0005725675574027541
8.48,49.99021578633574,49.99018469925155,144.4757413325525,-0.3233970355290875,4.1863994634809173e-14,56.84880134648739,-0.0005706318339093741
8.5,49.990204397820634,49.990173420678964,144.47458751764447,-0.32232039214985697,3.783198500466702e-14,56.84880134648739,-0.0005687030747580548
8.52,49.99019304777748,49.99016217829739,144.47343746864397,-0.3212473330983681,3.418830672702417e-14,56.84880134648739,-0.0005667827443358404
8.540000000000001,49.99018173602167,49.99015097204773,144.47229111915203,-0.3201778464417883,3.089555879018497e-14,56.84880134648739,-0.0005648720990113525
8.56,49.990170462346136,49.990139801870875,144.47114841135487,-0.3191119202870112,2.7919942352782933e-14,56.84880134648739,-0.0005629721809537547
8.58,49.99015922652567,49.99012866770766,144.47000929616178,-0.31804954278052455,2.5230913811158008e-14,56.84880134648739,-0.0005610838162314502
8.6,49.990148028321215,49.99011756949887,144.46887373317904,-0.3169907021082787,2.280087128054656e-14,56.84880134648739,-0.0005592076168575523
8.620000000000001,49.99013686748412,49.99010650718525,144.46774169053305,-0.3159353864955546,2.060487127192926e-14,56.84880134648739,-0.0005573439864701072
8.64,49.990125743760125,49.990095480707495,144.46661314455685,-0.31488358420683366,1.8620372656329414e-14,56.84880134648739,-0.0005554931292526663
8.66,49.99011465689329,49.99008449000623,144.46548807935687,-0.31383528354566637,1.6827005288449753e-14,56.84880134648739,-0.0005536550616973728
8.68,49.99010360662953,49.99007353502205,144.46436648627582,-0.31279047285454303,1.5206360914654878e-14,56.84880134648739,-0.0005518296267715361
8.700000000000001,49.99009259271988,49.99006261569545,144.46324836327005,-0.3117491405147636,1.3741804219046914e-14,56.84880134648739,-0.0005500165100737258
8.72,49.99008161492346,49.99005173196691,144.46213371421845,-0.3107112749463087,1.2418302068092233e-14,56.84880134648739,-0.0005482152575146154
8.74,49.99007067300999,49.99004088377681,144.46102254818044,-0.3096768646077107,1.1222269201058345e-14,56.84880134648739,-0.0005464252941209636
8.76,49.990059766762,49.99003007106549,144.45991487862008,-0.3086458979959256,1.014142878233032e-14,56.84880134648739,-0.0005446459435185588
8.78,49.9900488959766,49.990019293773216,144.4588107226129,-0.30761836364620493,9.16468638422775e-15,56.84880134648739,-0.0005428764477179166
8.8,49.99003806046686,49.990008551840184,144.45771010005015,-0.3065942501319682,8.282016106802433e-15,56.84880134648739,-0.0005411159868158793
8.82,49.99002726006281,49.98999784520653,144.45661303285556,-0.3055735460646762,7.484357665678564e-15,56.84880134648739,-0.0005393636982787847
8.84,49.990016494612064,49.989987173812324,144.4555195442265,-0.30455624009370363,6.763523391580111e-15,56.84880134648739,-0.0005376186954993018
8.86,49.99000576398008,49.98997653759757,144.4544296579121,-0.30354232090621386,6.112114186929877e-15,56.84880134648739,-0.0005358800853492399
8.88,49.98999506805006,49.9899659365022,144.4533433975376,-0.3025317772270324,5.523443576845798e-15,56.84880134648739,-0.000534146984498003
8.9,49.989984406722606,49.989955370466106,144.45226078598324,-0.3015245978185216,4.991469074945985e-15,56.84880134648739,-0.000532418534305497
8.92,49.98997377991504,49.989944839429086,144.45118184482504,-0.3005207714804559,4.510730159457857e-15,56.84880134648739,-0.0005306939141363962
8.94,49.98996318756048,49.989934343330894,144.45010659384204,-0.29952028704989725,4.07629222297904e-15,56.84880134648739,-0.0005289723529721967
8.96,49.989952629606734,49.98992388211122,144.44903505059395,-0.2985231334010708,3.6836959205550215e-15,56.84880134648739,-0.0005272531392602995
8.98,49.98994210601502,49.98991345570971,144.4479672300709,-0.29752929944524126,3.3289113961502855e-15,56.84880134648739,-0.0005255356289537846
9.0,49.98993161675852,49.98990306406594,144.44690314441647,-0.29653877413058977,3.0082969176645755e-15,56.84880134648739,-0.0005238192517387863
9.02,49.989921161820845,49.98989270711943,144.44584280272278,-0.29555154644209064,2.7185614958979894e-15,56.84880134648739,-0.0005221035154776158
9.040000000000001,49.98991074119444,49.98988238480967,144.4447862108959,-0.2945676054013892,2.456731103762399e-15,56.84880134648739,-0.0005203880089349118
9.06,49.98990035487897,49.98987209707607,144.44373337158845,-0.2935869400666797,2.2201181489918703e-15,56.84880134648739,-0.0005186724028606171
9.08,49.98989000287963,49.98986184385802,144.44268428419593,-0.29260953953258323,2.0062938870007427e-15,56.84880134648739,-0.0005169564495382521
9.1,49.9898796852056,49.98985162509486,144.44163894491098,-0.2916353929300269,1.8130634907175334e-15,56.84880134648739,-0.0005152399809296085
9.120000000000001,49.98986940186844,49.989841440725876,144.4405973468311,-0.2906644894261227,1.638443521495727e-15,56.84880134648739,-0.0005135229055555702
9.14,49.98985915288064,49.98983129069032,144.43955948011333,-0.2896968182240473,1.4806415698486705e-15,56.84880134648739,-0.0005118052042575708
9.16,49.98984893825421,49.98982117492741,144.4385253321696,-0.28873236856292167,1.3380378570282335e-15,56.84880134648739,-0.0005100869250089157
9.18,49.98983875799944,49.98981109337632,144.43749488789626,-0.2877711297176915,1.2091686085942396e-15,56.84880134648739,-0.0005083681769403878
9.200000000000001,49.989828612123745,49.9898010459762,144.43646812993114,-0.2868130909990082,1.0927110293104945e-15,56.84880134648739,-0.0005066491237397514
9.22,49.98981850063065,49.989791032666155,144.43544503893114,-0.2858582417531098,9.874697251402734e-16,56.84880134648739,-0.000504929976595754
9.24,49.989808423518944,49.989781053385265,144.43442559386455,-0.28490657136170233,8.923644329680623e-16,56.84880134648739,-0.0005032109868434945
9.26,49.98979838078199,49.98977110807258,144.43340977231105,-0.2839580692418421,8.064189320976824e-16,56.84880134648739,-0.0005014924384652791
9.28,49.98978837240712,49.989761196667125,144.432397550764,-0.2830127248458177,7.287510237074197e-16,56.84880134648739,-0.0004997746405914782
9.3,49.98977839837526,49.98975131910788,144.43138890492915,-0.2820705276610329,6.585634754049676e-16,56.84880134648739,-0.0004980579201280443
9.32,49.98976845866065,49.98974147533382,144.4303838100153,-0.28113146720988974,5.9513583793138425e-16,56.84880134648739,-0.0004963426146418171
9.34,49.98975855323073,49.989731665283884,144.42938224101158,-0.28019553304967176,5.378170500155544e-16,56.84880134648739,-0.0004946290655983537
9.36,49.98974868204613,49.98972188889697,144.42838417294837,-0.27926271477242826,4.860187554707164e-16,56.84880134648739,-0.0004929176120538873
9.38,49.989738845060764,49.98971214611199,144.42738958113773,-0.2783330020048583,4.392092639355194e-16,56.84880134648739,-0.000491208584869382
9.4,49.98972904222214,49.989702436867795,144.4263984413913,-0.2774063844081953,3.9690809326884846e-16,56.84880134648739,-0.0004895023015187645
9.42,49.989719273471586,49.98969276110323,144.42541073021295,-0.2764828516780924,3.5868103757811646e-16,56.84880134648739,-0.0004877990615260049
9.44,49.989709538744734,49.98968311875711,144.42442642496525,-0.2755623935445075,3.241357102561544e-16,56.84880134648739,-0.0004860991425736069
9.46,49.98969983797197,49.98967350976823,144.42344550400844,-0.2746449997715892,2.9291751627762033e-16,56.84880134648739,-0.0004844027972958984
9.48,49.989690171078955,49.98966393407537,144.42246794681193,-0.2737306601575631,2.6470601241203683e-16,56.84880134648739,-0.000482710250755403
9.5,49.98968053798722,49.98965439161726,144.42149373403797,-0.2728193645346181,2.3921161799238864e-16,56.84880134648739,-0.0004810216986070999
9.52,49.989670938614765,49.989644882332634,144.42052284759853,-0.27191110276879354,2.1617264247653498e-16,56.84880134648739,-0.0004793373059152153
9.540000000000001,49.98966137287669,49.989635406160204,144.41955527068654,-0.2710058647598664,1.9535259929045214e-16,56.84880134648739,-0.00047765720660641404
9.56,49.98965184068578,49.98962596303865,144.4185909877824,-0.2701036404412389,1.7653777838089959e-16,56.84880134648739,-0.00047598150351304955
9.58,49.989642341953164,49.98961655290661,144.41762998463787,-0.26920441977982695,1.595350525606589e-16,56.84880134648739,-0.00047431026896185044
9.6,49.98963287658889,49.989607175702744,144.41667224823968,-0.26830819277594803,1.4416989512929034e-16,56.84880134648739,-0.0004726435458548379
9.620000000000001,49.989623444502506,49.98959783136566,144.4157177667543,-0.2674149494632104,1.3028458842101585e-16,56.84880134648739,-0.0004709813491865232
9.64,49.989614045603574,49.98958851983394,144.41476652945693,-0.266524679908402,1.177366048911341e-16,56.84880134648739,-0.00046932366794006134
9.66,49.989604679802184,49.98957924104616,144.41381852664693,-0.26563737421138023,1.0639714412341804e-16,56.84880134648739,-0.00046767046729302285
9.68,49.9895953470094,49.989569994940865,144.4128737495522,-0.26475302250496163,9.614981074141576e-17,56.84880134648739,-0.0004660216910775195
9.700000000000001,49.98958604713764,49.98956078145659,144.41193219022503,-0.2638716149548123,8.688941965290298e-17,56.84880134648739,-0.0004643772644222557
9.72,49.989576780101025,49.98955160053183,144.41099384143223,-0.2629931417593386,7.85209163637623e-17,56.84880134648739,-0.00046273709652948114
9.74,49.98956754581567,49.989542452105084,144.41005869654134,-0.26211759314957783,7.09584012787104e-17,56.84880134648739,-0.0004611010835113259
9.76,49.98955834419987,49.98953333611481,144.4091267494058,-0.26124495938909004,6.41242479736801e-17,56.84880134648739,-0.0004594691112467317
9.78,49.98954917517433,49.98952425249945,144.4081979942508,-0.2603752307738495,5.79483063892494e-17,56.84880134648739,-0.00045784105819032686
9.8,49.98954003866225,49.98951520119743,144.40727242556198,-0.2595083976321367,5.2367182766192e-17,56.84880134648739,-0.0004562167981071576
9.82,49.989530934589354,49.98950618214716,144.4063500379787,-0.25864445032443095,4.73235889319539e-17,56.84880134648739,-0.00045459620266771365
9.84,49.98952186288396,49.98949719528703,144.40543082619322,-0.2577833792433032,4.2765754258722016e-17,56.84880134648739,-0.0004529791438905478
9.86,49.989512823476915,49.98948824055541,144.40451478485744,-0.2569251748133092,3.864689425705161e-17,56.84880134648739,-0.0004513654963837464
9.88,49.9895038163015,49.989479317890655,144.40360190849805,-0.2560698274908829,3.49247303503624e-17,56.84880134648739,-0.00044975513936980436
9.9,49.98949484129335,49.989470427231105,144.4026921914409,-0.2552173277642305,3.156105590096591e-17,56.84880134648739,-0.00044814795847330976
9.92,49.989485898390285,49.98946156851508,144.40178562774534,-0.2543676661532243,2.852134403304159e-17,56.84880134648739,-0.00044654384726182595
9.94,49.98947698753215,49.98945274168089,144.40088221114908,-0.2535208332092978,2.5774393227009288e-17,56.84880134648739,-0.00044494270851560045
9.96,49.98946810866059,49.98944394666684,144.3999819350232,-0.2526768195153403,2.3292007047455312e-17,56.84880134648739,-0.0004433444552501289
9.98,49.98945926171887,49.98943518341119,144.39908479233782,-0.2518356156855923,2.1048704717137526e-17,56.84880134648739,-0.00044174901147063457
10.0,49.98945044665162,49.989426451852225,144.39819077563823,-0.250997212365541,1.90214595662185e-17,56.84880134648739,-0.00044015631267631337
10.02,49.98944166340462,49.98941775192821,144.39729987703063,-0.25016160023181644,1.7189462672004726e-17,56.84880134648739,-0.0004385663061218961
10.040000000000001,49.98943291192455,49.98940908357737,144.3964120881775,-0.24932876999208753,1.5533909263041127e-17,56.84880134648739,-0.00043697895085060103
10.06,49.98942419215878,49.98940044673796,144.39552740030155,-0.24849871238495916,1.4037805695077784e-17,56.84880134648739,-0.0004353942175163266
10.08,49.98941550405511,49.9893918413482,144.39464580419786,-0.2476714181798689,1.2685795017588454e-17,56.84880134648739,-0.00043381208801430667
10.1,49.98940684756157,49.98938326734632,144.39376729025327,-0.2468468781769844,1.1463999340345644e-17,56.84880134648739,-0.00043223255493979345
10.120000000000001,49.989398222626214,49.989374724670526,144.39289184847166,-0.24602508320710104,1.0359877382003347e-17,56.84880134648739,-0.00043065562089708055
10.14,49.98938962919693,49.989366213259025,144.39201946850497,-0.2452060241315402,9.362095738476251e-18,56.84880134648739,-0.00042908129769216155
10.16,49.98938106722126,49.989357733050014,144.39115013968865,-0.24438969184204734,8.460412549732905e-18,56.84880134648739,-0.0004275096054114275
10.18,49.98937253664625,49.98934928398169,144.3902838510802,-0.24357607726069083,7.645572370885406e-18,56.84880134648739,-0.0004259405714368612
10.200000000000001,49.98936403741833,49.98934086599225,144.3894205915004,-0.24276517133976108,6.909211168466212e-18,56.84880134648739,-0.0004243742294004756
10.22,49.98935556948319,49.989332479019865,144.3885603495762,-0.24195696506166978,6.243770466713923e-18,56.84880134648739,-0.0004228106181102613
10.24,49.98934713278567,49.98932412300273,144.38770311378414,-0.24115144943884975,5.642419762611377e-18,56.84880134648739,-0.0004212497804634339
10.26,49.989338727269725,49.98931579787903,144.38684887249357,-0.24034861551365494,5.0989864132950885e-18,56.84880134648739,-0.00041969176237890353
10.28,49.989330352878376,49.989307503586936,144.3859976140093,-0.23954845435826075,4.607892276156173e-18,56.84880134648739,-0.00041813661174656405
10.3,49.98932200955367,49.98929924006462,144.38514932661232,-0.2387509570745649,4.164096451266801e-18,56.84880134648739,-0.00041658437743047366
10.32,49.98931369723665,49.989291007250266,144.3843039985984,-0.23795611479408837,3.763043538404344e-18,56.84880134648739,-0.0004150351083279867
10.34,49.98930541586743,49.98928280508205,144.38346161831421,-0.2371639186778768,3.400616877550657e-18,56.84880134648739,-0.00041348885250062564
10.36,49.989297165385146,49.98927463349815,144.3826221741902,-0.2363743599164022,3.073096292897527e-18,56.84880134648739,-0.00041194565638390295
10.38,49.989288945728056,49.98926649243673,144.38178565476977,-0.23558742972946498,2.777119906616073e-18,56.84880134648739,-0.0004104055640894787
10.4,49.98928075683356,49.98925838183598,144.3809520487352,-0.2348031193660963,2.509649630422576e-18,56.84880134648739,-0.00040886861679999807
10.42,49.98927259863828,49.98925030163409,144.3801213449292,-0.23402142010446084,2.2679399807243885e-18,56.84880134648739,-0.00040733485225866726
10.44,49.98926447107814,49.98924225176922,144.3792935323728,-0.23324232325175967,2.0495098972449255e-18,56.84880134648739,-0.00040580430436626966
10.46,49.98925637408841,49.98923423217957,144.37846860027918,-0.23246582014413372,1.852117275856327e-18,56.84880134648739,-0.0004042770028677719
10.48,49.98924830760385,49.98922624280332,144.37764653806335,-0.23169190214656732,1.6737359542087254e-18,56.84880134648739,-0.0004027529731408771
10.5,49.989240271558764,49.98921828357867,144.37682733534857,-0.23092056065279226,1.5125349139221047e-18,56.84880134648739,-0.0004012322360755417
10.52,49.989232265887075,49.98921035444381,144.37601098196842,-0.23015178708519202,1.3668594858589327e-18,56.84880134648739,-0.00039971480804342553
10.540000000000001,49.98922429052245,49.98920245533695,144.37519746796607,-0.22938557289470649,1.235214365556631e-18,56.84880134648739,-0.0003982007009504101
10.56,49.98921634539837,49.989194586196284,144.37438678359018,-0.22862190956073666,1.1162482644795695e-18,56.84880134648739,-0.000396689922355709
10.58,49.98920843044821,49.98918674696003,144.37357891928806,-0.22786078859105025,1.0087400395413592e-18,56.84880134648739,-0.0003951824756685543
10.6,49.98920054560534,49.98917893756641,144.37277386569627,-0.2271022015216869,9.1158615852211e-19,56.84880134648739,-0.000393678360396715
10.620000000000001,49.98919269080317,49.989171157953635,144.37197161362934,-0.22634613991686425,8.237893727177924e-19,56.84880134648739,-0.0003921775724420414
10.64,49.989184865975254,49.98916340805994,144.37117215406641,-0.22559259536888412,7.444484805506338e-19,56.84880134648739,-0.0003906801044454391
10.66,49.98917707105531,49.98915568782357,144.3703754781368,-0.2248415594980389,6.727490770677885e-19,56.84880134648739,-0.00038918594615484036
10.68,49.98916930597729,49.989147997182755,144.36958157710427,-0.22409302395251857,6.079551943753054e-19,56.84880134648739,-0.00038769508481651803
10.700000000000001,49.98916157067545,49.989140336075764,144.36879044235087,-0.22334698040831752,5.494017471995317e-19,56.84880134648739,-0.0003862075055804722
10.72,49.98915386508435,49.989132704440856,144.36800206536034,-0.2226034205691423,4.964877060324342e-19,56.84880134648739,-0.00038472319191886097
10.74,49.98914618913889,49.9891251022163,144.36721643770136,-0.2218623361663192,4.486699277856955e-19,56.84880134648739,-0.00038324212602692506
10.76,49.98913854277436,49.989117529340376,144.3664335510113,-0.22112371895870228,4.054575806275262e-19,56.84880134648739,-0.00038176428922768817
10.78,49.98913092592642,49.98910998575138,144.36565339698058,-0.22038756073258178,3.66407105775205e-19,56.84880134648739,-0.00038028966235400266
10.8,49.989123338531094,49.9891024713876,144.3648759673372,-0.21965385330159276,3.311176645280063e-19,56.84880134648739,-0.00037881822611446163
10.82,49.98911578052482,49.989094986187375,144.3641012538333,-0.21892258850662413,2.992270238059904e-19,56.84880134648739,-0.00037734996142532875
10.84,49.9891082518444,49.98908753008901,144.3633292482317,-0.21819375821572784,2.704078379612321e-19,56.84880134648739,-0.0003758848497225596
10.86,49.989100752427,49.989080103030844,144.36255994229487,-0.21746735432402836,2.443642886956526e-19,56.84880134648739,-0.0003744228732316015
10.88,49.98909328221012,49.989072704951234,144.3617933277741,-0.21674336875363284,2.2082904859545287e-19,56.84880134648739,-0.00037296401520767387
10.9,49.98908584113159,49.98906533578854,144.36102939640142,-0.21602179345354097,1.9956053711395042e-19,56.84880134648739,-0.00037150826013657384
10.92,49.989078429129535,49.98905799548113,144.3602681398819,-0.21530262039955567,1.8034044083649785e-19,56.84880134648739,-0.0003700555938980666
10.94,49.98907104614233,49.98905068396741,144.35950954988823,-0.2145858415941936,1.6297147257391735e-19,56.84880134648739,-0.0003686060038922043
10.96,49.98906369210859,49.98904340118578,144.35875361805626,-0.2138714490665966,1.4727534628237344e-19,56.84880134648739,-0.000367159479128916
10.98,49.989056366967134,49.989036147074664,144.35800033598258,-0.21315943487244274,1.3309094702298448e-19,56.84880134648739,-0.0003657160102798396
11.0,49.98904907065695,49.98902892157248,144.35724969522283,-0.2124497910938581,1.202726771764845e-19,56.84880134648739,-0.0003642755897006338
11.02,49.98904180311713,49.98902172461771,144.35650168729194,-0.21174250983932863,1.0868896193743884e-19,56.84880134648739,-0.00036283821141553117
11.040000000000001,49.9890345642869,49.9890145561488,144.35575630366498,-0.21103758324361263,9.822089874746502e-20,56.84880134648739,-0.0003614038710788935
11.06,49.98902735410553,49.98900741610425,144.35501353577973,-0.21033500346765296,8.876103680438836e-20,56.84880134648739,-0.00035997256590724686
11.08,49.98902017251235,49.989000304422554,144.35427337503978,-0.2096347626984901,8.02122741194457e-20,56.84880134648739,-0.00035854429458797514
11.1,49.989013019446666,49.98899322104225,144.3535358128184,-0.20893685314917518,7.248686080123616e-20,56.84880134648739,-0.0003571190571722237
11.120000000000001,49.98900589484779,49.98898616590187,144.3528008404636,-0.20824126705868334,6.55054983354971e-20,56.84880134648739,-0.0003556968549482374
11.14,49.988998798655004,49.988979138939975,144.3520684493032,-0.2075479966918276,5.919652561514483e-20,56.84880134648739,-0.0003542776903026846
11.16,49.9889917308075,49.98897214009514,144.35133863065067,-0.20685703433917263,5.349518336547902e-20,56.84880134648739,-0.0003528615665730567
11.18,49.98898469124441,49.988965169305985,144.35061137581118,-0.20616837231694915,4.834294941414732e-20,56.84880134648739,-0.00035144848789697784
11.200000000000001,49.98897767990478,49.988958226511116,144.34988667608758,-0.20548200296696847,4.368693798266188e-20,56.84880134648739,-0.00035003845905259053
11.22,49.98897069672755,49.988951311649174,144.34916452278682,-0.20479791865653724,3.947935683341691e-20,56.84880134648739,-0.000348631485305806
11.24,49.988963741651546,49.98894442465883,144.34844490722594,-0.2041161117783727,3.567701670002221e-20,56.84880134648739,-0.0003472275722551516
11.26,49.98895681461548,49.98893756547878,144.3477278207381,-0.20343657475051796,3.224088796543597e-20,56.84880134648739,-0.0003458267256879466
11.28,49.988949915557946,49.98893073404771,144.34701325467813,-0.2027593000162578,2.913570003736178e-20,56.84880134648739,-0.00034442895143579026
11.3,49.98894304441743,49.98892393030437,144.34630120042786,-0.2020842800440346,2.6329579308646204e-20,56.84880134648739,-0.0003430342552503029
11.32,49.988936201132304,49.988917154187504,144.34559164940111,-0.20141150732736443,2.379372198647413e-20,56.84880134648739,-0.0003416426426778369
11.34,49.98892938564083,49.988910405635906,144.344884593048,-0.20074097438475386,2.1502098432074493e-20,56.84880134648739,-0.00034025411895718613
11.36,49.988922597881164,49.98890368458836,144.34418002285872,-0.20007267375961657,1.9431185976092517e-20,56.84880134648739,-0.0003388686889251901
11.38,49.98891583779138,49.988896990983704,144.34347793036721,-0.19940659802019048,1.7559727467077128e-20,56.84880134648739,-0.0003374863569353818
11.4,49.98890910530947,49.988890324760796,144.34277830715348,-0.19874273975945508,1.5868513074672804e-20,56.84880134648739,-0.00033610712679517195
11.42,49.98890240037335,49.98888368585851,144.34208114484602,-0.1980810915950491,1.4340183107806298e-20,56.84880134648739,-0.0003347310017150466
11.44,49.98889572292089,49.98887707421575,144.34138643512352,-0.19742164616918842,1.295904982386973e-20,56.84880134648739,-0.00033335798426771974
11.46,49.98888907288991,49.98887048977144,144.34069416971568,-0.19676439614858413,1.1710936399837116e-20,56.84880134648739,-0.0003319880763702836
11.48,49.98888245021821,49.988863932464554,144.34000434040382,-0.19610933422436122,1.0583031412412335e-20,56.84880134648739,-0.00033062127927047883
11.5,49.988875854843556,49.98885740223406,144.339316939021,-0.19545645311197704,9.563757333501017e-21,56.84880134648739,-0.0003292575935511563
11.52,49.98886928670373,49.988850899018985,144.33863195745147,-0.19480574555114052,8.64265169116091e-21,56.84880134648739,-0.0003278970191398888
11.540000000000001,49.988862745736505,49.98884442275836,144.33794938762972,-0.19415720430573125,7.81025967619179e-21,56.84880134648739,-0.00032653955533883404
11.56,49.98885623187969,49.98883797339126,144.33726922153943,-0.19351082216371907,7.058037092011255e-21,56.84880134648739,-0.0003251852008494495
11.58,49.98884974507111,49.98883155085678,144.33659145121166,-0.19286659193708394,6.378262651632661e-21,56.84880134648739,-0.0003238339538195184
11.6,49.988843285248656,49.98882515509405,144.33591606872315,-0.19222450646173597,5.763958721506139e-21,56.84880134648739,-0.0003224858118850274
11.620000000000001,49.98883685235026,49.98881878604222,144.3352430661942,-0.19158455859743567,5.208819698687454e-21,56.84880134648739,-0.0003211407722244009
11.64,49.98883044631391,49.98881244364049,144.33457243578636,-0.19094674122771466,4.707147286152813e-21,56.84880134648739,-0.0003197988316130792
11.66,49.98882406707768,49.98880612782806,144.33390416970013,-0.19031104725979647,4.2537920018846294e-21,56.84880134648739,-0.0003184599864818725
11.68,49.988817714579696,49.988799838544196,144.3332382601725,-0.18967746962451768,3.844100321340617e-21,56.84880134648739,-0.00031712423297291104
11.700000000000001,49.98881138875818,49.98879357572816,144.33257469947435,-0.18904600127624932,3.473866910743187e-21,56.84880134648739,-0.00031579156700555156
11.72,49.98880508955144,49.98878733931928,144.3319134799083,-0.18841663519281848,3.1392914608814963e-21,56.84880134648739,-0.0003144619843299245
11.74,49.988798816897855,49.988781129256886,144.33125459380608,-0.18778936437543028,2.8369396783410742e-21,56.84880134648739,-0.0003131354805835722
11.76,49.98879257073591,49.988774945480365,144.33059803352626,-0.18716418184859007,2.5637080337504115e-21,56.84880134648739,-0.00031181205134842916
11.78,49.988786351004165,49.98876878792912,144.32994379145225,-0.18654108066002564,2.3167919051982755e-21,56.84880134648739,-0.00031049169219819165
11.8,49.98878015764128,49.98876265654258,144.32929185999015,-0.1859200538806102,2.093656789825705e-21,56.84880134648739,-0.00030917439874534415
11.82,49.98877399058598,49.988756551260245,144.32864223156696,-0.18530109460428518,1.8920122880903e-21,56.84880134648739,-0.00030786016668612586
11.84,49.98876784977711,49.988750472021614,144.32799489862907,-0.1846841959479834,1.7097885936609034e-21,56.84880134648739,-0.0003065489918324537
11.86,49.98876173515356,49.988744418766224,144.32734985364067,-0.18406935105155262,1.5451152476201071e-21,56.84880134648739,-0.00030524087014521833
11.88,49.988755646654326,49.988738391433664,144.32670708908267,-0.18345655307767916,1.3963019388943391e-21,56.84880134648739,-0.00030393579776208797
11.9,49.98874958421846,49.98873238996354,144.3260665974517,-0.18284579521181193,1.261821153835023e-21,56.84880134648739,-0.00030263377101673067
11.92,49.9887435477851,49.988726414295506,144.32542837125914,-0.1822370706620866,1.1402924968551758e-21,56.84880134648739,-0.0003013347864542612
11.94,49.98873753729343,49.988720464369244,144.32479240303104,-0.18163037265925022,1.0304685211785683e-21,56.84880134648739,-0.0003000388408418817
11.96,49.98873155268273,49.98871454012448,144.32415868530722,-0.1810256944565857,9.312219242593236e-22,56.84880134648739,-0.0002987459311736874
11.98,49.9887255938923,49.98870864150097,144.32352721064152,-0.180423029329837,8.4153397643766175e-22,56.84880134648739,-0.0002974560546692938
12.0,49.98871966086151,49.98870276843851,144.3228979716016,-0.1798223705771342,7.60484064056219e-22,56.84880134648739,-0.0002961692087738363
12.02,49.98871375352979,49.98869692087693,144.32227096076934,-0.17922371151891905,6.872402397008919e-22,56.84880134648739,-0.0002948853911462997
12.040000000000001,49.98870787183659,49.988691098756114,144.32164617074093,-0.1786270454978707,6.210506825679184e-22,56.84880134648739,-0.00029360459964853394
12.06,49.98870201572141,49.98868530201595,144.32102359412755,-0.17803236587883164,5.612359813010186e-22,56.84880134648739,-0.0002923268323339265
12.08,49.98869618512379,49.98867953059641,144.3204032235558,-0.1774396660487339,5.071821600847694e-22,56.84880134648739,-0.00029105208742612047
12.1,49.98869037998332,49.98867378443745,144.31978505166856,-0.1768489394165256,4.583343764096364e-22,56.84880134648739,-0.00028978036330253845
12.120000000000001,49.98868460023957,49.98866806347913,144.31916907112554,-0.17626017941309752,4.141912258185492e-22,56.84880134648739,-0.0002885116584734434
12.14,49.988678845832204,49.98866236766149,144.31855527460417,-0.17567337949121006,3.7429959517534776e-22,56.84880134648739,-0.00028724597155825425
12.16,49.988673116700866,49.98865669692465,144.31794365480036,-0.1750885331254206,3.3825001162580146e-22,56.84880134648739,-0.00028598330126838287
12.18,49.98866741278524,49.988651051208755,144.31733420442944,-0.1745056338120108,3.056724395100022e-22,56.84880134648739,-0.0002847236463770275
12.200000000000001,49.98866173402503,49.988645430453985,144.3167269162269,-0.17392467506891426,2.7623248208299185e-22,56.84880134648739,-0.00028346700570372593
12.22,49.988656080359966,49.988639834600576,144.31612178294918,-0.17334565043564445,2.4962794905568706e-22,56.84880134648739,-0.00028221337809067126
12.24,49.988650451729804,49.988634263588786,144.31551879737455,-0.17276855347322295,2.255857547231788e-22,56.84880134648739,-0.0002809627623800563
12.26,49.98864484807432,49.98862871735894,144.31491795230374,-0.17219337776410776,2.0385911484083812e-22,56.84880134648739,-0.0002797151573979409
12.280000000000001,49.98863926933332,49.98862319585139,144.31431924056068,-0.171620116912122,1.8422501347519664e-22,56.84880134648739,-0.00027847056193502944
12.3,49.988633715446625,49.98861769900652,144.3137226549931,-0.17104876454238271,1.6648191382776266e-22,56.84880134648739,-0.0002772289747295078
12.32,49.98862818635408,49.98861222676478,144.31312818847294,-0.17047931430122995,1.5044768953422385e-22,56.84880134648739,-0.0002759903944536565
12.34,49.988622681995565,49.98860677906664,144.31253583389713,-0.16991175985615628,1.3595775520458764e-22,56.84880134648739,-0.00027475481970218
12.36,49.988617202311,49.98860135585265,144.3119455841875,-0.16934609489573618,1.2286337701494392e-22,56.84880134648739,-0.00027352224898190866
12.38,49.98861174724031,49.98859595706335,144.31135743229152,-0.16878231312955594,1.110301460096988e-22,56.84880134648739,-0.0002722926807015014
12.4,49.988606316723484,49.98859058263938,144.31077137118226,-0.16822040828814375,1.0033659844329046e-22,56.84880134648739,-0.000271066113168013
12.42,49.98860091070051,49.98858523252138,144.31018739385854,-0.1676603741228998,9.067296899970483e-23,56.84880134648739,-0.00026984254458140174
12.44,49.98859552911144,49.98857990665006,144.3096054933451,-0.1671022044060271,8.194006409204927e-23,56.84880134648739,-0.00026862197303178376
12.46,49.98859017189637,49.98857460496617,144.30902566269242,-0.16654589293046193,7.40482436770213e-23,56.84880134648739,-0.0002674043965018355
12.48,49.98858483899541,49.988569327410495,144.30844789497678,-0.16599143350980505,6.691650113297339e-23,56.84880134648739,-0.00026618981286164503
12.5,49.98857953034874,49.98856407392389,144.30787218329996,-0.1654388199782526,6.047163175686215e-23,56.84880134648739,-0.00026497821988072606
12.52,49.988574245896565,49.988558844447226,144.30729852078917,-0.1648880461905279,5.464748134501052e-23,56.84880134648739,-0.0002637696152249286
12.540000000000001,49.98856898557916,49.98855363892144,144.30672690059666,-0.16433910602181281,4.93842671446416e-23,56.84880134648739,-0.00026256399646502014
12.56,49.988563749336826,49.988548457287514,144.3061573158995,-0.16379199336767986,4.4627964206002656e-23,56.84880134648739,-0.00026136136108080533
12.58,49.988558537109945,49.98854329948647,144.3055897598992,-0.16324670214402412,4.032975083621054e-23,56.84880134648739,-0.00026016170647107973
12.6,49.98855334883892,49.98853816545939,144.30502422582128,-0.16270322628699582,3.6445507462606935e-23,56.84880134648739,-0.0002589650299608389
12.620000000000001,49.988548184464236,49.988533055147386,144.304460706915,-0.16216155975293267,3.2935363761640956e-23,56.84880134648739,-0.00025777132880745637
12.64,49.98854304392641,49.98852796849164,144.30389919645293,-0.16162169651829275,2.9763289404724387e-23,56.84880134648739,-0.00025658060021235493
12.66,49.98853792716603,49.98852290543335,144.30333968773047,-0.16108363057958758,2.689672422021679e-23,56.84880134648739,-0.00025539284132581203
12.68,49.98853283412374,49.9885178659138,144.30278217406544,-0.1605473559533153,2.4306243975290057e-23,56.84880134648739,-0.0002542080492600035
12.700000000000001,49.98852776474023,49.9885128498743,144.30222664879778,-0.16001286667589407,2.1965258347046484e-23,56.84880134648739,-0.00025302622109415237
12.72,49.988522718956276,49.9885078572562,144.301673105289,-0.1594801568035959,1.984973798267561e-23,56.84880134648739,-0.0002518473538837971
12.74,49.988517696712684,49.988502888000944,144.30112153692204,-0.15894922041248047,1.7937967847023065e-23,56.84880134648739,-0.00025067144466799963
12.76,49.988512697950334,49.988497942049975,144.30057193710067,-0.15842005159832923,1.6210324325775347e-23,56.84880134648739,-0.0002494984904765541
12.780000000000001,49.98850772261016,49.988493019344816,144.3000242992493,-0.15789264447657977,1.4649073796307048e-23,56.84880134648739,-0.00024832848833616515
12.8,49.98850277063316,49.98848811982703,144.29947861681256,-0.1573669931822604,1.3238190598594677e-23,56.84880134648739,-0.00024716143527697015
12.82,49.988497841960395,49.98848324343823,144.29893488325533,-0.1568430918699249,1.196319253773573e-23,56.84880134648739,-0.00024599732833562835
12.84,49.98849293653297,49.988478390120086,144.29839309206204,-0.15632093471358752,1.0810992229567143e-23,56.84880134648739,-0.00024483616456184273
12.86,49.98848805429206,49.98847355981432,144.29785323673687,-0.15580051590665822,9.769762763500796e-24,56.84880134648739,-0.00024367794102076278
12.88,49.98848319517891,49.988468752462694,144.2973153108033,-0.15528182966187812,8.828816303654705e-24,56.84880134648739,-0.00024252265479538751
12.9,49.988478359134795,49.98846396800703,144.2967793078041,-0.15476487021125498,7.97849438216533e-24,56.84880134648739,-0.00024137030298759503
12.92,49.98847354610106,49.988459206389216,144.2962452213012,-0.15424963180599932,7.2100687585824e-24,56.84880134648739,-0.0002402208827222617
12.94,49.98846875601913,49.98845446755116,144.29571304487555,-0.15373610871646023,6.515651827704541e-24,56.84880134648739,-0.00023907439114348626
12.96,49.988463988830446,49.98844975143486,144.29518277212713,-0.1532242952320619,5.888115656225242e-24,56.84880134648739,-0.0002379308254183657
12.98,49.98845924447654,49.988445057982325,144.2946543966749,-0.15271418566123987,5.321018817130227e-24,56.84880134648739,-0.00023679018273356273
13.0,49.98845452289898,49.98844038713566,144.29412791215663,-0.1522057743313779,4.8085402708283466e-24,56.84880134648739,-0.00023565246029496242
13.02,49.988449824039385,49.988435738837005,144.29360331222918,-0.1516990555887449,4.3454196143302345e-24,56.84880134648739,-0.000234517655325956
13.040000000000001,49.988445147839464,49.988431113028554,144.29308059056837,-0.151194023798432,3.926903085154591e-24,56.84880134648739,-0.00023338576506332168
13.06,49.98844049424093,49.98842650965254,144.29255974086897,-0.1506906733442898,3.548694765712157e-24,56.84880134648739,-0.0002322567867579113
13.08,49.98843586318561,49.988421928651285,144.29204075684493,-0.15018899862886606,3.2069124872983976e-24,56.84880134648739,-0.00023113071767018786
13.1,49.98843125461533,49.98841736996713,144.29152363222914,-0.14968899407334352,2.8980479810656612e-24,56.84880134648739,-0.00023000755506576322
13.120000000000001,49.988426668471995,49.9884128335425,144.2910083607739,-0.14919065411747756,2.6189308669392674e-24,56.84880134648739,-0.00022888729621608464
13.14,49.98842210469758,49.98840831931985,144.29049493625064,-0.14869397321953468,2.366696110837049e-24,56.84880134648739,-0.0002277699383905398
13.16,49.98841756323408,49.98840382724171,144.28998335245012,-0.14819894585623067,2.1387546161527244e-24,56.84880134648739,-0.00022665547885645682
13.18,49.988413044023574,49.98839935725067,144.28947360318253,-0.1477055665226693,1.932766647635537e-24,56.84880134648739,-0.00022554391487635832
13.200000000000001,49.988408547008184,49.98839490928935,144.28896568227754,-0.14721382973228112,1.746617814872111e-24,56.84880134648739,-0.00022443524370246914
13.22,49.98840407213009,49.98839048330045,144.28845958358426,-0.14672373001676228,1.578397368849825e-24,56.84880134648739,-0.00022332946257637304
13.24,49.98839961933152,49.988386079226714,144.28795530097153,-0.14623526192601397,1.4263785888239483e-24,56.84880134648739,-0.00022222656872386413
13.26,49.98839518855476,49.988381697010944,144.28745282832762,-0.14574842002808158,1.289001058166978e-24,56.84880134648739,-0.00022112655935563303
13.280000000000001,49.988390779742176,49.98837733659601,144.28695215956054,-0.14526319890909445,1.1648546472683095e-24,56.84880134648739,-0.00022002943166280482
13.3,49.98838639283615,49.988372997924834,144.28645328859795,-0.14477959317320557,1.052665039074627e-24,56.84880134648739,-0.0002189351828155658
13.32,49.988382027779146,49.98836868094038,144.2859562093871,-0.14429759744253165,9.512806486960329e-25,56.84880134648739,-0.0002178438099635068
13.34,49.98837768451368,49.988364385585704,144.28546091589513,-0.14381720635709325,8.596608028124995e-25,56.84880134648739,-0.00021675531023047448
13.36,49.98837336298232,49.98836011180388,144.28496740210858,-0.14333841457475524,7.768650575466217e-25,56.84880134648739,-0.00021566968071869014
13.38,49.98836906312771,49.98835585953807,144.2844756620338,-0.14286121677116737,7.020435451545759e-25,56.84880134648739,-0.0002145869185022281
13.4,49.98836478489254,49.988351628731486,144.28398568969664,-0.14238560763970498,6.344282504476356e-25,56.84880134648739,-0.00021350702063285083
13.42,49.98836052821955,49.98834741932739,144.28349747914257,-0.14191158189141012,5.733251273999331e-25,56.84880134648739,-0.00021242998413417382
13.44,49.98835629305156,49.98834323126912,144.28301102443652,-0.14143913425493274,5.181069750223549e-25,56.84880134648739,-0.00021135580600475465
13.46,49.988352079331435,49.98833906450005,144.2825263196628,-0.14096825947647185,4.682069993760515e-25,56.84880134648739,-0.00021028448322015276
13.48,49.98834788700211,49.98833491896365,144.28204335892514,-0.14049895231971735,4.231129956420046e-25,56.84880134648739,-0.0002092160127305265
13.5,49.98834371600657,49.988330794603414,144.28156213634648,-0.14003120756579165,3.823620905277479e-25,56.84880134648739,-0.0002081503914613197
13.52,49.98833956628787,49.988326691362914,144.28108264606897,-0.13956502001319177,3.455359910439858e-25,56.84880134648739,-0.00020708761631703745
13.540000000000001,49.98833543778914,49.98832260918577,144.28060488225378,-0.13910038447773132,3.122566908815584e-25,56.84880134648739,-0.00020602768417884342
13.56,49.98833133045354,49.988318548015684,144.2801288390812,-0.138637295792483,2.8218259031629824e-25,56.84880134648739,-0.00020497059190833553
13.58,49.98832724422433,49.988314507796396,144.27965451075022,-0.13817574880772107,2.550049898140341e-25,56.84880134648739,-0.0002039163363475461
13.6,49.9883231790448,49.98831048847172,144.2791818914787,-0.1377157383908641,2.3044492134389407e-25,56.84880134648739,-0.00020286491432065798
13.620000000000001,49.98831913485833,49.988306489985526,144.27871097550315,-0.13725725942641784,2.0825028487450764e-25,56.84880134648739,-0.0002018163226350345
13.64,49.98831511160835,49.988302512281756,144.2782417570786,-0.13680030681591843,1.8819326066029916e-25,56.84880134648739,-0.00020077055808190585
13.66,49.98831110923835,49.988298555304404,144.2777742304786,-0.1363448754778757,1.7006797075594655e-25,56.84880134648739,-0.00019972761744083148
13.68,49.98830712769191,49.988294618997514,144.27730838999503,-0.13589096034771656,1.5368836575531553e-25,56.84880134648739,-0.00019868749747592424
13.700000000000001,49.988303166912644,49.988290703305225,144.27684422993795,-0.13543855637772875,1.3888631506302456e-25,56.84880134648739,-0.00019765019494065604
13.72,49.98829922684424,49.9882868081717,144.27638174463561,-0.1349876585370047,1.2550988109598384e-25,56.84880134648739,-0.00019661570657820103
13.74,49.98829530743047,49.9882829335412,144.27592092843432,-0.1345382618113856,1.1342175970022418e-25,56.84880134648739,-0.00019558402912143565
13.76,49.98829140861515,49.98827907935803,144.27546177569832,-0.13409036120340556,1.0249787077447122e-25,56.84880134648739,-0.00019455515929637122
13.780000000000001,49.988287530342156,49.98827524556655,144.27500428080978,-0.1336439517322362,9.262608463373572e-26,56.84880134648739,-0.00019352909381906456
13.8,49.98828367255546,49.988271432111205,144.27454843816855,-0.13319902843363107,8.370507103951336e-26,56.84880134648739,-0.00019250582940042363
13.82,49.98827983519907,49.98826763893649,144.2740942421923,-0.1327555863598706,7.56432590823136e-26,56.84880134648739,-0.00019148536274346152
13.84,49.988276018217086,49.988263865986966,144.27364168731629,-0.13231362057970691,6.835789724009635e-26,56.84880134648739,-0.0001904676905467289
13.86,49.98827222155364,49.988260113207254,144.2731907679933,-0.13187312617830926,6.177420396446318e-26,56.84880134648739,-0.0001894528094998518
13.88,49.988268445152976,49.988256380542055,144.2727414786937,-0.13143409825720903,5.582460007568424e-26,56.84880134648739,-0.00018844071629314275
13.9,49.988264688959354,49.98825266793611,144.2722938139052,-0.13099653193424554,5.044801508737931e-26,56.84880134648739,-0.00018743140760627333
13.92,49.98826095291714,49.988248975334244,144.271847768133,-0.13056042234351156,4.558926034053199e-26,56.84880134648739,-0.00018642488011651228
13.94,49.988257236970746,49.98824530268134,144.27140333589955,-0.13012576463529937,4.119846251228932e-26,56.84880134648739,-0.00018542113049597946
13.96,49.98825354106466,49.98824164992235,144.27096051174465,-0.12969255397604673,3.723055168472387e-26,56.84880134648739,-0.00018442015541130267
13.98,49.98824986514342,49.98823801700228,144.27051929022525,-0.1292607855482831,3.364479871877316e-26,56.84880134648739,-0.00018342195152258782
14.0,49.98824620915167,49.988234403866215,144.2700796659156,-0.12883045455057615,3.040439718467082e-26,56.84880134648739,-0.00018242651548616492
14.02,49.98824257303407,49.9882308104593,144.26964163340705,-0.12840155619747834,2.747608555753986e-26,56.84880134648739,-0.00018143384395218542
14.040000000000001,49.98823895673538,49.988227236726736,144.2692051873081,-0.1279740857194737,2.4829805800125224e-26,56.84880134648739,-0.00018044393356256253
14.06,49.98823536020042,49.988223682613814,144.26877032224428,-0.12754803836292467,2.2438394828143556e-26,56.84880134648739,-0.00017945678095715
14.08,49.98823178337408,49.988220148065864,144.26833703285823,-0.1271234093900195,2.027730569125596e-26,56.84880134648739,-0.00017847238276413074
14.1,49.988228226201315,49.988216633028294,144.26790531380956,-0.12670019407871938,1.8324355607689405e-26,56.84880134648739,-0.00017749073560585236
14.120000000000001,49.988224688627135,49.98821313744659,144.2674751597749,-0.12627838772270591,1.6559498266175228e-26,56.84880134648739,-0.00017651183609848376
14.14,49.98822117059664,49.98820966126629,144.26704656544774,-0.12585798563132888,1.4964618057968236e-26,56.84880134648739,-0.00017553568084858272
14.16,49.98821767205498,49.988206204433006,144.26661952553863,-0.125438983129554,1.35233441268141e-26,56.84880134648739,-0.0001745622664541255
14.18,49.98821419294739,49.98820276689241,144.26619403477486,-0.125021375557911,1.2220882328156618e-26,56.84880134648739,-0.00017359158950485025
14.200000000000001,49.988210733219155,49.98819934859024,144.26577008790056,-0.12460515827244177,1.1043863372708192e-26,56.84880134648739,-0.00017262364658260018
14.22,49.98820729281564,49.98819594947232,144.26534767967678,-0.12419032664464866,9.980205595633365e-27,56.84880134648739,-0.0001716584342568612
14.24,49.98820387168228,49.988192569484525,144.2649268048812,-0.12377687606144315,9.018990942721737e-27,56.84880134648739,-0.00017069594908956763
14.26,49.98820046976457,49.9881892085728,144.26450745830837,-0.12336480192509441,8.150352900594188e-27,56.84880134648739,-0.0001697361876316695
14.280000000000001,49.98819708700808,49.98818586668315,144.2640896347694,-0.12295409965317827,7.365375220587312e-27,56.84880134648739,-0.00016877914642381915
14.3,49.98819372335845,49.98818254376168,144.26367332909211,-0.12254476467852622,6.656000396754193e-27,56.84880134648739,-0.00016782482199705764
14.32,49.98819037876138,49.98817923975453,144.2632585361209,-0.12213679244917462,6.0149469585419594e-27,56.84880134648739,-0.00016687321087212843
14.34,49.98818705316266,49.98817595460792,144.2628452507167,-0.1217301784283141,5.435634729186043e-27,56.84880134648739,-0.00016592430955879065
14.36,49.988183746508135,49.988172688268136,144.262433467757,-0.12132491809423906,4.912117282626129e-27,56.84880134648739,-0.00016497811455616247
14.38,49.98818045874372,49.988169440681546,144.2620231821357,-0.12092100694029745,4.4390209056390135e-27,56.84880134648739,-0.0001640346223537509
14.4,49.988177189815396,49.988166211794564,144.26161438876312,-0.12051844047484062,4.0114894386571974e-27,56.84880134648739,-0.00016309382943042192
14.42,49.98817393966923,49.988163001553694,144.261207082566,-0.12011721422117337,3.625134429084589e-27,56.84880134648739,-0.00016215573225440054
14.44,49.98817070825135,49.98815980990551,144.26080125848722,-0.11971732371750421,3.275990085451516e-27,56.84880134648739,-0.00016122032728327083
14.46,49.98816749550796,49.98815663679663,144.26039691148617,-0.11931876451689565,2.960472570030094e-27,56.84880134648739,-0.00016028761096569213
14.48,49.988164301385325,49.98815348217378,144.25999403653816,-0.11892153218721484,2.675343212063668e-27,56.84880134648739,-0.00015935757974071258
14.5,49.98816112582979,49.98815034598371,144.2595926286348,-0.11852562231108425,2.417675264007728e-27,56.84880134648739,-0.00015843023003639606
14.52,49.98815796878777,49.9881472281733,144.2591926827838,-0.11813103048583257,2.1848238595473838e-27,56.84880134648739,-0.0001575055582722251
14.540000000000001,49.988154830205744,49.98814412868943,144.25879419400886,-0.11773775232344566,1.9743988650215466e-27,56.84880134648739,-0.00015658356085875746
14.56,49.98815171003028,49.98814104747911,144.25839715734963,-0.11734578345051787,1.7842403455837155e-27,56.84880134648739,-0.00015566423419625318
14.58,49.98814860820801,49.988137984489384,144.2580015678617,-0.11695511950820335,1.6123963942685688e-27,56.84880134648739,-0.0001547475746781072
14.6,49.98814552468562,49.98813493966739,144.25760742061658,-0.11656575615216756,1.457103096387919e-27,56.84880134648739,-0.0001538335786884465
14.620000000000001,49.9881424594099,49.98813191296033,144.25721471070145,-0.11617768905253904,1.3167664235979547e-27,56.84880134648739,-0.00015292224260281658
14.64,49.98813941232769,49.98812890431545,144.25682343321935,-0.11579091389386117,1.189945871787061e-27,56.84880134648739,-0.00015201356278989785
14.66,49.98813638338592,49.98812591368012,144.25643358328904,-0.11540542637504417,1.075339674833176e-27,56.84880134648739,-0.00015110753560875948
14.68,49.98813337253157,49.98812294100174,144.25604515604482,-0.11502122220931739,9.717714424553661e-28,56.84880134648739,-0.00015020415741366503
14.700000000000001,49.98813037971171,49.988119986227794,144.25565814663662,-0.11463829712418151,8.781780850021033e-28,56.84880134648739,-0.00014930342454823713
14.72,49.98812740487349,49.988117049305835,144.2552725502299,-0.11425664686136112,7.935989012286527e-28,56.84880134648739,-0.00014840533335163604
14.74,49.988124447964104,49.9881141301835,144.25488836200566,-0.1138762671767573,7.171657170536388e-28,56.84880134648739,-0.00014750988015581356
14.76,49.98812150893085,49.988111228808485,144.25450557716022,-0.11349715384040046,6.480939740727684e-28,56.84880134648739,-0.00014661706128379687
14.780000000000001,49.98811858772108,49.98810834512855,144.25412419090532,-0.1131193026364033,5.8567467635659345e-28,56.84880134648739,-0.0001457268730548373
14.8,49.98811568428224,49.988105479091566,144.2537441984681,-0.1127427093629139,5.292671128691695e-28,56.84880134648739,-0.00014483931178029127
14.82,49.98811279856183,49.98810263064542,144.25336559509088,-0.11236736983206909,4.782922808059236e-28,56.84880134648739,-0.00014395437376362024
14.84,49.98810993050742,49.98809979973813,144.25298837603117,-0.1119932798699477,4.322269423437254e-28,56.84880134648739,-0.00014307205530553966
14.86,49.98810708006668,49.988096986317736,144.25261253656186,-0.11162043531652431,3.9059825379789466e-28,56.84880134648739,-0.00014219235269784028
14.88,49.98810424718734,49.98809419033238,144.25223807197068,-0.11124883202562291,3.5297891205642783e-28,56.84880134648739,-0.00014131526222682067
14.9,49.98810143181719,49.988091411730274,144.25186497756073,-0.1108784658648708,3.1898276847138063e-28,56.84880134648739,-0.00014044078017328736
14.92,49.98809863390412,49.9880886504597,144.25149324864992,-0.11050933271565269,2.882608651856247e-28,56.84880134648739,-0.00013956890281083845
14.94,49.98809585339608,49.98808590646901,144.25112288057133,-0.11014142847306482,2.604978532093347e-28,56.84880134648739,-0.0001386996264092962
14.96,49.9880930902411,49.98808317970663,144.25075386867292,-0.10977474904586935,2.354087554790846e-28,56.84880134648739,-0.00013783294722818516
14.98,49.988090344387274,49.98808047012106,144.25038620831745,-0.10940929035644889,2.1273604167355037e-28,56.84880134648739,-0.0001369688615260001
15.0,49.98808761578279,49.988077777660884,144.2500198948827,-0.10904504834076106,1.9224698475988283e-28,56.84880134648739,-0.00013610736555368411
15.02,49.98808490437589,49.98807510227475,144.24965492376117,-0.10868201894829345,1.7373127213667504e-28,56.84880134648739,-0.00013524845555394217
15.040000000000001,49.98808221011491,49.98807244391137,144.24929129036013,-0.10832019814201842,1.569988468527897e-28,56.84880134648739,-0.00013439212776741966
15.06,49.98807953294825,49.988069802519554,144.2489289901017,-0.10795958189834833,1.4187795674295493e-28,56.84880134648739,-0.00013353837842480746
15.08,49.98807687282438,49.98806717804817,144.2485680184225,-0.1076001662070907,1.2821339145522596e-28,56.84880134648739,-0.00013268720375370725
15.1,49.98807422969187,49.98806457044616,144.24820837077397,-0.1072419470714037,1.1586488927405052e-28,56.84880134648739,-0.0001318385999734824
15.120000000000001,49.988071603499336,49.98806197966256,144.24785004262196,-0.10688492050775164,1.047056973855659e-28,56.84880134648739,-0.00013099256330040705
15.14,49.98806899419549,49.988059405646446,144.24749302944713,-0.10652908254586067,9.462127080678162e-29,56.84880134648739,-0.0001301490899421739
15.16,49.98806640172911,49.98805684834699,144.24713732674437,-0.10617442922867469,8.550809662363737e-29,56.84880134648739,-0.00012930817610167002
15.18,49.98806382604905,49.988054307713455,144.24678293002327,-0.10582095661231129,7.727263146917354e-29,56.84880134648739,-0.00012846981797594713
15.200000000000001,49.98806126710426,49.98805178369514,144.2464298348077,-0.10546866076601792,6.983034133542042e-29,56.84880134648739,-0.00012763401175553503
15.22,49.988058724843725,49.98804927624145,144.2460780366361,-0.10511753777212816,6.310483386302983e-29,56.84880134648739,-0.00012680075362444163
15.24,49.98805619921655,49.988046785301854,144.24572753106105,-0.10476758372601817,5.702707420192249e-29,56.84880134648739,-0.00012597003976221253
15.26,49.98805369017189,49.9880443108259,144.2453783136495,-0.10441879473606329,5.15346763940507e-29,56.84880134648739,-0.00012514186634152817
15.280000000000001,49.98805119765898,49.9880418527632,144.24503037998278,-0.10407116692359468,4.657126300458165e-29,56.84880134648739,-0.00012431622952957684
15.3,49.988048721627145,49.98803941106347,144.24468372565627,-0.10372469642285624,4.208588642835249e-29,56.84880134648739,-0.00012349312548702498
15.32,49.988046262025776,49.98803698567646,144.2443383462796,-0.1033793793809617,3.803250593152118e-29,56.84880134648739,-0.0001226725503690469
15.34,49.988043818804336,49.98803457655203,144.2439942374765,-0.10303521195785165,3.4369515060439175e-29,56.84880134648739,-0.00012185450032601131
15.36,49.988041391912375,49.9880321836401,144.24365139488486,-0.10269219032625088,3.1059314566772446e-29,56.84880134648739,-0.00012103897150176502
15.38,49.98803898129952,49.98802980689068,144.24330981415648,-0.10235031067162584,2.8067926465104924e-29,56.84880134648739,-0.00012022596003466272
15.4,49.98803658691546,49.98802744625383,144.2429694909573,-0.10200956919214223,2.536464526146828e-29,56.84880134648739,-0.00011941546205688048
15.42,49.98803420871,49.98802510167972,144.24263042096715,-0.10166996209862265,2.2921722772787673e-29,56.84880134648739,-0.0001186074736954455
15.44,49.98803184663297,49.988022773118566,144.24229259987976,-0.10133148561450456,2.071408330203152e-29,56.84880134648739,-0.00011780199107292264
15.46,49.98802950063431,49.98802046052068,144.24195602340274,-0.10099413597579819,1.8719066245443397e-29,56.84880134648739,-0.00011699901030535489
15.48,49.98802717066404,49.988018163836436,144.2416206872575,-0.10065790943104475,1.6916193489814382e-29,56.84880134648739,-0.00011619852750397957
15.5,49.98802485667225,49.98801588301631,144.2412865871793,-0.1003228022412747,1.5286959212214716e-29,56.84880134648739,-0.00011540053877454196
15.52,49.98802255860909,49.98801361801082,144.2409537189171,-0.09998881067996612,1.381463992455673e-29,56.84880134648739,-0.00011460504021763844
15.540000000000001,49.98802027642482,49.98801136877058,144.24062207823349,-0.09965593103300338,1.2484122813166583e-29,56.84880134648739,-0.00011381202793043283
15.56,49.98801801006976,49.988009135246294,144.2402916609048,-0.0993241595986357,1.1281750611333951e-29,56.84880134648739,-0.00011302149800185076
15.58,49.98801575949432,49.98800691738871,144.239962462721,-0.09899349268743612,1.0195181412513682e-29,56.84880134648739,-0.00011223344651944484
15.6,49.988013524648956,49.98800471514869,144.23963447948546,-0.09866392662226034,9.213261985213697e-30,56.84880134648739,-0.0001114478695625295
15.620000000000001,49.98801130548426,49.98800252847714,144.2393077070152,-0.09833545773820593,8.325913289193266e-30,56.84880134648739,-0.0001106647632093894
15.64,49.98800910195084,49.98800035732506,144.23898214114075,-0.09800808238257153,7.524027017837717e-30,56.84880134648739,-0.00010988412353041427
15.66,49.98800691399942,49.987998201643535,144.23865777770595,-0.09768179691481627,6.799372104755276e-30,56.84880134648739,-0.00010910594659427758
15.68,49.98800474158081,49.98799606138372,144.2383346125681,-0.0973565977065192,6.144510234920762e-30,56.84880134648739,-0.00010833022846278762
15.700000000000001,49.98800258464586,49.98799393649683,144.23801264159795,-0.09703248114133903,5.5527194931192664e-30,56.84880134648739,-0.00010755696519363362
15.72,49.98800044314554,49.987991826934184,144.23769186067932,-0.09670944361497388,5.017925365969269e-30,56.84880134648739,-0.00010678615284175873
15.74,49.98799831703087,49.98798973264717,144.23737226570955,-0.09638748153512122,4.53463838928645e-30,56.84880134648739,-0.00010601778745695725
15.76,49.987996206252966,49.987987653587254,144.23705385259905,-0.09606659132143786,4.097897800761419e-30,56.84880134648739,-0.00010525186508353137
15.780000000000001,49.98799411076301,49.98798558970597,144.23673661727145,-0.0957467694055002,3.703220619566913e-30,56.84880134648739,-0.00010448838176441021
15.8,49.98799203051228,49.98798354095495,144.23642055566356,-0.09542801223076451,3.346555630215429e-30,56.84880134648739,-0.00010372733353600107
15.82,49.98798996545212,49.98798150728589,144.23610566372525,-0.09511031625252744,3.0242417983285988e-30,56.84880134648739,-0.00010296871643162188
15.84,49.98798791553396,49.98797948865055,144.2357919374195,-0.09479367793788651,2.732970691471528e-30,56.84880134648739,-0.00010221252648081474
15.860000000000001,49.987985880709296,49.98797748500081,144.2354793727222,-0.09447809376570088,2.4697525193158524e-30,56.84880134648739,-0.00010145875970865943
15.88,49.98798386092972,49.9879754962886,144.23516796562242,-0.09416356022655217,2.2318854445463222e-30,56.84880134648739,-0.00010070741213611664
15.9,49.9879818561469,49.98797352246592,144.234857712122,-0.09385007382270548,2.0169278494987063e-30,56.84880134648739,-9.995847978140096e-05
15.92,49.987979866312585,49.98797156348487,144.2345486082357,-0.09353763106807045,1.8226732738563033e-30,56.84880134648739,-9.921195865860796e-05
15.94,49.98797789137859,49.98796961929762,144.23424064999128,-0.09322622848816248,1.6471277661497657e-30,56.84880134648739,-9.846784477668429e-05
15.96,49.98797593129683,49.98796768985642,144.23393383342915,-0.09291586262006413,1.48848941658175e-30,56.84880134648739,-9.772613414354686e-05
15.98,49.98797398601929,49.987965775113594,144.23362815460257,-0.09260653001238663,1.3451298610883986e-30,56.84880134648739,-9.698682275990415e-05
16.0,49.98797205549803,49.98796387502154,144.2333236095776,-0.09229822722523141,1.2155775667836741e-30,56.84880134648739,-9.624990662749444e-05
16.02,49.98797013968519,49.987961989532764,144.23302019443292,-0.09199095083015195,1.0985027272178086e-30,56.84880134648739,-9.551538173981783e-05
16.04,49.987968238533,49.987960118599815,144.23271790525996,-0.09168469741011558,9.927036124052713e-31,56.84880134648739,-9.478324408968786e-05
16.06,49.98796635199377,49.98795826217535,144.2324167381627,-0.09137946355946552,8.970942335103371e-31,56.84880134648739,-9.405348966614233e-05
16.080000000000002,49.987964480019876,49.98795642021207,144.2321166892577,-0.091075245883883,8.106931955728079e-31,56.84880134648739,-9.332611445375658e-05
16.1,49.9879626225638,49.9879545926628,144.23181775467418,-0.0907720410003495,7.326136238512313e-31,56.84880134648739,-9.260111443470325e-05
16.12,49.987960779578074,49.987952779480416,144.23151993055376,-0.09046984553710914,6.620540603812564e-31,56.84880134648739,-9.187848558703585e-05
16.14,49.98795895101533,49.987950980617875,144.23122321305064,-0.0901686561336312,5.982902373056541e-31,56.84880134648739,-9.115822388537528e-05
16.16,49.98795713682827,49.98794919602821,144.2309275983313,-0.08986846944057274,5.406676425322772e-31,56.84880134648739,-9.044032530331274e-05
16.18,49.98795533696969,49.98794742566456,144.2306330825748,-0.0895692821197413,4.885948014091851e-31,56.84880134648739,-8.972478580723098e-05
16.2,49.98795355139246,49.98794566948011,144.2303396619724,-0.08927109084405789,4.415372054558073e-31,56.84880134648739,-8.901160136351276e-05
16.22,49.98795178004952,49.98794392742815,144.2300473327278,-0.08897389229751988,3.990118258308158e-31,56.84880134648739,-8.830076793476499e-05
16.240000000000002,49.987950022893905,49.98794219946203,144.2297560910569,-0.08867768317516421,3.605821552194798e-31,56.84880134648739,-8.759228147947554e-05
16.26,49.98794827987873,49.9879404855352,144.2294659331879,-0.08838246018303056,3.2585372724730803e-31,56.84880134648739,-8.688613795510244e-05
16.28,49.987946550957176,49.98793878560116,144.22917685536112,-0.08808822003812482,2.944700674284139e-31,56.84880134648739,-8.618233331326842e-05
16.3,49.98794483608253,49.98793709961353,144.2288888538292,-0.08779495946838246,2.661090340865849e-31,56.84880134648739,-8.548086350559617e-05
16.32,49.987943135208134,49.98793542752598,144.22860192485683,-0.08750267521263225,2.4047951168996214e-31,56.84880134648739,-8.478172447821624e-05
16.34,49.98794144828743,49.987933769292276,144.22831606472076,-0.08721136402055991,2.173184226576319e-31,56.84880134648739,-8.408491217451316e-05
16.36,49.98793977527394,49.98793212486624,144.22803126970985,-0.08692102265267203,1.9638802696542758e-31,56.84880134648739,-8.339042253821472e-05
16.38,49.98793811612124,49.98793049420181,144.22774753612492,-0.08663164788026002,1.7747348183239287e-31,56.84880134648739,-8.269825150755655e-05
16.4,49.987936470783026,49.98792887725298,144.22746486027881,-0.0863432364853642,1.603806364389894e-31,56.84880134648739,-8.200839501871476e-05
16.42,49.98793483921306,49.98792727397383,144.22718323849642,-0.08605578526073804,1.4493403904064533e-31,56.84880134648739,-8.132084900443292e-05
16.44,49.987933221365175,49.987925684318526,144.22690266711436,-0.08576929100981245,1.309751360204022e-31,56.84880134648739,-8.063560939573825e-05
16.46,49.9879316171933,49.987924108241295,144.22662314248117,-0.08548375054666027,1.1836064439459973e-31,56.84880134648739,-7.995267212159846e-05
16.48,49.98793002665143,49.98792254569646,144.22634466095735,-0.08519916069596085,1.0696108106597155e-31,56.84880134648739,-7.927203310720545e-05
16.5,49.98792844969366,49.987920996638444,144.22606721891503,-0.08491551829296469,9.665943372747746e-32,56.84880134648739,-7.859368827637804e-05
16.52,49.98792688627415,49.98791946102171,144.22579081273824,-0.0846328201834583,8.734995977419109e-32,56.84880134648739,-7.791763354915927e-05
16.54,49.98792533634716,49.98791793880083,144.22551543882264,-0.08435106322372905,7.893710089451735e-32,56.84880134648739,-7.724386484421911e-05
16.56,49.98792379986701,49.987916429930436,144.22524109357556,-0.08407024428053031,7.133450219941918e-32,56.84880134648739,-7.657237807851126e-05
16.580000000000002,49.98792227678812,49.987914934365264,144.22496777341613,-0.08379036023104654,6.446412582137755e-32,56.84880134648739,-7.590316916555686e-05
16.6,49.98792076706497,49.98791345206011,144.22469547477493,-0.0835114079628586,5.825544988450527e-32,56.84880134648739,-7.523623401716072e-05
16.62,49.98791927065216,49.98791198296988,144.22442419409418,-0.08323338437390908,5.264474462353897e-32,56.84880134648739,-7.457156854341142e-05
16.64,49.98791778750432,49.98791052704952,144.22415392782773,-0.08295628637246788,4.7574418221337745e-32,56.84880134648739,-7.390916865062167e-05
16.66,49.98791631757621,49.987909084254085,144.22388467244076,-0.08268011087709778,4.299242565015227e-32,56.84880134648739,-7.324903024544745e-05
16.68,49.98791486082264,49.98790765453871,144.22361642441007,-0.08240485481662016,3.885173444863824e-32,56.84880134648739,-7.259114923111218e-05
16.7,49.98791341719852,49.987906237858596,144.2233491802239,-0.08213051513008092,3.5109841951012544e-32,56.84880134648739,-7.193552150809317e-05
16.72,49.98791198665883,49.98790483416904,144.22308293638176,-0.08185708876671638,3.172833901288766e-32,56.84880134648739,-7.128214297686781e-05
16.740000000000002,49.98791056915864,49.98790344342541,144.22281768939467,-0.08158457268591932,2.8672515755591347e-32,56.84880134648739,-7.06310095348241e-05
16.76,49.98790916465311,49.987902065583164,144.22255343578485,-0.08131296385720528,2.5911005282082424e-32,56.84880134648739,-6.998211707797704e-05
16.78,49.987907773097454,49.987900700597834,144.22229017208593,-0.08104225926017876,2.34154617073383e-32,56.84880134648739,-6.933546149925235e-05
16.8,49.987906394446995,49.98789934842503,144.2220278948428,-0.08077245588449967,2.1160269198315013e-32,56.84880134648739,-6.869103869226217e-05
16.82,49.987905028657124,49.98789800902046,144.22176660061143,-0.08050355072984987,1.9122279036882457e-32,56.84880134648739,-6.804884454752944e-05
16.84,49.98790367568333,49.987896682339894,144.2215062859592,-0.08023554080589974,1.7280572006782966e-32,56.84880134648739,-6.740887495283095e-05
16.86,49.98790233548116,49.987895368339196,144.2212469474644,-0.07996842313227505,1.5616243665603122e-32,56.84880134648739,-6.67711257969733e-05
16.88,49.98790100800626,49.9878940669743,144.2209885817167,-0.07970219473852366,1.4112210297654902e-32,56.84880134648739,-6.613559296361425e-05
16.9,49.987899693214366,49.987892778201235,144.22073118531668,-0.07943685266408261,1.2753033555944162e-32,56.84880134648739,-6.550227233950082e-05
16.92,49.98789839106127,49.9878915019761,144.22047475487602,-0.07917239395824514,1.1524761993241023e-32,56.84880134648739,-6.487115980485819e-05
16.94,49.987897101502874,49.98789023825508,144.22021928701736,-0.0789088156801279,1.041478785562715e-32,56.84880134648739,-6.424225124334408e-05
16.96,49.98789582449514,49.987888986994456,144.2199647783745,-0.07864611489863825,9.411717668558567e-33,56.84880134648739,-6.361554253312413e-05
16.98,49.98789455999413,49.987887748150555,144.21971122559202,-0.0783842886924416,8.505255287057733e-33,56.84880134648739,-6.299102955305046e-05
17.0,49.98789330795598,49.98788652167982,144.2194586253255,-0.07812333414992903,7.686096209588333e-33,56.84880134648739,-6.236870818060217e-05
17.02,49.987892068336905,49.987885307538754,144.21920697424133,-0.07786324836918486,6.94583207078369e-33,56.84880134648739,-6.174857429222859e-05
17.04,49.987890841093204,49.98788410568395,144.21895626901687,-0.07760402845795432,6.276864332681989e-33,56.84880134648739,-6.113062376128976e-05
17.06,49.98788962618127,49.98788291607209,144.2187065063402,-0.07734567153361152,5.6723262885406845e-33,56.84880134648739,-6.051485246251869e-05
17.080000000000002,49.98788842355757,49.98788173865993,144.2184576829102,-0.07708817472312726,5.1260125786280666e-33,56.84880134648739,-5.990125626755913e-05
17.1,49.987887233178654,49.9878805734043,144.21820979543654,-0.07683153516303717,4.6323154944976146e-33,56.84880134648739,-5.9289831048054796e-05
17.12,49.98788605500114,49.98787942026212,144.21796284063953,-0.07657574999940983,4.186167417932054e-33,56.84880134648739,-5.868057267461965e-05
17.14,49.98788488898176,49.98787827919039,144.21771681525024,-0.07632081638781504,3.7829888037141206e-33,56.84880134648739,-5.807347701512159e-05
17.16,49.987883735077304,49.987877150146204,144.21747171601032,-0.07606673149329218,3.4186411722864055e-33,56.84880134648739,-5.7468539938801534e-05
17.18,49.98788259324465,49.98787603308672,144.21722753967217,-0.07581349249031871,3.0893846297872786e-33,56.84880134648739,-5.686575731215436e-05
17.2,49.987881463440765,49.98787492796918,144.21698428299862,-0.07556109656277873,2.791839479421762e-33,56.84880134648739,-5.626512500133167e-05
17.22,49.98788034562269,49.987873834750914,144.21674194276312,-0.07530954090393165,2.5229515301222505e-33,56.84880134648739,-5.5666638872485085e-05
17.240000000000002,49.987879239747556,49.98787275338934,144.21650051574963,-0.07505882271638098,2.2799607464052925e-33,56.84880134648739,-5.5070294789363404e-05
17.26,49.98787814577258,49.98787168384194,144.21625999875263,-0.07480893921204329,2.0603729176267995e-33,56.84880134648739,-5.447608861571544e-05
17.28,49.98787706365504,49.98787062606629,144.21602038857696,-0.0745598876121171,1.861934055831039e-33,56.84880134648739,-5.3884016215633255e-05
17.3,49.987875993352326,49.98786958002005,144.21578168203806,-0.07431166514705204,1.6826072593968027e-33,56.84880134648739,-5.329407345046286e-05
17.32,49.98787493482189,49.98786854566096,144.21554387596154,-0.07406426905651807,1.5205518049946086e-33,56.84880134648739,-5.270625618189352e-05
17.34,49.98787388802128,49.98786752294682,144.21530696718352,-0.07381769658937475,1.3741042532416142e-33,56.84880134648739,-5.212056027127125e-05
17.36,49.98787285290811,49.987866511835556,144.2150709525504,-0.07357194500364059,1.2417613741107551e-33,56.84880134648739,-5.153698157788249e-05
17.38,49.987871829440095,49.98786551228514,144.21483582891886,-0.0733270115664627,1.1221647168297499e-33,56.84880134648739,-5.095551596238675e-05
17.400000000000002,49.98787081757503,49.98786452425364,144.21460159315586,-0.07308289355408626,1.014086665885677e-33,56.84880134648739,-5.037615928475701e-05
17.42,49.98786981727078,49.98786354769919,144.21436824213862,-0.07283958825182434,9.164178400051667e-34,56.84880134648739,-4.9798907402220176e-05
17.44,49.9878688284853,49.98786258258004,144.2141357727545,-0.07259709295402761,8.281557047653877e-34,56.84880134648739,-4.922375617337621e-05
17.46,49.98786785117663,49.987861628854496,144.21390418190103,-0.07235540496405433,7.483942819484936e-34,56.84880134648739,-4.865070145716831e-05
17.48,49.9878668853029,49.98786068648094,144.2136734664859,-0.07211452159424037,6.763148500098456e-34,56.84880134648739,-4.8079739110480133e-05
17.5,49.9878659308223,49.98785975541785,144.21344362342688,-0.0718744401658692,6.111775402037606e-34,56.84880134648739,-4.7510864990881863e-05
17.52,49.98786498769313,49.9878588356238,144.2132146496519,-0.0716351580091423,5.523137421041125e-34,56.84880134648739,-4.6944074955600425e-05
17.54,49.98786405587376,49.987857927057405,144.21298654209875,-0.07139667246314929,4.991192405652657e-34,56.84880134648739,-4.637936486083295e-05
17.56,49.98786313532263,49.98785702967741,144.21275929771542,-0.07115898087583841,4.510480136767769e-34,56.84880134648739,-4.581673056346311e-05
17.580000000000002,49.98786222599828,49.98785614344259,144.21253291345977,-0.07092208060398705,4.076066280501627e-34,56.84880134648739,-4.52561679200313e-05
17.6,49.98786132785934,49.98785526831186,144.21230738629964,-0.07068596901317234,3.683491739074205e-34,56.84880134648739,-4.469767278570491e-05
17.62,49.9878604408645,49.98785440424417,144.2120827132128,-0.07045064347774181,3.328726879818582e-34,56.84880134648739,-4.414124101839736e-05
17.64,49.98785956497255,49.98785355119857,144.21185889118686,-0.07021610138078427,3.0081301724899918e-34,56.84880134648739,-4.3586868472932776e-05
17.66,49.98785870014236,49.987852709134195,144.21163591721933,-0.06998234011410065,2.718410810302898e-34,56.84880134648739,-4.30345510055083e-05
17.68,49.98785784633287,49.98785187801027,144.2114137883175,-0.06974935707817505,2.4565949310148228e-34,56.84880134648739,-4.248428447266433e-05
17.7,49.98785700350312,49.98785105778607,144.21119250149854,-0.06951714968214574,2.2199950913288527e-34,56.84880134648739,-4.1936064729225e-05
17.72,49.98785617161223,49.987850248420976,144.21097205378925,-0.06928571534377646,2.006182681280825e-34,56.84880134648739,-4.1389887634133506e-05
17.740000000000002,49.98785535061939,49.98784944987447,144.2107524422263,-0.06905505148942763,1.8129629954550756e-34,56.84880134648739,-4.084574904084093e-05
17.76,49.98785454048389,49.98784866210606,144.21053366385598,-0.06882515555402773,1.6383527051439786e-34,56.84880134648739,-4.030364480760397e-05
17.78,49.98785374116509,49.9878478850754,144.21031571573434,-0.0685960249810448,1.4805595002113247e-34,56.84880134648739,-3.976357078993326e-05
17.8,49.98785295262243,49.98784711874218,144.2100985949269,-0.06836765722245805,1.3379636916907764e-34,56.84880134648739,-3.922552284642875e-05
17.82,49.98785217481546,49.98784636306619,144.209882298509,-0.06814004973872946,1.2091015862768754e-34,56.84880134648739,-3.8689496832601056e-05
17.84,49.98785140770377,49.987845618007306,144.2096668235654,-0.06791319999877553,1.0926504620538906e-34,56.84880134648739,-3.815548860705015e-05
17.86,49.98785065124708,49.98784488352547,144.20945216719053,-0.06768710547993921,9.87414991243912e-35,56.84880134648739,-3.762349402700293e-05
17.88,49.98784990540515,49.987844159580725,144.2092383264883,-0.06746176366796179,8.923149706087137e-35,56.84880134648739,-3.7093508951402614e-05
17.900000000000002,49.98784917013784,49.98784344613318,144.2090252985721,-0.06723717205695491,8.063742335624973e-35,56.84880134648739,-3.656552923850589e-05
17.92,49.98784844540511,49.98784274314305,144.20881308056477,-0.0670133281493728,7.287106301824443e-35,56.84880134648739,-3.603955074691271e-05
17.94,49.98784773116699,49.98784205057059,144.20860166959864,-0.0667902294559844,6.585269722655875e-35,56.84880134648739,-3.5515569337282554e-05
17.96,49.987847027383566,49.98784136837618,144.20839106281545,-0.06656787349584571,5.951028504863567e-35,56.84880134648739,-3.499358086855864e-05
17.98,49.987846334015046,49.98784069652026,144.20818125736625,-0.06634625779627226,5.377872396609405e-35,56.84880134648739,-3.4473581201743715e-05
18.0,49.98784565102171,49.98784003496335,144.2079722504115,-0.06612537989281153,4.859918162142367e-35,56.84880134648739,-3.395556619818378e-05
18.02,49.98784497836391,49.98783938366607,144.20776403912095,-0.06590523732921558,4.391849192556563e-35,56.84880134648739,-3.343953171991137e-05
18.04,49.98784431600208,49.9878387425891,144.20755662067359,-0.06568582765741374,3.96886093276455e-35,56.84880134648739,-3.292547362964551e-05
18.06,49.98784366389676,49.98783811169322,144.20734999225783,-0.06546714843748543,3.586611564513967e-35,56.84880134648739,-3.241338778976198e-05
18.080000000000002,49.98784302200855,49.98783749093928,144.2071441510712,-0.06524919723763287,3.241177439226858e-35,56.84880134648739,-3.19032700640096e-05
18.1,49.987842390298134,49.987836880288214,144.20693909432038,-0.06503197163415424,2.9290128031962584e-35,56.84880134648739,-3.139511631785345e-05
18.12,49.98784176872629,49.98783627970104,144.20673481922128,-0.0648154692114166,2.646913401734045e-35,56.84880134648739,-3.088892241710189e-05
18.14,49.987841157253875,49.98783568913887,144.20653132299907,-0.06459968756182904,2.3919835886800824e-35,56.84880134648739,-3.038468422722002e-05
18.16,49.98784055584182,49.98783510856287,144.20632860288788,-0.06438462428581596,2.1616066036639214e-35,56.84880134648739,-2.9882397614359443e-05
18.18,49.98783996445115,49.98783453793431,144.206126656131,-0.06417027699179031,1.9534177120261194e-35,56.84880134648739,-2.938205844810435e-05
18.2,49.98783938304296,49.987833977214535,144.2059254799808,-0.06395664329612712,1.7652799316903978e-35,56.84880134648739,-2.888366259632263e-05
18.22,49.98783881157844,49.98783342636498,144.20572507169865,-0.06374372082313683,1.5952620978319395e-35,56.84880134648739,-2.8387205929284985e-05
18.240000000000002,49.98783825001886,49.987832885347146,144.20552542855492,-0.06353150720503896,1.4416190401837578e-35,56.84880134648739,-2.7892684317262117e-05
18.26,49.98783769832557,49.987832354122624,144.20532654782897,-0.06332000008193582,1.3027736695084973e-35,56.84880134648739,-2.740009363292752e-05
18.28,49.98783715646001,49.987831832653086,144.2051284268091,-0.06310919710178618,1.177300789359925e-35,56.84880134648739,-2.6909429748268187e-05
18.3,49.987836624383675,49.98783132090029,144.20493106279258,-0.06289909592037914,1.0639124669678181e-35,56.84880134648739,-2.64206885376739e-05
18.32,49.98783610205818,49.987830818826076,144.20473445308556,-0.06268969420130811,9.614448130837875e-36,56.84880134648739,-2.5933865876220957e-05
18.34,49.98783558944521,49.98783032639236,144.204538595003,-0.06248098961594478,8.688460350880353e-36,56.84880134648739,-2.5448957640015437e-05
18.36,49.987835086506514,49.98782984356114,144.20434348586872,-0.06227297984341324,7.851656407266015e-36,56.84880134648739,-2.4965959706536445e-05
18.38,49.98783459320394,49.9878293702945,144.20414912301544,-0.062065662570564166,7.095446816594491e-36,56.84880134648739,-2.4484867953606338e-05
18.400000000000002,49.987834109499424,49.9878289065546,144.20395550378458,-0.06185903549194908,6.412069366730147e-36,56.84880134648739,-2.4005678261793533e-05
18.42,49.98783363535497,49.98782845230368,144.20376262552628,-0.06165309630979475,5.794509440561545e-36,56.84880134648739,-2.3528386511666455e-05
18.44,49.987833170732664,49.98782800750408,144.20357048559953,-0.061447842733977624,5.236428013547712e-36,56.84880134648739,-2.3052988585853064e-05
18.46,49.98783271559469,49.9878275721182,144.20337908137193,-0.061243272481998345,4.732096585972591e-36,56.84880134648739,-2.257948036869761e-05
18.48,49.987832269903315,49.98782714610853,144.2031884102198,-0.06103938327895639,4.2763383820113347e-36,56.84880134648739,-2.2107857742828062e-05
18.5,49.98783183362086,49.98782672943765,144.2029984695281,-0.06083617285752477,3.864475212038548e-36,56.84880134648739,-2.163811659705101e-05
18.52,49.98783140670975,49.9878263220682,144.20280925669041,-0.06063363895792479,3.492279452739715e-36,56.84880134648739,-2.1170252818113506e-05
18.54,49.987830989132505,49.98782592396292,144.20262076910888,-0.06043177932790096,3.1559306521193825e-36,56.84880134648739,-2.0704262295165405e-05
18.56,49.98783058085169,49.987825535084625,144.2024330041943,-0.060230591722695924,2.8519763139725452e-36,56.84880134648739,-2.024014091975936e-05
18.580000000000002,49.98783018182999,49.98782515539622,144.20224595936588,-0.060030073905025495,2.577296459286312e-36,56.84880134648739,-1.977788458379129e-05
18.6,49.98782979203015,49.98782478486067,144.2020596320515,-0.05983022364505379,2.329071600807729e-36,56.84880134648739,-1.9317489180186872e-05
18.62,49.98782941141499,49.987824423441054,144.20187401968744,-0.05963103872036843,2.1047538020485286e-36,56.84880134648739,-1.8858950604961112e-05
18.64,49.98782903994744,49.98782407110049,144.20168911971842,-0.059432516915955816,1.9020405236581834e-36,56.84880134648739,-1.840226475481552e-05
18.66,49.9878286775905,49.98782372780222,144.2015049295977,-0.059234656024176505,1.7188509887079343e-36,56.84880134648739,-1.7947427528854417e-05
18.68,49.98782832430724,49.987823393509544,144.20132144678678,-0.05903745384474066,1.5533048242841692e-36,56.84880134648739,-1.7494434827211888e-05
18.7,49.987827980060814,49.98782306818584,144.20113866875573,-0.058840908184683585,1.403702760154997e-36,56.84880134648739,-1.70432825510518e-05
18.72,49.98782764481448,49.98782275179458,144.2009565929829,-0.058645016858341316,1.2685091863889595e-36,56.84880134648739,-1.659396660497058e-05
18.740000000000002,49.98782731853155,49.98782244429931,144.20077521695492,-0.05844977768732635,1.1463363908862738e-36,56.84880134648739,-1.6146482893221413e-05
18.76,49.98782700117545,49.98782214566367,144.2005945381668,-0.05825518850050341,1.0359303150266922e-36,56.84880134648739,-1.5700827323490042e-05
18.78,49.98782669270964,49.98782185585135,144.20041455412183,-0.05806124713396527,9.361576812209633e-37,56.84880134648739,-1.5256995804491998e-05
18.8,49.987826393097706,49.987821574826164,144.2002352623315,-0.05786795143100875,8.459943602349637e-37,56.84880134648739,-1.48149842473456e-05
18.82,49.9878261023033,49.987821302551964,144.2000566603155,-0.057675299242110664,7.645148588813807e-37,56.84880134648739,-1.4374788564885462e-05
18.84,49.987825820290155,49.98782103899272,144.19987874560195,-0.05748328842490398,6.9088282017398455e-37,56.84880134648739,-1.3936404670975964e-05
18.86,49.98782554702209,49.98782078411245,144.19970151572682,-0.05729191684415395,6.243424384320792e-37,56.84880134648739,-1.3499828482570808e-05
18.88,49.98782528246299,49.98782053787529,144.19952496823447,-0.0571011823717344,5.642107012143546e-37,56.84880134648739,-1.3065055917653465e-05
18.900000000000002,49.98782502657684,49.98782030024541,144.1993491006773,-0.056911082886604035,5.098703784484523e-37,56.84880134648739,-1.2632082896266952e-05
18.92,49.98782477932771,49.987820071187116,144.1991739106158,-0.05672161627478288,4.6076368679225226e-37,56.84880134648739,-1.2200905340857087e-05
18.94,49.987824540679725,49.98781985066474,144.1989993956186,-0.05653278042932872,4.163865641938885e-37,56.84880134648739,-1.177151917558597e-05
18.96,49.98782431059711,49.98781963864275,144.1988255532624,-0.05634457325031377,3.762834958809663e-37,56.84880134648739,-1.1343920327361769e-05
18.98,49.98782408904419,49.98781943508563,144.1986523811317,-0.05615699264480119,3.400428386696713e-37,56.84880134648739,-1.091810472480893e-05
19.0,49.98782387598533,49.987819239958014,144.19847987681933,-0.05597003652682191,3.0729259559953246e-37,56.84880134648739,-1.0494068297581676e-05
19.02,49.987823671384994,49.98781905322456,144.19830803792587,-0.05578370281735142,2.7769659752202265e-37,56.84880134648739,-1.0071806977737031e-05
19.04,49.98782347520775,49.98781887485004,144.19813686205998,-0.055597989444286615,2.5095105244841628e-37,56.84880134648739,-9.651316701451108e-06
19.06,49.987823287418216,49.9878187047993,144.1979663468381,-0.055412894342422775,2.26781427237233e-37,56.84880134648739,-9.232593405243274e-06
19.080000000000002,49.9878231079811,49.98781854303726,144.1977964898847,-0.05522841545343059,2.0493962961294204e-37,56.84880134648739,-8.815633028378959e-06
19.1,49.98782293686121,49.98781838952891,144.1976272888321,-0.055044550725833294,1.8520146159038839e-37,56.84880134648739,-8.400431512526389e-06
19.12,49.9878227740234,49.98781824423936,144.19745874132047,-0.05486129811498381,1.6736431816528504e-37,56.84880134648739,-7.986984801070085e-06
19.14,49.987822619432634,49.98781810713375,144.19729084499778,-0.05467865558304205,1.512451076486778e-37,56.84880134648739,-7.575288839454103e-06
19.16,49.987822473053946,49.98781797817733,144.1971235975198,-0.05449662109895225,1.366783722983847e-37,56.84880134648739,-7.165339577241594e-06
19.18,49.98782233485246,49.987817857335436,144.19695699655017,-0.054315192638420356,1.2351458995638571e-37,56.84880134648739,-6.75713296365245e-06
19.2,49.98782220479336,49.98781774457347,144.19679103976017,-0.05413436818389153,1.1161863925909802e-37,56.84880134648739,-6.350664952712165e-06
19.22,49.98782208284194,49.987817639856914,144.1966257248289,-0.053954145724527725,1.008684126664871e-37,56.84880134648739,-5.945931499132747e-06
19.240000000000002,49.987821968963544,49.98781754315134,144.19646104944314,-0.053774523256185314,9.115356307326976e-38,56.84880134648739,-5.542928561058781e-06
19.26,49.98782186312363,49.987817454422384,144.1962970112973,-0.053595498781392796,8.237437113663605e-38,56.84880134648739,-5.141652098007877e-06
19.28,49.9878217652877,49.98781737363578,144.19613360809353,-0.0534170703093286,7.444072169402751e-38,56.84880134648739,-4.742098073616737e-06
19.3,49.987821675421365,49.98781730075733,144.1959708375416,-0.05323923585579893,6.72711787642784e-38,56.84880134648739,-4.344262452208577e-06
19.32,49.9878215934903,49.98781723575292,144.1958086973588,-0.053061993443215695,6.079214963734804e-38,56.84880134648739,-3.948141202225698e-06
19.34,49.98782151946028,49.98781717858852,144.19564718527016,-0.05288534110057456,5.493712947233441e-38,56.84880134648739,-3.553730293483436e-06
19.36,49.98782145329715,49.98781712923018,144.1954862990082,-0.05270927686343296,4.964601864984639e-38,56.84880134648739,-3.1610256988864388e-06
19.38,49.98782139496682,49.98781708764402,144.1953260363129,-0.05253379877388832,4.48645058716091e-38,56.84880134648739,-2.7700233933988998e-06
19.400000000000002,49.987821344435304,49.98781705379624,144.19516639493193,-0.05235890488055624,4.0543510675047353e-38,56.84880134648739,-2.3807193550743288e-06
19.42,49.98782130166868,49.98781702765314,144.1950073726203,-0.0521845932385488,3.663867964046571e-38,56.84880134648739,-1.993109565398809e-06
19.44,49.98782126663313,49.987817009181086,144.19484896714062,-0.05201086190945296,3.310993111957759e-38,56.84880134648739,-1.6071900062016817e-06
19.46,49.987821239294874,49.98781699834651,144.19469117626275,-0.05183770896130897,2.992104381219012e-38,56.84880134648739,-1.2229566648044049e-06
19.48,49.98782121962026,49.987816995115935,144.1945339977642,-0.05166513246858892,2.70392849679363e-38,56.84880134648739,-8.404055292149516e-07
19.5,49.98782120757568,49.98781699945599,144.1943774294298,-0.05149313051217527,2.443507439668263e-38,56.84880134648739,-4.595325915603836e-07
19.52,49.98782120312762,49.98781701133333,144.19422146905174,-0.05132170117933959,2.208168083880307e-38,56.84880134648739,-8.033384431101971e-08
19.54,49.98782120624266,49.98781703071473,144.19406611442952,-0.05115084256372122,1.9954947578672424e-38,56.84880134648739,2.971947142274462e-07
19.56,49.98782121688743,49.987817057567035,144.19391136337003,-0.0509805527653061,1.8033044484902937e-38,56.84880134648739,6.730570850628054e-07
19.580000000000002,49.98782123502867,49.98781709185717,144.19375721368752,-0.05081082989040565,1.6296243932108728e-38,56.84880134648739,1.047257265083761e-06
19.6,49.987821260633176,49.98781713355213,144.19360366320342,-0.05064167205163568,1.472671830411779e-38,56.84880134648739,1.419799249462729e-06
19.62,49.98782129366784,49.98781718261899,144.1934507097465,-0.050473077367895434,1.3308357000076783e-38,56.84880134648739,1.7906870295962948e-06
19.64,49.98782133409963,49.98781723902493,144.1932983511527,-0.05030504396434665,1.2026601065083844e-38,56.84880134648739,2.1599245937917272e-06
19.66,49.98782138189558,49.98781730273717,144.19314658526523,-0.05013756997239275,1.0868293747893997e-38,56.84880134648739,2.527515928983266e-06
19.68,49.98782143702282,49.98781737372303,144.19299540993453,-0.04997065352965798,9.821545451727203e-39,56.84880134648739,2.893465017986062e-06
19.7,49.987821499448565,49.98781745194992,144.19284482301813,-0.049804292779966786,8.875611691948919e-39,56.84880134648739,3.2577758405259507e-06
19.72,49.98782156914009,49.98781753738531,144.19269482238082,-0.04963848587332312,8.020782807903905e-39,56.84880134648739,3.6204523735827077e-06
19.740000000000002,49.98782164606476,49.98781762999675,144.19254540589435,-0.04947323096588988,7.248284296835946e-39,56.84880134648739,3.981498591390051e-06
19.76,49.98782173019002,49.987817729751875,144.19239657143774,-0.04930852621996843,6.550186746857987e-39,56.84880134648739,4.340918465778895e-06
19.78,49.98782182148339,49.9878178366184,144.192248316897,-0.04914436980397813,5.919324444467925e-39,56.84880134648739,4.6987159634312965e-06
19.8,49.98782191991247,49.987817950564114,144.1921006401653,-0.04898075989243598,5.349221821146219e-39,56.84880134648739,5.0548950493130225e-06
19.82,49.98782202544495,49.98781807155689,144.19195353914276,-0.04881769466593631,4.834026984036848e-39,56.84880134648739,5.409459686673556e-06
19.84,49.987822138048585,49.98781819956468,144.1918070117365,-0.04865517231113058,4.36845164842859e-39,56.84880134648739,5.7624138329270025e-06
19.86,49.987822257691214,49.9878183345555,144.19166105586072,-0.048493191020707205,3.947716855465737e-39,56.84880134648739,6.113761444114439e-06
19.88,49.98782238434075,49.987818476497466,144.19151566943654,-0.04833174899337139,3.5675039179005905e-39,56.84880134648739,6.463506472157856e-06
19.900000000000002,49.98782251796521,49.98781862535876,144.19137085039205,-0.048170844433825216,3.223910090364008e-39,56.84880134648739,6.811652866919697e-06
19.92,49.98782265853265,49.98781878110764,144.1912265966623,-0.04801047555274759,2.9134085091257033e-39,56.84880134648739,7.1582045748298325e-06
19.94,49.98782280601124,49.987818943712455,144.19108290618917,-0.047850640566774356,2.6328119901407328e-39,56.84880134648739,7.503165538199046e-06
19.96,49.9878229603692,49.98781911314161,144.1909397769215,-0.04769133769847851,2.379240313782487e-39,56.84880134648739,7.846539696592061e-06
19.98,49.987823121574856,49.98781928936362,144.190797206815,-0.04753256517635038,2.1500906604520588e-39,56.84880134648739,8.188330986827542e-06
20.0,49.9878232895966,49.98781947234705,144.19065519383219,-0.047374321234777944,1.9430108935964342e-39,56.84880134648739,8.52854334126181e-06
20.02,49.98782346440289,49.987819662060545,144.19051373594235,-0.047216604114027234,1.755875415895558e-39,56.84880134648739,8.86718068984838e-06
20.04,49.98782364596228,49.987819858472854,144.1903728311217,-0.0470594120602227,1.5867633507909513e-39,56.84880134648739,9.204246959451455e-06
20.06,49.98782383424341,49.98782006155278,144.19023247735316,-0.04690274332532774,1.4339388253973319e-39,56.84880134648739,9.539746073502663e-06
20.080000000000002,49.98782402921496,49.98782027126921,144.19009267262643,-0.046746596167125294,1.295833152408605e-39,56.84880134648739,9.873681950284772e-06
20.1,49.987824230845746,49.9878204875911,144.18995341493792,-0.0465909688491984,1.1710287281020764e-39,56.84880134648739,1.0206058507394035e-05
20.12,49.98782443910461,49.9878207104875,144.1898147022908,-0.04643585964091095,1.058244481159842e-39,56.84880134648739,1.0536879657277843e-05
20.14,49.98782465396049,49.98782093992753,144.18967653269493,-0.0462812668173884,9.563227229448852e-40,56.84880134648739,1.0866149310324044e-05
20.16,49.987824875382415,49.98782117588039,144.1895389041668,-0.0461271886594986,8.642172642548197e-40,56.84880134648739,1.119387137142837e-05
20.18,49.98782510333948,49.987821418315356,144.1894018147296,-0.0459736234538327,7.809826765761462e-40,56.84880134648739,1.1520049743770263e-05
20.2,49.987825337800864,49.98782166720178,144.1892652624131,-0.045820569492686064,7.0576458760976414e-40,56.84880134648739,1.1844688326753336e-05
20.22,49.98782557873581,49.987821922509085,144.1891292452538,-0.045668025074039297,6.377909114548908e-40,56.84880134648739,1.216779101634863e-05
20.240000000000002,49.98782582611366,49.987822184206784,144.18899376129468,-0.04551598850153931,5.763639234324665e-40,56.84880134648739,1.2489361703721579e-05
20.26,49.987826079903805,49.98782245226446,144.18885880858528,-0.04536445808448047,5.208530981990346e-40,56.84880134648739,1.2809404278321332e-05
20.28,49.98782634007575,49.98782272665178,144.18872438518184,-0.04521343213778578,4.706886376369815e-40,56.84880134648739,1.3127922624791438e-05
20.3,49.98782660659905,49.98782300733848,144.18859048914692,-0.045062908981988156,4.253556220873188e-40,56.84880134648739,1.3444920625029381e-05
20.32,49.98782687944335,49.98782329429437,144.1884571185498,-0.04491288694321173,3.843887248895739e-40,56.84880134648739,1.3760402157156818e-05
20.34,49.98782715857836,49.98782358748935,144.18832427146606,-0.044763364353153264,3.473674359754925e-40,56.84880134648739,1.4074371094146546e-05
20.36,49.98782744397389,49.987823886893395,144.18819194597785,-0.04461433954906358,3.1391174548850755e-40,56.84880134648739,1.4386831307598332e-05
20.38,49.98782773559981,49.98782419247654,144.1880601401738,-0.04446581087372907,2.836782431229212e-40,56.84880134648739,1.4697786664649595e-05
20.400000000000002,49.98782803342606,49.987824504208916,144.1879288521489,-0.04431777667545327,2.563565931439586e-40,56.84880134648739,1.5007241028661924e-05
20.42,49.987828337422684,49.987824822060716,144.1877980800046,-0.0441702353080385,2.316663489060753e-40,56.84880134648739,1.5315198258877826e-05
20.44,49.98782864755978,49.98782514600223,144.18766782184866,-0.04402318513076754,2.0935407417172643e-40,56.84880134648739,1.562166221145048e-05
20.46,49.98782896380753,49.98782547600379,144.18753807579535,-0.043876624508385406,1.8919074168199727e-40,56.84880134648739,1.5926636739443757e-05
20.48,49.9878292861362,49.98782581203585,144.18740883996512,-0.04373055181108114,1.709693822763834e-40,56.84880134648739,1.6230125689742894e-05
20.5,49.98782961451611,49.987826154068905,144.18728011248487,-0.04358496541446971,1.545029604308042e-40,56.84880134648739,1.653213290923313e-05
20.52,49.98782994891769,49.98782650207354,144.18715189148776,-0.04343986369957393,1.396224544070313e-40,56.84880134648739,1.6832662237248035e-05
20.54,49.987830289311425,49.987826856020405,144.18702417511327,-0.04329524505280648,1.2617512130697534e-40,56.84880134648739,1.713171751174816e-05
20.56,49.98783063566788,49.98782721588024,144.1868969615071,-0.04315110786595191,1.1402292922325403e-40,56.84880134648739,1.742930256588844e-05
20.580000000000002,49.98783098795771,49.98782758162386,144.18677024882123,-0.04300745053614883,1.030411403926461e-40,56.84880134648739,1.7725421228704732e-05
20.6,49.987831346151616,49.98782795322215,144.18664403521387,-0.04286427146587203,9.311703080902484e-41,56.84880134648739,1.802007732683009e-05
20.62,49.987831710220405,49.987828330646074,144.1865183188494,-0.04272156906291472,8.41487331530708e-41,56.84880134648739,1.8313274681405448e-05
20.64,49.98783208013495,49.98782871386667,144.18639309789853,-0.04257934174037085,7.604419116186456e-41,56.84880134648739,1.8605017111168936e-05
20.66,49.9878324558662,49.987829102855045,144.18626837053796,-0.042437587916617434,6.872021470534964e-41,56.84880134648739,1.8895308429023316e-05
20.68,49.98783283738518,49.9878294975824,144.18614413495067,-0.042296306015297,6.210162587037453e-41,56.84880134648739,1.9184152447528086e-05
20.7,49.987833224662985,49.98782989802,144.18602038932568,-0.042155494465300015,5.612048728718169e-41,56.84880134648739,1.9471552970661316e-05
20.72,49.9878336176708,49.98783030413918,144.18589713185824,-0.042015151700747454,5.071540477740035e-41,56.84880134648739,1.975751380171455e-05
20.740000000000002,49.98783401637988,49.987830715911365,144.18577436074958,-0.04187527616097335,4.583089716548198e-41,56.84880134648739,2.004203873848723e-05
20.76,49.98783442076155,49.98783113330804,144.18565207420704,-0.04173586629050746,4.14168267849257e-41,56.84880134648739,2.0325131576375984e-05
20.78,49.987834830787214,49.98783155630078,144.18553027044408,-0.041596920539057974,3.742788483365051e-41,56.84880134648739,2.0606796104598818e-05
20.8,49.98783524642836,49.987831984861224,144.1854089476801,-0.04145843736149425,3.3823126295877055e-41,56.84880134648739,2.0887036111000693e-05
20.82,49.98783566765654,49.987832418961084,144.18528810414057,-0.04132041521782966,3.056554965666411e-41,56.84880134648739,2.116585537621818e-05
20.84,49.98783609444339,49.98783285857216,144.18516773805698,-0.04118285257320446,2.7621717095024485e-41,56.84880134648739,2.1443257680201335e-05
20.86,49.98783652676061,49.98783330366633,144.1850478476668,-0.04104574789786869,2.4961411257043184e-41,56.84880134648739,2.1719246796721568e-05
20.88,49.98783696457999,49.987833754215515,144.1849284312134,-0.04090909966716519,2.2557325085900487e-41,56.84880134648739,2.1993826495431215e-05
20.900000000000002,49.98783740787339,49.98783421019175,144.1848094869461,-0.04077290636151265,2.038478152501981e-41,56.84880134648739,2.2267000543579805e-05
20.92,49.98783785661274,49.98783467156713,144.18469101312024,-0.04063716646638871,1.842148021719662e-41,56.84880134648739,2.2538772702238233e-05
20.94,49.98783831077005,49.987835138313805,144.184573007997,-0.0405018784723131,1.6647268599668582e-41,56.84880134648739,2.2809146729731336e-05
20.96,49.98783877031741,49.987835610404034,144.18445546984339,-0.04036704087483088,1.50439350455023e-41,56.84880134648739,2.307812637957835e-05
20.98,49.98783923522697,49.98783608781012,144.18433839693242,-0.04023265217449566,1.3595021927969487e-41,56.84880134648739,2.334571540255245e-05
21.0,49.98783970547097,49.98783657050447,144.1842217875428,-0.040098710876853,1.2285656689087367e-41,56.84880134648739,2.3611917542218404e-05
21.02,49.98784018102172,49.98783705845953,144.18410563995923,-0.03996521549242373,1.1102399178304283e-41,56.84880134648739,2.3876736541454475e-05
21.04,49.98784066185159,49.987837551647864,144.18398995247213,-0.039832164536687406,1.003310369431853e-41,56.84880134648739,2.4140176136617027e-05
21.06,49.98784114793306,49.987838050042065,144.1838747233777,-0.03969955653006581,9.066794313940607e-42,56.84880134648739,2.4402240060629847e-05
21.080000000000002,49.98784163923865,49.98783855361483,144.18375995097796,-0.03956738999790649,8.193552228295731e-42,56.84880134648739,2.4662932042640907e-05
21.1,49.987842135740976,49.98783906233892,144.18364563358068,-0.039435663470466356,7.404413929914336e-42,56.84880134648739,2.492225580699256e-05
21.12,49.98784263741271,49.98783957618717,144.18353176949938,-0.03930437548289536,6.691279205638653e-42,56.84880134648739,2.518021507356482e-05
21.14,49.987843144226616,49.98784009513249,144.18341835705326,-0.03917352457522015,6.04682799092652e-42,56.84880134648739,2.5436813558805124e-05
21.16,49.987843656155526,49.98784061914787,144.1833053945673,-0.03904310929232791,5.464445232092593e-42,56.84880134648739,2.5692054974012058e-05
21.18,49.987844173172334,49.98784114820636,144.18319288037213,-0.03891312818395013,4.9381529852255936e-42,56.84880134648739,2.5945943027394878e-05
21.2,49.98784469525003,49.98784168228109,144.18308081280404,-0.03878357980464648,4.4625490548020634e-42,56.84880134648739,2.619848142098422e-05
21.22,49.98784522236166,49.98784222134527,144.18296919020497,-0.03865446271378874,4.032751542144664e-42,56.84880134648739,2.6449673854751167e-05
21.240000000000002,49.98784575448037,49.98784276537218,144.18285801092242,-0.0385257754755448,3.644348734535427e-42,56.84880134648739,2.669952402180166e-05
21.26,49.98784629157933,49.98784331433516,144.1827472733097,-0.03839751665886267,3.2933538206142086e-42,56.84880134648739,2.6948035612495578e-05
21.28,49.987846833631835,49.98784386820764,144.1826369757256,-0.03826968483745458,2.976163967232639e-42,56.84880134648739,2.7195212313760228e-05
21.3,49.98784738061123,49.98784442696313,144.1825271165344,-0.038142278589781115,2.6895233377025952e-42,56.84880134648739,2.7441057806344283e-05
21.32,49.98784793249093,49.98784499057518,144.18241769410605,-0.03801529649903538,2.4304896718351678e-42,56.84880134648739,2.7685575766190815e-05
21.34,49.987848489244435,49.98784555901745,144.18230870681612,-0.03788873715312731,2.1964040847265715e-42,56.84880134648739,2.7928769867183354e-05
21.36,49.98784905084531,49.98784613226365,144.18220015304559,-0.03776259914466788,1.9848637742866892e-42,56.84880134648739,2.8170643776340277e-05
21.38,49.987849617267216,49.98784671028757,144.1820920311809,-0.03763688107095355,1.7936973573631143e-42,56.84880134648739,2.841120115827716e-05
21.400000000000002,49.98785018848384,49.98784729306307,144.18198433961413,-0.03751158153395057,1.6209425812951095e-42,56.84880134648739,2.8650445672460723e-05
21.42,49.98785076446899,49.9878478805641,144.18187707674278,-0.03738669914027952,1.4648261821148202e-42,56.84880134648739,2.8888380972865568e-05
21.44,49.98785134519652,49.98784847276465,144.18177024096974,-0.037262232501199755,1.3237456826476138e-42,56.84880134648739,2.912501071037698e-05
21.46,49.98785193064036,49.9878490696388,144.18166383070349,-0.03713818023259398,1.1962529436757728e-42,56.84880134648739,2.9360338530388116e-05
21.48,49.987852520774524,49.98784967116072,144.18155784435777,-0.03701454095495287,1.0810392993243062e-42,56.84880134648739,2.9594368075546094e-05
21.5,49.987853115573095,49.98785027730461,144.18145228035183,-0.03689131329335973,9.769221240891102e-43,56.84880134648739,2.9827102982319383e-05
21.52,49.98785371501022,49.98785088804479,144.18134713711024,-0.03676849587747515,8.828326936229826e-43,56.84880134648739,3.005854688168434e-05
21.54,49.98785431906012,49.98785150335562,144.18124241306305,-0.03664608734152186,7.9780521467494e-43,56.84880134648739,3.0288703403587552e-05
21.56,49.9878549276971,49.987852123211546,144.18113810664556,-0.036524086324269484,7.209669115792218e-43,56.84880134648739,3.051757617042394e-05
21.580000000000002,49.98785554089553,49.98785274758707,144.18103421629846,-0.03640249146901939,6.515290675354479e-43,56.84880134648739,3.07451688008126e-05
21.6,49.987856158629846,49.98785337645679,144.18093074046774,-0.03628130142358963,5.8877892872198215e-43,56.84880134648739,3.097148490925353e-05
21.62,49.98785678087457,49.987854009795356,144.18082767760473,-0.03616051484029993,5.3207238814121536e-43,56.84880134648739,3.119652810475461e-05
21.64,49.98785740760429,49.9878546475775,144.180725026166,-0.036040130375956644,4.808273740991412e-43,56.84880134648739,3.142030199289117e-05
21.66,49.987858038793654,49.98785528977801,144.18062278461338,-0.035920146691837844,4.345178754544107e-43,56.84880134648739,3.1642810174089654e-05
21.68,49.9878586744174,49.98785593637178,144.18052095141408,-0.035800562453678436,3.926685423082529e-43,56.84880134648739,3.186405624431416e-05
21.7,49.98785931445034,49.98785658733373,144.18041952504046,-0.03568137633165533,3.5484980671333864e-43,56.84880134648739,3.2084043795066464e-05
21.72,49.987859958867325,49.987857242638896,144.18031850397006,-0.035562587000372625,3.2067347331746595e-43,56.84880134648739,3.2302776412699456e-05
21.740000000000002,49.98786060764333,49.98785790226235,144.18021788668563,-0.035444193138846905,2.8978873468165305e-43,56.84880134648739,3.252025767807391e-05
21.76,49.98786126075334,49.98785856617925,144.18011767167525,-0.03532619343049251,2.6187857037135086e-43,56.84880134648739,3.2736491170334344e-05
21.78,49.98786191817248,49.98785923436482,144.180017857432,-0.03520858656310693,2.366564928587767e-43,56.84880134648739,3.2951480460387055e-05
21.8,49.98786257987588,49.98785990679437,144.1799184424542,-0.03509137122885621,2.1386360683425833e-43,56.84880134648739,3.316522911707883e-05
21.82,49.98786324583878,49.987860583443265,144.17981942524534,-0.034974546124260375,1.9326595174150523e-43,56.84880134648739,3.3377740703764324e-05
21.84,49.9878639160365,49.98786126428695,144.17972080431394,-0.03485810995017896,1.746521002589139e-43,56.84880134648739,3.358901877830607e-05
21.86,49.987864590444396,49.98786194930092,144.17962257817376,-0.03474206141179657,1.5783098807620392e-43,56.84880134648739,3.37990668954773e-05
21.88,49.98786526903792,49.987862638460776,144.17952474534349,-0.03462639921860844,1.4262995268984425e-43,56.84880134648739,3.4007888603186084e-05
21.900000000000002,49.987865951792585,49.987863331742155,144.17942730434703,-0.034511122084406154,1.288929610862289e-43,56.84880134648739,3.421548744762421e-05
21.92,49.98786663868398,49.98786402912079,144.17933025371332,-0.03439622872726327,1.1647900812042441e-43,56.84880134648739,3.442186696708856e-05
21.94,49.98786732968776,49.98786473057247,144.17923359197624,-0.03428171786952112,1.0526066915043858e-43,56.84880134648739,3.462703069644341e-05
21.96,49.98786802477966,49.98786543607306,144.17913731767482,-0.03416758823777454,9.512279207033586e-44,56.84880134648739,3.483098216643399e-05
21.98,49.98786872393548,49.98786614559849,144.179041429353,-0.034053838562857784,8.596131531640229e-44,56.84880134648739,3.503372490197011e-05
22.0,49.98786942713107,49.987866859124765,144.17894592555982,-0.033940467579830366,7.76821997136301e-44,56.84880134648739,3.523526242384253e-05
22.02,49.987870134342394,49.98786757662796,144.17885080484922,-0.03382747402796298,7.020046319832036e-44,56.84880134648739,3.543559824700661e-05
22.04,49.987870845545444,49.987868298084216,144.1787560657802,-0.03371485665072353,6.343930850858807e-44,56.84880134648739,3.563473588435818e-05
22.06,49.987871560716314,49.98786902346975,144.17866170691656,-0.0336026141957631,5.732933488883455e-44,56.84880134648739,3.5832678840211635e-05
22.080000000000002,49.98787227983115,49.98786975276083,144.17856772682717,-0.03349074541490209,5.180782571662512e-44,56.84880134648739,3.6029430616478554e-05
22.1,49.987873002866166,49.987870485933826,144.1784741240857,-0.033379249064116254,4.681810473972458e-44,56.84880134648739,3.6224994709235164e-05
22.12,49.987873729797656,49.987871222965154,144.17838089727087,-0.03326812390352295,4.2308954315302023e-44,56.84880134648739,3.641937461146835e-05
22.14,49.98787446060198,49.987871963831296,144.17828804496614,-0.0331573686973673,3.823408967974478e-44,56.84880134648739,3.661257380861336e-05
22.16,49.98787519525557,49.987872708508824,144.17819556575992,-0.03304698221400847,3.455168385265564e-44,56.84880134648739,3.680459578335936e-05
22.18,49.98787593373492,49.987873456974356,144.17810345824546,-0.03293696322590597,3.122393829834825e-44,56.84880134648739,3.69954440122169e-05
22.2,49.9878766760166,49.987874209204605,144.17801172102082,-0.03282731050960597,2.821669493783948e-44,56.84880134648739,3.718512196723419e-05
22.22,49.98787742207725,49.987874965176324,144.17792035268894,-0.03271802284572775,2.549908552878528e-44,56.84880134648739,3.737363311634032e-05
22.240000000000002,49.98787817189357,49.987875724866356,144.17782935185755,-0.03260909901895013,2.3043214814374436e-44,56.84880134648739,3.756098092128578e-05
22.26,49.98787892544235,49.9878764882516,144.17773871713914,-0.032500537817997915,2.0823874188820785e-44,56.84880134648739,3.7747168840731736e-05
22.28,49.987879682700424,49.98787725530904,144.177648447151,-0.032392338035628444,1.8818282940335838e-44,56.84880134648739,3.793220032578768e-05
22.3,49.98788044364471,49.98787802601571,144.17755854051524,-0.03228449846861819,1.7005854415536517e-44,56.84880134648739,3.811607882413054e-05
22.32,49.98788120825219,49.98787880034872,144.1774689958586,-0.032177017917749344,1.5367984705052037e-44,56.84880134648739,3.8298807779661416e-05
22.34,49.98788197649992,49.98787957828525,144.1773798118126,-0.03206989518779652,1.3887861681265737e-44,56.84880134648739,3.848039062872974e-05
22.36,49.98788274836502,49.98788035980256,144.17729098701363,-0.03196312908751341,1.25502924280348e-44,56.84880134648739,3.8660830805282134e-05
22.38,49.98788352382467,49.987881144877946,144.17720252010253,-0.03185671842961959,1.1341547291017678e-44,56.84880134648739,3.8840131736056845e-05
22.400000000000002,49.987884302856145,49.9878819334888,144.177114409725,-0.031750662030787274,1.0249218947843448e-44,56.84880134648739,3.9018296845046026e-05
22.42,49.98788508543676,49.98788272561258,144.17702665453132,-0.03164495871162818,9.262095051530427e-45,56.84880134648739,3.9195329549376706e-05
22.44,49.98788587154391,49.98788352122679,144.1769392531765,-0.03153960729668043,8.370043139885782e-45,56.84880134648739,3.9371233261027044e-05
22.46,49.98788666115505,49.987884320309036,144.17685220432017,-0.03143460661439541,7.563906629523633e-45,56.84880134648739,3.9546011388885885e-05
22.48,49.98788745424773,49.98788512283696,144.17676550662662,-0.031329955497124855,6.835410826918666e-45,56.84880134648739,3.971966733669321e-05
22.5,49.987888250799536,49.98788592878828,144.17667915876467,-0.03122565278110774,6.177077991733415e-45,56.84880134648739,3.989220450132386e-05
22.52,49.98788905078814,49.9878867381408,144.17659315940784,-0.031121697306457422,5.582150580575681e-45,56.84880134648739,4.006362627587684e-05
22.54,49.98788985419127,49.98788755087238,144.17650750723413,-0.031018087917148718,5.0445218833115565e-45,56.84880134648739,4.023393604761579e-05
22.56,49.987890660986736,49.98788836696093,144.1764222009262,-0.030914823461005034,4.5586733399414725e-45,56.84880134648739,4.040313719934198e-05
22.580000000000002,49.98789147115241,49.98788918638444,144.17633723917123,-0.030811902789685586,4.1196178946201326e-45,56.84880134648739,4.0571233110080875e-05
22.6,49.98789228466621,49.987890009120996,144.17625262066093,-0.030709324758672604,3.722848805370272e-45,56.84880134648739,4.073822715027649e-05
22.62,49.98789310150616,49.98789083514869,144.17616834409156,-0.0306070882272586,3.3642933840408615e-45,56.84880134648739,4.0904122688999815e-05
22.64,49.98789392165033,49.98789166444574,144.17608440816392,-0.030505192058533703,3.040271191667529e-45,56.84880134648739,4.1068923089143216e-05
22.66,49.98789474507685,49.98789249699039,144.17600081158324,-0.03040363511937301,2.747456260125985e-45,56.84880134648739,4.123263170707716e-05
22.68,49.987895571763936,49.987893332760976,144.1759175530593,-0.03030241628042397,2.4828429522977028e-45,56.84880134648739,4.139525189642605e-05
22.7,49.98789640168986,49.98789417173589,144.17583463130626,-0.03020153441609386,2.2437151103150587e-45,56.84880134648739,4.155678700326264e-05
22.72,49.98789723483295,49.98789501389359,144.17575204504286,-0.030100988404537222,2.0276181752040545e-45,56.84880134648739,4.171724037057036e-05
22.740000000000002,49.98789807117163,49.9878958592126,144.17566979299218,-0.03000077712764342,1.8323339917430636e-45,56.84880134648739,4.187661533549727e-05
22.76,49.987898910684365,49.98789670767152,144.1755878738818,-0.0299008994710242,1.6558580399187757e-45,56.84880134648739,4.2034915229356045e-05
22.78,49.98789975334969,49.98789755924899,144.1755062864436,-0.02980135432400129,1.4963788592686455e-45,56.84880134648739,4.219214337899702e-05
22.8,49.98790059914622,49.98789841392376,144.17542502941404,-0.02970214057959406,1.352259454908326e-45,56.84880134648739,4.2348303107151454e-05
22.82,49.987901448052625,49.9878992716746,144.17534410153377,-0.029603257134507194,1.2220204943838176e-45,56.84880134648739,4.250339772934218e-05
22.84,49.98790230004765,49.98790013248038,144.17526350154796,-0.02950470288911845,1.1043251228702318e-45,56.84880134648739,4.265743055731621e-05
22.86,49.98790315511009,49.98790099632001,144.17518322820607,-0.0294064767474664,9.979652408507938e-46,56.84880134648739,4.2810404898014956e-05
22.88,49.987904013218824,49.98790186317249,144.1751032802619,-0.029308577617238256,9.018491034215238e-46,56.84880134648739,4.296232405151467e-05
22.900000000000002,49.987904874352786,49.98790273301687,144.1750236564736,-0.029211004409757737,8.149901139330444e-46,56.84880134648739,4.3113191315145575e-05
22.92,49.98790573849098,49.98790360583226,144.1749443556036,-0.02911375603997294,7.364966969403812e-46,56.84880134648739,4.3263009977999684e-05
22.94,49.98790660561248,49.98790448159786,144.17486537641875,-0.029016831426444283,6.65563146510333e-46,56.84880134648739,4.341178332710948e-05
22.96,49.98790747569641,49.987905360292906,144.17478671769,-0.02892022949133248,6.014613559476607e-46,56.84880134648739,4.355951464229903e-05
22.98,49.98790834872198,49.98790624189672,144.17470837819275,-0.028823949160386556,5.435333440487938e-46,56.84880134648739,4.37062071996166e-05
23.0,49.987909224668456,49.98790712638868,144.17463035670656,-0.0287279893629319,4.9118450116780684e-46,56.84880134648739,4.385186426824528e-05
23.02,49.98791010351516,49.98790801374823,144.17455265201525,-0.028632349031858347,4.438774857680282e-46,56.84880134648739,4.3996489113935596e-05
23.04,49.9879109852415,49.98790890395488,144.1744752629069,-0.028537027103608344,4.011267088096378e-46,56.84880134648739,4.4140084995572925e-05
23.06,49.987911869826924,49.98790979698821,144.1743981881738,-0.028442022518165078,3.624933493575302e-46,56.84880134648739,4.428265516792356e-05
23.080000000000002,49.98791275725097,49.98791069282785,144.17432142661244,-0.028347334219040725,3.275808502464977e-46,56.84880134648739,4.442420288060493e-05
23.1,49.98791364749322,49.98791159145352,144.17424497702348,-0.02825296115326468,2.960308475684015e-46,56.84880134648739,4.456473137705583e-05
23.12,49.987914540533346,49.98791249284496,144.17416883821184,-0.028158902271371855,2.675194921990197e-46,56.84880134648739,4.470424389625271e-05
23.14,49.987915436351045,49.98791339698203,144.17409300898657,-0.028065156527391017,2.417541256064033e-46,56.84880134648739,4.4842743673396195e-05
23.16,49.987916334926126,49.98791430384462,144.1740174881608,-0.027971722878833143,2.1847027581914194e-46,56.84880134648739,4.498023393476221e-05
23.18,49.987917236238424,49.987915213412684,144.1739422745519,-0.027878600286679826,1.9742894271926233e-46,56.84880134648739,4.5116717903194126e-05
23.2,49.98791814026786,49.987916125666246,144.1738673669813,-0.027785787715371733,1.784141447942941e-46,56.84880134648739,4.525219879913247e-05
23.22,49.987919046994406,49.9879170405854,144.1737927642746,-0.027693284132797084,1.6123070216681895e-46,56.84880134648739,4.538667983203358e-05
23.240000000000002,49.98791995639811,49.987917958150305,144.17371846526143,-0.02760108851028018,1.4570223314512023e-46,56.84880134648739,4.552016421066726e-05
23.26,49.987920868459085,49.98791887834117,144.1736444687756,-0.027509199822569937,1.3166934373026566e-46,56.84880134648739,4.565265513796792e-05
23.28,49.98792178315749,49.98791980113827,144.1735707736549,-0.027417617047828524,1.1898799149558184e-46,56.84880134648739,4.578415580897509e-05
23.3,49.98792270047357,49.987920726521956,144.17349737874125,-0.027326339167619975,1.0752800704434778e-46,56.84880134648739,4.591466941735524e-05
23.32,49.98792362038761,49.987921654472636,144.17342428288057,-0.027235365166898867,9.717175786901678e-47,56.84880134648739,4.604419914750691e-05
23.34,49.98792454287999,49.98792258497078,144.17335148492288,-0.02714469403399904,8.7812940896975e-47,56.84880134648739,4.617274818108256e-05
23.36,49.98792546793112,49.98792351799692,144.17327898372213,-0.027054324760622337,7.935549132876514e-47,56.84880134648739,4.63003196938993e-05
23.38,49.9879263955215,49.98792445353165,144.17320677813635,-0.026964256341827395,7.171259656840225e-47,56.84880134648739,4.642691685525232e-05
23.400000000000002,49.987927325631674,49.987925391555635,144.1731348670276,-0.026874487776018474,6.480580512414104e-47,56.84880134648739,4.655254283203405e-05
23.42,49.98792825824226,49.98792633204959,144.1730632492618,-0.026785018064934312,5.856422133288983e-47,56.84880134648739,4.667720078255544e-05
23.44,49.98792919333395,49.98792727499431,144.17299192370893,-0.026695846213637027,5.292377764241484e-47,56.84880134648739,4.680089386203815e-05
23.46,49.98793013088747,49.98792822037064,144.17292088924293,-0.02660697123050106,4.78265769815804e-47,56.84880134648739,4.692362521918196e-05
23.48,49.987931070883626,49.98792916815949,144.17285014474163,-0.026518392127202136,4.3220298468298566e-47,56.84880134648739,4.704539799753776e-05
23.5,49.98793201330329,49.98793011834183,144.1727796890869,-0.02643010791870628,3.905766035499965e-47,56.84880134648739,4.7166215336537374e-05
23.52,49.9879329581274,49.987931070898696,144.17270952116445,-0.026342117623258863,3.5295934698957324e-47,56.84880134648739,4.7286080369090724e-05
23.54,49.98793390533694,49.98793202581119,144.17263963986386,-0.026254420262373675,3.1896508775738485e-47,56.84880134648739,4.740499622192911e-05
23.56,49.98793485491296,49.98793298306047,144.17257004407867,-0.026167014860822062,2.882448873384891e-47,56.84880134648739,4.752296601903777e-05
23.580000000000002,49.98793580683658,49.987933942627755,144.17250073270634,-0.02607990044662207,2.6048341422236e-47,56.84880134648739,4.763999287719352e-05
23.6,49.987936761088996,49.98793490449433,144.1724317046481,-0.025993076051027627,2.353957071414026e-47,56.84880134648739,4.775607990802435e-05
23.62,49.987937717651434,49.98793586864155,144.17236295880906,-0.025906540708517792,2.1272425004879434e-47,56.84880134648739,4.787123021766611e-05
23.64,49.9879386765052,49.98793683505081,144.17229449409828,-0.025820293456786,1.9223632881138002e-47,56.84880134648739,4.798544690710578e-05
23.66,49.98793963763167,49.98793780370358,144.17222630942854,-0.025734333336729368,1.7372164248504991e-47,56.84880134648739,4.809873307286802e-05
23.68,49.98794060101226,49.9879387745814,144.17215840371645,-0.025648659392438034,1.569901446532251e-47,56.84880134648739,4.8211091804269065e-05
23.7,49.98794156662847,49.987939747665855,144.1720907758825,-0.025563270671184513,1.4187009267058665e-47,56.84880134648739,4.832252618753584e-05
23.72,49.987942534461844,49.9879407229386,144.17202342485092,-0.02547816622341312,1.2820628478825572e-47,56.84880134648739,4.8433039301343615e-05
23.740000000000002,49.987943504494,49.98794170038135,144.17195634954976,-0.02539334510272939,1.1585846706516683e-47,56.84880134648739,4.8542634220591826e-05
23.76,49.98794447670661,49.98794267997588,144.17188954891077,-0.025308806365889575,1.0469989371316665e-47,56.84880134648739,4.8651314013658004e-05
23.78,49.98794545108141,49.98794366170402,144.17182302186956,-0.02522454907279014,9.461602609831327e-48,56.84880134648739,4.875908174480062e-05
23.8,49.9879464276002,49.987944645547685,144.17175676736542,-0.025140572286457313,8.550335704410467e-48,56.84880134648739,4.886594047141296e-05
23.82,49.98794740624483,49.98794563148882,144.17169078434142,-0.02505687507303667,7.726834836854318e-48,56.84880134648739,4.8971893246769265e-05
23.84,49.987948386997225,49.987946619509444,144.17162507174424,-0.024973456501782742,6.982647074924646e-48,56.84880134648739,4.9076943117278605e-05
23.86,49.98794936983936,49.987947609591636,144.1715596285245,-0.024890315645048674,6.310133606117479e-48,56.84880134648739,4.918109312626073e-05
23.88,49.987950354753295,49.98794860171754,144.17149445363629,-0.024807451578275897,5.70239132807423e-48,56.84880134648739,4.9284346309483726e-05
23.900000000000002,49.98795134172111,49.98794959586936,144.17142954603747,-0.02472486337998386,5.153181990785694e-48,56.84880134648739,4.938670569825335e-05
23.92,49.987952330724966,49.98795059202935,144.17136490468965,-0.024642550131759772,4.656868163259862e-48,56.84880134648739,4.948817431803998e-05
23.94,49.9879533217471,49.987951590179826,144.171300528558,-0.024560510918248398,4.208355367375024e-48,56.84880134648739,4.9588755189851646e-05
23.96,49.98795431476979,49.98795259030318,144.1712364166114,-0.024478744827141873,3.8030397849435325e-48,56.84880134648739,4.968845132783122e-05
23.98,49.987955309775366,49.98795359238185,144.17117256782234,-0.024397250949169554,3.4367610012185743e-48,56.84880134648739,4.9787265742689006e-05
24.0,49.98795630674625,49.98795459639833,144.17110898116698,-0.024316028378087925,3.1057592997734763e-48,56.84880134648739,4.988520143689714e-05
24.02,49.98795730566489,49.987955602335184,144.17104565562502,-0.024235076210670496,2.8066370704012704e-48,56.84880134648739,4.998226141018169e-05
24.04,49.987958306513825,49.98795661017503,144.17098259017988,-0.02415439354669778,2.5363239339008536e-48,56.84880134648739,5.007844865609011e-05
24.060000000000002,49.987959309275624,49.987957619900556,144.17091978381848,-0.024073979488947267,2.2920452257685645e-48,56.84880134648739,5.017376616130466e-05
24.080000000000002,49.98796031393293,49.98795863149449,144.17085723553137,-0.023993833143183454,2.071293515291896e-48,56.84880134648739,5.026821691010487e-05
24.1,49.98796132046845,49.987959644939636,144.17079494431263,-0.023913953618147896,1.8718028676993747e-48,56.84880134648739,5.036180387750225e-05
24.12,49.98796232886495,49.987960660218846,144.17073290916,-0.023834340025549308,1.6915255851770742e-48,56.84880134648739,5.045453003610555e-05
24.14,49.98796333910524,49.987961677315035,144.1706711290746,-0.023754991480053663,1.528611188006889e-48,56.84880134648739,5.0546398352344885e-05
24.16,49.98796435117221,49.987962696211184,144.17060960306122,-0.02367590709927437,1.3813874200757206e-48,56.84880134648739,5.063741178612846e-05
24.18,49.987965365048794,49.98796371689033,144.17054833012816,-0.02359708600376245,1.2483430837841388e-48,56.84880134648739,5.072757329324541e-05
24.2,49.98796638071799,49.98796473933555,144.17048730928718,-0.023518527316996753,1.128112528161196e-48,56.84880134648739,5.0816885823649495e-05
24.22,49.98796739816286,49.987965763530006,144.1704265395536,-0.023440230165374224,1.019461630961627e-48,56.84880134648739,5.0905352320772574e-05
24.240000000000002,49.98796841736651,49.98796678945691,144.1703660199462,-0.02336219367820018,9.212751308568349e-49,56.84880134648739,5.099297572495719e-05
24.26,49.98796943831213,49.98796781709953,144.1703057494872,-0.02328441698767862,8.32545179689284e-49,56.84880134648739,5.107975896796447e-05
24.28,49.987970460982936,49.987968846441184,144.17024572720237,-0.02320689922890259,7.523609972834205e-49,56.84880134648739,5.116570497915271e-05
24.3,49.98797148536224,49.98796987746527,144.17018595212096,-0.023129639539844555,6.798995226235756e-49,56.84880134648739,5.12508166817016e-05
24.32,49.98797251143337,49.98797091015522,144.17012642327555,-0.023052637061346807,6.144169654366435e-49,56.84880134648739,5.133509699123916e-05
24.34,49.98797353917975,49.98797194449453,144.1700671397022,-0.02297589093711194,5.5524117145965396e-49,56.84880134648739,5.141854882030409e-05
24.36,49.987974568584846,49.98797298046677,144.17000810044044,-0.022899400313693283,5.017647230245287e-49,56.84880134648739,5.150117507456994e-05
24.38,49.98797559963217,49.98797401805555,144.16994930453313,-0.022823164340485452,4.534387041400737e-49,56.84880134648739,5.158297865490466e-05
24.400000000000002,49.98797663230532,49.987975057244554,144.16989075102663,-0.022747182169714858,4.097670660720766e-49,56.84880134648739,5.1663962456684097e-05
24.42,49.98797766658793,49.9879760980175,144.16983243897064,-0.022671452956430308,3.703015355862698e-49,56.84880134648739,5.1744129369448705e-05
24.44,49.9879787024637,49.98797714035818,144.16977436741826,-0.022595975858493576,3.3463701358915452e-49,56.84880134648739,5.182348227861984e-05
24.46,49.98797973991638,49.98797818425045,144.16971653542595,-0.02252075003657007,3.024074169354325e-49,56.84880134648739,5.190202406275374e-05
24.48,49.987980778929796,49.9879792296782,144.16965894205347,-0.022445774654119482,2.7328192071973593e-49,56.84880134648739,5.1979757594571256e-05
24.5,49.98798181948781,49.98798027662541,144.169601586364,-0.02237104887738649,2.4696156248116665e-49,56.84880134648739,5.205668574233088e-05
24.52,49.98798286157434,49.98798132507607,144.1695444674241,-0.022296571875391476,2.2317617346405966e-49,56.84880134648739,5.2132811368799e-05
24.54,49.98798390517339,49.987982375014276,144.16948758430348,-0.022222342819921304,2.016816054354952e-49,56.84880134648739,5.220813733124988e-05
24.560000000000002,49.987984950268995,49.98798342642415,144.16943093607537,-0.022148360885520094,1.822572245938662e-49,56.84880134648739,5.22826664804359e-05
24.580000000000002,49.987985996845254,49.98798447928988,144.1693745218162,-0.02207462524948004,1.6470364684439782e-49,56.84880134648739,5.235640166367687e-05
24.6,49.98798704488632,49.98798553359572,144.16931834060566,-0.02200113509183229,1.488406911950588e-49,56.84880134648739,5.2429345719711155e-05
24.62,49.98798809437641,49.987986589325956,144.16926239152681,-0.02192788959533779,1.345055302652297e-49,56.84880134648739,5.2501501485904084e-05
24.64,49.98798914529979,49.98798764646496,144.1692066736659,-0.021854887945478213,1.2155101892278251e-49,56.84880134648739,5.257287178932329e-05
24.66,49.9879901976408,49.98798870499713,144.16915118611254,-0.021782129330446914,1.098441838936488e-49,56.84880134648739,5.2643459456349876e-05
24.68,49.9879912513838,49.98798976490695,144.16909592795952,-0.021709612941139874,9.926485884027608e-50,56.84880134648739,5.271326730478351e-05
24.7,49.98799230651324,49.98799082617894,144.16904089830282,-0.021637337971146732,8.97044508985575e-50,56.84880134648739,5.278229814761825e-05
24.72,49.98799336301362,49.98799188879768,144.1689860962418,-0.021565303616741797,8.106482601219132e-50,56.84880134648739,5.2850554793729095e-05
24.740000000000002,49.987994420869484,49.98799295274781,144.1689315208789,-0.021493509076875108,7.325730162283981e-50,56.84880134648739,5.291804004375283e-05
24.76,49.98799548006544,49.98799401801402,144.1688771713199,-0.02142195355316355,6.62017363764235e-50,56.84880134648739,5.298475669626672e-05
24.78,49.98799654058616,49.987995084581065,144.16882304667365,-0.021350636249881955,5.982570750172248e-50,56.84880134648739,5.305070754160985e-05
24.8,49.98799760241635,49.987996152433745,144.16876914605217,-0.02127955637395425,5.406376741737983e-50,56.84880134648739,5.311589536497243e-05
24.82,49.987998665540786,49.98799722155692,144.1687154685709,-0.021208713134944657,4.885677193665258e-50,56.84880134648739,5.318032294811212e-05
24.84,49.9879997299443,49.987998291935504,144.16866201334813,-0.021138105745048888,4.415127317418027e-50,56.84880134648739,5.32439930652349e-05
24.86,49.98800079561178,49.987999363554465,144.1686087795055,-0.02106773341908539,3.989897092318312e-50,56.84880134648739,5.330690848505464e-05
24.88,49.988001862528165,49.988000436398835,144.16855576616774,-0.020997595374486606,3.6056216871679566e-50,56.84880134648739,5.336907197182287e-05
24.900000000000002,49.988002930678455,49.988001510453685,144.1685029724628,-0.020927690831290296,3.258356656868564e-50,56.84880134648739,5.3430486284985487e-05
24.92,49.988004000047695,49.98800258570416,144.16845039752158,-0.020858019012130826,2.94453745414948e-50,56.84880134648739,5.349115417609351e-05
24.94,49.98800507062099,49.988003662135434,144.16839804047828,-0.020788579142230548,2.6609428408066513e-50,56.84880134648739,5.35510783929221e-05
24.96,49.988006142383504,49.988004739732766,144.1683459004701,-0.020719370449391192,2.404661822882258e-50,56.84880134648739,5.361026167741105e-05
24.98,49.98800721532045,49.988005818481454,144.16829397663736,-0.02065039216398525,2.173063770386935e-50,56.84880134648739,5.366870676738107e-05
25.0,49.9880082894171,49.98800689836684,144.1682422681235,-0.02058164351894744,1.9637714148545789e-50,56.84880134648739,5.372641639138492e-05
25.02,49.98800936465879,49.988007979374345,144.16819077407496,-0.02051312374976618,1.774636447559606e-50,56.84880134648739,5.378339327660232e-05
25.04,49.98801044103087,49.98800906148942,144.16813949364132,-0.02044483209447506,1.603717467921384e-50,56.84880134648739,5.3839640141974826e-05
25.060000000000002,49.98801151851881,49.98801014469758,144.1680884259752,-0.020376767793644397,1.4492600557443416e-50,56.84880134648739,5.3895159702668155e-05
25.080000000000002,49.98801259710807,49.988011228984405,144.16803757023226,-0.02030893009037277,1.3096787627426738e-50,56.84880134648739,5.394995466801265e-05
25.1,49.9880136767842,49.988012314335506,144.16798692557114,-0.02024131823027862,1.1835408384992865e-50,56.84880134648739,5.4004027740130254e-05
25.12,49.9880147575328,49.98801340073657,144.16793649115365,-0.02017393146149184,1.069551523811964e-50,56.84880134648739,5.405738161908336e-05
25.14,49.98801583933952,49.98801448817332,144.16788626614445,-0.020106769034645436,9.665407604683883e-51,56.84880134648739,5.411001899566642e-05
25.16,49.988016922190056,49.98801557663155,144.1678362497113,-0.02003983020286718,8.734511810307613e-51,56.84880134648739,5.416194255758455e-05
25.18,49.98801800607017,49.98801666609708,144.16778644102496,-0.019973114221771303,7.893272553496035e-51,56.84880134648739,5.4213154986364275e-05
25.2,49.98801909096568,49.98801775655582,144.16773683925913,-0.019906620349450226,7.13305482399704e-51,56.84880134648739,5.426365895906972e-05
25.22,49.988020176862435,49.98801884799371,144.16768744359052,-0.019840347846466308,6.446055267610367e-51,56.84880134648739,5.431345714418363e-05
25.240000000000002,49.98802126374636,49.98801994039673,144.16763825319885,-0.01977429597584362,5.825222087638983e-51,56.84880134648739,5.4362552208815674e-05
25.26,49.98802235160343,49.988021033750954,144.1675892672667,-0.019708464003059742,5.2641826608006305e-51,56.84880134648739,5.441094681183738e-05
25.28,49.98802344041967,49.98802212804247,144.16754048497964,-0.019642851196037616,4.757178124603621e-51,56.84880134648739,5.445864360765789e-05
25.3,49.98802453018114,49.98802322325744,144.16749190552622,-0.019577456825137386,4.29900426475044e-51,56.84880134648739,5.450564524416451e-05
25.32,49.98802562087399,49.98802431938208,144.16744352809783,-0.01951228016314829,3.884958095800204e-51,56.84880134648739,5.455195436546867e-05
25.34,49.98802671248439,49.98802541640263,144.1673953518889,-0.01944732048528057,3.510789586760203e-51,56.84880134648739,5.4597573608473416e-05
25.36,49.98802780499859,49.98802651430542,144.1673473760967,-0.019382577069157424,3.172658036087543e-51,56.84880134648739,5.4642505606649216e-05
25.38,49.98802889840286,49.98802761307681,144.16729959992136,-0.01931804919480696,2.867092648306407e-51,56.84880134648739,5.4686752985228366e-05
25.400000000000002,49.98802999268355,49.98802871270321,144.167252022566,-0.01925373614465419,2.5909569075744618e-51,56.84880134648739,5.473031836635383e-05
25.42,49.98803108782705,49.98802981317111,144.16720464323657,-0.019189637203513066,2.3414163825062383e-51,56.84880134648739,5.477320436598996e-05
25.44,49.98803218381981,49.98803091446702,144.1671574611418,-0.0191257516585785,2.1159096317818806e-51,56.84880134648739,5.481541359392246e-05
25.46,49.988033280648324,49.98803201657751,144.1671104754935,-0.01906207879941847,1.912121911898088e-51,56.84880134648739,5.485694865513144e-05
25.48,49.98803437829913,49.98803311948922,144.16706368550612,-0.018998617917966084,1.727961417181025e-51,56.84880134648739,5.489781214876163e-05
25.5,49.98803547675885,49.98803422318881,144.1670170903971,-0.018935368308511735,1.561537808173706e-51,56.84880134648739,5.493800666949542e-05
25.52,49.98803657601413,49.98803532766302,144.16697068938663,-0.018872329267695238,1.4111428079996824e-51,56.84880134648739,5.497753480515005e-05
25.54,49.98803767605166,49.988036432898625,144.16692448169772,-0.01880950009449802,1.2752326675318726e-51,56.84880134648739,5.501639913839389e-05
25.560000000000002,49.98803877685822,49.98803753888246,144.16687846655626,-0.018746880090235316,1.15241231937797e-51,56.84880134648739,5.505460224777624e-05
25.580000000000002,49.988039878420594,49.98803864560141,144.1668326431909,-0.018684468558548394,1.0414210580289416e-51,56.84880134648739,5.509214670360821e-05
25.6,49.98804098072566,49.9880397530424,144.16678701083316,-0.01862226480539682,9.4111959918263e-52,56.84880134648739,5.5129035073798114e-05
25.62,49.98804208376031,49.988040861192424,144.16674156871727,-0.01856026813905074,8.504783854111963e-52,56.84880134648739,5.516526991938911e-05
25.64,49.98804318751152,49.988041970038516,144.1666963160802,-0.018498477870083182,7.685670181343998e-52,56.84880134648739,5.5200853795589e-05
25.66,49.988044291966304,49.98804307956776,144.16665125216178,-0.0184368933113624,6.945447074218219e-52,56.84880134648739,5.523578925177018e-05
25.68,49.98804539711172,49.988044189767294,144.16660637620464,-0.01837551377804422,6.276516415947841e-52,56.84880134648739,5.527007883421577e-05
25.7,49.98804650293487,49.988045300624314,144.16656168745396,-0.01831433858756443,5.672011880401089e-52,56.84880134648739,5.530372508028417e-05
25.72,49.98804760942294,49.988046412126046,144.16651718515794,-0.018253367059631192,5.1257284517996e-52,56.84880134648739,5.533673052493097e-05
25.740000000000002,49.98804871656314,49.988047524259784,144.16647286856733,-0.018192598516217476,4.632058732523328e-52,56.84880134648739,5.536909769658991e-05
25.76,49.988049824342724,49.988048637012874,144.1664287369356,-0.018132032281553512,4.185935385245117e-52,56.84880134648739,5.5400829116829546e-05
25.78,49.988050932749026,49.988049750372696,144.166384789519,-0.018071667682119288,3.782779118584707e-52,56.84880134648739,5.5431927304129125e-05
25.8,49.9880520417694,49.988050864326695,144.16634102557646,-0.01801150404663705,3.4184516823741106e-52,56.84880134648739,5.546239476941625e-05
25.82,49.98805315139126,49.98805197886235,144.16629744436966,-0.017951540706063845,3.089213390048142e-52,56.84880134648739,5.549223402087244e-05
25.84,49.98805426160209,49.98805309396722,144.16625404516293,-0.01789177699358407,2.7916847321431113e-52,56.84880134648739,5.552144755775455e-05
25.86,49.98805537238939,49.98805420962888,144.16621082722324,-0.017832212244602075,2.5228116868804266e-52,56.84880134648739,5.555003787623009e-05
25.88,49.988056483740735,49.988055325834964,144.16616778982035,-0.01777284579673475,2.2798343717610707e-52,56.84880134648739,5.557800746731773e-05
25.900000000000002,49.98805759564374,49.98805644257317,144.16612493222652,-0.01771367698980418,2.0602587143911342e-52,56.84880134648739,5.560535881448447e-05
25.92,49.98805870808607,49.98805755983123,144.1660822537168,-0.017654705165830287,1.8618308517498984e-52,56.84880134648739,5.563209439742148e-05
25.94,49.988059821055444,49.98805867759693,144.16603975356884,-0.01759592966902352,1.6825139951184128e-52,56.84880134648739,5.565821668998456e-05
25.96,49.988060934539625,49.98805979585812,144.16599743106286,-0.017537349845777563,1.5204675231956e-52,56.84880134648739,5.5683728160194124e-05
25.98,49.98806204852642,49.98806091460266,144.16595528548186,-0.017478965044662065,1.3740280888004502e-52,56.84880134648739,5.570863127057848e-05
26.0,49.98806316300371,49.9880620338185,144.16591331611127,-0.01742077461641541,1.241692545227579e-52,56.84880134648739,5.5732928479546835e-05
26.02,49.988064277959396,49.98806315349363,144.16587152223934,-0.01736277791393746,1.1221025170014984e-52,56.84880134648739,5.575662223864327e-05
26.04,49.98806539338143,49.98806427361606,144.16582990315675,-0.0173049742922824,1.0140304566540874e-52,56.84880134648739,5.577971499460623e-05
26.060000000000002,49.98806650925785,49.98806539417388,144.16578845815684,-0.017247363108651548,9.163670444032379e-53,56.84880134648739,5.580220918868207e-05
26.080000000000002,49.98806762557668,49.988066515155225,144.16574718653555,-0.0171899437223862,8.281098013950277e-53,56.84880134648739,5.582410725731154e-05
26.1,49.98806874232606,49.988067636548266,144.1657060875914,-0.017132715494960506,7.483527996285602e-53,56.84880134648739,5.5845411629040456e-05
26.12,49.988069859494125,49.98806875834122,144.1656651606254,-0.017075677789974396,6.762773629396468e-53,56.84880134648739,5.5866124730355097e-05
26.14,49.98807097706909,49.98806988052238,144.16562440494124,-0.017018829973146476,6.111436635923669e-53,56.84880134648739,5.588624898053335e-05
26.16,49.98807209503921,49.98807100308005,144.16558381984504,-0.01696217141230698,5.522831282206207e-53,56.84880134648739,5.5905786792331184e-05
26.18,49.98807321339278,49.98807212600261,144.16554340464558,-0.016905701477390733,4.990915751694691e-53,56.84880134648739,5.592474057541528e-05
26.2,49.98807433211815,49.98807324927847,144.16550315865408,-0.01684941954043017,4.5102301279360615e-53,56.84880134648739,5.594311273396018e-05
26.22,49.98807545120372,49.98807437289611,144.16546308118433,-0.016793324975548328,4.0758403505478633e-53,56.84880134648739,5.5960905663902264e-05
26.240000000000002,49.988076570637936,49.98807549684402,144.16542317155265,-0.01673741715895189,3.683287568910859e-53,56.84880134648739,5.597812175808859e-05
26.26,49.988077690409284,49.98807662111078,144.16538342907785,-0.016681695468924264,3.3285423737143386e-53,56.84880134648739,5.599476340490387e-05
26.28,49.988078810506316,49.98807774568498,144.1653438530812,-0.016626159285818645,3.007963436557841e-53,56.84880134648739,5.601083298449465e-05
26.3,49.988079930917614,49.9880788705553,144.1653044428865,-0.016570807992051143,2.7182601330600815e-53,56.84880134648739,5.602633287357487e-05
26.32,49.98808105163181,49.98807999571042,144.16526519782013,-0.01651564097209391,2.456458765815097e-53,56.84880134648739,5.604126544370965e-05
26.34,49.9880821726376,49.988081121139096,144.1652261172108,-0.0164606576124683,2.2198720404867362e-53,56.84880134648739,5.605563305925569e-05
26.36,49.988083293923694,49.98808224683013,144.16518720038974,-0.01640585730173802,2.0060714817248733e-53,56.84880134648739,5.6069438080450586e-05
26.38,49.988084415478895,49.98808337277236,144.16514844669064,-0.016351239430502373,1.8128625057629191e-53,56.84880134648739,5.608268286238309e-05
26.400000000000002,49.98808553729201,49.98808449895468,144.16510985544963,-0.01629680339138945,1.6382618938260445e-53,56.84880134648739,5.609536975293356e-05
26.42,49.98808665935191,49.988085625366026,144.16507142600534,-0.01624254857904939,1.480477435122976e-53,56.84880134648739,5.610750109757952e-05
26.44,49.98808778164752,49.988086751995375,144.1650331576988,-0.016188474390147645,1.3378895304641924e-53,56.84880134648739,5.611907923459011e-05
26.46,49.9880889041678,49.98808787883177,144.1649950498734,-0.01613458022335826,1.2090345676744578e-53,56.84880134648739,5.6130106496742366e-05
26.48,49.98809002690177,49.988089005864275,144.16495710187507,-0.016080865479357213,1.0925898981544395e-53,56.84880134648739,5.6140585211664434e-05
26.5,49.98809114983848,49.988090133082025,144.1649193130521,-0.016027329560815713,9.873602603813689e-54,56.84880134648739,5.615051770217888e-05
26.52,49.988092272967044,49.98809126047418,144.16488168275518,-0.01597397187239359,8.922655109909901e-54,56.84880134648739,5.615990628424311e-05
26.54,49.988093396276604,49.988092388029955,144.16484421033738,-0.015920791820732666,8.063295375048857e-54,56.84880134648739,5.616875327038195e-05
26.560000000000002,49.98809451975635,49.98809351573861,144.16480689515413,-0.01586778881445014,7.286702388964219e-54,56.84880134648739,5.617706096762814e-05
26.580000000000002,49.988095643395546,49.98809464358946,144.16476973656336,-0.015814962264132027,6.584904711495222e-54,56.84880134648739,5.618483167546272e-05
26.6,49.988096767183464,49.98809577157186,144.16473273392523,-0.015762311582326605,5.950698648697741e-54,56.84880134648739,5.619206768959091e-05
26.62,49.98809789110944,49.988096899675185,144.16469588660237,-0.015709836183537877,5.377574309586698e-54,56.84880134648739,5.619877130125561e-05
26.64,49.98809901516286,49.9880980278889,144.16465919395972,-0.015657535484219064,4.859648784509595e-54,56.84880134648739,5.620494479380477e-05
26.66,49.98810013933315,49.988099156202495,144.16462265536452,-0.01560540890276611,4.391605759251821e-54,56.84880134648739,5.621059044784029e-05
26.68,49.98810126360978,49.988100284605494,144.16458627018648,-0.015553455859511211,3.96864094503488e-54,56.84880134648739,5.621571053675567e-05
26.7,49.988102387982266,49.988101413087485,144.16455003779748,-0.015501675776716387,3.586412764266577e-54,56.84880134648739,5.622030732982531e-05
26.72,49.988103512440176,49.98810254163808,144.1645139575719,-0.015450068078567036,3.240997785850639e-54,56.84880134648739,5.622438309117477e-05
26.740000000000002,49.988104636973105,49.988103670246964,144.16447802888626,-0.015398632191165542,2.92885045261566e-54,56.84880134648739,5.6227940077721196e-05
26.76,49.98810576157072,49.98810479890384,144.1644422511196,-0.015347367542524899,2.646766687480322e-54,56.84880134648739,5.6230980543292404e-05
26.78,49.98810688622271,49.988105927598475,144.164406623653,-0.015296273562562331,2.391851004785611e-54,56.84880134648739,5.623350673485108e-05
26.8,49.98810801091882,49.98810705632067,144.1643711458701,-0.01524534968309297,2.161486789203996e-54,56.84880134648739,5.62355208945543e-05
26.82,49.988109135648834,49.98810818506028,144.1643358171566,-0.015194595337823528,1.9533094371495632e-54,56.84880134648739,5.623702525975354e-05
26.84,49.98811026040259,49.988109313807186,144.16430063690063,-0.01514400996234601,1.7651820849955947e-54,56.84880134648739,5.623802206093513e-05
26.86,49.988111385169965,49.98811044255133,144.16426560449253,-0.015093592994131424,1.5951736749587084e-54,56.84880134648739,5.6238513525152813e-05
26.88,49.988112509940876,49.9881115712827,144.16423071932493,-0.015043343872523533,1.4415391335039645e-54,56.84880134648739,5.6238501873624974e-05
26.900000000000002,49.988113634705286,49.98811269999132,144.16419598079267,-0.014993262038732623,1.3027014588095878e-54,56.84880134648739,5.62379893210481e-05
26.92,49.98811475945321,49.98811382866725,144.16416138829294,-0.014943346935829284,1.1772355334257469e-54,56.84880134648739,5.623697807902937e-05
26.94,49.9881158841747,49.98811495730062,144.164126941225,-0.01489359800873821,1.0638534959703099e-54,56.84880134648739,5.6235470351624286e-05
26.96,49.98811700885985,49.98811608588157,144.1640926389905,-0.014844014704232049,9.613915217074413e-55,56.84880134648739,5.62334683377395e-05
26.98,49.98811813349881,49.98811721440032,144.16405848099328,-0.014794596470925223,8.687978763165567e-55,56.84880134648739,5.623097423319235e-05
27.0,49.98811925808176,49.9881183428471,144.16402446663935,-0.014745342759267817,7.851221202279887e-55,56.84880134648739,5.6227990227278276e-05
27.02,49.98812038259893,49.9881194712122,144.16399059533694,-0.01469625302153946,7.095053527118587e-55,56.84880134648739,5.6224518502084315e-05
27.04,49.98812150704059,49.98812059948597,144.1639568664966,-0.014647326711843236,6.411713955793262e-55,56.84880134648739,5.622056123866774e-05
27.060000000000002,49.988122631397054,49.98812172765876,144.16392327953088,-0.014598563286099604,5.7941882600016875e-55,56.84880134648739,5.621612060881786e-05
27.080000000000002,49.9881237556587,49.988122855721,144.1638898338547,-0.014549962202040368,5.236137766565064e-55,56.84880134648739,5.621119878089143e-05
27.1,49.988124879815906,49.98812398366315,144.16385652888505,-0.014501522919202625,4.731834293289081e-55,56.84880134648739,5.620579791843958e-05
27.12,49.988126003859136,49.988125111475725,144.16382336404112,-0.014453244898922767,4.276101351289448e-55,56.84880134648739,5.6199920176775293e-05
27.14,49.988127127778874,49.98812623914926,144.1637903387443,-0.014405127604330485,3.864261010245473e-55,56.84880134648739,5.6193567710181744e-05
27.16,49.988128251565655,49.98812736667435,144.1637574524181,-0.014357170500342811,3.492085881173162e-55,56.84880134648739,5.6186742665390476e-05
27.18,49.98812937521005,49.988128494041625,144.1637247044882,-0.014309373053658155,3.155755723838719e-55,56.84880134648739,5.617944718329764e-05
27.2,49.988130498702674,49.98812962124176,144.16369209438244,-0.01426173473275037,2.851818233403582e-55,56.84880134648739,5.6171683401023564e-05
27.22,49.988131622034196,49.988130748265476,144.16365962153077,-0.01421425500786286,2.5771536037903972e-55,56.84880134648739,5.616345344950994e-05
27.240000000000002,49.98813274519531,49.98813187510354,144.1636272853653,-0.014166933351002671,2.328942504025961e-55,56.84880134648739,5.6154759454206335e-05
27.26,49.988133868176774,49.98813300174674,144.16359508532022,-0.014119769235934629,2.1046371388501265e-55,56.84880134648739,5.6145603537473015e-05
27.28,49.988134990969364,49.98813412818593,144.1635630208319,-0.014072762138175486,1.901935096538506e-55,56.84880134648739,5.613598781343206e-05
27.3,49.98813611356391,49.988135254412,144.16353109133883,-0.014025911534988092,1.718755715496538e-55,56.84880134648739,5.61259143934595e-05
27.32,49.9881372359513,49.988136380415874,144.1634992962815,-0.01397921690537557,1.5532187270367291e-55,56.84880134648739,5.6115385382066205e-05
27.34,49.988138358122434,49.988137506188515,144.16346763510253,-0.013932677730075536,1.4036249551150693e-55,56.84880134648739,5.61044028793007e-05
27.36,49.98813948006827,49.98813863172095,144.16343610724672,-0.01388629349155431,1.2684388749165474e-55,56.84880134648739,5.6092968979376145e-05
27.38,49.98814060177981,49.98813975700423,144.16340471216085,-0.013840063674001177,1.146272851260083e-55,56.84880134648739,5.608108577204335e-05
27.400000000000002,49.98814172324809,49.98814088202944,144.16337344929389,-0.013793987763322638,1.0358728950359287e-55,56.84880134648739,5.6068755341904264e-05
27.42,49.9881428444642,49.988142006787726,144.16334231809674,-0.013748065247136702,9.361057914706304e-56,56.84880134648739,5.605597976806872e-05
27.44,49.988143965419255,49.98814313127026,144.1633113180224,-0.01370229561476718,8.4594746809594e-56,56.84880134648739,5.604276112415442e-05
27.46,49.98814508610442,49.98814425546827,144.16328044852602,-0.013656678357238015,7.644724830231795e-56,56.84880134648739,5.6029101479316746e-05
27.48,49.9881462065109,49.988145379373016,144.16324970906464,-0.013611212967267614,6.908445256240732e-56,56.84880134648739,5.601500289584591e-05
27.5,49.98814732662994,49.98814650297579,144.16321909909752,-0.013565898939263212,6.243078321110475e-56,56.84880134648739,5.600046743294282e-05
27.52,49.98814844645284,49.988147626267946,144.16318861808577,-0.013520735769315248,5.641794279010991e-56,56.84880134648739,5.598549714397301e-05
27.54,49.98814956597092,49.98814874924086,144.1631582654927,-0.013475722955191756,5.098421171339635e-56,56.84880134648739,5.5970094076123364e-05
27.560000000000002,49.98815068517555,49.98814987188595,144.16312804078348,-0.013430859996332794,4.607381473845756e-56,56.84880134648739,5.59542602724617e-05
27.580000000000002,49.98815180405814,49.988150994194704,144.1630979434254,-0.01338614639384486,4.163634845404375e-56,56.84880134648739,5.5937997771250214e-05
27.6,49.98815292261015,49.9881521161586,144.16306797288775,-0.013341581650495355,3.7626263907762277e-56,56.84880134648739,5.592130860388598e-05
27.62,49.98815404082306,49.988153237769204,144.16303812864174,-0.013297165270707059,3.400239906290526e-56,56.84880134648739,5.590419479799021e-05
27.64,49.98815515868841,49.9881543590181,144.16300841016067,-0.013252896760552602,3.072755628534633e-56,56.84880134648739,5.5886658376378534e-05
27.66,49.98815627619777,49.988155479896896,144.16297881691975,-0.013208775627748987,2.776812052356559e-56,56.84880134648739,5.586870135534469e-05
27.68,49.98815739334275,49.988156600397275,144.16294934839624,-0.013164801381652106,2.5093714262561757e-56,56.84880134648739,5.585032574706332e-05
27.7,49.988158510115014,49.98815772051094,144.16292000406935,-0.013120973533251295,2.2676885709880916e-56,56.84880134648739,5.58315335585602e-05
27.72,49.98815962650625,49.98815884022964,144.1628907834202,-0.013077291595163883,2.0492827013106493e-56,56.84880134648739,5.581232679136902e-05
27.740000000000002,49.988160742508185,49.98815995954515,144.16286168593194,-0.013033755081629782,1.8519119616417225e-56,56.84880134648739,5.579270744187457e-05
27.76,49.988161858112605,49.9881610784493,144.16283271108966,-0.01299036350850608,1.673550414239214e-56,56.84880134648739,5.57726775013128e-05
27.78,49.988162973311304,49.98816219693396,144.1628038583803,-0.01294711639326166,1.5123672436984304e-56,56.84880134648739,5.575223895542754e-05
27.8,49.988164088096156,49.98816331499104,144.16277512729295,-0.012904013254971826,1.3667079643081798e-56,56.84880134648739,5.573139378653004e-05
27.82,49.98816520245904,49.98816443261248,144.16274651731834,-0.01286105361431297,1.235077437366047e-56,56.84880134648739,5.571014396937991e-05
27.84,49.98816631639189,49.98816554979025,144.16271802794944,-0.012818236993557231,1.1161245241318535e-56,56.84880134648739,5.568849147564741e-05
27.86,49.98816742988668,49.988166666516385,144.1626896586809,-0.012775562916567182,1.0086282168875465e-56,56.84880134648739,5.5666438271510716e-05
27.88,49.98816854293542,49.988167782782945,144.16266140900944,-0.012733030908790544,9.114851057439619e-57,56.84880134648739,5.5643986317312596e-05
27.900000000000002,49.98816965553015,49.98816889858203,144.1626332784336,-0.012690640497254895,8.23698052545866e-57,56.84880134648739,5.5621137567903725e-05
27.92,49.98817076766297,49.98817001390578,144.1626052664538,-0.01264839121056242,7.443659556170941e-57,56.84880134648739,5.559789397504545e-05
27.94,49.98817187932601,49.98817112874637,144.16257737257243,-0.012606282578884673,6.726745002846742e-57,56.84880134648739,5.557425748397724e-05
27.96,49.98817299051142,49.98817224309603,144.16254959629376,-0.012564314133957338,6.078878002394831e-57,56.84880134648739,5.555023003478969e-05
27.98,49.98817410121143,49.988173356946994,144.1625219371239,-0.01252248540907504,5.493408439350898e-57,56.84880134648739,5.5525813563454304e-05
28.0,49.98817521141826,49.988174470291575,144.16249439457084,-0.012480795939086131,4.964326684898587e-57,56.84880134648739,5.550101000010723e-05
28.02,49.9881763211242,49.98817558312209,144.16246696814449,-0.012439245260387545,4.4862019102494033e-57,56.84880134648739,5.5475821269392485e-05
28.04,49.98817743032157,49.98817669543092,144.16243965735651,-0.012397832910919622,4.054126341191129e-57,56.84880134648739,5.545024929217825e-05
28.060000000000002,49.98817853900273,49.98817780721048,144.16241246172052,-0.012356558430160976,3.66366488159826e-57,56.84880134648739,5.542429598315409e-05
28.080000000000002,49.98817964716009,49.9881789184532,144.16238538075197,-0.012315421359123379,3.310809588808422e-57,56.84880134648739,5.539796325186069e-05
28.1,49.988180754786065,49.98818002915157,144.16235841396815,-0.01227442124034665,2.991938533571307e-57,56.84880134648739,5.5371253004749444e-05
28.12,49.98818186187313,49.98818113929812,144.1623315608882,-0.01223355761789357,2.70377862228271e-57,56.84880134648739,5.5344167141063316e-05
28.14,49.98818296841382,49.98818224888541,144.162304821033,-0.012192830037344811,2.4433719998876304e-57,56.84880134648739,5.531670755592619e-05
28.16,49.98818407440065,49.98818335790603,144.16227819392537,-0.012152238045793887,2.2080456885906401e-57,56.84880134648739,5.528887613896984e-05
28.18,49.98818517982623,49.98818446635262,144.1622516790899,-0.012111781191842112,1.995384150726101e-57,56.84880134648739,5.526067477536369e-05
28.2,49.98818628468319,49.98818557421785,144.16222527605305,-0.01207145902559358,1.8032044941562276e-57,56.84880134648739,5.523210534615806e-05
28.22,49.98818738896417,49.98818668149444,144.16219898434295,-0.012031271098650171,1.6295340656895614e-57,56.84880134648739,5.52031697251949e-05
28.240000000000002,49.988188492661884,49.988187788175125,144.16217280348965,-0.01199121696410655,1.4725902025245802e-57,56.84880134648739,5.517386978219703e-05
28.26,49.988189595769065,49.9881888942527,144.162146733025,-0.011951296176545214,1.3307619338744795e-57,56.84880134648739,5.514420738345474e-05
28.28,49.98819069827849,49.988189999719985,144.16212077248252,-0.011911508292031523,1.202593444947074e-57,56.84880134648739,5.511418438804988e-05
28.3,49.98819180018296,49.988191104569836,144.1620949213976,-0.011871852868108776,1.0867691335436735e-57,56.84880134648739,5.508380265025871e-05
28.32,49.98819290147534,49.988192208795155,144.16206917930742,-0.011832329463793284,9.821001058884412e-58,56.84880134648739,5.505306402126818e-05
28.34,49.9881940021485,49.988193312388866,144.16204354575092,-0.01179293763956946,8.875119730729145e-58,56.84880134648739,5.5021970345743346e-05
28.36,49.98819510219537,49.98819441534395,144.16201802026876,-0.011753676957384948,8.02033822850694e-58,56.84880134648739,5.49905234638869e-05
28.38,49.98819620160891,49.988195517653395,144.1619926024034,-0.011714546980645738,7.247882535818483e-58,56.84880134648739,5.495872521040945e-05
28.400000000000002,49.98819730038211,49.98819661931026,144.161967291699,-0.011675547274211313,6.549823680291581e-58,56.84880134648739,5.4926577416245754e-05
28.42,49.988198398508004,49.98819772030762,144.16194208770156,-0.011636677404389818,5.918996345608374e-58,56.84880134648739,5.4894081905808673e-05
28.44,49.988199495979664,49.98819882063859,144.16191698995874,-0.011597936938933228,5.348925322179914e-58,56.84880134648739,5.486124050076502e-05
28.46,49.98820059279019,49.98819992029631,144.16189199801994,-0.011559325447032545,4.833759041511415e-58,56.84880134648739,5.482805501420018e-05
28.48,49.98820168893273,49.98820101927399,144.16186711143632,-0.01152084249931301,4.368209512012973e-58,56.84880134648739,5.4794527258513005e-05
28.5,49.98820278440045,49.98820211756483,144.16184232976076,-0.011482487667829317,3.947498039719064e-58,56.84880134648739,5.476065903889396e-05
28.52,49.98820387918658,49.9882032151621,144.16181765254777,-0.011444260526060875,3.567306176760043e-58,56.84880134648739,5.472645215469812e-05
28.54,49.98820497328435,49.9882043120591,144.16179307935377,-0.011406160648907038,3.223731394089817e-58,56.84880134648739,5.4691908402877776e-05
28.560000000000002,49.98820606668705,49.98820540824916,144.16176860973667,-0.011368187612682403,2.9132470234666175e-58,56.84880134648739,5.465702957454983e-05
28.580000000000002,49.98820715938801,49.988206503725635,144.16174424325618,-0.01133034099511208,2.6326660575061077e-58,56.84880134648739,5.4621817453279517e-05
28.6,49.988208251380584,49.988207598481935,144.16171997947373,-0.01129262037532701,2.3791084362277294e-58,56.84880134648739,5.458627382194558e-05
28.62,49.98820934265815,49.98820869251149,144.16169581795236,-0.011255025333859272,2.149971484302779e-58,56.84880134648739,5.455040045690485e-05
28.64,49.98821043321416,49.98820978580779,144.16167175825683,-0.011217555452637426,1.9429031955534786e-58,56.84880134648739,5.451419912833554e-05
28.66,49.988211523042054,49.98821087836433,144.16164779995358,-0.011180210314981866,1.7557780904782953e-58,56.84880134648739,5.447767160264002e-05
28.68,49.98821261213534,49.988211970174646,144.16162394261067,-0.01114298950560018,1.5866753989899212e-58,56.84880134648739,5.4440819641071805e-05
28.7,49.988213700487556,49.98821306123233,144.16160018579797,-0.011105892610582537,1.433859344419782e-58,56.84880134648739,5.440364500042207e-05
28.72,49.98821478809226,49.98821415153099,144.1615765290868,-0.011068919217397076,1.2957613264116581e-58,56.84880134648739,5.4366149432676385e-05
28.740000000000002,49.988215874943066,49.988215241064275,144.16155297205032,-0.011032068914885331,1.1709638198184034e-58,56.84880134648739,5.432833468432818e-05
28.76,49.9882169610336,49.98821632982586,144.16152951426318,-0.01099534129325765,1.0581858243298854e-58,56.84880134648739,5.429020249637881e-05
28.78,49.98821804635754,49.988217417809466,144.16150615530182,-0.010958735944088634,9.56269715477951e-59,56.84880134648739,5.4251754607770055e-05
28.8,49.9882191309086,49.98821850500885,144.1614828947442,-0.010922252460312613,8.641693620488384e-59,56.84880134648739,5.4212992749548775e-05
28.82,49.98822021468052,49.988219591417796,144.16145973217002,-0.0108858904362191,7.809393879326667e-59,56.84880134648739,5.4173918649672525e-05
28.84,49.98822129766707,49.988220677030114,144.16143666716044,-0.010849649467448281,7.057254681868501e-59,56.84880134648739,5.4134534030949996e-05
28.86,49.98822237986206,49.988221761839675,144.1614136992984,-0.010813529150986536,6.377555597061151e-59,56.84880134648739,5.409484061069777e-05
28.88,49.988223461259345,49.988222845840355,144.1613908281684,-0.01077752908516194,5.763319764851854e-59,56.84880134648739,5.405484010211332e-05
28.900000000000002,49.988224541852794,49.98822392902608,144.1613680533565,-0.010741648869639802,5.208242281296343e-59,56.84880134648739,5.401453421324528e-05
28.92,49.98822562163633,49.98822501139081,144.16134537445043,-0.010705888105418213,4.70662548104863e-59,56.84880134648739,5.397392464733666e-05
28.94,49.9882267006039,49.98822609292853,144.16132279103948,-0.010670246394823606,4.253320452930713e-59,56.84880134648739,5.3933013103511406e-05
28.96,49.98822777874948,49.98822717363327,144.16130030271455,-0.010634723341506341,3.843674188261126e-59,56.84880134648739,5.3891801275401325e-05
28.98,49.988228856067096,49.98822825349909,144.16127790906808,-0.01059931855043629,3.4734818194394553e-59,56.84880134648739,5.385029085080286e-05
29.0,49.98822993255079,49.98822933252007,144.16125560969414,-0.010564031627898448,3.1389434585335285e-59,56.84880134648739,5.38084835147664e-05
29.02,49.98823100819463,49.98823041069034,144.16123340418838,-0.010528862181488555,2.836625192833306e-59,56.84880134648739,5.376638094787997e-05
29.04,49.98823208299276,49.98823148800407,144.16121129214798,-0.010493809820108727,2.563423837005264e-59,56.84880134648739,5.372398482352321e-05
29.060000000000002,49.98823315693931,49.98823256445544,144.16118927317177,-0.010458874153963115,2.316535080041131e-59,56.84880134648739,5.368129681129991e-05
29.080000000000002,49.98823423002847,49.98823364003867,144.16116734686,-0.010424054794553567,2.093424700041185e-59,56.84880134648739,5.363831857772456e-05
29.1,49.98823530225445,49.98823471474803,144.16114551281458,-0.010389351354675305,1.8918025513624918e-59,56.84880134648739,5.359505178175999e-05
29.12,49.988236373611514,49.9882357885778,144.1611237706389,-0.010354763448412619,1.7095990571197636e-59,56.84880134648739,5.3551498079279694e-05
29.14,49.98823744409393,49.98823686152232,144.161102119938,-0.01032029069113458,1.5449439657430479e-59,56.84880134648739,5.350765912238135e-05
29.16,49.988238513696025,49.98823793357593,144.1610805603183,-0.01028593269949076,1.396147153536157e-59,56.84880134648739,5.346353655595423e-05
29.18,49.98823958241214,49.98823900473303,144.16105909138793,-0.01025168909140697,1.2616812761811878e-59,56.84880134648739,5.3419132021798284e-05
29.2,49.988240650236655,49.98824007498804,144.16103771275635,-0.01021755948608101,1.1401660911132357e-59,56.84880134648739,5.337444715725113e-05
29.22,49.98824171716399,49.98824114433541,144.16101642403476,-0.010183543503978433,1.0303542898402715e-59,56.84880134648739,5.3329483593471736e-05
29.240000000000002,49.98824278318859,49.988242212769634,144.1609952248357,-0.010149640766828333,9.311186947821749e-60,56.84880134648739,5.3284242958873025e-05
29.26,49.988243848304926,49.988243280285225,144.1609741147733,-0.010115850897619124,8.414406892092069e-60,56.84880134648739,5.323872687500276e-05
29.28,49.98824491250751,49.98824434687673,144.16095309346315,-0.010082173520594357,7.603997615175143e-60,56.84880134648739,5.319293695997614e-05
29.3,49.9882459757909,49.98824541253875,144.1609321605224,-0.01004860826124854,6.871640565175155e-60,56.84880134648739,5.314687482813253e-05
29.32,49.98824703814966,49.98824647726589,144.1609113155697,-0.01001515474632298,6.209818367476318e-60,56.84880134648739,5.310054208625964e-05
29.34,49.9882480995784,49.98824754105279,144.1608905582251,-0.009981812603801614,5.611737661669056e-60,56.84880134648739,5.305394033942888e-05
29.36,49.98824916007176,49.98824860389415,144.1608698881102,-0.00994858146290689,5.07125937021458e-60,56.84880134648739,5.300707118687629e-05
29.38,49.988250219624405,49.988249665784664,144.1608493048481,-0.009915460954095637,4.582835683081479e-60,56.84880134648739,5.2959936223032306e-05
29.400000000000002,49.988251278231054,49.98825072671909,144.16082880806334,-0.009882450709054953,4.1414531115248833e-60,56.84880134648739,5.291253703752178e-05
29.42,49.98825233588643,49.98825178669218,144.1608083973819,-0.009849550360698114,3.742581026476265e-60,56.84880134648739,5.286487521516392e-05
29.44,49.98825339258531,49.98825284569877,144.16078807243133,-0.009816759543160487,3.382125153309483e-60,56.84880134648739,5.281695233803192e-05
29.46,49.98825444832248,49.98825390373367,144.16076783284052,-0.00978407789179547,3.056385545624001e-60,56.84880134648739,5.276876998099054e-05
29.48,49.98825550309277,49.988254960791764,144.1607476782399,-0.009751505043170423,2.7620186066616936e-60,56.84880134648739,5.2720329715471976e-05
29.5,49.98825655689106,49.98825601686795,144.16072760826125,-0.009719040635062641,2.496002768521107e-60,56.84880134648739,5.267163310810282e-05
29.52,49.98825760971223,49.98825707195716,144.16070762253793,-0.009686684306455319,2.2556074768789994e-60,56.84880134648739,5.262268172104732e-05
29.54,49.9882586615512,49.988258126054355,144.16068772070463,-0.009654435697533537,2.0383651628587612e-60,56.84880134648739,5.2573477112693896e-05
29.560000000000002,49.98825971240293,49.98825917915453,144.16066790239753,-0.009622294449680257,1.8420459143473184e-60,56.84880134648739,5.25240208345658e-05
29.580000000000002,49.988260762262406,49.98826023125271,144.16064816725424,-0.00959026020547234,1.6646345867709275e-60,56.84880134648739,5.247431443544026e-05
29.6,49.988261811124644,49.98826128234395,144.16062851491372,-0.009558332608676572,1.504310118380438e-60,56.84880134648739,5.242435945963214e-05
29.62,49.9882628589847,49.98826233242333,144.16060894501646,-0.009526511304245693,1.3594268377250623e-60,56.84880134648739,5.2374157445620916e-05
29.64,49.988263905837634,49.98826338148597,144.1605894572043,-0.009494795938314461,1.2284975714427757e-60,56.84880134648739,5.232370992776699e-05
29.66,49.988264951678566,49.98826442952702,144.16057005112054,-0.009463186158195707,1.1101783789750571e-60,56.84880134648739,5.2273018437341456e-05
29.68,49.98826599650264,49.988265476541656,144.16055072640975,-0.00943168161237642,1.0032547575134511e-60,56.84880134648739,5.222208449737721e-05
29.7,49.98826704030502,49.98826652252509,144.16053148271806,-0.009400281950513834,9.066291755768266e-61,56.84880134648739,5.217090963022065e-05
29.72,49.988268083080904,49.98826756747255,144.16051231969288,-0.009368986823431538,8.193098072561052e-61,56.84880134648739,5.2119495352039545e-05
29.740000000000002,49.98826912482553,49.988268611379304,144.16049323698317,-0.009337795883115578,7.404003514876451e-61,56.84880134648739,5.206784317488255e-05
29.76,49.98827016553415,49.98826965424066,144.16047423423908,-0.009306708782710608,6.690908318538787e-61,56.84880134648739,5.201595460564949e-05
29.78,49.98827120520207,49.988270696051934,144.16045531111223,-0.009275725176516014,6.0464928247455825e-61,56.84880134648739,5.196383114609131e-05
29.8,49.988272243824596,49.9882717368085,144.16043646725564,-0.009244844719982083,5.4641423464735326e-61,56.84880134648739,5.191147429624268e-05
29.82,49.988273281397085,49.98827277650573,144.16041770232363,-0.009214067069706164,4.937879271159404e-61,56.84880134648739,5.1858885547900075e-05
29.84,49.988274317914914,49.988273815139046,144.16039901597202,-0.009183391883428852,4.4623017027149544e-61,56.84880134648739,5.180606639148697e-05
29.86,49.988275353373496,49.9882748527039,144.16038040785782,-0.00915281882003018,4.0325280130588226e-61,56.84880134648739,5.175301831090492e-05
29.88,49.98827638776827,49.98827588919576,144.16036187763945,-0.00912234753952583,3.644146734007349e-61,56.84880134648739,5.169974278559316e-05
29.900000000000002,49.988277421094715,49.98827692461015,144.16034342497682,-0.009091977703063348,3.2931712751830844e-61,56.84880134648739,5.1646241292931355e-05
29.92,49.988278453348315,49.988277958942575,144.16032504953097,-0.009061708972918374,2.9759990031370426e-61,56.84880134648739,5.159251530274753e-05
29.94,49.988279484524604,49.988278992188626,144.16030675096448,-0.009031541012490894,2.6893742616470168e-61,56.84880134648739,5.1538566281780386e-05
29.96,49.98828051461914,49.98828002434389,144.16028852894112,-0.00900147348630149,2.430354953608959e-61,56.84880134648739,5.1484395693336045e-05
29.98,49.988281543627515,49.988281055403974,144.16027038312603,-0.008971506059987608,2.1962823414969e-61,56.84880134648739,5.143000499316898e-05
30.0,49.98828257154534,49.98828208536455,144.16025231318577,-0.00894163840029985,1.9847537564042696e-61,56.84880134648739,5.137539563600387e-05
30.02,49.988283598368255,49.98828311422129,144.1602343187881,-0.00891187017509826,1.7935979355350195e-61,56.84880134648739,5.132056907038679e-05
30.04,49.988284624091946,49.988284141969906,144.16021639960215,-0.00888220105334863,1.6208527349929962e-61,56.84880134648739,5.126552674040145e-05
30.060000000000002,49.98828564871211,49.988285168606126,144.1601985552984,-0.008852630705118823,1.4647449890995829e-61,56.84880134648739,5.1210270086012473e-05
30.080000000000002,49.98828667222447,49.988286194125735,144.1601807855485,-0.0088231588015751,1.3236723095029406e-61,56.84880134648739,5.115480054169236e-05
30.1,49.988287694624795,49.98828721852451,144.16016309002566,-0.008793785014978467,1.1961866372534346e-61,56.84880134648739,5.109911954054061e-05
30.12,49.98828871590888,49.98828824179829,144.16014546840415,-0.008764509018681024,1.0809793790133682e-61,56.84880134648739,5.104322850810503e-05
30.14,49.988289736072524,49.98828926394291,144.16012792035968,-0.008735330487122342,9.76867974829713e-62,56.84880134648739,5.0987128866157604e-05
30.16,49.98829075511159,49.98829028495426,144.16011044556913,-0.008706249095825838,8.82783759592979e-62,56.84880134648739,5.0930822033381e-05
30.18,49.98829177302194,49.98829130482825,144.1600930437108,-0.00867726452139516,7.977609935845864e-62,56.84880134648739,5.087430942227927e-05
30.2,49.98829278979949,49.98829232356082,144.16007571446414,-0.008648376441510607,7.209269495153591e-62,56.84880134648739,5.081759244295363e-05
30.22,49.98829380544016,49.98829334114792,144.16005845751,-0.008619584534925525,6.514929543022507e-62,56.84880134648739,5.0760672499326695e-05
30.240000000000002,49.9882948199399,49.98829435758556,144.16004127253044,-0.008590888481462751,5.887462936304506e-62,56.84880134648739,5.0703550991888493e-05
30.26,49.98829583329471,49.98829537286975,144.16002415920877,-0.008562287962011042,5.320428962041888e-62,56.84880134648739,5.0646229315980195e-05
30.28,49.9882968455006,49.98829638699654,144.1600071172296,-0.008533782658521531,4.808007225927792e-62,56.84880134648739,5.058870886385365e-05
30.3,49.988297856553615,49.988297399962,144.15999014627886,-0.008505372254004192,4.344937908108444e-62,56.84880134648739,5.0530991022268594e-05
30.32,49.98829886644982,49.98829841176224,144.15997324604362,-0.00847705643252431,3.92646777307512e-62,56.84880134648739,5.047307717489546e-05
30.34,49.988299875185305,49.98829942239339,144.1599564162122,-0.00844883487919897,3.5483013794572967e-62,56.84880134648739,5.0414968698882755e-05
30.36,49.98830088275621,49.988300431851606,144.15993965647428,-0.008420707280193555,3.2065569889035424e-62,56.84880134648739,5.035666696863296e-05
30.38,49.98830188915868,49.98830144013307,144.1599229665207,-0.008392673322718262,2.8977267214710935e-62,56.84880134648739,5.0298173354772715e-05
30.400000000000002,49.98830289438889,49.988302447234005,144.15990634604356,-0.008364732695024609,2.6186405485339097e-62,56.84880134648739,5.0239489222436546e-05
30.42,49.98830389844305,49.98830345315064,144.15988979473616,-0.008336885086401983,2.3664337536097017e-62,56.84880134648739,5.0180615932296625e-05
30.44,49.9883049013174,49.98830445787925,144.1598733122931,-0.008309130187174179,2.138517527103352e-62,56.84880134648739,5.012155484090604e-05
30.46,49.98830590300819,49.98830546141613,144.15985689841017,-0.008281467688695955,1.9325523931326197e-62,56.84880134648739,5.006230730207181e-05
30.48,49.98830690351172,49.988306463757596,144.15984055278432,-0.0082538972833496,1.746424195672313e-62,56.84880134648739,5.000287466342235e-05
30.5,49.98830790282429,49.98830746489999,144.1598242751138,-0.008226418664541518,1.578222397523575e-62,56.84880134648739,4.9943258268466956e-05
30.52,49.98830890094226,49.98830846483969,144.1598080650981,-0.008199031526698814,1.4262204693552097e-62,56.84880134648739,4.988345945762563e-05
30.54,49.98830989786198,49.9883094635731,144.15979192243776,-0.008171735565265893,1.288858167517807e-62,56.84880134648739,4.9823479565482974e-05
30.560000000000002,49.98831089357986,49.98831046109665,144.1597758468347,-0.008144530476701078,1.1647255187189696e-62,56.84880134648739,4.9763319924564065e-05
30.580000000000002,49.988311888092305,49.988311457406795,144.15975983799194,-0.008117415958473241,1.0525483471682548e-62,56.84880134648739,4.9702981859842325e-05
30.6,49.98831288139578,49.9883124525,144.1597438956137,-0.008090391709058424,9.511751956333104e-63,56.84880134648739,4.9642466695947895e-05
30.62,49.988313873486746,49.988313446372786,144.15972801940546,-0.008063457427936493,8.59565506156688e-63,56.84880134648739,4.958177574995927e-05
30.64,49.98831486436172,49.98831443902168,144.15971220907377,-0.008036612815587799,7.767789391127478e-63,56.84880134648739,4.952091033620889e-05
30.66,49.98831585401721,49.98831543044324,144.1596964643265,-0.008009857573489843,7.019657209687244e-63,56.84880134648739,4.945987176388031e-05
30.68,49.988316842449784,49.98831642063405,144.15968078487253,-0.007983191404113958,6.343579216732839e-63,56.84880134648739,4.939866134044083e-05
30.7,49.98831782965601,49.98831740959073,144.1596651704221,-0.007956614010922004,5.732615721381888e-63,56.84880134648739,4.933728036649258e-05
30.72,49.98831881563251,49.988318397309904,144.1596496206865,-0.007930125098363057,5.180495409019312e-63,56.84880134648739,4.9275730138175355e-05
30.740000000000002,49.9883198003759,49.988319383788244,144.1596341353782,-0.007903724371870145,4.6815509685691585e-63,56.84880134648739,4.921401195025592e-05
30.76,49.988320783882834,49.98832036902243,144.1596187142109,-0.007877411537856947,4.230660919639688e-63,56.84880134648739,4.9152127090635894e-05
30.78,49.98832176615,49.988321353009184,144.15960335689934,-0.00785118630371455,3.823197042418812e-63,56.84880134648739,4.909007684447083e-05
30.8,49.98832274717412,49.988322335745245,144.1595880631595,-0.007825048377808178,3.4549768707071946e-63,56.84880134648739,4.9027862491767415e-05
30.82,49.988323726951904,49.98832331722737,144.15957283270848,-0.007798997469473961,3.1222207604475483e-63,56.84880134648739,4.896548530875653e-05
30.84,49.988324705480125,49.98832429745235,144.15955766526457,-0.007773033289015696,2.821513093074428e-63,56.84880134648739,4.890294656720669e-05
30.86,49.98832568275557,49.98832527641701,144.1595425605471,-0.007747155547701631,2.549767215451249e-63,56.84880134648739,4.884024753648361e-05
30.88,49.988326658775044,49.98832625411818,144.15952751827666,-0.007721363957761246,2.3041937565159188e-63,56.84880134648739,4.877738947943111e-05
30.900000000000002,49.988327633535384,49.98832723055273,144.1595125381749,-0.0076956582323820626,2.082271995417166e-63,56.84880134648739,4.871437365546046e-05
30.92,49.988328607033445,49.98832820571754,144.15949761996458,-0.007670038085706445,1.8817239872460484e-63,56.84880134648739,4.865120132055034e-05
30.94,49.988329579266114,49.98832917960955,144.15948276336962,-0.007644503232828428,1.7004911807728462e-63,56.84880134648739,4.8587873725873824e-05
30.96,49.98833055023031,49.988330152225686,144.1594679681151,-0.007619053389790547,1.536713288179029e-63,56.84880134648739,4.8524392119171414e-05
30.98,49.98833151992296,49.98833112356291,144.15945323392717,-0.007593688273580679,1.3887091898899142e-63,56.84880134648739,4.8460757742691496e-05
31.0,49.98833248834103,49.98833209361821,144.15943856053303,-0.007568407602128897,1.2549596785031693e-63,56.84880134648739,4.839697183559315e-05
31.02,49.988333455481495,49.98833306238861,144.1594239476611,-0.00754321109430433,1.1340918646859573e-63,56.84880134648739,4.833303563394612e-05
31.04,49.98833442134138,49.98833402987115,144.15940939504088,-0.007518098469912043,1.0248650849730255e-63,56.84880134648739,4.826895036729827e-05
31.060000000000002,49.9883353859177,49.98833499606289,144.15939490240294,-0.0074930694496899135,9.261581668144848e-64,56.84880134648739,4.820471726279468e-05
31.080000000000002,49.98833634920752,49.98833596096091,144.1593804694789,-0.0074681237553055335,8.369579201536987e-64,56.84880134648739,4.814033754243153e-05
31.1,49.988337311207935,49.98833692456233,144.15936609600163,-0.007443261109353108,7.563487374055832e-64,56.84880134648739,4.807581242580224e-05
31.12,49.98833827191604,49.98833788686429,144.1593517817049,-0.007418481235350371,6.835031950829335e-64,56.84880134648739,4.801114312700808e-05
31.14,49.98833923132898,49.98833884786394,144.15933752632372,-0.007393783857735518,6.176735605999441e-64,56.84880134648739,4.794633085603125e-05
31.16,49.98834018944389,49.988339807558475,144.1593233295941,-0.0073691687018641325,5.581841170733966e-64,56.84880134648739,4.7881376820107884e-05
31.18,49.98834114625796,49.988340765945104,144.15930919125313,-0.007344635494006137,5.044242273384358e-64,56.84880134648739,4.7816282220982e-05
31.2,49.988342101768396,49.98834172302105,144.159295111039,-0.007320183961342746,4.5584206598361644e-64,56.84880134648739,4.775104825662179e-05
31.220000000000002,49.98834305597243,49.988342678783575,144.15928108869093,-0.007295813831963436,4.119389550668765e-64,56.84880134648739,4.768567612224938e-05
31.240000000000002,49.9883440088673,49.98834363322996,144.15926712394932,-0.007271524834862918,3.722642453706522e-64,56.84880134648739,4.762016700759478e-05
31.26,49.988344960450284,49.988344586357506,144.15925321655544,-0.007247316699938126,3.364106906541121e-64,56.84880134648739,4.75545220975824e-05
31.28,49.98834591071869,49.98834553816354,144.15923936625177,-0.007223189157985214,3.04010267420914e-64,56.84880134648739,4.748874257645013e-05
31.3,49.98834685966984,49.98834648864542,144.15922557278182,-0.00719914194069656,2.7473039729394795e-64,56.84880134648739,4.742282962122746e-05
31.32,49.988347807301075,49.98834743780051,144.15921183589012,-0.007175174780657782,2.48270533221136e-64,56.84880134648739,4.735678440585456e-05
31.34,49.98834875360976,49.98834838562622,144.1591981553222,-0.007151287411344767,2.243590744709524e-64,56.84880134648739,4.729060810083903e-05
31.36,49.9883496985933,49.98834933211996,144.15918453082477,-0.007127479567120709,2.0275057875123227e-64,56.84880134648739,4.7224301872912633e-05
31.38,49.9883506422491,49.988350277279174,144.15917096214548,-0.007103750983233145,1.8322324283469907e-64,56.84880134648739,4.715786688331503e-05
31.400000000000002,49.9883515845746,49.98835122110133,144.159157449033,-0.007080101395811023,1.6557662583076134e-64,56.84880134648739,4.7091304290883066e-05
31.42,49.98835252556727,49.988352163583926,144.1591439912371,-0.0070565305418617595,1.496295917338056e-64,56.84880134648739,4.702461525033449e-05
31.44,49.98835346522459,49.98835310472447,144.1591305885085,-0.007033038159268319,1.3521845012900273e-64,56.84880134648739,4.69578009105517e-05
31.46,49.98835440354407,49.988354044520484,144.15911724059904,-0.007009623986786299,1.2219527597066024e-64,56.84880134648739,4.6890862419387294e-05
31.48,49.98835534052324,49.988354982969554,144.15910394726154,-0.006986287764041022,1.104263911862657e-64,56.84880134648739,4.682380091851527e-05
31.5,49.988356276159664,49.98835592006924,144.15909070824978,-0.006963029231524642,9.979099252044755e-65,56.84880134648739,4.675661754652028e-05
31.52,49.9883572104509,49.98835685581716,144.15907752331862,-0.0069398481305932595,9.017991153417838e-65,56.84880134648739,4.668931343718139e-05
31.54,49.98835814339456,49.98835779021093,144.1590643922239,-0.006916744203464043,8.149449403107078e-65,56.84880134648739,4.662188972324789e-05
31.560000000000002,49.98835907498826,49.9883587232482,144.15905131472255,-0.006893717193212364,7.364558740849e-65,56.84880134648739,4.6554347529230886e-05
31.580000000000002,49.988360005229644,49.98835965492665,144.1590382905723,-0.0068707668437689405,6.655262553901739e-65,56.84880134648739,4.6486687978954976e-05
31.6,49.988360934116386,49.98836058524396,144.1590253195322,-0.006847892899916988,6.014280178891013e-65,56.84880134648739,4.6418912192125677e-05
31.62,49.988361861646176,49.988361514197855,144.1590124013619,-0.006825095107289379,5.435032168489767e-65,56.84880134648739,4.635102128261312e-05
31.64,49.98836278781672,49.98836244178608,144.15899953582237,-0.0068023732123658216,4.9115727558215375e-65,56.84880134648739,4.628301636119811e-05
31.66,49.98836371262575,49.98836336800638,144.15898672267537,-0.006779726962470034,4.4385288233595825e-65,56.84880134648739,4.621489853625869e-05
31.68,49.98836463607102,49.988364292856545,144.15897396168378,-0.0067571561057669345,4.011044749860085e-65,56.84880134648739,4.6146668910337475e-05
31.7,49.98836555815032,49.98836521633438,144.1589612526114,-0.006734660391259846,3.6247325692035404e-65,56.84880134648739,4.607832858391758e-05
31.720000000000002,49.98836647886144,49.988366138437705,144.158948595223,-0.006712239568787699,3.2756269295432843e-65,56.84880134648739,4.600987865233323e-05
31.740000000000002,49.9883673982022,49.988367059164375,144.15893598928432,-0.006689893389022255,2.960144390433416e-65,56.84880134648739,4.594132020714284e-05
31.76,49.988368316170444,49.98836797851226,144.15892343456204,-0.00666762160346533,2.6750466401362e-65,56.84880134648739,4.587265433647223e-05
31.78,49.98836923276404,49.98836889647924,144.15891093082394,-0.006645423964446034,2.4174072555481763e-65,56.84880134648739,4.5803882124671406e-05
31.8,49.98837014798088,49.98836981306324,144.15889847783865,-0.0066233002251180105,2.1845816635479022e-65,56.84880134648739,4.5735004651628036e-05
31.82,49.98837106181887,49.98837072826218,144.15888607537573,-0.006601250139456703,1.974179995429657e-65,56.84880134648739,4.56660229944837e-05
31.84,49.98837197427593,49.988371642074036,144.15887372320577,-0.006579273462256606,1.7840425557838993e-65,56.84880134648739,4.5596938225574396e-05
31.86,49.98837288535002,49.98837255449677,144.1588614211003,-0.00655736994912855,1.612217654021586e-65,56.84880134648739,4.552775141346029e-05
31.88,49.9883737950391,49.988373465528376,144.1588491688318,-0.006535539356496974,1.456941570991153e-65,56.84880134648739,4.545846362361223e-05
31.900000000000002,49.98837470334119,49.988374375166885,144.1588369661737,-0.0065137814415972255,1.3166204550528688e-65,56.84880134648739,4.538907591738196e-05
31.92,49.98837561025427,49.988375283410335,144.15882481290035,-0.006492095962472851,1.1898139617804545e-65,56.84880134648739,4.5319589353031944e-05
31.94,49.98837651577641,49.98837619025678,144.15881270878702,-0.006470482677972916,1.0752204693575533e-65,56.84880134648739,4.525000498298923e-05
31.96,49.988377419905646,49.98837709570431,144.15880065361,-0.006448941347749315,9.716637179105498e-66,56.84880134648739,4.518032385762135e-05
31.98,49.98837832264006,49.98837799975102,144.15878864714642,-0.006427471732254105,8.780807356354297e-66,56.84880134648739,4.511054702386325e-05
32.0,49.98837922397775,49.98837890239504,144.15877668917437,-0.006406073592736835,7.935109277848297e-66,56.84880134648739,4.504067552350102e-05
32.02,49.98838012391685,49.988379803634515,144.15876477947288,-0.006384746691241898,7.170862165177595e-66,56.84880134648739,4.497071039488817e-05
32.04,49.98838102245548,49.988380703467605,144.1587529178219,-0.006363490790605879,6.480221304011962e-66,56.84880134648739,4.490065267397541e-05
32.06,49.9883819195918,49.988381601892506,144.15874110400227,-0.0063423056544549185,5.856097521005757e-66,56.84880134648739,4.483050339156461e-05
32.08,49.988382815324016,49.98838249890741,144.15872933779582,-0.0063211910472020915,5.292084416051983e-66,56.84880134648739,4.476026357433852e-05
32.1,49.98838370965031,49.98838339451055,144.15871761898518,-0.006300146734044777,4.782392602951451e-66,56.84880134648739,4.468993424760688e-05
32.12,49.98838460256891,49.98838428870018,144.158705947354,-0.006279172480962052,4.3217902835018e-66,56.84880134648739,4.461951643050079e-05
32.14,49.98838549407806,49.988385181474555,144.15869432268678,-0.006258268054712089,3.9055495450213627e-66,56.84880134648739,4.454901114009181e-05
32.160000000000004,49.98838638417602,49.98838607283197,144.1586827447689,-0.0062374332228295635,3.5293978300717836e-66,56.84880134648739,4.4478419387616123e-05
32.18,49.988387272861075,49.98838696277073,144.15867121338667,-0.006216667753623065,3.1894740802340226e-66,56.84880134648739,4.440774218430992e-05
32.2,49.98838816013153,49.98838785128917,144.1586597283273,-0.006195971416172525,2.8822891037697957e-66,56.84880134648739,4.4336980533857705e-05
32.22,49.988389045985706,49.98838873838562,144.1586482893789,-0.006175343980326645,2.604689760357149e-66,56.84880134648739,4.426613543891424e-05
32.24,49.988389930421945,49.98838962405846,144.15863689633048,-0.006154785216700341,2.3538265952696885e-66,56.84880134648739,4.419520789664216e-05
32.26,49.98839081343862,49.98839050830608,144.15862554897183,-0.006134294896672191,2.1271245907762902e-66,56.84880134648739,4.4124198901801286e-05
32.28,49.9883916950341,49.98839139112689,144.15861424709374,-0.006113872792381888,1.922256734535192e-66,56.84880134648739,4.4053109444345845e-05
32.3,49.9883925752068,49.9883922725193,144.15860299048788,-0.006093518676727715,1.737120133671808e-66,56.84880134648739,4.3981940513200304e-05
32.32,49.98839345395514,49.98839315248176,144.1585917789467,-0.006073232323364014,1.5698144293600942e-66,56.84880134648739,4.3910693089050926e-05
32.34,49.98839433127756,49.98839403101275,144.15858061226356,-0.0060530135066986695,1.4186222903411113e-66,56.84880134648739,4.383936815361377e-05
32.36,49.98839520717253,49.98839490811075,144.15856949023276,-0.006032862001890599,1.281991785151965e-66,56.84880134648739,4.376796668242625e-05
32.38,49.98839608163851,49.98839578377426,144.15855841264946,-0.006012777584847256,1.1585204521225576e-66,56.84880134648739,4.369648964862298e-05
32.4,49.98839695467403,49.988396658001804,144.15854737930954,-0.005992760032222135,1.0469409036245553e-66,56.84880134648739,4.362493801950321e-05
32.42,49.98839782627759,49.98839753079192,144.15853639000989,-0.005972809121412288,9.461078168055059e-67,56.84880134648739,4.355331276133641e-05
32.44,49.98839869644773,49.98839840214319,144.1585254445482,-0.005952924630555853,8.549861772727915e-67,56.84880134648739,4.348161483695947e-05
32.46,49.98839956518302,49.988399272054174,144.15851454272303,-0.005933106338529581,7.726406550531812e-67,56.84880134648739,4.340984520371716e-05
32.480000000000004,49.98840043248203,49.98840014052348,144.1585036843338,-0.005913354024946378,6.982260037761276e-67,56.84880134648739,4.333800481552169e-05
32.5,49.988401298343355,49.98840100754974,144.1584928691807,-0.005893667470152859,6.309783845319721e-67,56.84880134648739,4.326609462353922e-05
32.52,49.98840216276562,49.98840187313157,144.15848209706488,-0.005874046455226902,5.70207525347668e-67,56.84880134648739,4.3194115575846555e-05
32.54,49.988403025747445,49.98840273726765,144.15847136778825,-0.005854490761975213,5.1528963579993534e-67,56.84880134648739,4.3122068615371677e-05
32.56,49.9884038872875,49.988403599956634,144.1584606811536,-0.005835000172930899,4.65661004036968e-67,56.84880134648739,4.304995468401279e-05
32.58,49.98840474738444,49.988404461197234,144.1584500369645,-0.005815574471351052,4.208122104844872e-67,56.84880134648739,4.297777471645966e-05
32.6,49.98840560603698,49.98840532098816,144.1584394350254,-0.005796213441214339,3.802828988419698e-67,56.84880134648739,4.2905529647058853e-05
32.62,49.988406463243805,49.98840617932813,144.15842887514157,-0.005776916867218597,3.4365705069525995e-67,56.84880134648739,4.2833220405351286e-05
32.64,49.988407319003656,49.98840703621592,144.15841835711916,-0.005757684534778442,3.105587152412082e-67,56.84880134648739,4.2760847917788565e-05
32.660000000000004,49.98840817331527,49.98840789165027,144.15840788076503,-0.005738516230022878,2.806481502915375e-67,56.84880134648739,4.2688413106359974e-05
32.68,49.98840902617743,49.98840874562999,144.15839744588692,-0.0057194117397929255,2.536183349447675e-67,56.84880134648739,4.261591689133849e-05
32.7,49.9884098775889,49.98840959815387,144.1583870522934,-0.005700370851639244,2.2919181813006167e-67,56.84880134648739,4.254336018716173e-05
32.72,49.9884107275485,49.988410449220744,144.1583766997938,-0.005681393353819774,2.071178706744641e-67,56.84880134648739,4.2470743906550995e-05
32.74,49.98841157605503,49.98841129882945,144.15836638819837,-0.005662479035297382,1.8716991166054798e-67,56.84880134648739,4.2398068958108534e-05
32.76,49.988412423107334,49.988412146978845,144.15835611731805,-0.005643627685737512,1.691431826569882e-67,56.84880134648739,4.232533624734726e-05
32.78,49.98841326870428,49.98841299366781,144.15834588696464,-0.005624839095505846,1.5285264594889276e-67,56.84880134648739,4.2252546675661e-05
32.8,49.98841411284473,49.988413838895234,144.1583356969507,-0.0056061130556659755,1.3813108519400485e-67,56.84880134648739,4.2179701140667746e-05
32.82,49.98841495552758,49.988414682660036,144.1583255470897,-0.005587449357977077,1.2482738900871242e-67,56.84880134648739,4.210680053861248e-05
32.84,49.988415796751745,49.988415524961155,144.15831543719577,-0.005568847794891595,1.1280499986550964e-67,56.84880134648739,4.203384576024803e-05
32.86,49.98841663651614,49.98841636579753,144.15830536708393,-0.005550308159552935,1.0194051238041581e-67,56.84880134648739,4.196083769323795e-05
32.88,49.98841747481972,49.98841720516812,144.1582953365699,-0.005531830245793165,9.212240660228966e-68,56.84880134648739,4.188777722284296e-05
32.9,49.98841831166144,49.988418043071924,144.15828534547026,-0.0055134138481307176,8.324990330172171e-68,56.84880134648739,4.181466522848843e-05
32.92,49.98841914704029,49.98841887950794,144.15827539360237,-0.005495058761768109,7.523192950946811e-68,56.84880134648739,4.17415025895997e-05
32.94,49.988419980955264,49.98841971447518,144.15826548078434,-0.005476764782589662,6.798618368605993e-68,56.84880134648739,4.166829017942351e-05
32.96,49.98842081340538,49.98842054797269,144.15825560683504,-0.005458531707159235,6.143829092689929e-68,56.84880134648739,4.159502886880377e-05
32.980000000000004,49.98842164438967,49.988421379999515,144.15824577157417,-0.00544035933271796,5.55210395313347e-68,56.84880134648739,4.152171952549509e-05
33.0,49.98842247390717,49.98842221055473,144.1582359748222,-0.0054222474571819865,5.01736910993791e-68,56.84880134648739,4.144836301278974e-05
33.02,49.98842330195697,49.988423039637425,144.15822621640032,-0.005404195879140235,4.534135707446823e-68,56.84880134648739,4.1374960192606944e-05
33.04,49.98842412853814,49.9884238672467,144.15821649613054,-0.005386204397852158,4.0974435332701115e-68,56.84880134648739,4.130151192103055e-05
33.06,49.98842495364978,49.98842469338169,144.15820681383556,-0.005368272813245507,3.702810103535914e-68,56.84880134648739,4.122801905277141e-05
33.08,49.98842577729103,49.98842551804151,144.15819716933896,-0.005350400925914108,3.346184651849308e-68,56.84880134648739,4.115448243842124e-05
33.1,49.988426599461,49.98842634122534,144.158187562465,-0.005332588537115646,3.0239065496714513e-68,56.84880134648739,4.10809029244527e-05
33.12,49.98842742015885,49.98842716293234,144.15817799303863,-0.005314835448769449,2.732667731319716e-68,56.84880134648739,4.1007281355278894e-05
33.14,49.98842823938376,49.988427983161706,144.1581684608857,-0.005297141463454291,2.4694787378953187e-68,56.84880134648739,4.0933618570507325e-05
33.160000000000004,49.9884290571349,49.98842880191263,144.15815896583268,-0.005279506384406193,2.231638031591908e-68,56.84880134648739,4.0859915408715724e-05
33.18,49.98842987341149,49.98842961918436,144.15814950770692,-0.00526193001551624,2.016704265407818e-68,56.84880134648739,4.078617270298971e-05
33.2,49.98843068821273,49.98843043497612,144.15814008633635,-0.005244412161328395,1.8224712236208312e-68,56.84880134648739,4.071239128332557e-05
33.22,49.988431501537875,49.98843124928716,144.1581307015498,-0.005226952627037325,1.6469451757986716e-68,56.84880134648739,4.0638571978346576e-05
33.24,49.98843231338617,49.988432062116765,144.15812135317674,-0.00520955121848624,1.4883244118925215e-68,56.84880134648739,4.0564715610840625e-05
33.26,49.98843312375688,49.98843287346421,144.15811204104736,-0.005192207742164729,1.3449807483488464e-68,56.84880134648739,4.0490823000849545e-05
33.28,49.98843393264929,49.98843368332882,144.1581027649927,-0.0051749220052066105,1.215442815406603e-68,56.84880134648739,4.041689496704215e-05
33.3,49.988434740062715,49.9884344917099,144.15809352484436,-0.0051576938153877865,1.0983809540301044e-68,56.84880134648739,4.034293232259511e-05
33.32,49.98843554599646,49.988435298606795,144.15808432043485,-0.005140522981124105,9.9259356745014e-69,56.84880134648739,4.0268935878625574e-05
33.34,49.98843635044986,49.98843610401885,144.1580751515973,-0.005123409311469234,8.969947872169606e-69,56.84880134648739,4.019490644247487e-05
33.36,49.98843715342227,49.98843690794545,144.15806601816556,-0.005106352616112528,8.106033271617159e-69,56.84880134648739,4.0120844818394964e-05
33.38,49.988437954913046,49.988437710385966,144.15805691997423,-0.005089352705376922,7.325324108563778e-69,56.84880134648739,4.004675180789181e-05
33.4,49.98843875492159,49.98843851133981,144.15804785685862,-0.005072409390216817,6.619806691812459e-69,56.84880134648739,3.997262820835226e-05
33.42,49.98843955344728,49.988439310806385,144.15803882865478,-0.005055522482215979,5.98223914566926e-69,56.84880134648739,3.989847481441709e-05
33.44,49.98844035048954,49.98844010878514,144.1580298351994,-0.005038691793585442,5.406077074764156e-69,56.84880134648739,3.982429241695126e-05
33.46,49.9884411460478,49.98844090527552,144.15802087632994,-0.005021917137161423,4.88540638824979e-69,56.84880134648739,3.975008180407368e-05
33.480000000000004,49.988441940121504,49.98844170027698,144.15801195188453,-0.005005198326403236,4.4148825938433525e-69,56.84880134648739,3.967584376047067e-05
33.5,49.98844273271011,49.98844249378901,144.158003061702,-0.004988535175391225,3.9896759385873273e-69,56.84880134648739,3.960157906842575e-05
33.52,49.988443523813096,49.9884432858111,144.15799420562195,-0.004971927498824688,3.605421833219299e-69,56.84880134648739,3.952728850507358e-05
33.54,49.98844431342996,49.988444076342766,144.15798538348463,-0.004955375112019824,3.258176051275269e-69,56.84880134648739,3.945297284754884e-05
33.56,49.9884451015602,49.98844486538353,144.1579765951309,-0.004938877830907671,2.9443742430618394e-69,56.84880134648739,3.937863286577777e-05
33.58,49.98844588820336,49.98844565293294,144.1579678404025,-0.004922435472032068,2.6607953489231345e-69,56.84880134648739,3.93042693300299e-05
33.6,49.98844667335895,49.988446438990536,144.1579591191417,-0.004906047852547608,2.404528536253158e-69,56.84880134648739,3.9229883005769144e-05
33.62,49.98844745702654,49.988447223555916,144.15795043119155,-0.004889714790217609,2.172943320874235e-69,56.84880134648739,3.915547465502683e-05
33.64,49.988448239205695,49.98844800662865,144.15794177639572,-0.004873436103412084,1.96366256608852e-69,56.84880134648739,3.90810450374315e-05
33.660000000000004,49.988449019895995,49.988448788208345,144.1579331545986,-0.004857211611105722,1.774538082247809e-69,56.84880134648739,3.900659490917913e-05
33.68,49.988449799097054,49.98844956829461,144.15792456564523,-0.0048410411328758795,1.6036285763802553e-69,56.84880134648739,3.8932125023033104e-05
33.7,49.98845057680847,49.9884503468871,144.15791600938138,-0.004824924488900568,1.4491797255350445e-69,56.84880134648739,3.8857636129354004e-05
33.72,49.98845135302988,49.988451123985435,144.15790748565348,-0.004808861499956457,1.3096061693052808e-69,56.84880134648739,3.8783128974726594e-05
33.74,49.98845212776093,49.9884518995893,144.15789899430854,-0.004792851987416881,1.1834752366889757e-69,56.84880134648739,3.8708604302303065e-05
33.76,49.988452901001274,49.988452673698355,144.15789053519438,-0.004776895773249853,1.0694922402503831e-69,56.84880134648739,3.863406285317605e-05
33.78,49.98845367275059,49.9884534463123,144.1578821081594,-0.004760992680016084,9.664871866316746e-70,56.84880134648739,3.8559505364319106e-05
33.8,49.98845444300856,49.98845421743084,144.15787371305268,-0.00474514253086701,8.734027670032687e-70,56.84880134648739,3.848493257064624e-05
33.82,49.98845521177489,49.9884549870537,144.15786534972398,-0.004729345149542827,7.892835041792221e-70,56.84880134648739,3.841034520295237e-05
33.84,49.9884559790493,49.9884557551806,144.15785701802372,-0.00471360036037053,7.132659449968297e-70,56.84880134648739,3.83357439889431e-05
33.86,49.98845674483152,49.988456521811315,144.15784871780292,-0.004697907988261959,6.445697972888323e-70,56.84880134648739,3.826112965495101e-05
33.88,49.9884575091213,49.98845728694558,144.15784044891333,-0.004682267858711848,5.824899204725286e-70,56.84880134648739,3.818650292181655e-05
33.9,49.9884582719184,49.9884580505832,144.15783221120734,-0.004666679797795894,5.2638908754214344e-70,56.84880134648739,3.811186450900715e-05
33.92,49.98845903322258,49.988458812723955,144.15782400453793,-0.004651143632168816,4.756914441689781e-70,56.84880134648739,3.803721513187115e-05
33.94,49.988459793033655,49.98845957336765,144.15781582875877,-0.0046356591890624275,4.2987659776942375e-70,56.84880134648739,3.796255550335408e-05
33.96,49.988460551351416,49.98846033251411,144.1578076837242,-0.004620226296283716,3.8847427586730214e-70,56.84880134648739,3.788788633365543e-05
33.980000000000004,49.98846130817568,49.98846109016317,144.15779956928915,-0.004604844782212933,3.5105949892059664e-70,56.84880134648739,3.7813208329198834e-05
34.0,49.98846206350628,49.98846184631468,144.15779148530925,-0.0045895144758016735,3.1724821806342346e-70,56.84880134648739,3.773852219366189e-05
34.02,49.98846281734307,49.9884626009685,144.15778343164067,-0.004574235206570987,2.8669337298627523e-70,56.84880134648739,3.7663828627289616e-05
34.04,49.9884635696859,49.988463354124505,144.15777540814034,-0.004559006804609477,2.5908132949013343e-70,56.84880134648739,3.7589128328610734e-05
34.06,49.98846432053464,49.9884641057826,144.15776741466573,-0.004543829100571407,2.3412866014725927e-70,56.84880134648739,3.7514421991691625e-05
34.08,49.988465069889195,49.988464855942674,144.15775945107492,-0.004528701925674824,2.1157923502333426e-70,56.84880134648739,3.7439710307509356e-05
34.1,49.98846581774945,49.98846560460465,144.1577515172267,-0.004513625111699675,1.9120159259828807e-70,56.84880134648739,3.736499396566797e-05
34.12,49.988466564115335,49.988466351768466,144.15774361298048,-0.004498598490985945,1.7278656389928757e-70,56.84880134648739,3.729027365165241e-05
34.14,49.98846730898676,49.98846709743406,144.15773573819624,-0.004483621896431784,1.5614512545848894e-70,56.84880134648739,3.721555004751505e-05
34.160000000000004,49.98846805236369,49.9884678416014,144.1577278927346,-0.004468695161491654,1.4110645905695787e-70,56.84880134648739,3.7140823833591976e-05
34.18,49.98846879424607,49.98846858427045,144.15772007645683,-0.004453818120174475,1.2751619833874519e-70,56.84880134648739,3.7066095686786715e-05
34.2,49.98846953463387,49.98846932544121,144.15771228922472,-0.004438990607041778,1.1523484429725978e-70,56.84880134648739,3.699136627988368e-05
34.22,49.98847027352707,49.98847006511366,144.15770453090076,-0.004424212457205868,1.04136333369491e-70,56.84880134648739,3.6916636283951014e-05
34.24,49.98847101092567,49.988470803287825,144.15769680134807,-0.004409483506327989,9.410674344009712e-71,56.84880134648739,3.6841906367310796e-05
34.26,49.98847174682968,49.988471539963726,144.1576891004303,-0.004394803590616493,8.50431244729694e-71,56.84880134648739,3.6767177194166026e-05
34.28,49.98847248123913,49.98847227514141,144.15768142801178,-0.004380172546825029,7.685244176713703e-71,56.84880134648739,3.669244942734666e-05
34.300000000000004,49.98847321415404,49.988473008820925,144.15767378395736,-0.004365590212250714,6.945062098992471e-71,56.84880134648739,3.6617723725220315e-05
34.32,49.98847394557447,49.98847374100234,144.15766616813264,-0.004351056424732335,6.276168518498141e-71,56.84880134648739,3.6543000745124833e-05
34.34,49.988474675500484,49.98847447168573,144.15765858040356,-0.004336571022648539,5.671697489688616e-71,56.84880134648739,3.646828113821944e-05
34.36,49.988475403932156,49.98847520087118,144.157651020637,-0.004322133844916038,5.125444340719814e-71,56.84880134648739,3.63935655566931e-05
34.38,49.98847613086957,49.988475928558806,144.15764348870007,-0.004307744730987817,4.631801984780933e-71,56.84880134648739,3.631885464655618e-05
34.4,49.988476856312836,49.98847665474872,144.15763598446074,-0.0042934035208513485,4.185703365419369e-71,56.84880134648739,3.6244149052446e-05
34.42,49.988477580262064,49.98847737944106,144.15762850778754,-0.004279110055026817,3.782569445077793e-71,56.84880134648739,3.616944941694034e-05
34.44,49.988478302717375,49.98847810263596,144.1576210585494,-0.004264864174565341,3.4182622029649276e-71,56.84880134648739,3.6094756378497884e-05
34.46,49.98847902367892,49.98847882433357,144.15761363661608,-0.0042506657210472035,3.089042159800541e-71,56.84880134648739,3.6020070572488e-05
34.480000000000004,49.98847974314685,49.98847954453407,144.15760624185776,-0.004236514536580097,2.7915299934418453e-71,56.84880134648739,3.59453926325638e-05
34.5,49.98848046112132,49.98848026323764,144.15759887414526,-0.004222410463797362,2.5226718513898815e-71,56.84880134648739,3.5870723187916e-05
34.52,49.98848117760251,49.98848098044447,144.15759153335,-0.004208353345856242,2.279708004121585e-71,56.84880134648739,3.5796062867048834e-05
34.54,49.98848189259062,49.98848169615477,144.15758421934387,-0.0041943430264361325,2.0601445174855636e-71,56.84880134648739,3.5721412294004193e-05
34.56,49.988482606085846,49.988482410368746,144.15757693199947,-0.004180379349736851,1.8617276533891875e-71,56.84880134648739,3.56467720907644e-05
34.58,49.988483318088406,49.988483123086645,144.1575696711899,-0.0041664621604768975,1.6824207360095058e-71,56.84880134648739,3.5572142874849454e-05
34.6,49.98848402859853,49.988483834308695,144.15756243678882,-0.004152591303891731,1.5203832460681903e-71,56.84880134648739,3.549752526343608e-05
34.62,49.988484737616446,49.98848454403516,144.1575552286705,-0.004138766625732047,1.3739519285809532e-71,56.84880134648739,3.5422919868552166e-05
34.64,49.988485445142416,49.98848525226631,144.15754804670973,-0.004124987972262065,1.2416237201594723e-71,56.84880134648739,3.534832730188232e-05
34.660000000000004,49.9884861511767,49.98848595900241,144.15754089078195,-0.004111255190257817,1.1220403206208788e-71,56.84880134648739,3.5273748170648806e-05
34.68,49.98848685571958,49.988486664243766,144.15753376076302,-0.0040975681270054385,1.0139742505380806e-71,56.84880134648739,3.519918307932785e-05
34.7,49.98848755877133,49.98848736799068,144.1575266565295,-0.004083926630299481,9.163162516168232e-72,56.84880134648739,3.512463263067936e-05
34.72,49.988488260332275,49.988488070243456,144.15751957795842,-0.0040703305484412105,8.280639005690138e-72,56.84880134648739,3.5050097422657674e-05
34.74,49.988488960402705,49.98848877100243,144.1575125249274,-0.0040567797302369256,7.483113196079218e-72,56.84880134648739,3.497557805253059e-05
34.76,49.98848965898295,49.988489470267936,144.1575054973146,-0.0040432740249962745,6.762398779472931e-72,56.84880134648739,3.4901075113790076e-05
34.78,49.988490356073356,49.988490168040336,144.1574984949987,-0.004029813282530577,6.111097888586969e-72,56.84880134648739,3.4826589197182066e-05
34.800000000000004,49.98849105167425,49.98849086431998,144.157491517859,-0.004016397353151158,5.522525160340049e-72,56.84880134648739,3.475212089173618e-05
34.82,49.988491745786014,49.988491559107246,144.15748456577526,-0.004003026087667679,4.990639113071188e-72,56.84880134648739,3.467767078064668e-05
34.84,49.98849243840901,49.98849225240252,144.15747763862788,-0.003989699337386485,4.509980132961923e-72,56.84880134648739,3.460323944848084e-05
34.86,49.98849312954362,49.9884929442062,144.1574707362977,-0.003976416954108944,4.0756144331170174e-72,56.84880134648739,3.452882747500034e-05
34.88,49.98849381919024,49.9884936345187,144.1574638586662,-0.003963178790129805,3.6830834100643226e-72,56.84880134648739,3.445443543687757e-05
34.9,49.98849450734927,49.98849432334043,144.15745700561536,-0.003949984698235551,3.3283578778369595e-72,56.84880134648739,3.438006390941183e-05
34.92,49.988495194021134,49.98849501067183,144.15745017702758,-0.0039368345317027644,3.007796709867583e-72,56.84880134648739,3.430571346309688e-05
34.94,49.98849587920626,49.98849569651334,144.15744337278602,-0.003923728144296493,2.7181094641690516e-72,56.84880134648739,3.4231384667739933e-05
34.96,49.988496562905084,49.98849638086541,144.15743659277416,-0.003910665390268627,2.456322608162779e-72,56.84880134648739,3.415707809040214e-05
34.980000000000004,49.98849724511806,49.988497063728516,144.1574298368762,-0.0038976461243562773,2.2197489964651204e-72,56.84880134648739,3.408279429368232e-05
35.0,49.98849792584566,49.98849774510313,144.15742310497666,-0.0038846702017801588,2.0059602883325253e-72,56.84880134648739,3.400853383983602e-05
35.02,49.98849860508834,49.988498424989736,144.15741639696068,-0.00387173747824298,1.8127620216407365e-72,56.84880134648739,3.393429728528344e-05
35.04,49.9884992828466,49.98849910338884,144.15740971271407,-0.0038588478099278413,1.6381710875416278e-72,56.84880134648739,3.3860085188161034e-05
35.06,49.98849995912092,49.98849978030094,144.1574030521229,-0.0038460010534966324,1.480395374583356e-72,56.84880134648739,3.3785898099053604e-05
35.08,49.988500633911826,49.988500455726566,144.1573964150739,-0.003833197066088441,1.3378153733482395e-72,56.84880134648739,3.3711736569919e-05
35.1,49.98850130721982,49.988501129666254,144.15738980145431,-0.003820435705317962,1.2089675527867672e-72,56.84880134648739,3.3637601147566184e-05
35.12,49.988501979045445,49.98850180212054,144.15738321115185,-0.0038077168292739156,1.092529337611942e-72,56.84880134648739,3.356349237708785e-05
35.14,49.988502649389225,49.98850247308998,144.15737664405486,-0.0037950402965174685,9.873055325524643e-73,56.84880134648739,3.3489410801173884e-05
35.160000000000004,49.98850331825172,49.988503142575134,144.15737010005202,-0.0037824059660806603,8.922160541147286e-73,56.84880134648739,3.341535696045463e-05
35.18,49.9885039856335,49.98850381057659,144.15736357903265,-0.0037698136974648384,8.062848439247e-73,56.84880134648739,3.3341331390754815e-05
35.2,49.98850465153512,49.988504477094914,144.15735708088647,-0.003757263350639093,7.286298498492194e-73,56.84880134648739,3.326733462652617e-05
35.22,49.98850531595718,49.98850514213071,144.15735060550384,-0.0037447547860387,6.584539720566517e-73,56.84880134648739,3.3193367200504106e-05
35.24,49.98850597890026,49.988505805684596,144.15734415277552,-0.003732287864563572,5.950368810815283e-73,56.84880134648739,3.311942964164821e-05
35.26,49.98850664036496,49.98850646775718,144.1573377225928,-0.003719862447576707,5.3772762390864533e-73,56.84880134648739,3.30455224772018e-05
35.28,49.988507300351905,49.98850712834909,144.1573313148475,-0.0037074783969026507,4.8593794218079696e-73,56.84880134648739,3.29716462309756e-05
35.300000000000004,49.988507958861724,49.98850778746097,144.15732492943187,-0.0036951355748259577,4.391362339440176e-73,56.84880134648739,3.2897801424377545e-05
35.32,49.98850861589504,49.98850844509346,144.1573185662387,-0.00368283384408966,3.968420969498758e-73,56.84880134648739,3.2823988576412754e-05
35.34,49.98850927145251,49.98850910124722,144.15731222516126,-0.003670573067893743,3.58621397503835e-73,56.84880134648739,3.275020820437008e-05
35.36,49.98850992553478,49.98850975592293,144.1573059060933,-0.00365835310989362,3.240818142432303e-73,56.84880134648739,3.267646082073276e-05
35.38,49.98851057814252,49.98851040912125,144.15729960892915,-0.00364617383419862,2.9286881110338793e-73,56.84880134648739,3.260274693798402e-05
35.4,49.988511229276405,49.98851106084288,144.15729333356347,-0.0036340351053704744,2.6466199813587222e-73,56.84880134648739,3.252906706414477e-05
35.42,49.988511878937125,49.988511711088535,144.1572870798915,-0.0036219367884218127,2.3917184282400405e-73,56.84880134648739,3.245542170551961e-05
35.44,49.98851252712537,49.988512359858895,144.15728084780898,-0.0036098787488146587,2.1613669813851827e-73,56.84880134648739,3.238181136635361e-05
35.46,49.98851317384186,49.9885130071547,144.15727463721208,-0.003597860852458937,1.9532011682744994e-73,56.84880134648739,3.230823654745924e-05
35.480000000000004,49.988513819087295,49.98851365297668,144.15726844799747,-0.0035858829657109785,1.7650842437242683e-73,56.84880134648739,3.22346977472462e-05
35.5,49.98851446286242,49.98851429732556,144.1572622800623,-0.00357394495537204,1.5950852569866076e-73,56.84880134648739,3.216119546206463e-05
35.52,49.98851510516795,49.988514940202094,144.1572561333042,-0.003562046688686817,1.4414592312532632e-73,56.84880134648739,3.2087730185518616e-05
35.54,49.98851574600465,49.988515581607054,144.15725000762126,-0.0035501880333419695,1.3026292521131955e-73,56.84880134648739,3.2014302408466184e-05
35.56,49.988516385373266,49.9885162215412,144.15724390291206,-0.0035383688574646527,1.177170281108595e-73,56.84880134648739,3.194091261936256e-05
35.58,49.98851702327457,49.9885168600053,144.1572378190756,-0.003526589029621048,1.0637945282414644e-73,56.84880134648739,3.186756130494667e-05
35.6,49.98851765970932,49.98851749700016,144.1572317560114,-0.0035148484188149017,9.61338233284946e-74,56.84880134648739,3.179424894852488e-05
35.62,49.98851829467833,49.988518132526565,144.15722571361948,-0.003503146894486069,8.68749720214437e-74,56.84880134648739,3.1720976031344025e-05
35.64,49.98851892818238,49.98851876658533,144.15721969180026,-0.003491484326509062,7.850786021416436e-74,56.84880134648739,3.16477430322481e-05
35.660000000000004,49.988519560222265,49.98851939917727,144.15721369045463,-0.0034798605851916026,7.094660259442055e-74,56.84880134648739,3.157455042767834e-05
35.68,49.988520190798816,49.98852003030321,144.1572077094839,-0.0034682755412731806,6.411358564556206e-74,56.84880134648739,3.1501398690643375e-05
35.7,49.98852081991284,49.98852065996398,144.15720174879,-0.0034567290659236155,5.793867097244325e-74,56.84880134648739,3.142828829346533e-05
35.72,49.988521447565184,49.988521288160435,144.1571958082751,-0.003445221030741624,5.2358475356703164e-74,56.84880134648739,3.135521970400401e-05
35.74,49.988522073756684,49.988521914893425,144.157189887842,-0.0034337513077533927,4.731572015144012e-74,56.84880134648739,3.128219338943265e-05
35.76,49.98852269848819,49.98852254016381,144.15718398739386,-0.0034223197694111546,4.275864333705773e-74,56.84880134648739,3.120920981349197e-05
35.78,49.98852332176057,49.98852316397247,144.1571781068343,-0.0034109262885917706,3.864046820325241e-74,56.84880134648739,3.113626943717659e-05
35.800000000000004,49.98852394357468,49.98852378632028,144.15717224606746,-0.0033995707385953157,3.4918923203359555e-74,56.84880134648739,3.106337272148115e-05
35.82,49.988524563931406,49.98852440720813,144.1571664049978,-0.003388252993143671,3.1555808052540365e-74,56.84880134648739,3.0990520120878394e-05
35.84,49.98852518283164,49.98852502663693,144.15716058353036,-0.0033769729263791195,2.851660161596759e-74,56.84880134648739,3.091771209155736e-05
35.86,49.98852580027627,49.98852564460758,144.1571547815705,-0.0033657304128629434,2.5770107562127216e-74,56.84880134648739,3.0844949083528434e-05
35.88,49.98852641626621,49.988526261121,144.15714899902417,-0.0033545253275740344,2.3288134143998106e-74,56.84880134648739,3.077223154886157e-05
35.9,49.98852703080237,49.98852687617812,144.15714323579763,-0.003343357545907499,2.104520482118169e-74,56.84880134648739,3.0699559933104825e-05
35.92,49.98852764388568,49.98852748977987,144.15713749179764,-0.003332226943673274,1.901829675262476e-74,56.84880134648739,3.062693468111972e-05
35.94,49.988528255517075,49.9885281019272,144.15713176693137,-0.003321133397094747,1.7186604475659758e-74,56.84880134648739,3.0554356236394786e-05
35.96,49.98852886569748,49.98852871262106,144.15712606110645,-0.0033100767828073787,1.553132634561515e-74,56.84880134648739,3.048182503864269e-05
35.980000000000004,49.988529474427864,49.988529321862416,144.15712037423097,-0.0032990569778573306,1.4035471543877445e-74,56.84880134648739,3.040934152483005e-05
36.0,49.98853008170918,49.98852992965224,144.15711470621335,-0.0032880738597000987,1.2683685673413823e-74,56.84880134648739,3.0336906131236978e-05
36.02,49.98853068754239,49.9885305359915,144.15710905696255,-0.003277127306199151,1.146209315155787e-74,56.84880134648739,3.0264519290367743e-05
36.04,49.988531291928474,49.98853114088119,144.15710342638792,-0.003266217195624567,1.035815478227859e-74,56.84880134648739,3.019218143301033e-05
36.06,49.98853189486842,49.988531744322316,144.1570978143992,-0.0032553434066516875,9.360539045964595e-75,56.84880134648739,3.011989298789319e-05
36.08,49.98853249636322,49.988532346315864,144.1570922209066,-0.0032445058183597627,8.459005785560695e-75,56.84880134648739,3.00476543809987e-05
36.1,49.988533096413875,49.98853294686287,144.15708664582075,-0.003233704310230608,7.644301095138015e-75,56.84880134648739,2.9975466035563188e-05
36.12,49.988533695021395,49.98853354596434,144.1570810890527,-0.003222938762147265,6.90806233196765e-75,56.84880134648739,2.9903328373449947e-05
36.14,49.9885342921868,49.9885341436213,144.15707555051387,-0.003212209054392664,6.242732277081864e-75,56.84880134648739,2.9831241813089707e-05
36.160000000000004,49.988534887911115,49.988534739834805,144.1570700301162,-0.003201515067648295,5.641481563212713e-75,56.84880134648739,2.9759206772569923e-05
36.18,49.98853548219538,49.98853533460589,144.15706452777192,-0.003190856682992879,5.098138573859525e-75,56.84880134648739,2.968722366551572e-05
36.2,49.98853607504064,49.98853592793562,144.15705904339376,-0.003180233781901045,4.60712609392506e-75,56.84880134648739,2.9615292904179186e-05
36.22,49.98853666644794,49.98853651982505,144.1570535768949,-0.003169646246242014,4.163404061662533e-75,56.84880134648739,2.9543414899096123e-05
36.24,49.98853725641835,49.98853711027525,144.15704812818882,-0.003159093958278285,3.762417834303372e-75,56.84880134648739,2.9471590057369762e-05
36.26,49.98853784495292,49.988537699287306,144.1570426971895,-0.003148576800664323,3.4000514363314957e-75,56.84880134648739,2.9399818784387046e-05
36.28,49.98853843205274,49.9885382868623,144.15703728381123,-0.0031380946564452577,3.0725853105149106e-75,56.84880134648739,2.9328101483132113e-05
36.300000000000004,49.9885390177189,49.988538873001325,144.15703188796886,-0.0031276474090555805,2.77665813802458e-75,56.84880134648739,2.9256438554872822e-05
36.32,49.98853960195249,49.98853945770549,144.15702650957752,-0.0031172349423178496,2.509232335738173e-75,56.84880134648739,2.918483039813096e-05
36.34,49.9885401847546,49.98854004097591,144.15702114855276,-0.0031068571404413983,2.267562876571271e-75,56.84880134648739,2.911327741039856e-05
36.36,49.98854076612634,49.9885406228137,144.15701580481056,-0.003096513888021045,2.0491691127882493e-75,56.84880134648739,2.9041779984018778e-05
36.38,49.98854134606883,49.98854120321998,144.15701047826732,-0.003086205070035812,1.851809313069516e-75,56.84880134648739,2.897033851270781e-05
36.4,49.9885419245832,49.988541782195895,144.15700516883976,-0.0030759305718476466,1.6734576519675214e-75,56.84880134648739,2.8898953384346472e-05
36.42,49.98854250167057,49.98854235974258,144.1569998764451,-0.0030656902792001446,1.512283415556795e-75,56.84880134648739,2.882762498784535e-05
36.44,49.98854307733209,49.98854293586119,144.15699460100083,-0.003055484078217281,1.3666322098316905e-75,56.84880134648739,2.8756353706966176e-05
36.46,49.988543651568904,49.98854351055288,144.156989342425,-0.003045311855402143,1.2350089789629826e-75,56.84880134648739,2.868513992684371e-05
36.480000000000004,49.98854422438216,49.98854408381881,144.15698410063584,-0.003035173497635669,1.1160626591019927e-75,56.84880134648739,2.861398402712059e-05
36.5,49.98854479577303,49.988544655660164,144.15697887555217,-0.0030250688921753892,1.0085723102092083e-75,56.84880134648739,2.8542886386409684e-05
36.52,49.98854536574268,49.98854522607812,144.1569736670931,-0.003014997926654173,9.114345835557425e-76,56.84880134648739,2.8471847381607573e-05
36.54,49.98854593429228,49.98854579507386,144.15696847517813,-0.0030049604890789784,8.236523962561642e-76,56.84880134648739,2.840086738686478e-05
36.56,49.98854650142303,49.988546362648584,144.15696329972718,-0.0029949564678296084,7.443246965809596e-76,56.84880134648739,2.8329946774615544e-05
36.58,49.98854706713611,49.98854692880349,144.1569581406605,-0.0029849857516574666,6.726372149933406e-76,56.84880134648739,2.8259085914548037e-05
36.6,49.98854763143273,49.98854749353979,144.1569529978988,-0.002975048229684324,6.078541059732066e-76,56.84880134648739,2.818828517497741e-05
36.62,49.988548194314085,49.988548056858704,144.1569478713631,-0.002965143791401082,5.493103948346721e-76,56.84880134648739,2.8117544921129496e-05
36.64,49.988548755781395,49.988548618761456,144.1569427609748,-0.0029552723266665472,4.964051520065307e-76,56.84880134648739,2.8046865516857094e-05
36.660000000000004,49.98854931583588,49.988549179249276,144.15693766665572,-0.0029454337257062034,4.485953247121642e-76,56.84880134648739,2.7976247323266946e-05
36.68,49.98854987447877,49.9885497383234,144.1569325883281,-0.0029356278791109933,4.053901627333726e-76,56.84880134648739,2.790569070009277e-05
36.7,49.9885504317113,49.98855029598508,144.1569275259144,-0.0029258546778361005,3.66346181040647e-76,56.84880134648739,2.78351960036357e-05
36.72,49.98855098753472,49.98855085223556,144.15692247933754,-0.0029161140131997373,3.3106260758314666e-76,56.84880134648739,2.7764763589167107e-05
36.74,49.98855154195027,49.98855140707611,144.15691744852091,-0.0029064057768819354,2.9917726951162594e-76,56.84880134648739,2.7694393809898817e-05
36.76,49.98855209495922,49.988551960508,144.1569124333881,-0.0028967298609233433,2.7036287560790836e-76,56.84880134648739,2.7624087016639847e-05
36.78,49.988552646562816,49.988552512532486,144.15690743386318,-0.0028870861577240236,2.4432365676142e-76,56.84880134648739,2.7553843557796422e-05
36.800000000000004,49.98855319676234,49.98855306315087,144.15690244987059,-0.002877474560042256,2.207923300085142e-76,56.84880134648739,2.7483663780058477e-05
36.82,49.98855374555907,49.98855361236442,144.15689748133502,-0.0028678949609933493,1.9952735497157308e-76,56.84880134648739,2.741354802874291e-05
36.84,49.988554292954284,49.988554160174445,144.1568925281817,-0.002858347254048446,1.8031045453624648e-76,56.84880134648739,2.7343496645734055e-05
36.86,49.988554838949284,49.988554706582235,144.15688759033597,-0.002848831333033344,1.6294437431749552e-76,56.84880134648739,2.7273509969483673e-05
36.88,49.98855538354536,49.98855525158911,144.15688266772383,-0.002839347092127311,1.4725085791618793e-76,56.84880134648739,2.7203588340846318e-05
36.9,49.98855592674382,49.98855579519638,144.15687776027144,-0.00282989442586191,1.3306881718300145e-76,56.84880134648739,2.7133732094497918e-05
36.92,49.98855646854598,49.98855633740537,144.15687286790538,-0.0028204732291198277,1.2025267870807035e-76,56.84880134648739,2.7063941565800915e-05
36.94,49.98855700895315,49.988556878217395,144.15686799055254,-0.0028110833971337033,1.0867088956370195e-76,56.84880134648739,2.699421708462563e-05
36.96,49.988557547966664,49.98855741763381,144.1568631281403,-0.0028017248254849636,9.820456696216414e-77,56.84880134648739,2.6924558983588446e-05
36.980000000000004,49.98855808558785,49.988557955655935,144.15685828059623,-0.002792397410102664,8.874627796777968e-77,56.84880134648739,2.6854967588783856e-05
37.0,49.988558621818036,49.98855849228513,144.1568534478483,-0.0027831010472623274,8.019893673752275e-77,56.84880134648739,2.678544322767938e-05
37.02,49.98855915665858,49.98855902752275,144.15684862982494,-0.002773835633584795,7.247480797069975e-77,56.84880134648739,2.6715986222936942e-05
37.04,49.98855969011084,49.988559561370145,144.15684382645472,-0.002764601066035074,6.549460633849359e-77,56.84880134648739,2.6646596896531936e-05
37.06,49.988560222176154,49.988560093828696,144.15683903766677,-0.0027553972419211924,5.918668264934802e-77,56.84880134648739,2.657727556975326e-05
37.08,49.988560752855896,49.98856062489977,144.15683426339046,-0.0027462240588930578,5.34862883964806e-77,56.84880134648739,2.6508022558054424e-05
37.1,49.98856128215143,49.988561154584744,144.1568295035555,-0.0027370814149413167,4.8334911138375966e-77,56.84880134648739,2.6438838179635003e-05
37.12,49.98856181006415,49.988561682885006,144.15682475809194,-0.002727969208396225,4.367967389018579e-77,56.84880134648739,2.636972274617268e-05
37.14,49.988562336595415,49.98856220980195,144.15682002693023,-0.002718887337926511,3.947279236100989e-77,56.84880134648739,2.630067657174794e-05
37.160000000000004,49.98856286174663,49.98856273533696,144.15681531000115,-0.0027098357025382544,3.567108446579964e-77,56.84880134648739,2.6231699964262628e-05
37.18,49.988563385519186,49.98856325949147,144.1568106072357,-0.0027008142015737596,3.2235527077204684e-77,56.84880134648739,2.616279323264838e-05
37.2,49.98856390791448,49.988563782266866,144.1568059185654,-0.002691822734710438,2.913085546758417e-77,56.84880134648739,2.6093956682747496e-05
37.22,49.98856442893393,49.98856430366457,144.15680124392202,-0.002682861201959692,2.632520132960289e-77,56.84880134648739,2.6025190617999482e-05
37.24,49.98856494857894,49.988564823686005,144.1567965832376,-0.0026739295036658016,2.378976565982728e-77,56.84880134648739,2.5956495340470823e-05
37.26,49.988565466850936,49.9885653423326,144.1567919364446,-0.002665027540504819,2.1498523147592375e-77,56.84880134648739,2.588787115085496e-05
37.28,49.988565983751336,49.98856585960579,144.15678730347582,-0.0026561552134834613,1.9427955034800487e-77,56.84880134648739,2.581931834709928e-05
37.300000000000004,49.988566499281575,49.98856637550701,144.15678268426433,-0.002647312423938013,1.75568077045562e-77,56.84880134648739,2.575083722440512e-05
37.32,49.988567013443095,49.988566890037724,144.15677807874357,-0.0026384990735332245,1.5865874520639142e-77,56.84880134648739,2.5682428077630542e-05
37.34,49.98856752623733,49.98856740319936,144.15677348684727,-0.0026297150642612226,1.4337798678477318e-77,56.84880134648739,2.5614091199230828e-05
37.36,49.988568037665736,49.988567914993396,144.15676890850955,-0.002620960298440417,1.295689504395908e-77,56.84880134648739,2.5545826878571927e-05
37.38,49.98856854772977,49.98856842542128,144.15676434366478,-0.002612234678714419,1.1708989151324898e-77,56.84880134648739,2.5477635404333282e-05
37.4,49.98856905643088,49.98856893448449,144.15675979224773,-0.0026035381080509526,1.0581271707511805e-77,56.84880134648739,2.5409517064164556e-05
37.42,49.98856956377055,49.9885694421845,144.15675525419346,-0.00259487048974078,9.562167109491336e-78,56.84880134648739,2.5341472141253076e-05
37.44,49.98857006975023,49.98856994852278,144.1567507294373,-0.0025862317273966243,8.641214624979978e-78,56.84880134648739,2.527350091878616e-05
37.46,49.98857057437142,49.988570453500834,144.15674621791496,-0.0025776217249520996,7.808961016886056e-78,56.84880134648739,2.5205603677205077e-05
37.480000000000004,49.98857107763559,49.988570957120146,144.1567417195625,-0.002569040386660639,7.056863509322615e-78,56.84880134648739,2.5137780695578056e-05
37.5,49.988571579544235,49.98857145938221,144.15673723431615,-0.0025604876170944348,6.377202099168289e-78,56.84880134648739,2.507003225057053e-05
37.52,49.98857208009884,49.988571960288525,144.15673276211265,-0.002551963321143371,5.763000313086713e-78,56.84880134648739,2.500235861781816e-05
37.54,49.988572579300914,49.98857245984061,144.1567283028889,-0.0025434674040139722,5.207953596604547e-78,56.84880134648739,2.493476006986729e-05
37.56,49.988573077151955,49.988572958039974,144.15672385658223,-0.002534999771228347,4.706364600188445e-78,56.84880134648739,2.486723687892101e-05
37.58,49.98857357365348,49.98857345488814,144.1567194231302,-0.0025265603286231332,4.253084698056467e-78,56.84880134648739,2.479978931340657e-05
37.6,49.988574068807004,49.988573950386616,144.15671500247066,-0.002518148982348458,3.843461139436114e-78,56.84880134648739,2.4732417641064716e-05
37.62,49.98857456261404,49.98857444453695,144.15671059454192,-0.002509765638866889,3.473289289796181e-78,56.84880134648739,2.4665122129292927e-05
37.64,49.988575055076126,49.98857493734067,144.15670619928238,-0.0025014102049523953,3.138769471826315e-78,56.84880134648739,2.4597903039996572e-05
37.660000000000004,49.98857554619479,49.988575428799315,144.15670181663094,-0.0024930825876893128,2.8364679631528676e-78,56.84880134648739,2.4530760635424276e-05
37.68,49.98857603597156,49.98857591891443,144.1566974465267,-0.0024847826944713086,2.5632817504470056e-78,56.84880134648739,2.44636951774814e-05
37.7,49.98857652440799,49.98857640768757,144.15669308890907,-0.0024765104330003508,2.316406678139012e-78,56.84880134648739,2.4396706922924453e-05
37.72,49.988577011505626,49.98857689512028,144.1566887437178,-0.0024682657112856847,2.093308664797107e-78,56.84880134648739,2.432979612953971e-05
37.74,49.98857749726601,49.988577381214135,144.15668441089292,-0.0024600484376428085,1.8916976917175328e-78,56.84880134648739,2.426296305099436e-05
37.76,49.98857798169071,49.98857786597069,144.15668009037478,-0.0024518585206924526,1.7095042967283985e-78,56.84880134648739,2.41962079409556e-05
37.78,49.988578464781284,49.98857834939152,144.15667578210395,-0.0024436958693595644,1.5448583319248606e-78,56.84880134648739,2.412953105034455e-05
37.800000000000004,49.988578946539306,49.98857883147819,144.15667148602142,-0.0024355603928722966,1.3960697672916331e-78,56.84880134648739,2.4062932627336284e-05
37.82,49.98857942696634,49.9885793122323,144.15666720206838,-0.0024274520007609955,1.2616113431691105e-78,56.84880134648739,2.399641292113565e-05
37.84,49.98857990606396,49.98857979165542,144.15666293018637,-0.002419370602857198,1.1401028934970664e-78,56.84880134648739,2.3929972177514917e-05
37.86,49.988580383833764,49.98858026974914,144.1566586703172,-0.002411316109292624,1.0302971789198231e-78,56.84880134648739,2.386361063950029e-05
37.88,49.988580860277324,49.98858074651506,144.15665442240297,-0.0024032884304981835,9.310670843349432e-79,56.84880134648739,2.379732854977473e-05
37.9,49.98858133539624,49.98858122195479,144.15665018638606,-0.0023952874772029745,8.413940494730138e-79,56.84880134648739,2.373112614827513e-05
37.92,49.988581809192105,49.98858169606992,144.1566459622092,-0.002387313160433295,7.603576137526948e-79,56.84880134648739,2.366500367390861e-05
37.94,49.988582281666524,49.98858216886206,144.15664174981538,-0.0023793653915116487,6.871259680928313e-79,56.84880134648739,2.3598961364552524e-05
37.96,49.9885827528211,49.98858264033283,144.15663754914777,-0.002371444082055765,6.209474166994717e-79,56.84880134648739,2.353299945362187e-05
37.980000000000004,49.988583222657454,49.988583110483845,144.15663336015,-0.0023635491439776106,5.611426611861884e-79,56.84880134648739,2.3467118175561436e-05
38.0,49.98858369117718,49.98858357931673,144.1566291827659,-0.002355680489482413,5.0709782782704565e-79,56.84880134648739,2.340131776241319e-05
38.02,49.98858415838192,49.98858404683311,144.15662501693953,-0.0023478380310676832,4.5825816636954234e-79,56.84880134648739,2.3335598442786536e-05
38.04,49.98858462427329,49.988584513034624,144.15662086261537,-0.0023400216815222426,4.1412235572817205e-79,56.84880134648739,2.3269960445634133e-05
38.06,49.988585088852915,49.9885849779229,144.15661671973805,-0.002332231353925253,3.7423735810864764e-79,56.84880134648739,2.320440399750584e-05
38.08,49.98858555212243,49.98858544149959,144.15661258825253,-0.002324466961645251,3.381937687422765e-79,56.84880134648739,2.313892932254871e-05
38.1,49.98858601408348,49.98858590376633,144.15660846810408,-0.002316728418339184,3.0562161349722694e-79,56.84880134648739,2.3073536644566544e-05
38.12,49.9885864747377,49.98858636472477,144.15660435923826,-0.00230901563795145,2.7618655123071807e-79,56.84880134648739,2.3008226184273826e-05
38.14,49.98858693408675,49.98858682437657,144.15660026160077,-0.0023013285347129398,2.495864419006811e-79,56.84880134648739,2.2942998161698523e-05
38.160000000000004,49.98858739213227,49.98858728272339,144.15659617513774,-0.0022936670231400854,2.2554824520982563e-79,56.84880134648739,2.2877852793779287e-05
38.18,49.98858784887591,49.988587739766885,144.15659209979546,-0.0022860310180339064,2.038252179478376e-79,56.84880134648739,2.2812790297798023e-05
38.2,49.98858830431934,49.988588195508726,144.15658803552063,-0.002278420434479066,1.8419438126346224e-79,56.84880134648739,2.2747810887947332e-05
38.22,49.98858875846423,49.98858864995059,144.1565839822601,-0.002270835187842924,1.6645423186895523e-79,56.84880134648739,2.268291477704677e-05
38.24,49.98858921131224,49.98858910309415,144.15657993996103,-0.002263275193774596,1.5042267368326083e-79,56.84880134648739,2.2618102175169844e-05
38.26,49.98858966286504,49.988589554941086,144.15657590857083,-0.0022557403682040168,1.3593514868299868e-79,56.84880134648739,2.255337329307657e-05
38.28,49.98859011312431,49.98859000549308,144.1565718880372,-0.0022482306273410046,1.2284294777513482e-79,56.84880134648739,2.2488728338094404e-05
38.300000000000004,49.98859056209174,49.98859045475182,144.15656787830818,-0.0022407458876743287,1.1101168435306862e-79,56.84880134648739,2.2424167516864266e-05
38.32,49.988591009768996,49.988590902719004,144.15656387933194,-0.002233286065970782,1.003199148677529e-79,56.84880134648739,2.235969103328103e-05
38.34,49.988591456157785,49.98859134939633,144.156559891057,-0.0022258510792742547,9.06578922545192e-80,56.84880134648739,2.2295299090896316e-05
38.36,49.988591901259795,49.988591794785485,144.1565559134321,-0.0022184408449048114,8.1926439419995e-80,56.84880134648739,2.2230991889829158e-05
38.38,49.988592345076725,49.98859223888818,144.15655194640624,-0.002211055280457773,7.403593122587214e-80,56.84880134648739,2.216676962951209e-05
38.4,49.98859278761027,49.98859268170613,144.15654798992875,-0.002203694303802798,6.690537451996595e-80,56.84880134648739,2.210263250937763e-05
38.42,49.988593228862136,49.98859312324104,144.15654404394917,-0.0021963578330829727,6.046157677142365e-80,56.84880134648739,2.203858072473922e-05
38.44,49.98859366883404,49.988593563494625,144.1565401084173,-0.002189045786713898,5.463839477642933e-80,56.84880134648739,2.19746144709103e-05
38.46,49.98859410752769,49.988594002468616,144.1565361832832,-0.002181758083382783,4.937605572264744e-80,56.84880134648739,2.1910733939771732e-05
38.480000000000004,49.9885945449448,49.988594440164725,144.1565322684972,-0.002174494642047541,4.462054364338172e-80,56.84880134648739,2.1846939323890897e-05
38.5,49.9885949810871,49.98859487658468,144.1565283640098,-0.0021672553819358873,4.032304496362838e-80,56.84880134648739,2.1783230812402595e-05
38.52,49.988595415956304,49.988595311730215,144.15652446977194,-0.0021600402225444427,3.643944744675836e-80,56.84880134648739,2.1719608593755124e-05
38.54,49.98859584955414,49.98859574560307,144.15652058573463,-0.002152849083637837,3.2929887398701608e-80,56.84880134648739,2.165607285433723e-05
38.56,49.98859628188235,49.98859617820498,144.15651671184924,-0.0021456818852478177,2.9758340481851423e-80,56.84880134648739,2.159262377950788e-05
38.58,49.98859671294266,49.98859660953769,144.15651284806734,-0.0021385385476723586,2.6892251938544856e-80,56.84880134648739,2.152926155256651e-05
38.6,49.988597142736815,49.988597039602936,144.1565089943408,-0.0021314189914747764,2.430220242849967e-80,56.84880134648739,2.1465986355782782e-05
38.62,49.98859757126656,49.98859746840248,144.15650515062165,-0.002124323137482846,2.1961606050152614e-80,56.84880134648739,2.140279836971006e-05
38.64,49.98859799853363,49.988597895938064,144.15650131686226,-0.0021172509067879193,1.9846437446199656e-80,56.84880134648739,2.1339697771469145e-05
38.660000000000004,49.98859842453979,49.98859832221145,144.1564974930152,-0.0021102022207440487,1.7934985192177185e-80,56.84880134648739,2.1276684739553864e-05
38.68,49.988598849286774,49.98859874722441,144.1564936790333,-0.002103177000967112,1.6207628936709211e-80,56.84880134648739,2.121375944936873e-05
38.7,49.98859927277636,49.98859917097868,144.15648987486966,-0.0020961751693339414,1.4646638005847457e-80,56.84880134648739,2.1150922074945222e-05
38.72,49.9885996950103,49.98859959347605,144.15648608047758,-0.0020891966479814543,1.3235989404252244e-80,56.84880134648739,2.108817278859854e-05
38.74,49.98860011599035,49.98860001471829,144.15648229581058,-0.002082241359305787,1.1961203345063562e-80,56.84880134648739,2.1025511761614097e-05
38.76,49.98860053571829,49.98860043470716,144.15647852082247,-0.0020753092259614327,1.0809194620237183e-80,56.84880134648739,2.096293916321778e-05
38.78,49.98860095419589,49.988600853444446,144.15647475546734,-0.0020684001708603803,9.768138285717238e-81,56.84880134648739,2.0900455161262437e-05
38.800000000000004,49.98860137142491,49.98860127093192,144.15647099969942,-0.0020615141171712583,8.827348282753114e-81,56.84880134648739,2.0838059922227885e-05
38.82,49.98860178740714,49.98860168717138,144.15646725347324,-0.0020546509883184795,7.977167749453377e-81,56.84880134648739,2.07757536105344e-05
38.84,49.98860220214436,49.988602102164606,144.1564635167436,-0.0020478107079813903,7.208869896665301e-81,56.84880134648739,2.071353639060226e-05
38.86,49.98860261563835,49.988602515913385,144.15645978946543,-0.0020409932000934206,6.514568430707528e-81,56.84880134648739,2.0651408423075907e-05
38.88,49.988603027890896,49.98860292841952,144.156456071594,-0.0020341983888412392,5.887136603478304e-81,56.84880134648739,2.0589369869286304e-05
38.9,49.98860343890379,49.988603339684786,144.15645236308478,-0.00202742619866391,5.320134059018536e-81,56.84880134648739,2.0527420887131833e-05
38.92,49.98860384867883,49.98860374971101,144.15644866389337,-0.0020206765542520534,4.807740725636679e-81,56.84880134648739,2.0465561633824366e-05
38.94,49.9886042572178,49.988604158499975,144.1564449739758,-0.002013949380547005,4.344697075022517e-81,56.84880134648739,2.0403792266232516e-05
38.96,49.98860466452251,49.9886045660535,144.1564412932882,-0.002007244602739985,3.9262501351317054e-81,56.84880134648739,2.0342112937792323e-05
38.980000000000004,49.988605070594765,49.98860497237339,144.15643762178695,-0.0020005621462712646,3.548104702683292e-81,56.84880134648739,2.028052380193983e-05
39.0,49.988605475436366,49.98860537746145,144.15643395942863,-0.0019939019368293374,3.2063792544845067e-81,56.84880134648739,2.0219025009365016e-05
39.02,49.988605879049125,49.98860578131949,144.15643030617017,-0.001987263900350091,2.897566105028864e-81,56.84880134648739,2.015761671075786e-05
39.04,49.98860628143485,49.98860618394935,144.15642666196857,-0.001980647963015986,2.618495401400031e-81,56.84880134648739,2.009629905371903e-05
39.06,49.988606682595346,49.98860658535284,144.15642302678117,-0.001974054051255234,2.3663025859024566e-81,56.84880134648739,2.003507218619245e-05
39.08,49.988607082532454,49.988606985531774,144.15641940056543,-0.001967482091740979,2.138398992434674e-81,56.84880134648739,1.9973936252346206e-05
39.1,49.988607481247975,49.98860738448799,144.15641578327921,-0.0019609320113904835,1.9324452747879159e-81,56.84880134648739,1.9912891398064678e-05
39.12,49.988607878743736,49.98860778222332,144.15641217488036,-0.001954403737364314,1.7463273941213403e-81,56.84880134648739,1.9851937764426645e-05
39.14,49.98860827502157,49.98860817873958,144.15640857532716,-0.001947897197065532,1.578134919134167e-81,56.84880134648739,1.9791075493883904e-05
39.160000000000004,49.9886086700833,49.98860857403862,144.156404984578,-0.0019414123181388861,1.4261414161940103e-81,56.84880134648739,1.9730304725455693e-05
39.18,49.98860906393077,49.98860896812227,144.15640140259148,-0.0019349490284700083,1.2887867281333153e-81,56.84880134648739,1.9669625597817986e-05
39.2,49.98860945656579,49.98860936099238,144.1563978293265,-0.0019285072561846114,1.1646609598122912e-81,56.84880134648739,1.960903824724395e-05
39.22,49.98860984799022,49.98860975265078,144.1563942647421,-0.0019220869296476895,1.0524900060660572e-81,56.84880134648739,1.9548542810006754e-05
39.24,49.988610238205894,49.98861014309932,144.15639070879757,-0.0019156879774627224,9.511224734857288e-82,56.84880134648739,1.9488139419290264e-05
39.26,49.98861062721465,49.98861053233986,144.15638716145241,-0.0019093103284708803,8.595178617903506e-82,56.84880134648739,1.9427828208621586e-05
39.28,49.98861101501833,49.988610920374235,144.15638362266637,-0.0019029539117502335,7.767358834758323e-82,56.84880134648739,1.9367609309125035e-05
39.300000000000004,49.98861140161879,49.98861130720431,144.15638009239936,-0.0018966186566149632,7.019268121110207e-82,56.84880134648739,1.930748285055189e-05
39.32,49.98861178701788,49.98861169283193,144.15637657061154,-0.0018903044926145763,6.343227602097391e-82,56.84880134648739,1.9247448961280405e-05
39.34,49.98861217121745,49.98861207725896,144.15637305726324,-0.0018840113495331202,5.732297971493668e-82,56.84880134648739,1.9187507768659064e-05
39.36,49.98861255421935,49.98861246048727,144.15636955231506,-0.001877739157388404,5.1802082622930786e-82,56.84880134648739,1.9127659397976798e-05
39.38,49.988612936025454,49.988612842518705,144.15636605572774,-0.001871487846431219,4.681291477549829e-82,56.84880134648739,1.906790397383603e-05
39.4,49.988613316637604,49.988613223355145,144.15636256746234,-0.001865257347144563,4.230426420747794e-82,56.84880134648739,1.9008241618779643e-05
39.42,49.988613696057676,49.98861360299845,144.15635908747998,-0.0018590475902428684,3.822985128609843e-82,56.84880134648739,1.8948672454663993e-05
39.44,49.98861407428753,49.9886139814505,144.15635561574214,-0.0018528585066712306,3.4547853667641735e-82,56.84880134648739,1.8889196602658932e-05
39.46,49.98861445132904,49.988614358713164,144.1563521522104,-0.0018466900276046404,3.122047700653233e-82,56.84880134648739,1.8829814179815217e-05
39.480000000000004,49.988614827184065,49.988614734788314,144.15634869684652,-0.0018405420844472184,2.8213567010339516e-82,56.84880134648739,1.87705253048999e-05
39.5,49.988615201854486,49.98861510967784,144.15634524961263,-0.0018344146088314533,2.5496258858580803e-82,56.84880134648739,1.8711330093590707e-05
39.52,49.98861557534217,49.988615483383604,144.15634181047085,-0.0018283075326174397,2.3040660386739856e-82,56.84880134648739,1.8652228660535595e-05
39.54,49.988615947649,49.9886158559075,144.15633837938373,-0.0018222207878921225,2.0821565783499938e-82,56.84880134648739,1.8593221119696012e-05
39.56,49.98861631877686,49.98861622725141,144.15633495631377,-0.00181615430696854,1.8816196862400735e-82,56.84880134648739,1.853430758228734e-05
39.58,49.988616688727625,49.98861659741722,144.1563315412239,-0.0018101080223850718,1.7003969252167663e-82,56.84880134648739,1.8475488160211478e-05
39.6,49.98861705750318,49.98861696640682,144.1563281340771,-0.0018040818669046897,1.5366281105743752e-82,56.84880134648739,1.841676296228101e-05
39.62,49.9886174251054,49.98861733422211,144.15632473483663,-0.0017980757735142074,1.3886322159200364e-82,56.84880134648739,1.8358132097308524e-05
39.64,49.988617791536186,49.98861770086497,144.15632134346595,-0.0017920896754235378,1.2548901180586972e-82,56.84880134648739,1.8299595671703795e-05
39.660000000000004,49.98861815679743,49.9886180663373,144.15631795992863,-0.0017861235060649488,1.1340290037546213e-82,56.84880134648739,1.8241153790503573e-05
39.68,49.988618520891016,49.988618430641,144.15631458418852,-0.0017801771990923238,1.024808278310584e-82,56.84880134648739,1.8182806559087876e-05
39.7,49.988618883818845,49.98861879377797,144.15631121620964,-0.0017742506883804236,9.261068313215296e-83,56.84880134648739,1.8124554079404138e-05
39.72,49.98861924558281,49.9886191557501,144.1563078559562,-0.001768343908024151,8.369115288903559e-83,56.84880134648739,1.8066396454086302e-05
39.74,49.988619606184805,49.98861951655931,144.15630450339262,-0.001762456792337818,7.563068141826694e-83,56.84880134648739,1.8008333782679015e-05
39.76,49.98861996562674,49.988619876207494,144.15630115848347,-0.0017565892758544157,6.834653095740505e-83,56.84880134648739,1.7950366163697127e-05
39.78,49.9886203239105,49.98862023469656,144.1562978211936,-0.0017507412933248853,6.176393239243364e-83,56.84880134648739,1.789249369634202e-05
39.800000000000004,49.988620681038014,49.98862059202843,144.15629449148793,-0.0017449127797173937,5.581531778042347e-83,56.84880134648739,1.7834716475695988e-05
39.82,49.98862103701117,49.988620948205,144.15629116933167,-0.0017391036702166093,5.0439626789554935e-83,56.84880134648739,1.7777034598214345e-05
39.84,49.988621391831884,49.98862130322819,144.1562878546902,-0.0017333139002229825,4.558167993736514e-83,56.84880134648739,1.7719448156919833e-05
39.86,49.988621745502066,49.98862165709992,144.15628454752903,-0.0017275434053520256,4.119161219374139e-83,56.84880134648739,1.766195724449194e-05
39.88,49.98862209802362,49.9886220098221,144.15628124781392,-0.0017217921214335978,3.722436113480518e-83,56.84880134648739,1.7604561952580385e-05
39.9,49.98862244939846,49.988622361396644,144.1562779555108,-0.0017160599845111922,3.363920439377533e-83,56.84880134648739,1.7547262372148367e-05
39.92,49.98862279962851,49.988622711825485,144.15627467058582,-0.0017103469308412237,3.0399341660914064e-83,56.84880134648739,1.7490058591069767e-05
39.94,49.98862314871568,49.98862306111053,144.15627139300523,-0.0017046528968923198,2.7471516941940113e-83,56.84880134648739,1.7432950697218474e-05
39.96,49.9886234966619,49.98862340925372,144.15626812273553,-0.0016989778193446155,2.482567719753081e-83,56.84880134648739,1.73759387774386e-05
39.980000000000004,49.98862384346908,49.98862375625696,144.15626485974332,-0.0016933216350890478,2.243466385997378e-83,56.84880134648739,1.731902291651471e-05
40.0,49.98862418913914,49.9886241021222,144.15626160399557,-0.0016876842812266544,2.0273934060500625e-83,56.84880134648739,1.7262203198544855e-05
40.02,49.988624533674006,49.988624446851354,144.15625835545922,-0.0016820656950678745,1.832130870580415e-83,56.84880134648739,1.720547970659732e-05
40.04,49.988624877075615,49.98862479044635,144.15625511410155,-0.0016764658141318516,1.6556744817837602e-83,56.84880134648739,1.7148852522367356e-05
40.06,49.98862521934588,49.988625132909135,144.1562518798899,-0.0016708845761457384,1.4962129800048063e-83,56.84880134648739,1.7092321725147417e-05
40.08,49.98862556048673,49.98862547424163,144.15624865279187,-0.001665321919044004,1.3521095518262886e-83,56.84880134648739,1.703588739491646e-05
40.1,49.988625900500104,49.98862581444577,144.15624543277522,-0.0016597777809677448,1.221885028783813e-83,56.84880134648739,1.6979549609250656e-05
40.12,49.98862623938793,49.9886261535235,144.15624221980784,-0.0016542521002639952,1.1042027042479112e-83,56.84880134648739,1.692330844641268e-05
40.14,49.98862657715215,49.988626491476744,144.15623901385783,-0.0016487448154850436,9.978546126242156e-84,56.84880134648739,1.6867163979173088e-05
40.160000000000004,49.988626913794675,49.98862682830746,144.15623581489353,-0.0016432558653877473,9.017491300328039e-84,56.84880134648739,1.681111628373502e-05
40.18,49.98862724931747,49.98862716401758,144.15623262288335,-0.0016377851889328532,8.148997691922734e-84,56.84880134648739,1.6755165432525776e-05
40.2,49.98862758372245,49.98862749860904,144.1562294377959,-0.0016323327252843179,7.364150534921649e-84,56.84880134648739,1.6699311497629408e-05
40.22,49.98862791701156,49.98862783208379,144.15622625960003,-0.0016268984138086316,6.654893663148312e-84,56.84880134648739,1.664355455010018e-05
40.24,49.98862824918675,49.98862816444378,144.15622308826468,-0.0016214821940741429,6.013946816784178e-84,56.84880134648739,1.6587894658932826e-05
40.26,49.988628580249966,49.98862849569095,144.156219923759,-0.0016160840058503886,5.4347309131906265e-84,56.84880134648739,1.6532331892435562e-05
40.28,49.98862891020313,49.988628825827256,144.15621676605232,-0.0016107037891074224,4.911300515055718e-84,56.84880134648739,1.6476866318573345e-05
40.300000000000004,49.9886292390482,49.988629154854635,144.15621361511415,-0.001605341484015148,4.438282802676178e-84,56.84880134648739,1.642149800359484e-05
40.32,49.98862956678712,49.988629482775046,144.15621047091412,-0.0015999970309426535,4.010822423947648e-84,56.84880134648739,1.6366227011345925e-05
40.34,49.98862989342184,49.98862980959044,144.15620733342203,-0.0015946703704575484,3.6245316559686998e-84,56.84880134648739,1.631105340635898e-05
40.36,49.9886302189543,49.98863013530277,144.1562042026079,-0.0015893614433253028,3.275445366685892e-84,56.84880134648739,1.6255977251450098e-05
40.38,49.98863054338646,49.988630459913985,144.15620107844194,-0.001584070190508588,2.9599803142778034e-84,56.84880134648739,1.6200998607032576e-05
40.4,49.98863086672027,49.988630783426046,144.15619796089442,-0.0015787965531666214,2.6748983665012328e-84,56.84880134648739,1.6146117534892742e-05
40.42,49.988631188957676,49.98863110584091,144.15619484993584,-0.0015735404726545106,2.417273262459757e-84,56.84880134648739,1.6091334093727603e-05
40.44,49.98863151010063,49.988631427160534,144.1561917455369,-0.0015683018905226023,2.18446057561647e-84,56.84880134648739,1.6036648341204396e-05
40.46,49.98863183015109,49.98863174738687,144.15618864766833,-0.0015630807485158321,1.9740705697323208e-84,56.84880134648739,1.5982060334990358e-05
40.480000000000004,49.98863214911102,49.98863206652189,144.1561855563012,-0.0015578769885730764,1.7839436691062928e-84,56.84880134648739,1.592757013069318e-05
40.5,49.98863246698237,49.988632384567545,144.15618247140665,-0.0015526905528265064,1.6121282913284887e-84,56.84880134648739,1.5873177782547525e-05
40.52,49.98863278376709,49.9886327015258,144.15617939295595,-0.001547521383600946,1.4568608150075275e-84,56.84880134648739,1.5818883344444798e-05
40.54,49.988633099467144,49.98863301739863,144.15617632092062,-0.0015423694234132288,1.316547476848371e-84,56.84880134648739,1.5764686868903375e-05
40.56,49.9886334140845,49.98863333218797,144.15617325527225,-0.0015372346149715597,1.1897480122607705e-84,56.84880134648739,1.571058840775512e-05
40.58,49.98863372762111,49.98863364589582,144.15617019598267,-0.0015321169011748785,1.0751608715752222e-84,56.84880134648739,1.565658801111561e-05
40.6,49.988634040078935,49.98863395852412,144.15616714302374,-0.0015270162251122222,9.71609860116349e-85,56.84880134648739,1.5602685727040865e-05
40.62,49.98863435145995,49.988634270074854,144.15616409636766,-0.0015219325300620961,8.780320649989947e-85,56.84880134648739,1.554888160530321e-05
40.64,49.9886346617661,49.98863458054998,144.15616105598667,-0.0015168657594918397,7.934669447200544e-85,56.84880134648739,1.5495175692585646e-05
40.660000000000004,49.988634970999364,49.98863488995147,144.15615802185314,-0.0015118158570569997,7.170464695547295e-85,56.84880134648739,1.5441568033854884e-05
40.68,49.988635279161706,49.988635198281294,144.1561549939397,-0.001506782766600703,6.479862115520169e-85,56.84880134648739,1.5388058674764157e-05
40.7,49.988635586255086,49.988635505541424,144.15615197221908,-0.001501766432153032,5.855772926715272e-85,56.84880134648739,1.533464765890715e-05
40.72,49.98863589228148,49.98863581173383,144.15614895666417,-0.001496766797930402,5.291791084122307e-85,56.84880134648739,1.528133502987754e-05
40.74,49.98863619724285,49.988636116860484,144.15614594724798,-0.0014917838083349424,4.78212752243867e-85,56.84880134648739,1.5228120827836445e-05
40.76,49.988636501141166,49.988636420923356,144.1561429439437,-0.0014868174079538767,4.3215507334523595e-85,56.84880134648739,1.5175005095347776e-05
40.78,49.988636803978395,49.98863672392443,144.15613994672472,-0.001481867541558907,3.905333066542485e-85,56.84880134648739,1.5121987870856358e-05
40.800000000000004,49.98863710575652,49.98863702586567,144.15613695556448,-0.0014769341541055994,3.529202201091841e-85,56.84880134648739,1.5069069192463758e-05
40.82,49.988637406477494,49.98863732674906,144.15613397043666,-0.0014720171907327726,3.1892972926937923e-85,56.84880134648739,1.5016249098271542e-05
40.84,49.98863770614331,49.98863762657657,144.15613099131502,-0.0014671165967618874,2.882129343010477e-85,56.84880134648739,1.496352762466499e-05
40.86,49.98863800475592,49.988637925350176,144.15612801817355,-0.0014622323176964385,2.604545386493555e-85,56.84880134648739,1.4910904806656355e-05
40.88,49.98863830231731,49.98863822307186,144.15612505098628,-0.001457364299221349,2.353696126357436e-85,56.84880134648739,1.4858380678914627e-05
40.9,49.98863859882945,49.9886385197436,144.1561220897275,-0.0014525124872023655,2.1270066876001847e-85,56.84880134648739,1.4805955274392515e-05
40.92,49.98863889429432,49.98863881536738,144.15611913437158,-0.0014476768276854572,1.9221501868626792e-85,56.84880134648739,1.4753628626042724e-05
40.94,49.98863918871389,49.98863910994516,144.15611618489305,-0.0014428572668962153,1.737023847830384e-85,56.84880134648739,1.4701400764758419e-05
40.96,49.988639482090136,49.98863940347894,144.1561132412666,-0.0014380537512392552,1.569727417011161e-85,56.84880134648739,1.4649271721776017e-05
40.980000000000004,49.98863977442504,49.9886396959707,144.15611030346707,-0.0014332662272976198,1.418543658335046e-85,56.84880134648739,1.4597241524212852e-05
41.0,49.988640065720574,49.98863998742241,144.15610737146937,-0.0014284946418321868,1.2819207263602686e-85,56.84880134648739,1.4545310202618826e-05
41.02,49.98864035597872,49.988640277836055,144.15610444524867,-0.0014237389417810753,1.158456237152979e-85,56.84880134648739,1.4493477782394985e-05
41.04,49.98864064520145,49.988640567213615,144.15610152478018,-0.001418999074259057,1.0468828733341504e-85,56.84880134648739,1.444174429100192e-05
41.06,49.98864093339075,49.98864085555708,144.15609861003935,-0.0014142749865569673,9.460553755347776e-86,56.84880134648739,1.43901097528109e-05
41.08,49.988641220548594,49.98864114286843,144.15609570100165,-0.0014095666261411187,8.549387867314654e-86,56.84880134648739,1.4338574192879715e-05
41.1,49.98864150667697,49.98864142914965,144.1560927976428,-0.0014048739406527179,7.725978287948545e-86,56.84880134648739,1.4287137634206607e-05
41.12,49.988641791777845,49.988641714402725,144.1560898999386,-0.001400196877907283,6.981873022050768e-86,56.84880134648739,1.423580009841679e-05
41.14,49.988642075853214,49.98864199862963,144.15608700786498,-0.001395535385894062,6.309434103908652e-86,56.84880134648739,1.4184561607478734e-05
41.160000000000004,49.98864235890505,49.98864228183236,144.15608412139812,-0.0013908894127754568,5.701759196398647e-86,56.84880134648739,1.4133422181987883e-05
41.18,49.98864264093533,49.9886425640129,144.1560812405142,-0.0013862589068864444,5.152610741045188e-86,56.84880134648739,1.4082381840480133e-05
41.2,49.988642921946045,49.988642845173224,144.1560783651896,-0.001381643816734004,4.6563519317868444e-86,56.84880134648739,1.4031440602177894e-05
41.22,49.988643201939176,49.988643125315335,144.15607549540078,-0.0013770440909965439,4.207888855244097e-86,56.84880134648739,1.3980598484244039e-05
41.24,49.98864348091671,49.988643404441206,144.15607263112446,-0.0013724596785233297,3.802618203579984e-86,56.84880134648739,1.3929855502468402e-05
41.26,49.98864375888061,49.98864368255283,144.1560697723374,-0.0013678905283339177,3.4363800232454234e-86,56.84880134648739,1.3879211672984081e-05
41.28,49.988644035832884,49.988643959652194,144.15606691901644,-0.001363336589617586,3.1054150145925453e-86,56.84880134648739,1.3828667009864627e-05
41.300000000000004,49.9886443117755,49.98864423574128,144.15606407113876,-0.0013587978117327699,2.806325944052341e-86,56.84880134648739,1.3778221528213365e-05
41.32,49.98864458671045,49.988644510822084,144.15606122868144,-0.0013542741442064995,2.536042772786872e-86,56.84880134648739,1.3727875239701045e-05
41.34,49.98864486063971,49.988644784896586,144.1560583916218,-0.001349765536733838,2.291791143874544e-86,56.84880134648739,1.3677628155655158e-05
41.36,49.98864513356527,49.98864505796678,144.15605555993733,-0.0013452719391773222,2.0710639045610426e-86,56.84880134648739,1.3627480287059942e-05
41.38,49.98864540548911,49.98864533003464,144.15605273360558,-0.0013407933015664043,1.871595371262345e-86,56.84880134648739,1.3577431644213117e-05
41.4,49.98864567641322,49.98864560110218,144.15604991260432,-0.0013363295740968979,1.6913380731595823e-86,56.84880134648739,1.3527482236382631e-05
41.42,49.98864594633958,49.98864587117136,144.15604709691127,-0.0013318807071304227,1.5284417356673348e-86,56.84880134648739,1.3477632069747116e-05
41.44,49.98864621527019,49.988646140244185,144.15604428650443,-0.0013274466511938529,1.3812342880484276e-86,56.84880134648739,1.3427881152888009e-05
41.46,49.988646483207006,49.98864640832264,144.15604148136197,-0.0013230273569787671,1.248204700225407e-86,56.84880134648739,1.3378229492327197e-05
41.480000000000004,49.988646750152036,49.98864667540871,144.15603868146206,-0.0013186227753409,1.1279874726149087e-86,56.84880134648739,1.3328677092527025e-05
41.5,49.98864701610726,49.98864694150439,144.15603588678306,-0.001314232857299596,1.019348619778792e-86,56.84880134648739,1.32792239582931e-05
41.52,49.98864728107466,49.98864720661167,144.15603309730346,-0.001309857554037264,9.21173004019402e-87,56.84880134648739,1.3229870093057992e-05
41.54,49.988647545056224,49.98864747073253,144.15603031300185,-0.0013054968168988356,8.324528889029878e-87,56.84880134648739,1.3180615498881247e-05
41.56,49.98864780805393,49.988647733868966,144.156027533857,-0.001301150597391223,7.522775952174287e-87,56.84880134648739,1.3131460178508923e-05
41.58,49.988648070069786,49.98864799602296,144.15602475984772,-0.0012968188471827794,6.7982415318648575e-87,56.84880134648739,1.3082404131941019e-05
41.6,49.98864833110575,49.98864825719651,144.15602199095298,-0.0012925015181027633,6.143488549890221e-87,56.84880134648739,1.303344735883428e-05
41.62,49.98864859116382,49.988648517391596,144.15601922715194,-0.0012881985621408013,5.551796208729134e-87,56.84880134648739,1.2984589859188704e-05
41.64,49.98864885024599,49.98864877661021,144.15601646842381,-0.0012839099314463543,5.017091005046304e-87,56.84880134648739,1.2935831630258233e-05
41.660000000000004,49.98864910835423,49.98864903485434,144.1560137147479,-0.0012796355783281862,4.533884387423956e-87,56.84880134648739,1.288717266929681e-05
41.68,49.98864936549053,49.988649292125984,144.15601096610374,-0.001275375455253833,4.097216418408775e-87,56.84880134648739,1.2838612973215114e-05
41.7,49.98864962165688,49.98864954842712,144.15600822247086,-0.001271129514849074,3.7026048625859434e-87,56.84880134648739,1.2790152537550804e-05
41.72,49.98864987685526,49.988649803759735,144.15600548382906,-0.0012668977098974055,3.3459991780881592e-87,56.84880134648739,1.2741791357155018e-05
41.74,49.98865013108766,49.98865005812582,144.15600275015814,-0.0012626799933395164,3.0237389392794724e-87,56.84880134648739,1.2693529425849122e-05
41.76,49.98865038435606,49.98865031152737,144.15600002143802,-0.0012584763182727622,2.7325162638381415e-87,56.84880134648739,1.2645366735394941e-05
41.78,49.98865063666245,49.98865056396637,144.15599729764875,-0.0012542866379506466,2.4693418585663962e-87,56.84880134648739,1.2597303278927328e-05
41.800000000000004,49.988650888008806,49.98865081544479,144.15599457877062,-0.0012501109057822994,2.231514335399884e-87,56.84880134648739,1.2549339047521591e-05
41.82,49.98865113839712,49.988651065964646,144.15599186478389,-0.0012459490753319602,2.01659248265697e-87,56.84880134648739,1.2501474031223267e-05
41.84,49.98865138782937,49.98865131552791,144.15598915566895,-0.0012418011003184604,1.822370206902509e-87,56.84880134648739,1.2453708220077892e-05
41.86,49.988651636307544,49.98865156413657,144.1559864514064,-0.0012376669346147093,1.646853888213573e-87,56.84880134648739,1.2406041602414714e-05
41.88,49.98865188383363,49.988651811792614,144.15598375197683,-0.0012335465322471815,1.4882419164073034e-87,56.84880134648739,1.2358474166219729e-05
41.9,49.988652130409605,49.988652058498026,144.1559810573611,-0.001229439847395405,1.3449061981778234e-87,56.84880134648739,1.231100589913567e-05
41.92,49.98865237603746,49.9886523042548,144.15597836754006,-0.0012253468343914518,1.2153754453198054e-87,56.84880134648739,1.2263636786402472e-05
41.94,49.988652620719165,49.98865254906491,144.15597568249467,-0.0012212674477194302,1.098320072498475e-87,56.84880134648739,1.2216366813603322e-05
41.96,49.98865286445671,49.98865279293035,144.15597300220614,-0.0012172016420149785,9.925385495472439e-88,56.84880134648739,1.2169195966664674e-05
41.980000000000004,49.98865310725208,49.988653035853105,144.15597032665562,-0.0012131493720647611,8.969450682043459e-88,56.84880134648739,1.212212422773714e-05
42.0,49.988653349107246,49.98865327783516,144.1559676558245,-0.0012091105928059643,8.105583966920821e-88,56.84880134648739,1.207515158034437e-05
42.02,49.98865359002421,49.9886535188785,144.1559649896942,-0.001205085259325797,7.324918077350496e-88,56.84880134648739,1.2028278006980237e-05
42.04,49.98865383000493,49.9886537589851,144.1559623282463,-0.0012010733268609903,6.619439766321801e-88,56.84880134648739,1.1981503488765587e-05
42.06,49.9886540690514,49.98865399815696,144.1559596714625,-0.0011970747507972991,5.981907559546592e-88,56.84880134648739,1.1934828006134751e-05
42.08,49.988654307165596,49.98865423639605,144.1559570193246,-0.0011930894866690072,5.405777424400402e-88,56.84880134648739,1.1888251538835542e-05
42.1,49.98865454434951,49.988654473704365,144.15595437181446,-0.0011891174901584325,4.885135597844644e-88,56.84880134648739,1.184177406661578e-05
42.12,49.9886547806051,49.98865471008388,144.15595172891406,-0.0011851587170954333,4.414637883833325e-88,56.84880134648739,1.1795395566477217e-05
42.14,49.98865501593436,49.98865494553657,144.1559490906056,-0.0011812131234569185,3.9894547971145513e-88,56.84880134648739,1.1749116016451387e-05
42.160000000000004,49.98865525033927,49.98865518006443,144.1559464568712,-0.0011772806653663566,3.605221990348236e-88,56.84880134648739,1.1702935392853527e-05
42.18,49.9886554838218,49.98865541366943,144.15594382769325,-0.001173361299093289,3.2579954556926613e-88,56.84880134648739,1.1656853671655626e-05
42.2,49.98865571638394,49.98865564635356,144.15594120305423,-0.0011694549810528426,2.944211041020737e-88,56.84880134648739,1.1610870828486411e-05
42.22,49.98865594802765,49.98865587811879,144.1559385829366,-0.0011655616678052465,2.660647865214865e-88,56.84880134648739,1.1564986836571804e-05
42.24,49.988656178754916,49.98865610896711,144.1559359673231,-0.0011616813160553474,2.4043952570119304e-88,56.84880134648739,1.151920167119728e-05
42.26,49.98865640856772,49.9886563389005,144.1559333561964,-0.0011578138826521295,2.172822878037866e-88,56.84880134648739,1.1473515303529217e-05
42.28,49.988656637468026,49.98865656792093,144.15593074953944,-0.0011539593245882339,1.963553723355781e-88,56.84880134648739,1.142792770576377e-05
42.300000000000004,49.98865686545781,49.98865679603038,144.1559281473351,-0.00115011759899948,1.7744397223882506e-88,56.84880134648739,1.1382438849753838e-05
42.32,49.98865709253906,49.98865702323083,144.15592554956652,-0.0011462886631643896,1.6035396897662488e-88,56.84880134648739,1.1337048705979284e-05
42.34,49.988657318713734,49.98865724952425,144.15592295621684,-0.0011424724745037116,1.4490993997783285e-88,56.84880134648739,1.1291757243890206e-05
42.36,49.98865754398382,49.98865747491262,144.15592036726932,-0.0011386689905799482,1.3095335798916313e-88,56.84880134648739,1.1246564432250183e-05
42.38,49.988657768351274,49.988657699397926,144.15591778270738,-0.0011348781690968838,1.1834096385148732e-88,56.84880134648739,1.120147024016605e-05
42.4,49.98865799181808,49.98865792298213,144.15591520251442,-0.0011310999678991133,1.0694329599747996e-88,56.84880134648739,1.1156474633655334e-05
42.42,49.988658214386206,49.9886581456672,144.15591262667414,-0.0011273343449715743,9.664336157644767e-89,56.84880134648739,1.111157758148161e-05
42.44,49.98865843605762,49.98865836745513,144.1559100551701,-0.00112358125843908,8.733543556592917e-89,56.84880134648739,1.1066779047946117e-05
42.46,49.988658656834296,49.988658588347874,144.15590748798616,-0.0011198406665658526,7.892397554339012e-89,56.84880134648739,1.1022078999409628e-05
42.480000000000004,49.988658876718205,49.98865880834742,144.15590492510614,-0.00111611252775506,7.13226409785453e-89,56.84880134648739,1.0977477400859897e-05
42.5,49.988659095711306,49.98865902745572,144.1559023665141,-0.0011123968005483534,6.445340697970578e-89,56.84880134648739,1.093297421522513e-05
42.52,49.98865931381558,49.988659245674754,144.15589981219404,-0.001108693443625405,5.824576339708497e-89,56.84880134648739,1.0888569405776784e-05
42.54,49.98865953103298,49.9886594630065,144.15589726213017,-0.0011050024158034502,5.2635991062154556e-89,56.84880134648739,1.0844262935099811e-05
42.56,49.98865974736549,49.988659679452915,144.15589471630676,-0.0011013236760368283,4.75665077339148e-89,56.84880134648739,1.0800054765779158e-05
42.58,49.988659962815056,49.98865989501597,144.15589217470813,-0.0010976571834165265,4.298527703845921e-89,56.84880134648739,1.0755944857653712e-05
42.6,49.98866017738365,49.98866010969764,144.15588963731884,-0.0010940028971697252,3.884527433481645e-89,56.84880134648739,1.0711933171592136e-05
42.62,49.98866039107324,49.98866032349988,144.1558871041234,-0.0010903607766593445,3.510400402437973e-89,56.84880134648739,1.0668019667090061e-05
42.64,49.98866060388579,49.98866053642467,144.15588457510643,-0.0010867307813835919,3.172306334928323e-89,56.84880134648739,1.0624204303643119e-05
42.660000000000004,49.98866081582326,49.988660748473954,144.15588205025273,-0.0010831128709755124,2.866774820227701e-89,56.84880134648739,1.0580487039030654e-05
42.68,49.988661026887605,49.988660959649714,144.15587952954718,-0.0010795070052025397,2.5906696901884344e-89,56.84880134648739,1.0536867830688752e-05
42.7,49.98866123708079,49.98866116995391,144.15587701297463,-0.001075913143966048,2.341156827632509e-89,56.84880134648739,1.0493346635710245e-05
42.72,49.988661446404784,49.988661379388496,144.15587450052018,-0.001072331247300907,2.1156750751855386e-89,56.84880134648739,1.0449923410501447e-05
42.74,49.98866165486153,49.988661587955434,144.15587199216895,-0.0010687612753750367,1.9119099459423077e-89,56.84880134648739,1.0406598110095646e-05
42.76,49.988661862453,49.9886617956567,144.15586948790613,-0.001065203188488965,1.727769866113562e-89,56.84880134648739,1.036337069021264e-05
42.78,49.98866206918114,49.98866200249424,144.15586698771705,-0.0010616569470753862,1.5613647057936037e-89,56.84880134648739,1.032024110382617e-05
42.800000000000004,49.98866227504791,49.98866220847001,144.15586449158715,-0.0010581225116987206,1.4109863774749453e-89,56.84880134648739,1.0277209305626269e-05
42.82,49.98866248005527,49.98866241358598,144.15586199950187,-0.0010545998430546762,1.2750913031609432e-89,56.84880134648739,1.0234275247213643e-05
42.84,49.98866268420517,49.98866261784409,144.1558595114468,-0.0010510889019698121,1.1522845701077952e-89,56.84880134648739,1.0191438882248553e-05
42.86,49.98866288749956,49.98866282124631,144.15585702740765,-0.0010475896494011017,1.0413056125604484e-89,56.84880134648739,1.0148700160958681e-05
42.88,49.988663089940395,49.988663023794594,144.15585454737015,-0.0010441020464354994,9.410152725107253e-90,56.84880134648739,1.0106059034258223e-05
42.9,49.988663291529626,49.98866322549088,144.15585207132017,-0.0010406260542895087,8.50384106661127e-90,56.84880134648739,1.0063515453404635e-05
42.92,49.98866349226921,49.98866342633715,144.15584959924365,-0.0010371616343087485,7.684818195696188e-90,56.84880134648739,1.0021069367252569e-05
42.94,49.98866369216108,49.988663626335324,144.1558471311266,-0.0010337087479675253,6.944677145105306e-90,56.84880134648739,9.97872072465668e-06
42.96,49.98866389120721,49.98866382548737,144.15584466695518,-0.0010302673568684045,6.275820640331861e-90,56.84880134648739,9.936469474128363e-06
42.980000000000004,49.98866408940952,49.98866402379523,144.15584220671553,-0.0010268374227417822,5.671383116402337e-90,56.84880134648739,9.894315563149242e-06
43.0,49.988664286769975,49.98866422126086,144.15583975039402,-0.001023418907445461,5.125160245387866e-90,56.84880134648739,9.852258937827912e-06
43.02,49.988664483290506,49.98866441788621,144.15583729797697,-0.0010200117729642255,4.631545251269667e-90,56.84880134648739,9.810299546332511e-06
43.04,49.988664678973066,49.988664613673215,144.1558348494509,-0.001016615981409419,4.1854713584541206e-90,56.84880134648739,9.768437333741861e-06
43.06,49.9886648738196,49.988664808623824,144.1558324048023,-0.0010132314950185228,3.782359783192757e-90,56.84880134648739,9.726672244791527e-06
43.08,49.988665067832045,49.988665002739985,144.15582996401787,-0.0010098582761547358,3.418072734058295e-90,56.84880134648739,9.685004224217076e-06
43.1,49.988665261012336,49.98866519602364,144.15582752708423,-0.001006496287306556,3.0888709390439675e-90,56.84880134648739,9.643433215381041e-06
43.12,49.98866545336242,49.988665388476726,144.15582509398826,-0.0010031454910873641,2.791375263317506e-90,56.84880134648739,9.601959161989217e-06
43.14,49.98866564488424,49.988665580101184,144.15582266471685,-0.0009998058502350066,2.5225320236502004e-90,56.84880134648739,9.560582007060879e-06
43.160000000000004,49.98866583557973,49.98866577089896,144.15582023925697,-0.0009964773276113826,2.2795816434864623e-90,56.84880134648739,9.51930169224228e-06
43.18,49.98866602545082,49.988665960871984,144.15581781759562,-0.0009931598862020297,2.060030326909752e-90,56.84880134648739,9.478118158836409e-06
43.2,49.988666214499446,49.988666150022205,144.15581539971993,-0.0009898534891157132,1.8616244607486034e-90,56.84880134648739,9.437031347116485e-06
43.22,49.988666402727546,49.98866633835155,144.15581298561722,-0.0009865580995840153,1.6823274820698084e-90,56.84880134648739,9.3960411983855e-06
43.24,49.98866659013704,49.98866652586195,144.1558105752747,-0.0009832736809609263,1.5202989736121329e-90,56.84880134648739,9.355147652230158e-06
43.26,49.988666776729886,49.98866671255535,144.15580816867975,-0.0009800001967224382,1.373875772582901e-90,56.84880134648739,9.314350647207394e-06
43.28,49.98866696250799,49.98866689843367,144.15580576581988,-0.000976737610466137,1.241554898906234e-90,56.84880134648739,9.273650121187622e-06
43.300000000000004,49.98866714747329,49.988667083498854,144.15580336668256,-0.0009734858859107977,1.1219781276877097e-90,56.84880134648739,9.233046013071035e-06
43.32,49.98866733162772,49.98866726775282,144.15580097125547,-0.0009702449868959829,1.0139180475374933e-90,56.84880134648739,9.192538259355018e-06
43.34,49.98866751497319,49.9886674511975,144.15579857952628,-0.0009670148773816388,9.162654616457758e-91,56.84880134648739,9.15212679688022e-06
43.36,49.98866769751163,49.98866763383483,144.1557961914828,-0.0009637955214476951,8.280180022872129e-91,56.84880134648739,9.111811563173802e-06
43.38,49.98866787924497,49.988667815666716,144.15579380711284,-0.0009605868832936654,7.482698418864579e-91,56.84880134648739,9.071592491643833e-06
43.4,49.98866806017514,49.988667996695106,144.15579142640433,-0.0009573889272382494,6.762023950326753e-91,56.84880134648739,9.031469518101189e-06
43.42,49.98866824030404,49.988668176921905,144.15578904934534,-0.0009542016177189357,6.110759160026513e-91,56.84880134648739,8.991442577326969e-06
43.44,49.988668419633605,49.988668356349045,144.1557866759239,-0.0009510249192916066,5.522219055441756e-91,56.84880134648739,8.951511602385989e-06
43.46,49.988668598165745,49.988668534978444,144.15578430612823,-0.0009478587966301438,4.990362489781341e-91,56.84880134648739,8.911676527716094e-06
43.480000000000004,49.98866877590239,49.98866871281202,144.1557819399465,-0.0009447032145260355,4.5097301518446234e-91,56.84880134648739,8.87193728500907e-06
43.5,49.988668952845444,49.98866888985169,144.15577957736707,-0.0009415581378879851,4.0753885282084284e-91,56.84880134648739,8.832293806643216e-06
43.52,49.98866912899682,49.988669066099376,144.15577721837832,-0.000938423531741521,3.682879262533998e-91,56.84880134648739,8.792746023280544e-06
43.54,49.98866930435844,49.988669241556984,144.1557748629687,-0.0009352993612286075,3.3281733921859046e-91,56.84880134648739,8.753293867985868e-06
43.56,49.98866947893221,49.988669416226436,144.1557725111268,-0.0009321855916072569,3.0076299924187315e-91,56.84880134648739,8.713937270048175e-06
43.58,49.98866965272004,49.98866959010964,144.15577016284118,-0.0009290821882511436,2.7179588036293686e-91,56.84880134648739,8.674676159099706e-06
43.6,49.988669825723846,49.988669763208506,144.15576781810057,-0.000925989116649219,2.4561864580574724e-91,56.84880134648739,8.635510465802472e-06
43.62,49.98866999794553,49.988669935524946,144.15576547689375,-0.0009229063424053275,2.2196259592636473e-91,56.84880134648739,8.596440117729171e-06
43.64,49.98867016938699,49.98867010706087,144.15576313920945,-0.0009198338312378243,2.0058491011034578e-91,56.84880134648739,8.557465043825529e-06
43.660000000000004,49.98867034005015,49.98867027781818,144.1557608050367,-0.0009167715489791936,1.812661543088236e-91,56.84880134648739,8.518585171320986e-06
43.68,49.98867050993689,49.98867044779878,144.1557584743644,-0.0009137194615756695,1.6380802862904654e-91,56.84880134648739,8.479800428131497e-06
43.7,49.98867067904913,49.98867061700458,144.15575614718165,-0.0009106775350868565,1.4803133185922268e-91,56.84880134648739,8.441110740799984e-06
43.72,49.98867084738876,49.98867078543748,144.15575382347754,-0.0009076457356853526,1.337741220342703e-91,56.84880134648739,8.402516035869377e-06
43.74,49.98867101495769,49.98867095309938,144.15575150324128,-0.0009046240296563727,1.2089005416136106e-91,56.84880134648739,8.364016237823052e-06
43.76,49.9886711817578,49.988671119992176,144.15574918646212,-0.0009016123833973741,1.0924687804262238e-91,56.84880134648739,8.325611273890452e-06
43.78,49.988671347791005,49.988671286117764,144.1557468731294,-0.0008986107634176828,9.872508077570405e-92,56.84880134648739,8.287301067181926e-06
43.800000000000004,49.98867151305918,49.98867145147805,144.15574456323256,-0.0008956191363381205,8.921665999797875e-92,56.84880134648739,8.249085542524112e-06
43.82,49.988671677564234,49.98867161607492,144.15574225676102,-0.0008926374688906343,8.062401528218123e-92,56.84880134648739,8.210964623370621e-06
43.84,49.98867184130805,49.98867177991027,144.15573995370437,-0.0008896657279179259,7.285894630407212e-92,56.84880134648739,8.172938232488545e-06
43.86,49.98867200429252,49.988671942985995,144.15573765405213,-0.0008867038803730835,6.584174749868708e-92,56.84880134648739,8.135006292644978e-06
43.88,49.98867216651953,49.988672105303976,144.1557353577941,-0.0008837518933192137,5.95003899121524e-92,56.84880134648739,8.097168726607014e-06
43.9,49.98867232799096,49.988672266866104,144.15573306491996,-0.000880809733929076,5.376978185107803e-92,56.84880134648739,8.059425455425461e-06
43.92,49.98867248870871,49.988672427674274,144.1557307754195,-0.0008778773694847171,4.859110074036711e-92,56.84880134648739,8.021776400494383e-06
43.94,49.98867264867466,49.98867258773036,144.15572848928267,-0.0008749547673771074,4.391118933120923e-92,56.84880134648739,7.984221481834815e-06
43.96,49.98867280789068,49.98867274703626,144.15572620649937,-0.0008720418951057781,3.968201006155548e-92,56.84880134648739,7.946760620840822e-06
43.980000000000004,49.988672966358656,49.98867290559384,144.15572392705963,-0.0008691387202784602,3.5860151968287096e-92,56.84880134648739,7.909393736503665e-06
44.0,49.98867312408047,49.98867306340499,144.15572165095352,-0.0008662452106107238,3.24063850897133e-92,56.84880134648739,7.872120747471353e-06
44.02,49.988673281058,49.98867322047158,144.15571937817117,-0.0008633613339256195,2.9285257784504466e-92,56.84880134648739,7.834941573421662e-06
44.04,49.988673437293116,49.9886733767955,144.15571710870285,-0.0008604870581533202,2.64647328336882e-92,56.84880134648739,7.797856131629567e-06
44.06,49.9886735927877,49.98867353237861,144.15571484253874,-0.000857622351330765,2.3915858590429868e-92,56.84880134648739,7.760864340743074e-06
44.08,49.98867374754361,49.98867368722279,144.15571257966928,-0.000854767181601303,2.1612471802071353e-92,56.84880134648739,7.723966117693903e-06
44.1,49.98867390156273,49.98867384132993,144.15571032008478,-0.0008519215172143398,1.9530929054006154e-92,56.84880134648739,7.687161379413774e-06
44.12,49.98867405484692,49.98867399470187,144.15570806377582,-0.0008490853265249839,1.764986407876135e-92,56.84880134648739,7.650450042147887e-06
44.14,49.98867420739805,49.9886741473405,144.1557058107328,-0.0008462585779936952,1.5949968439153807e-92,56.84880134648739,7.6138320214549345e-06
44.160000000000004,49.98867435921798,49.98867429924768,144.15570356094645,-0.0008434412401859342,1.4413793334314227e-92,56.84880134648739,7.577307233923377e-06
44.18,49.988674510308584,49.988674450425265,144.15570131440734,-0.0008406332817718116,1.3025570494191108e-92,56.84880134648739,7.540875593738874e-06
44.2,49.98867466067172,49.988674600875136,144.1556990711062,-0.0008378346715257413,1.17710503240828e-92,56.84880134648739,7.504537015430344e-06
44.22,49.98867481030924,49.988674750599145,144.15569683103382,-0.0008350453783260922,1.0637355637811108e-92,56.84880134648739,7.468291413526705e-06
44.24,49.98867495922302,49.98867489959916,144.155694594181,-0.0008322653711548422,9.612849478161473e-93,56.84880134648739,7.432138701183842e-06
44.26,49.9886751074149,49.98867504787703,144.15569236053872,-0.0008294946190972336,8.687015667815371e-93,56.84880134648739,7.39607879087113e-06
44.28,49.98867525488674,49.98867519543462,144.15569013009792,-0.0008267330913414293,7.850350864674399e-93,56.84880134648739,7.360111596774229e-06
44.300000000000004,49.98867540164039,49.98867534227377,144.1556879028496,-0.0008239807571781699,7.0942670135637526e-93,56.84880134648739,7.324237030675997e-06
44.32,49.988675547677715,49.98867548839635,144.15568567878483,-0.000821237586000432,6.411003193017945e-93,56.84880134648739,7.288455004016034e-06
44.34,49.98867569300055,49.98867563380421,144.15568345789478,-0.0008185035473030889,5.793545952288526e-93,56.84880134648739,7.252765428233943e-06
44.36,49.98867583761075,49.98867577849919,144.15568124017068,-0.0008157786106825697,5.235557320862625e-93,56.84880134648739,7.217168215112581e-06
44.38,49.98867598151016,49.98867592248315,144.15567902560372,-0.0008130627458365226,4.731309751536621e-93,56.84880134648739,7.181663274375263e-06
44.4,49.988676124700625,49.988676065757915,144.15567681418528,-0.0008103559225634776,4.275627329259622e-93,56.84880134648739,7.146250516431818e-06
44.42,49.98867626718398,49.988676208325344,144.1556746059067,-0.0008076581107625103,3.863832642277231e-93,56.84880134648739,7.110929850662303e-06
44.44,49.98867640896208,49.98867635018728,144.1556724007595,-0.0008049692804329073,3.491698770227531e-93,56.84880134648739,7.075701186446774e-06
44.46,49.98867655003674,49.988676491345565,144.15567019873504,-0.0008022894016738327,3.155405896364824e-93,56.84880134648739,7.040564433165288e-06
44.480000000000004,49.98867669040983,49.98867663180203,144.15566799982503,-0.0007996184446839958,2.8515020985516152e-93,56.84880134648739,7.005519499168131e-06
44.5,49.988676830083165,49.98867677155852,144.15566580402094,-0.000796956379761319,2.57686791655287e-93,56.84880134648739,6.9705662921190724e-06
44.52,49.988676969058574,49.98867691061686,144.15566361131454,-0.0007943031773026081,2.328684331928901e-93,56.84880134648739,6.935704719681881e-06
44.54,49.9886771073379,49.988677048978886,144.15566142169746,-0.0007916588078032232,2.1044038318523157e-93,56.84880134648739,6.900934689520329e-06
44.56,49.98867724492297,49.988677186646434,144.15565923516158,-0.0007890232418567498,1.9017242598297862e-93,56.84880134648739,6.866256108268414e-06
44.58,49.988677381815606,49.98867732362133,144.15565705169863,-0.0007863964501546728,1.718565184915969e-93,56.84880134648739,6.831668881530361e-06
44.6,49.988677518017646,49.98867745990541,144.15565487130056,-0.0007837784034860501,1.5530465468582751e-93,56.84880134648739,6.797172915940168e-06
44.62,49.9886776535309,49.988677595500484,144.1556526939593,-0.0007811690727371872,1.4034693579727948e-93,56.84880134648739,6.762768117102062e-06
44.64,49.9886777883572,49.988677730408384,144.1556505196669,-0.0007785684288913146,1.268298263663258e-93,56.84880134648739,6.728454390620267e-06
44.660000000000004,49.98867792249836,49.98867786463093,144.15564834841535,-0.0007759764430282643,1.1461457825731994e-93,56.84880134648739,6.694231641412497e-06
44.68,49.9886780559562,49.98867799816995,144.15564618019675,-0.0007733930863241485,1.0357580646023145e-93,56.84880134648739,6.660099771993659e-06
44.7,49.98867818873254,49.98867813102725,144.1556440150033,-0.000770818330051039,9.36002020598298e-94,56.84880134648739,6.626058688654495e-06
44.72,49.988678320829194,49.98867826320465,144.15564185282722,-0.0007682521455766473,8.458536916152137e-94,56.84880134648739,6.592108294253172e-06
44.74,49.988678452247974,49.98867839470396,144.15563969366073,-0.0007656945043640074,7.643877383531216e-94,56.84880134648739,6.5582484913046e-06
44.76,49.98867858299069,49.98867852552701,144.15563753749623,-0.0007631453779711571,6.907679428919468e-94,56.84880134648739,6.524479184383231e-06
44.78,49.98867871305914,49.988678655675585,144.15563538432605,-0.0007606047380508226,6.242386252233938e-94,56.84880134648739,6.490800274630949e-06
44.800000000000004,49.988678842455144,49.98867878515151,144.1556332341426,-0.0007580725563501029,5.641168864747787e-94,56.84880134648739,6.457211664905917e-06
44.82,49.98867897118051,49.98867891395658,144.15563108693834,-0.0007555488047101554,5.097855992043354e-94,56.84880134648739,6.423713256006759e-06
44.84,49.98867909923703,49.98867904209261,144.15562894270587,-0.0007530334550658833,4.606870728159675e-94,56.84880134648739,6.3903049501051295e-06
44.86,49.98867922662651,49.9886791695614,144.15562680143773,-0.0007505264794456232,4.1631732907126743e-94,56.84880134648739,6.356986648342906e-06
44.88,49.98867935335075,49.988679296364744,144.15562466312656,-0.0007480278499708342,3.7622092893904765e-94,56.84880134648739,6.323758250488941e-06
44.9,49.98867947941154,49.98867942250445,144.155622527765,-0.0007455375388557877,3.3998629768190597e-94,56.84880134648739,6.290619657685113e-06
44.92,49.988679604810685,49.9886795479823,144.15562039534586,-0.0007430555184072585,3.0724150019356497e-94,56.84880134648739,6.257570770043533e-06
44.94,49.988679729549965,49.9886796728001,144.15561826586185,-0.0007405817610242168,2.776504232223833e-94,56.84880134648739,6.224611485960019e-06
44.96,49.98867985363118,49.988679796959644,144.15561613930578,-0.0007381162391975211,2.509093252929741e-94,56.84880134648739,6.191741705203425e-06
44.980000000000004,49.98867997705612,49.988679920462715,144.15561401567066,-0.0007356589255096129,2.2674371891214973e-94,56.84880134648739,6.158961327199342e-06
45.0,49.988680099826574,49.9886800433111,144.15561189494935,-0.000733209792634211,2.049055530561885e-94,56.84880134648739,6.12627025068685e-06
45.02,49.988680221944314,49.98868016550659,144.15560977713477,-0.0007307688133360084,1.85170667018696e-94,56.84880134648739,6.0936683723454825e-06
45.04,49.98868034341113,49.98868028705096,144.15560766222,-0.0007283359604703685,1.6733648948374966e-94,56.84880134648739,6.06115559091432e-06
45.06,49.98868046422881,49.988680407946006,144.15560555019815,-0.0007259112069830242,1.5121995920616223e-94,56.84880134648739,6.028731804102667e-06
45.08,49.98868058439912,49.9886805281935,144.15560344106228,-0.0007234945259097765,1.3665564595541526e-94,56.84880134648739,5.996396908933318e-06
45.1,49.98868070392384,49.98868064779521,144.15560133480562,-0.000721085890376195,1.2349405243544604e-94,56.84880134648739,5.964150801742547e-06
45.12,49.98868082280475,49.988680766752935,144.15559923142132,-0.0007186852735973182,1.1160007975012136e-94,56.84880134648739,5.931993379209891e-06
45.14,49.98868094104362,49.98868088506843,144.15559713090272,-0.0007162926488773571,1.0085164066296894e-94,56.84880134648739,5.899924537671626e-06
45.160000000000004,49.98868105864222,49.98868100274348,144.1555950332431,-0.0007139079896093968,9.11384064167889e-95,56.84880134648739,5.867944172777515e-06
45.18,49.988681175602316,49.98868111977984,144.1555929384358,-0.0007115312692751017,8.236067424971192e-95,56.84880134648739,5.836052180177321e-06
45.2,49.98868129192567,49.98868123617929,144.15559084647424,-0.00070916246144442,7.442834398317493e-95,56.84880134648739,5.804248454834291e-06
45.22,49.98868140761406,49.98868135194358,144.1555887573519,-0.0007068015397752903,6.725999317686727e-95,56.84880134648739,5.772532891025158e-06
45.24,49.98868152266924,49.98868146707449,144.15558667106222,-0.000704448478013348,6.078204135745508e-95,56.84880134648739,5.740905384399684e-06
45.26,49.98868163709296,49.98868158157378,144.15558458759875,-0.0007021032499916339,5.4927994742200094e-95,56.84880134648739,5.709365827861574e-06
45.28,49.988681750887,49.9886816954432,144.15558250695514,-0.0006997658296303029,4.9637763704839894e-95,56.84880134648739,5.677914116374075e-06
45.300000000000004,49.98868186405309,49.988681808684504,144.15558042912497,-0.0006974361909363345,4.485704597776895e-95,56.84880134648739,5.64655014284089e-06
45.32,49.988681976593,49.98868192129945,144.15557835410192,-0.000695114308003243,4.053676925931866e-95,56.84880134648739,5.615273800852239e-06
45.34,49.98868208850848,49.9886820332898,144.15557628187975,-0.0006928001550107898,3.663258750470603e-95,56.84880134648739,5.584084983311823e-06
45.36,49.988682199801275,49.9886821446573,144.15557421245217,-0.0006904937062246965,3.3104425730263526e-95,56.84880134648739,5.5529835824368335e-06
45.38,49.98868231047314,49.98868225540368,144.15557214581298,-0.0006881949359963579,2.9916068658533824e-95,56.84880134648739,5.521969491130973e-06
45.4,49.988682420525805,49.988682365530714,144.1555700819561,-0.0006859038187625582,2.7034788981823103e-95,56.84880134648739,5.491042600924915e-06
45.42,49.988682529961025,49.98868247504013,144.15556802087536,-0.000683620329045185,2.4431011428475714e-95,56.84880134648739,5.4602028036925925e-06
45.44,49.98868263878053,49.988682583933674,144.15556596256476,-0.0006813444414509473,2.2078009183634485e-95,56.84880134648739,5.429449990964678e-06
45.46,49.98868274698607,49.98868269221308,144.15556390701823,-0.0006790761306710925,1.9951629548358025e-95,56.84880134648739,5.398784053928589e-06
45.480000000000004,49.98868285457938,49.988682799880095,144.15556185422986,-0.0006768153714811254,1.8030046021087088e-95,56.84880134648739,5.368204883428486e-06
45.5,49.98868296156218,49.98868290693645,144.1555598041936,-0.000674562138740527,1.6293534256667866e-95,56.84880134648739,5.337712369278754e-06
45.52,49.98868306793622,49.98868301338387,144.1555577569036,-0.0006723164073924756,1.4724269603234362e-95,56.84880134648739,5.307306401637041e-06
45.54,49.98868317370322,49.9886831192241,144.15555571235404,-0.0006700781524635678,1.3306144138740668e-95,56.84880134648739,5.276986871347503e-06
45.56,49.98868327886491,49.98868322445885,144.15555367053912,-0.0006678473490635408,1.202460132909076e-95,56.84880134648739,5.246753667538015e-06
45.58,49.98868338342301,49.988683329089866,144.155551631453,-0.0006656239723849959,1.0866486610692599e-95,56.84880134648739,5.216606679679705e-06
45.6,49.98868348737925,49.98868343311886,144.15554959509,-0.0006634079977031223,9.8199123637216e-96,56.84880134648739,5.186545797243705e-06
45.62,49.98868359073534,49.98868353654756,144.15554756144445,-0.0006611994003754222,8.874135890093933e-96,56.84880134648739,5.15657090901463e-06
45.64,49.988683693493016,49.988683639377676,144.15554553051066,-0.0006589981558414369,8.019449143638593e-96,56.84880134648739,5.126681903433836e-06
45.660000000000004,49.98868379565398,49.988683741610934,144.15554350228305,-0.000656804239622474,7.247079080589224e-96,56.84880134648739,5.096878667912912e-06
45.68,49.98868389721995,49.98868384324905,144.155541476756,-0.0006546176273213341,6.54909760753024e-96,56.84880134648739,5.067161091579727e-06
45.7,49.988683998192634,49.98868394429373,144.15553945392406,-0.0006524382946220406,5.918340202446236e-96,56.84880134648739,5.037529061159355e-06
45.72,49.98868409857375,49.98868404474669,144.1555374337817,-0.0006502662172895689,5.348332373549775e-96,56.84880134648739,5.007982465093152e-06
45.74,49.988684198365,49.98868414460964,144.15553541632346,-0.0006481013711695767,4.8332232010145966e-96,56.84880134648739,4.9785211911359625e-06
45.76,49.98868429756809,49.98868424388428,144.15553340154392,-0.0006459437321881359,4.367725279444691e-96,56.84880134648739,4.9491451249830855e-06
45.78,49.98868439618472,49.98868434257231,144.15553138943773,-0.0006437932763514642,3.947060444610862e-96,56.84880134648739,4.919854153359591e-06
45.800000000000004,49.9886844942166,49.98868444067545,144.1555293799995,-0.0006416499797456591,3.5669107273597645e-96,56.84880134648739,4.890648162304036e-06
45.82,49.98868459166542,49.98868453819538,144.155527373224,-0.0006395138185364311,3.22337403125543e-96,56.84880134648739,4.86152703888475e-06
45.84,49.98868468853287,49.98868463513381,144.15552536910596,-0.0006373847689688393,2.9129240790006223e-96,56.84880134648739,4.8324906687970296e-06
45.86,49.988684784820656,49.98868473149242,144.15552336764011,-0.0006352628073670268,2.6323742165028436e-96,56.84880134648739,4.803538937392918e-06
45.88,49.988684880530464,49.98868482727291,144.1555213688213,-0.000633147910133958,2.3788447030470914e-96,56.84880134648739,4.774671730710972e-06
45.9,49.98868497566398,49.988684922476985,144.1555193726444,-0.0006310400537511557,2.149733151821081e-96,56.84880134648739,4.745888933416719e-06
45.92,49.98868507022289,49.988685017106306,144.15551737910423,-0.0006289392147784393,1.9426878173758255e-96,56.84880134648739,4.717190430518941e-06
45.94,49.988685164208896,49.988685111162575,144.15551538819574,-0.000626845369853665,1.7555834558272448e-96,56.84880134648739,4.68857610633991e-06
45.96,49.98868525762366,49.988685204647474,144.15551339991393,-0.0006247584956924652,1.5864995100126707e-96,56.84880134648739,4.660045845545151e-06
45.980000000000004,49.98868535046886,49.98868529756268,144.15551141425377,-0.00062267856908799,1.4337003956809466e-96,56.84880134648739,4.63159953314345e-06
46.0,49.988685442746196,49.988685389909875,144.15550943121028,-0.0006206055669106493,1.2956176863611424e-96,56.84880134648739,4.603237051397531e-06
46.02,49.98868553445732,49.98868548169073,144.15550745077854,-0.000618539466107855,1.1708340140441436e-96,56.84880134648739,4.574958285316179e-06
46.04,49.988685625603914,49.98868557290692,144.15550547295368,-0.0006164802437037649,1.0580685204235537e-96,56.84880134648739,4.546763118878407e-06
46.06,49.988685716187646,49.98868566356012,144.1555034977308,-0.0006144278767990276,9.56163709358276e-97,56.84880134648739,4.5186514340036815e-06
46.08,49.98868580621019,49.988685753652,144.15550152510508,-0.0006123823425705269,8.640735656021562e-97,56.84880134648739,4.490623113984501e-06
46.1,49.988685895673214,49.98868584318422,144.15549955507169,-0.0006103436182711295,7.808528178438351e-97,56.84880134648739,4.462678041426848e-06
46.12,49.98868598457837,49.98868593215845,144.15549758762597,-0.0006083116812294304,7.056472358458828e-97,56.84880134648739,4.434816100309734e-06
46.14,49.98868607292732,49.98868602057635,144.15549562276308,-0.0006062865088495019,6.376848620869277e-97,56.84880134648739,4.4070371711795995e-06
46.160000000000004,49.98868616072174,49.98868610843958,144.15549366047838,-0.0006042680786106418,5.762680879028298e-97,56.84880134648739,4.379341136642425e-06
46.18,49.988686247963265,49.9886861957498,144.15549170076724,-0.0006022563680671232,5.207664927914104e-97,56.84880134648739,4.351727879304196e-06
46.2,49.988686334653565,49.98868628250866,144.15548974362503,-0.000600251354847945,4.706103733788488e-97,56.84880134648739,4.32419728074112e-06
46.22,49.98868642079428,49.988686368717815,144.15548778904713,-0.0005982530166565823,4.2528489562497554e-97,56.84880134648739,4.296749221499639e-06
46.24,49.98868650638706,49.98868645437892,144.155485837029,-0.0005962613312707402,3.843248102420074e-97,56.84880134648739,4.269383583499219e-06
46.26,49.98868659143356,49.988686539493614,144.1554838875661,-0.0005942762765421042,3.47309677082453e-97,56.84880134648739,4.24210024831607e-06
46.28,49.988686675935426,49.98868662406355,144.15548194065397,-0.0005922978303960966,3.1385954947629193e-97,56.84880134648739,4.2148990964966325e-06
46.300000000000004,49.98868675989429,49.98868670809036,144.1554799962881,-0.0005903259708316288,2.8363107421874307e-97,56.84880134648739,4.1877800072143145e-06
46.32,49.988686843311804,49.9886867915757,144.1554780544641,-0.0005883606759208579,2.563139671764387e-97,56.84880134648739,4.1607428630751e-06
46.34,49.98868692618959,49.9886868745212,144.1554761151776,-0.0005864019238089424,2.3162782833540137e-97,56.84880134648739,4.133787543252397e-06
46.36,49.98868700852929,49.98868695692849,144.15547417842419,-0.0005844496927137994,2.093192635984685e-97,56.84880134648739,4.106913927606129e-06
46.38,49.98868709033254,49.98868703879921,144.15547224419953,-0.000582503960925862,1.8915928378847834e-97,56.84880134648739,4.080121895652964e-06
46.4,49.98868717160097,49.988687120135005,144.15547031249932,-0.0005805647068078384,1.7094095415894574e-97,56.84880134648739,4.053411328282597e-06
46.42,49.988687252336206,49.98868720093748,144.15546838331932,-0.0005786319087944708,1.5447727028532251e-97,56.84880134648739,4.026782103981923e-06
46.44,49.98868733253987,49.988687281208264,144.1554664566553,-0.0005767055453922958,1.3959923853365112e-97,56.84880134648739,4.000234101237836e-06
46.46,49.988687412213594,49.988687360948994,144.15546453250298,-0.0005747855951794056,1.261541414033314e-97,56.84880134648739,3.973767200596775e-06
46.480000000000004,49.98868749135898,49.988687440161286,144.15546261085825,-0.0005728720368052093,1.1400396993838453e-97,56.84880134648739,3.9473812805456344e-06
46.5,49.98868756997767,49.98868751884676,144.15546069171694,-0.0005709648489901954,1.0302400711649464e-97,56.84880134648739,3.921076219914566e-06
46.52,49.98868764807126,49.98868759700702,144.15545877507492,-0.0005690640105256964,9.310154767484003e-98,56.84880134648739,3.8948518958174345e-06
46.54,49.98868772564138,49.9886876746437,144.15545686092815,-0.0005671695002736512,8.413474123219906e-98,56.84880134648739,3.868708188800679e-06
46.56,49.988687802689626,49.9886877517584,144.1554549492725,-0.0005652812971663714,7.603154683240618e-98,56.84880134648739,3.842644974605135e-06
46.58,49.988687879217615,49.98868782835273,144.155453040104,-0.0005633993802063061,6.870878817793306e-98,56.84880134648739,3.816662132747468e-06
46.6,49.98868795522695,49.988687904428296,144.15545113341858,-0.0005615237284658091,6.209129985591626e-98,56.84880134648739,3.7907595410280595e-06
46.62,49.98868803071924,49.98868797998671,144.15544922921234,-0.0005596543210869057,5.611115579295734e-98,56.84880134648739,3.7649370755310016e-06
46.64,49.98868810569607,49.98868805502956,144.1554473274813,-0.000557791137281061,5.070697201906837e-98,56.84880134648739,3.7391946154297034e-06
46.660000000000004,49.98868818015906,49.988688129558454,144.15544542822158,-0.0005559341563289485,4.582327658389279e-98,56.84880134648739,3.7135320368082577e-06
46.68,49.98868825410979,49.988688203574995,144.15544353142923,-0.0005540833575802202,4.140994015762403e-98,56.84880134648739,3.6879492174670447e-06
46.7,49.98868832754986,49.98868827708076,144.15544163710044,-0.0005522387204532763,3.742166147195074e-98,56.84880134648739,3.6624460338334142e-06
46.72,49.98868840048086,49.98868835007736,144.15543974523138,-0.0005504002244350365,3.381750231926999e-98,56.84880134648739,3.6370223626779746e-06
46.74,49.98868847290438,49.988688422566376,144.1554378558182,-0.0005485678490807122,3.056046733710715e-98,56.84880134648739,3.6116780804280754e-06
46.76,49.988688544822004,49.988688494549386,144.15543596885718,-0.0005467415740135792,2.7617124264384566e-98,56.84880134648739,3.586413064197582e-06
46.78,49.988688616235315,49.98868856602799,144.15543408434453,-0.0005449213789247505,2.4957260771610196e-98,56.84880134648739,3.5612271890408153e-06
46.800000000000004,49.9886886871459,49.98868863700376,144.1554322022766,-0.0005431072435729509,2.255357434247448e-98,56.84880134648739,3.5361203320716403e-06
46.82,49.98868875755534,49.98868870747828,144.15543032264958,-0.0005412991477842919,2.0381392023604885e-98,56.84880134648739,3.511092368687635e-06
46.84,49.9886888274652,49.98868877745313,144.1554284454599,-0.0005394970714520471,1.8418417165812698e-98,56.84880134648739,3.48614317531615e-06
46.86,49.98868889687706,49.988688846929875,144.15542657070392,-0.000537700994536429,1.6644500557224567e-98,56.84880134648739,3.461272627011506e-06
46.88,49.988688965792484,49.988688915910096,144.15542469837797,-0.0005359108970643658,1.5041433599064907e-98,56.84880134648739,3.436480599171281e-06
46.9,49.98868903421305,49.98868898439536,144.1554228284785,-0.0005341267591292796,1.3592761401114966e-98,56.84880134648739,3.411766966506539e-06
46.92,49.98868910214033,49.98868905238723,144.15542096100188,-0.0005323485608908648,1.2283613878342503e-98,56.84880134648739,3.387131605101373e-06
46.94,49.98868916957588,49.98868911988727,144.1554190959447,-0.0005305762825748673,1.1100553114971312e-98,56.84880134648739,3.3625743900101033e-06
46.96,49.98868923652125,49.98868918689705,144.15541723330335,-0.0005288099044728652,1.0031435429239199e-98,56.84880134648739,3.3380951962870508e-06
46.980000000000004,49.98868930297802,49.98868925341812,144.15541537307436,-0.0005270494069420489,9.065286722990063e-99,56.84880134648739,3.3136938979567647e-06
47.0,49.98868936894773,49.98868931945205,144.1554135152543,-0.0005252947704050034,8.192189836609709e-99,56.84880134648739,3.2893703700735658e-06
47.02,49.98868943443194,49.988689385000384,144.15541165983973,-0.0005235459753494899,7.403182753045391e-99,56.84880134648739,3.2651244859754877e-06
47.04,49.988689499432205,49.988689450064676,144.15540980682724,-0.0005218030023282295,6.69016660601097e-99,56.84880134648739,3.240956122089881e-06
47.06,49.98868956395007,49.98868951464648,144.1554079562134,-0.0005200658319586862,6.0458225481158685e-99,56.84880134648739,3.2168651500384935e-06
47.08,49.98868962798708,49.98868957874733,144.1554061079949,-0.0005183344449228519,5.463536625599892e-99,56.84880134648739,3.192851445905417e-06
47.1,49.988689691544785,49.98868964236879,144.15540426216836,-0.0005166088219670313,4.937331888540797e-99,56.84880134648739,3.168914882342172e-06
47.12,49.988689754624716,49.98868970551239,144.15540241873055,-0.0005148889439016282,4.4618070396709805e-99,56.84880134648739,3.1450553344030786e-06
47.14,49.98868981722842,49.98868976817967,144.1554005776781,-0.0005131747916009315,4.032080992056043e-99,56.84880134648739,3.121272674739656e-06
47.160000000000004,49.98868987935743,49.98868983037217,144.15539873900775,-0.000511466346002903,3.6437427665402826e-99,56.84880134648739,3.0975667760034245e-06
47.18,49.98868994101328,49.988689892091415,144.15539690271632,-0.0005097635881089652,3.29280621467489e-99,56.84880134648739,3.0739375135919616e-06
47.2,49.9886900021975,49.98868995333894,144.15539506880054,-0.0005080664989837899,2.9756691023764423e-99,56.84880134648739,3.0503847591270146e-06
47.22,49.98869006291162,49.98869001411629,144.15539323725721,-0.0005063750597550882,2.689076134324554e-99,56.84880134648739,3.0269083866331325e-06
47.24,49.98869012315717,49.98869007442497,144.15539140808318,-0.0005046892516134,2.4300855395577854e-99,56.84880134648739,3.003508268761834e-06
47.26,49.98869018293566,49.98869013426652,144.1553895812753,-0.000503009055811885,2.19603887528129e-99,56.84880134648739,2.980184278507897e-06
47.28,49.98869024224863,49.988690193642455,144.15538775683046,-0.0005013344536661144,1.984533738933446e-99,56.84880134648739,2.956936288866097e-06
47.300000000000004,49.98869030109759,49.98869025255429,144.15538593474554,-0.0004996654265538631,1.7933991084109097e-99,56.84880134648739,2.933764171458182e-06
47.32,49.988690359484046,49.98869031100355,144.15538411501745,-0.0004980019559149022,1.6206730573286107e-99,56.84880134648739,2.9106678003087008e-06
47.34,49.98869041740953,49.98869036899175,144.15538229764314,-0.0004963440232507935,1.4645826165700618e-99,56.84880134648739,2.8876470470394e-06
47.36,49.98869047487553,49.988690426520385,144.1553804826196,-0.0004946916101246824,1.3235255754142421e-99,56.84880134648739,2.864701783958542e-06
47.38,49.98869053188358,49.988690483590986,144.15537866994376,-0.0004930446981610948,1.1960540354343358e-99,56.84880134648739,2.841831883374389e-06
47.4,49.98869058843517,49.98869054020504,144.15537685961266,-0.0004914032690457307,1.0808595483551738e-99,56.84880134648739,2.8190372175952027e-06
47.42,49.9886906445318,49.98869059636406,144.15537505162337,-0.0004897673045252621,9.767596853149773e-100,56.84880134648739,2.7963176585859877e-06
47.44,49.98869070017498,49.98869065206955,144.15537324597284,-0.0004881367864071291,8.826858996698308e-100,56.84880134648739,2.7736730772819767e-06
47.46,49.9886907553662,49.988690707323,144.15537144265824,-0.0004865116965593379,7.976725587570598e-100,56.84880134648739,2.7511033470212035e-06
47.480000000000004,49.98869081010697,49.98869076212591,144.1553696416766,-0.0004848920169102593,7.208470320326137e-100,56.84880134648739,2.728608338052386e-06
47.5,49.988690864398755,49.98869081647978,144.1553678430251,-0.0004832777294484275,6.514207338408446e-100,56.84880134648739,2.7061879230270436e-06
47.52,49.98869091824307,49.988690870386094,144.15536604670078,-0.00048166881622234,5.886810288740224e-100,56.84880134648739,2.6838419732236664e-06
47.54,49.988690971641404,49.988690923846335,144.15536425270085,-0.00048006525934025804,5.3198391723412e-100,56.84880134648739,2.661570359577487e-06
47.56,49.98869102459523,49.988690976862,144.1553624610225,-0.0004784670409700071,4.807474240117265e-100,56.84880134648739,2.6393729530237374e-06
47.58,49.98869107710603,49.98869102943456,144.15536067166292,-0.0004768741433387793,4.3444562552855963e-100,56.84880134648739,2.617249626213937e-06
47.6,49.98869112917529,49.98869108156551,144.1553588846193,-0.00047528654873293523,3.9260325092516267e-100,56.84880134648739,2.595200249053547e-06
47.62,49.98869118080449,49.98869113325632,144.15535709988887,-0.00047370423949780736,3.5479080368107783e-100,56.84880134648739,2.573224692134542e-06
47.64,49.98869123199509,49.98869118450846,144.1553553174689,-0.0004721271980375034,3.206201529917017e-100,56.84880134648739,2.551322828108441e-06
47.660000000000004,49.988691282748576,49.988691235323415,144.15535353735666,-0.0004705554068147109,2.8974054974893567e-100,56.84880134648739,2.529494525850933e-06
47.68,49.98869133306642,49.98869128570264,144.15535175954946,-0.00046898884835050187,2.618350262311435e-100,56.84880134648739,2.5077396573270224e-06
47.7,49.98869138295008,49.98869133564762,144.15534998404462,-0.00046742750522413886,2.3661714254656363e-100,56.84880134648739,2.4860580941584566e-06
47.72,49.98869143240102,49.98869138515981,144.15534821083946,-0.0004658713600728808,2.1382804643361902e-100,56.84880134648739,2.4644497048776663e-06
47.74,49.98869148142071,49.98869143424067,144.15534643993135,-0.0004643203955917903,1.932338162380617e-100,56.84880134648739,2.4429143607631415e-06
47.76,49.988691530010605,49.98869148289166,144.1553446713176,-0.00046277459453354083,1.7462305979359287e-100,56.84880134648739,2.4214519320636005e-06
47.78,49.98869157817216,49.98869153111425,144.15534290499562,-0.00046123393970822526,1.5780474455935519e-100,56.84880134648739,2.400062288684503e-06
47.800000000000004,49.988691625906824,49.98869157890988,144.15534114096286,-0.00045969841398316456,1.4260623674146064e-100,56.84880134648739,2.3787453022475966e-06
47.82,49.98869167321606,49.98869162628,144.1553393792167,-0.00045816800028271727,1.2887152927085994e-100,56.84880134648739,2.3575008419718274e-06
47.84,49.988691720101315,49.98869167322608,144.15533761975465,-0.0004566426815880896,1.1645964044840137e-100,56.84880134648739,2.3363287781059125e-06
47.86,49.98869176656403,49.988691719749546,144.1553358625741,-0.00045512244093714625,1.0524316681976177e-100,56.84880134648739,2.31522898089857e-06
47.88,49.98869181260565,49.98869176585185,144.15533410767256,-0.00045360726142422165,9.510697542604549e-101,56.84880134648739,2.294201320255261e-06
47.9,49.98869185822762,49.98869181153443,144.15533235504753,-0.0004520971261999321,8.594702200648677e-101,56.84880134648739,2.2732456653949304e-06
47.92,49.98869190343137,49.98869185679873,144.15533060469653,-0.0004505920184709884,7.766928302254248e-101,56.84880134648739,2.2523618872528107e-06
47.94,49.98869194821835,49.98869190164619,144.15532885661707,-0.000449091921500009,7.018879054099753e-101,56.84880134648739,2.2315498550478483e-06
47.96,49.98869199258998,49.988691946078234,144.15532711080675,-0.00044759681860533383,6.3428760069514e-101,56.84880134648739,2.210809438342246e-06
47.980000000000004,49.9886920365477,49.98869199009629,144.1553253672631,-0.00044610669316083894,5.731980239217834e-101,56.84880134648739,2.190140507041464e-06
48.0,49.988692080092925,49.98869203370181,144.15532362598367,-0.0004446215285957517,5.179921131482947e-101,56.84880134648739,2.169542930021191e-06
48.02,49.988692123227096,49.98869207689619,144.15532188696616,-0.0004431413083944663,4.681032000913687e-101,56.84880134648739,2.1490165782166595e-06
48.04,49.988692165951626,49.98869211968087,144.15532015020813,-0.00044166601609636004,4.2301919348538126e-101,56.84880134648739,2.1285613201603003e-06
48.06,49.988692208267935,49.988692162057276,144.1553184157072,-0.00044019563529561055,3.8227732265469287e-101,56.84880134648739,2.1081770250710593e-06
48.08,49.988692250177444,49.98869220402681,144.15531668346108,-0.0004387301496410132,3.4545938734359194e-101,56.84880134648739,2.0878635631976543e-06
48.1,49.98869229168157,49.9886922455909,144.15531495346735,-0.00043726954283579916,3.121874650451354e-101,56.84880134648739,2.0676208023860016e-06
48.120000000000005,49.988692332781724,49.98869228675095,144.15531322572377,-0.0004358137986374545,2.8212003176620435e-101,56.84880134648739,2.047448612884819e-06
48.14,49.98869237347932,49.988692327508375,144.15531150022804,-0.0004343629008575392,2.549484564098592e-101,56.84880134648739,2.0273468639130523e-06
48.160000000000004,49.98869241377575,49.98869236786458,144.15530977697782,-0.0004329168333615074,2.3039383279112542e-101,56.84880134648739,2.007315423659875e-06
48.18,49.988692453672435,49.98869240782098,144.15530805597086,-0.00043147558006852784,2.0820411676802108e-101,56.84880134648739,1.9873541616874903e-06
48.2,49.98869249317077,49.98869244737896,144.15530633720493,-0.00043003912495130506,1.8815153910153417e-101,56.84880134648739,1.967462947214844e-06
48.22,49.988692532272154,49.98869248653993,144.15530462067784,-0.00042860745203590107,1.7003026748851262e-101,56.84880134648739,1.9476416501473963e-06
48.24,49.98869257097798,49.9886925253053,144.1553029063873,-0.00042718054540155805,1.536542937690985e-101,56.84880134648739,1.927890137644549e-06
48.26,49.98869260928965,49.98869256367644,144.1553011943311,-0.00042575838918052086,1.388555246216707e-101,56.84880134648739,1.908208279611763e-06
48.28,49.98869264720856,49.98869260165475,144.15529948450708,-0.00042434096755786086,1.2548205614698535e-101,56.84880134648739,1.8885959442382112e-06
48.300000000000004,49.98869268473608,49.98869263924162,144.15529777691305,-0.00042292826477130003,1.13396614630757e-101,56.84880134648739,1.8690530003995823e-06
48.32,49.98869272187361,49.98869267643845,144.15529607154687,-0.00042152026511103554,1.0247514747968479e-101,56.84880134648739,1.849579318344594e-06
48.34,49.988692758622534,49.9886927132466,144.15529436840637,-0.0004201169529195653,9.260554986740214e-102,56.84880134648739,1.8301747648893905e-06
48.36,49.988692794984225,49.98869274966747,144.15529266748945,-0.00041871831259151354,8.36865140198409e-102,56.84880134648739,1.8108392089096605e-06
48.38,49.98869283096007,49.98869278570243,144.15529096879396,-0.00041732432857345756,7.56264893283495e-102,56.84880134648739,1.7915725206541214e-06
48.4,49.98869286655144,49.98869282135286,144.15528927231782,-0.0004159349853637545,6.834274261651023e-102,56.84880134648739,1.7723745665956603e-06
48.42,49.988692901759705,49.98869285662013,144.1552875780589,-0.0004145502675123691,6.176050891464142e-102,56.84880134648739,1.75324521629648e-06
48.44,49.98869293658624,49.98869289150562,144.15528588601518,-0.00041317015962070194,5.581222402499881e-102,56.84880134648739,1.7341843389755268e-06
48.46,49.988692971032414,49.988692926010685,144.1552841961846,-0.0004117946463414182,5.043683100024112e-102,56.84880134648739,1.7151918014489445e-06
48.480000000000004,49.98869300509959,49.988692960136696,144.15528250856505,-0.00041042371237827685,4.5579153416417514e-102,56.84880134648739,1.6962674743087085e-06
48.5,49.98869303878913,49.988692993885024,144.1552808231546,-0.00040905734248596054,4.11893290073556e-102,56.84880134648739,1.67741122471422e-06
48.52,49.98869307210239,49.988693027257014,144.15527913995115,-0.0004076955214699063,3.722229784691631e-102,56.84880134648739,1.6586229215411678e-06
48.54,49.98869310504074,49.988693060254036,144.1552774589527,-0.0004063382341861364,3.3637339825495274e-102,56.84880134648739,1.639902432635468e-06
48.56,49.98869313760552,49.98869309287743,144.15527578015733,-0.00040498546554108996,3.0397656673138127e-102,56.84880134648739,1.6212496272160662e-06
48.58,49.9886931697981,49.98869312512857,144.155274103563,-0.0004036372004914551,2.746999423889115e-102,56.84880134648739,1.6026643724423643e-06
48.6,49.9886932016198,49.98869315700879,144.15527242916772,-0.0004022934240440016,2.4824301149224442e-102,56.84880134648739,1.5841465375333078e-06
48.620000000000005,49.988693233072,49.98869318851945,144.15527075696957,-0.00040095412125541437,2.24334203417824e-102,56.84880134648739,1.5656959910213277e-06
48.64,49.98869326415602,49.988693219661876,144.15526908696665,-0.000399619277232127,2.0272810308169302e-102,56.84880134648739,1.5473126007523403e-06
48.660000000000004,49.988693294873215,49.98869325043742,144.155267419157,-0.0003982888771301565,1.8320293184430273e-102,56.84880134648739,1.5289962349155196e-06
48.68,49.988693325224915,49.98869328084742,144.1552657535387,-0.00039696290615493776,1.6555827103469354e-102,56.84880134648739,1.5107467620432963e-06
48.7,49.98869335521246,49.988693310893225,144.15526409010988,-0.00039564134956115944,1.4961300472686425e-102,56.84880134648739,1.4925640499815865e-06
48.72,49.98869338483719,49.98869334057615,144.1552624288686,-0.00039432419265259975,1.3520346065168811e-102,56.84880134648739,1.4744479679493364e-06
48.74,49.988693414100425,49.98869336989753,144.15526076981303,-0.0003930114207819631,1.2218173016152423e-102,56.84880134648739,1.45639838276269e-06
48.76,49.9886934430035,49.9886933988587,144.15525911294128,-0.0003917030193507174,1.1041415000258077e-102,56.84880134648739,1.4384151629540782e-06
48.78,49.988693471547734,49.98869342746099,144.15525745825147,-0.00039039897380893125,9.977993031098457e-103,56.84880134648739,1.4204981780857044e-06
48.800000000000004,49.98869349973446,49.98869345570571,144.15525580574183,-0.0003890992696551127,9.016991474944315e-103,56.84880134648739,1.4026472942871977e-06
48.82,49.98869352756499,49.98869348359419,144.1552541554105,-0.00038780389243604747,8.148546005776037e-103,56.84880134648739,1.3848623807775042e-06
48.84,49.98869355504065,49.98869351112774,144.15525250725565,-0.0003865128277466386,7.363742351620516e-103,56.84880134648739,1.367143306432312e-06
48.86,49.988693582162746,49.98869353830769,144.15525086127548,-0.00038522606122974617,6.654524792841921e-103,56.84880134648739,1.3494899377245081e-06
48.88,49.98869360893259,49.98869356513534,144.15524921746822,-0.00038394357857602756,6.01361347315508e-103,56.84880134648739,1.331902144559553e-06
48.9,49.9886936353515,49.988693591612005,144.15524757583205,-0.0003826653655237784,5.434429674589594e-103,56.84880134648739,1.3143797937535907e-06
48.92,49.98869366142078,49.98869361773899,144.15524593636525,-0.00038139140785877396,4.911028289379775e-103,56.84880134648739,1.2969227545255672e-06
48.94,49.98869368714174,49.98869364351761,144.155244299066,-0.00038012169141411094,4.4380367956293105e-103,56.84880134648739,1.279530894034884e-06
48.96,49.98869371251567,49.988693668949146,144.1552426639326,-0.00037885620207005015,4.010600110358386e-103,56.84880134648739,1.2622040808139721e-06
48.980000000000004,49.988693737543876,49.988693694034914,144.15524103096334,-0.00037759492575385934,3.624330753870162e-103,56.84880134648739,1.244942184081777e-06
49.0,49.988693762227655,49.98869371877621,144.1552394001564,-0.0003763378484396569,3.275263813892243e-103,56.84880134648739,1.2277450703111859e-06
49.02,49.988693786568305,49.98869374317432,144.15523777151014,-0.0003750849561482556,2.959816247216674e-103,56.84880134648739,1.2106126083778871e-06
49.04,49.988693810567106,49.98869376723055,144.1552361450228,-0.0003738362349470074,2.67475010108484e-103,56.84880134648739,1.1935446657845395e-06
49.06,49.98869383422535,49.98869379094617,144.15523452069272,-0.0003725916709496483,2.4171392767983647e-103,56.84880134648739,1.176541112093346e-06
49.08,49.988693857544334,49.98869381432249,144.15523289851825,-0.000371351250316144,2.184339494396752e-103,56.84880134648739,1.1596018144637085e-06
49.1,49.98869388052533,49.98869383736077,144.15523127849764,-0.00037011495925253624,1.97396115010028e-103,56.84880134648739,1.1427266410848003e-06
49.120000000000005,49.988693903169626,49.988693860062305,144.1552296606293,-0.0003688827840107889,1.783844787909821e-103,56.84880134648739,1.125915460489053e-06
49.14,49.98869392547849,49.988693882428365,144.1552280449115,-0.00036765471088863564,1.6120389335886266e-103,56.84880134648739,1.1091681405223821e-06
49.160000000000004,49.98869394745321,49.98869390446024,144.15522643134267,-0.0003664307262294269,1.4567800635000804e-103,56.84880134648739,1.0924845500604767e-06
49.18,49.98869396909505,49.988693926159186,144.1552248199211,-0.00036521081642197894,1.3164745026889412e-103,56.84880134648739,1.0758645569492526e-06
49.2,49.98869399040529,49.988693947526485,144.15522321064526,-0.0003639949679004215,1.189682066396565e-103,56.84880134648739,1.0593080290346265e-06
49.22,49.988694011385185,49.9886939685634,144.15522160351344,-0.0003627831671440476,1.0751012770963031e-103,56.84880134648739,1.0428148341625143e-06
49.24,49.98869403203601,49.988693989271205,144.15521999852416,-0.000361575400677163,9.715560053074017e-104,56.84880134648739,1.026384842581634e-06
49.26,49.988694052359016,49.98869400965115,144.15521839567566,-0.0003603716550689362,8.779833970602972e-104,56.84880134648739,1.0100179204216152e-06
49.28,49.98869407235548,49.9886940297045,144.15521679496652,-0.00035917191693324936,7.934229640931918e-104,56.84880134648739,9.937139379311755e-07
49.300000000000004,49.98869409202665,49.98869404943252,144.15521519639503,-0.0003579761729285491,7.170067247948115e-104,56.84880134648739,9.77472761583202e-07
49.32,49.98869411137377,49.988694068836445,144.15521359995972,-0.00035678440975769866,6.47950294693763e-104,56.84880134648739,9.612942605966402e-07
49.34,49.98869413039811,49.988694087917544,144.155212005659,-0.0003555966141678292,5.855448350416537e-104,56.84880134648739,9.451783038471786e-07
49.36,49.98869414910091,49.988694106677066,144.15521041349132,-0.0003544127729501933,5.2914977684515566e-104,56.84880134648739,9.291247584942188e-07
49.38,49.988694167483416,49.988694125116254,144.1552088234551,-0.00035323287294001767,4.7818624566188815e-104,56.84880134648739,9.131334944432212e-07
49.4,49.988694185546876,49.98869414323635,144.1552072355489,-0.00035205690101635653,4.321311196680798e-104,56.84880134648739,8.972043788535874e-07
49.42,49.988694203292525,49.9886941610386,144.15520564977112,-0.00035088484410194615,3.905116600062665e-104,56.84880134648739,8.813372812875204e-07
49.44,49.98869422072161,49.98869417852424,144.1552040661203,-0.00034971668916305916,3.529006582955301e-104,56.84880134648739,8.655320695909366e-07
49.46,49.98869423783536,49.98869419569451,144.1552024845949,-0.0003485524232093597,3.1891205149526145e-104,56.84880134648739,8.497886122962671e-07
49.480000000000004,49.988694254635014,49.988694212550634,144.1552009051934,-0.000347392033293759,2.881969591106442e-104,56.84880134648739,8.341067775926855e-07
49.5,49.9886942711218,49.98869422909386,144.15519932791432,-0.00034623550651227117,2.604401020632374e-104,56.84880134648739,8.184864333261079e-07
49.52,49.988694287296944,49.9886942453254,144.15519775275624,-0.0003450828300038699,2.353565664676867e-104,56.84880134648739,8.02927450431767e-07
49.54,49.98869430316168,49.988694261246486,144.15519617971768,-0.0003439339909503456,2.126888790959264e-104,56.84880134648739,7.874296960690644e-07
49.56,49.988694318717215,49.98869427685834,144.1551946087971,-0.00034278897657616245,1.922043645095934e-104,56.84880134648739,7.719930391136885e-07
49.58,49.98869433396479,49.98869429216219,144.1551930399931,-0.0003416477741483166,1.7369275673259307e-104,56.84880134648739,7.566173484413276e-07
49.6,49.988694348905604,49.988694307159236,144.15519147330423,-0.0003405103709761946,1.569640409485183e-104,56.84880134648739,7.413024922411553e-07
49.620000000000005,49.98869436354088,49.988694321850716,144.15518990872903,-0.00033937675441143215,1.418465030687426e-104,56.84880134648739,7.260483393888602e-07
49.64,49.98869437787184,49.98869433623783,144.15518834626613,-0.00033824691184777334,1.2818496715072458e-104,56.84880134648739,7.108547594466451e-07
49.660000000000004,49.98869439189967,49.988694350321786,144.15518678591403,-0.00033712083072093095,1.158392025742732e-104,56.84880134648739,6.957216209469412e-07
49.68,49.9886944056256,49.98869436410379,144.15518522767138,-0.00033599849850844617,1.04682484626027e-104,56.84880134648739,6.806487927654368e-07
49.7,49.98869441905082,49.98869437758506,144.1551836715367,-0.00033487990272954954,9.460029371707834e-105,56.84880134648739,6.656361430913057e-07
49.72,49.988694432176544,49.98869439076679,144.15518211750862,-0.0003337650309450223,8.548913988169195e-105,56.84880134648739,6.506835418300081e-07
49.74,49.988694445003965,49.98869440365018,144.15518056558574,-0.00033265387075705785,7.725550049103176e-105,56.84880134648739,6.357908578572327e-07
49.76,49.98869445753428,49.98869441623642,144.1551790157667,-0.00033154640980912414,6.981486027791913e-105,56.84880134648739,6.209579600486676e-07
49.78,49.988694469768674,49.98869442852671,144.1551774680501,-0.00033044263578582597,6.3090843818831844e-105,56.84880134648739,6.061847172800013e-07
49.800000000000004,49.98869448170836,49.98869444052225,144.15517592243452,-0.00032934253641276815,5.701443156839147e-105,56.84880134648739,5.914709987701795e-07
49.82,49.98869449335451,49.98869445222422,144.1551743789187,-0.00032824609945641915,5.152325139922309e-105,56.84880134648739,5.768166744246628e-07
49.84,49.988694504708306,49.988694463633806,144.1551728375012,-0.00032715331272397487,4.656093837510549e-105,56.84880134648739,5.6222161174611e-07
49.86,49.98869451577095,49.988694474752194,144.15517129818068,-0.000326064164063223,4.20765561857197e-105,56.84880134648739,5.476856820130109e-07
49.88,49.98869452654361,49.98869448558057,144.1551697609558,-0.0003249786413624083,3.802407430423732e-105,56.84880134648739,5.332087537577967e-07
49.9,49.98869453702746,49.9886944961201,144.15516822582526,-0.0003238967325500973,3.43618955009645e-105,56.84880134648739,5.18790696199413e-07
49.92,49.988694547223695,49.98869450637197,144.15516669278767,-0.00032281842559504456,3.1052428863143285e-105,56.84880134648739,5.044313792433204e-07
49.94,49.98869455713347,49.98869451633735,144.15516516184172,-0.0003217437085060585,2.8061703938116823e-105,56.84880134648739,4.901306717652072e-07
49.96,49.98869456675797,49.98869452601741,144.1551636329861,-0.00032067256933186847,2.5359022039180045e-105,56.84880134648739,4.758884440137911e-07
49.980000000000004,49.98869457609835,49.98869453541332,144.1551621062195,-0.0003196049961609915,2.29166411348995e-105,56.84880134648739,4.6170456452150336e-07
50.0,49.98869458515578,49.98869454452625,144.1551605815406,-0.00031854097712159996,2.0709491087407435e-105,56.84880134648739,4.4757890422357634e-07
50.02,49.98869459393142,49.98869455335735,144.15515905894813,-0.0003174805003813895,1.8714916316696464e-105,56.84880134648739,4.335113319956985e-07
50.04,49.988694602426435,49.98869456190779,144.15515753844073,-0.00031642355414744763,1.6912443249458823e-105,56.84880134648739,4.195017180865876e-07
50.06,49.988694610641986,49.98869457017873,144.15515602001716,-0.00031537012666612245,1.5283570165418465e-105,56.84880134648739,4.055499310286747e-07
50.08,49.98869461857922,49.98869457817132,144.15515450367616,-0.0003143202062228918,1.3811577284006194e-105,56.84880134648739,3.91655842443707e-07
50.1,49.98869462623929,49.98869458588671,144.15515298941642,-0.00031327378114223323,1.2481355141987724e-105,56.84880134648739,3.778193218938877e-07
50.120000000000005,49.988694633623346,49.98869459332606,144.15515147723664,-0.0003122308397874941,1.1279249500404386e-105,56.84880134648739,3.640402385981624e-07
50.14,49.98869464073254,49.98869460049051,144.15514996713557,-0.00031119137056076225,1.0192921188853526e-105,56.84880134648739,3.503184628052491e-07
50.160000000000004,49.98869464756801,49.988694607381206,144.155148459112,-0.0003101553619027367,9.21121944846191e-106,56.84880134648739,3.366538651071228e-07
50.18,49.9886946541309,49.988694613999286,144.15514695316463,-0.0003091228022925995,8.324067473464519e-106,56.84880134648739,3.2304631506598667e-07
50.2,49.98869466042236,49.98869462034589,144.1551454492922,-0.0003080936802478874,7.522358976515324e-106,56.84880134648739,3.0949568361707327e-07
50.22,49.98869466644351,49.98869462642216,144.1551439474935,-0.00030706798432436427,6.797864716011167e-106,56.84880134648739,2.96001840665843e-07
50.24,49.98869467219549,49.98869463222923,144.15514244776728,-0.00030604570311589365,6.143148025966246e-106,56.84880134648739,2.8256465646101373e-07
50.26,49.98869467767944,49.98869463776823,144.1551409501123,-0.0003050268252543121,5.5514884813825705e-106,56.84880134648739,2.6918400159456063e-07
50.28,49.98869468289648,49.98869464304029,144.15513945452733,-0.0003040113394093028,5.0168129155696e-106,56.84880134648739,2.558597466584589e-07
50.300000000000004,49.98869468784773,49.98869464804653,144.15513796101115,-0.00030299923428826926,4.533633081331347e-106,56.84880134648739,2.4259176224468367e-07
50.32,49.98869469253434,49.98869465278809,144.15513646956254,-0.00030199049863621026,4.0969893161360443e-106,56.84880134648739,2.293799189452101e-07
50.34,49.9886946969574,49.98869465726607,144.15513498018032,-0.00030098512123559413,3.7023996330121434e-106,56.84880134648739,2.1622408769527076e-07
50.36,49.98869470111804,49.98869466148161,144.1551334928632,-0.00029998309090623434,3.3458137146075184e-106,56.84880134648739,2.0312413805706878e-07
50.38,49.98869470501739,49.98869466543581,144.15513200761006,-0.00029898439650516504,3.0235713381778643e-106,56.84880134648739,1.900799423388661e-07
50.4,49.988694708656546,49.988694669129785,144.1551305244197,-0.00029798902692651725,2.732364804752163e-106,56.84880134648739,1.7709137147589527e-07
50.42,49.98869471203662,49.988694672564655,144.15512904329086,-0.0002969969711013953,2.4692049868244717e-106,56.84880134648739,1.6415829537361675e-07
50.44,49.98869471515873,49.98869467574153,144.15512756422237,-0.0002960082179977538,2.2313906460641376e-106,56.84880134648739,1.5128058599703514e-07
50.46,49.98869471802397,49.988694678661496,144.1551260872131,-0.0002950227566202748,2.0164807061020563e-106,56.84880134648739,1.3845811393812564e-07
50.480000000000004,49.988694720633454,49.988694681325676,144.15512461226177,-0.0002940405760102457,1.8222691957833775e-106,56.84880134648739,1.2569075047537813e-07
50.5,49.98869472298828,49.98869468373517,144.15512313936733,-0.0002930616652454372,1.6467626056883958e-106,56.84880134648739,1.1297836723053988e-07
50.52,49.988694725089545,49.98869468589106,144.15512166852852,-0.0002920860134399821,1.4881594254946749e-106,56.84880134648739,1.003208354821008e-07
50.54,49.98869472693834,49.988694687794464,144.1551201997442,-0.00029111360974425396,1.3448316521389945e-106,56.84880134648739,8.771802685180813e-08
50.56,49.98869472853576,49.988694689446454,144.1551187330132,-0.0002901444433447467,1.2153080789672219e-106,56.84880134648739,7.516981261815178e-08
50.58,49.9886947298829,49.988694690848135,144.15511726833438,-0.00028917850346395403,1.0982591943414095e-106,56.84880134648739,6.267606405962164e-08
50.6,49.988694730980846,49.988694692000585,144.15511580570654,-0.00028821577936025003,9.924835346939003e-107,56.84880134648739,5.0236653141222336e-08
50.620000000000005,49.98869473183068,49.9886946929049,144.15511434512857,-0.0002872562603277694,8.968953519475748e-107,56.84880134648739,3.785145182795848e-08
50.64,49.98869473243349,49.98869469356215,144.1551128865993,-0.0002862999356962883,8.105134687128708e-107,56.84880134648739,2.5520332084834697e-08
50.660000000000004,49.98869473279034,49.98869469397343,144.1551114301176,-0.0002853467948311061,7.324512068642861e-107,56.84880134648739,1.3243165533598243e-08
50.68,49.98869473290233,49.9886946941398,144.15510997568236,-0.00028439682713292684,6.619072861169223e-107,56.84880134648739,1.0198241392537379e-09
50.7,49.988694732770526,49.988694694062346,144.15510852329237,-0.0002834500220377413,5.981575991803198e-107,56.84880134648739,-1.11498201331942e-08
50.72,49.98869473239599,49.98869469374214,144.15510707294658,-0.0002825063690167097,5.4054777906457735e-107,56.84880134648739,-2.326589428896887e-08
50.74,49.98869473177981,49.98869469318025,144.1551056246438,-0.0002815658575760445,4.8848648224489646e-107,56.84880134648739,-3.532852636306565e-08
50.76,49.98869473092304,49.98869469237775,144.1551041783829,-0.0002806284772568939,4.41439318738717e-107,56.84880134648739,-4.733784473373729e-08
50.78,49.98869472982675,49.98869469133569,144.15510273416282,-0.00027969421763522514,3.989233667899282e-107,56.84880134648739,-5.929397674946444e-08
50.800000000000004,49.98869472849199,49.98869469005514,144.1551012919824,-0.0002787630683217091,3.6050221585541336e-107,56.84880134648739,-7.119704907221304e-08
50.82,49.988694726919846,49.988694688537166,144.15509985184053,-0.0002778350189616043,3.25781487012017e-107,56.84880134648739,-8.304718973697849e-08
50.84,49.98869472511135,49.98869468678282,144.15509841373608,-0.000276910059234642,2.944047848025655e-107,56.84880134648739,-9.484452643549879e-08
50.86,49.98869472306757,49.98869468479315,144.155096977668,-0.00027598817885491136,2.660500389681375e-107,56.84880134648739,-1.0658918514322516e-07
50.88,49.98869472078955,49.988694682569225,144.15509554363513,-0.00027506936757074513,2.4042619851581522e-107,56.84880134648739,-1.1828129389515298e-07
50.9,49.98869471827835,49.988694680112076,144.15509411163637,-0.0002741536151646055,2.1727024418774456e-107,56.84880134648739,-1.2992097900999085e-07
50.92,49.988694715535004,49.98869467742276,144.15509268167068,-0.0002732409114529707,1.9634448866560155e-107,56.84880134648739,-1.415083681794768e-07
50.94,49.988694712560566,49.98869467450232,144.15509125373688,-0.00027233124628622157,1.774341367980617e-107,56.84880134648739,-1.5304358840883405e-07
50.96,49.988694709356075,49.988694671351794,144.15508982783393,-0.00027142460954852866,1.603450808079081e-107,56.84880134648739,-1.6452676533025655e-07
50.980000000000004,49.98869470592257,49.988694667972226,144.15508840396075,-0.00027052099115773987,1.449019078473936e-107,56.84880134648739,-1.759580266354823e-07
51.0,49.988694702261085,49.98869466436465,144.1550869821162,-0.00026962038106526835,1.3094609945014923e-107,56.84880134648739,-1.8733749795670511e-07
51.02,49.988694698372655,49.9886946605301,144.15508556229926,-0.00026872276925598063,1.1833440439767683e-107,56.84880134648739,-1.9866530629914833e-07
51.04,49.988694694258314,49.98869465646961,144.1550841445088,-0.0002678281457480854,1.0693736829850229e-107,56.84880134648739,-2.099415783247779e-07
51.06,49.98869468991909,49.988694652184215,144.15508272874376,-0.00026693650059302223,9.663800478666229e-108,56.84880134648739,-2.21166440009045e-07
51.08,49.988694685356016,49.988694647674926,144.15508131500306,-0.00026604782387535145,8.73305946998675e-108,56.84880134648739,-2.323400173274009e-07
51.1,49.988694680570106,49.98869464294278,144.15507990328564,-0.00026516210571264333,7.891960091135006e-108,56.84880134648739,-2.434624365985541e-07
51.120000000000005,49.988694675562385,49.9886946379888,144.1550784935904,-0.0002642793362553684,7.131868767654474e-108,56.84880134648739,-2.5453382379795595e-07
51.14,49.98869467033387,49.988694632813996,144.1550770859163,-0.00026339950568678795,6.4449834428559896e-108,56.84880134648739,-2.6555430387128544e-07
51.160000000000004,49.988694664885585,49.988694627419385,144.15507568026226,-0.000262522604222845,5.824253492587579e-108,56.84880134648739,-2.7652400348050867e-07
51.18,49.98869465921854,49.98869462180599,144.15507427662723,-0.00026164862211205513,5.2633073531817585e-108,56.84880134648739,-2.874430486010767e-07
51.2,49.98869465333374,49.988694615974815,144.15507287501015,-0.00026077754963539846,4.756387119707876e-108,56.84880134648739,-2.9831156383541137e-07
51.22,49.9886946472322,49.988694609926874,144.15507147540995,-0.00025990937710621134,4.2982894432047285e-108,56.84880134648739,-3.091296755022213e-07
51.24,49.988694640914936,49.98869460366317,144.15507007782554,-0.0002590440948700785,3.8843121202253866e-108,56.84880134648739,-3.1989750854718557e-07
51.26,49.98869463438294,49.98869459718471,144.15506868225592,-0.00025818169330472603,3.510205826455601e-108,56.84880134648739,-3.306151882592408e-07
51.28,49.98869462763721,49.98869459049249,144.15506728870002,-0.0002573221628199141,3.172130498969247e-108,56.84880134648739,-3.412828392408086e-07
51.300000000000004,49.98869462067875,49.98869458358752,144.15506589715676,-0.00025646549385733046,2.8666159194007474e-108,56.84880134648739,-3.519005874673402e-07
51.32,49.988694613508564,49.988694576470785,144.15506450762513,-0.00025561167689048403,2.5905260934353067e-108,56.84880134648739,-3.6246855719800014e-07
51.34,49.98869460612764,49.988694569143284,144.1550631201041,-0.000254760702424599,2.341027060985574e-108,56.84880134648739,-3.7298687406498225e-07
51.36,49.98869459853696,49.988694561606,144.15506173459255,-0.00025391256099650946,2.1155578066380964e-108,56.84880134648739,-3.834556616409362e-07
51.38,49.98869459073752,49.98869455385994,144.1550603510895,-0.00025306724317455384,1.911803971776033e-108,56.84880134648739,-3.9387504590131315e-07
51.4,49.988694582730325,49.98869454590608,144.15505896959388,-0.00025222473955847013,1.7276740985427802e-108,56.84880134648739,-4.0424515007550554e-07
51.42,49.98869457451633,49.9886945377454,144.15505759010466,-0.0002513850407792914,1.5612781617995736e-108,56.84880134648739,-4.1456609945244977e-07
51.44,49.988694566096534,49.98869452937889,144.15505621262082,-0.00025054813749924177,1.4109081687155342e-108,56.84880134648739,-4.24838017948053e-07
51.46,49.98869455747191,49.98869452080753,144.15505483714128,-0.0002497140204116322,1.2750206268521227e-108,56.84880134648739,-4.3506102982147956e-07
51.480000000000004,49.98869454864344,49.98869451203228,144.155053463665,-0.00024888268024075713,1.1522207007833599e-108,56.84880134648739,-4.4523525898863657e-07
51.5,49.988694539612084,49.98869450305414,144.15505209219106,-0.00024805410774179166,1.0412478946253737e-108,56.84880134648739,-4.5536082902217375e-07
51.52,49.98869453037883,49.98869449387406,144.15505072271827,-0.0002472282937006883,9.409631135117263e-109,56.84880134648739,-4.654378648677701e-07
51.54,49.98869452094464,49.98869448449302,144.1550493552457,-0.00024640522893407455,8.503369712053441e-109,56.84880134648739,-4.754664897548181e-07
51.56,49.98869451131048,49.98869447491198,144.15504798977233,-0.0002455849042891512,7.684392238290087e-109,56.84880134648739,-4.854468262261954e-07
51.58,49.98869450147731,49.98869446513191,144.15504662629706,-0.00024476731064359007,6.944292212555491e-109,56.84880134648739,-4.953789995708383e-07
51.6,49.98869449144611,49.98869445515377,144.15504526481894,-0.0002439524389054328,6.275472781447886e-109,56.84880134648739,-5.052631313018524e-07
51.620000000000005,49.98869448121782,49.98869444497852,144.15504390533687,-0.00024314028001298974,5.671068760541241e-109,56.84880134648739,-5.150993470514317e-07
51.64,49.988694470793405,49.98869443460711,144.1550425478499,-0.00024233082493473905,5.124876165802848e-109,56.84880134648739,-5.24887767646167e-07
51.660000000000004,49.98869446017381,49.98869442404051,144.15504119235692,-0.0002415240646692264,4.631288531988714e-109,56.84880134648739,-5.346285176884799e-07
51.68,49.988694449360004,49.98869441327966,144.15503983885702,-0.00024071999024496477,4.1852393643486333e-109,56.84880134648739,-5.443217190347334e-07
51.7,49.98869443835292,49.98869440232551,144.1550384873491,-0.0002399185927203348,3.782150132928932e-109,56.84880134648739,-5.539674956008345e-07
51.72,49.98869442715352,49.98869439117901,144.15503713783215,-0.00023911986318348529,3.4178832756536102e-109,56.84880134648739,-5.635659688998889e-07
51.74,49.98869441576274,49.9886943798411,144.15503579030513,-0.00023832379275223403,3.0886997277778765e-109,56.84880134648739,-5.731172625045461e-07
51.76,49.98869440418151,49.98869436831273,144.15503444476713,-0.0002375303725739692,2.791220541769601e-109,56.84880134648739,-5.826214982711691e-07
51.78,49.98869439241079,49.988694356594834,144.15503310121701,-0.00023673959382555074,2.5223922036609406e-109,56.84880134648739,-5.920787987426356e-07
51.800000000000004,49.98869438045151,49.98869434468835,144.1550317596538,-0.00023595144771321237,2.279455289855301e-109,56.84880134648739,-6.014892861185656e-07
51.82,49.98869436830461,49.98869433259421,144.15503042007654,-0.00023516592547246368,2.0599161426633345e-109,56.84880134648739,-6.10853081912065e-07
51.84,49.988694355971006,49.98869432031335,144.15502908248413,-0.00023438301836799276,1.8615212738278153e-109,56.84880134648739,-6.201703086660111e-07
51.86,49.98869434345164,49.9886943078467,144.15502774687565,-0.00023360271769356906,1.6822342332990213e-109,56.84880134648739,-6.294410882367668e-07
51.88,49.98869433074744,49.98869429519519,144.15502641324997,-0.00023282501477194653,1.5202147058271568e-109,56.84880134648739,-6.386655421374379e-07
51.9,49.988694317859334,49.98869428235974,144.15502508160617,-0.00023204990095476708,1.3737996208060478e-109,56.84880134648739,-6.478437925676444e-07
51.92,49.98869430478823,49.98869426934127,144.15502375194322,-0.0002312773676224645,1.2414860814676422e-109,56.84880134648739,-6.569759596674625e-07
51.94,49.98869429153506,49.98869425614071,144.1550224242601,-0.00023050740618416865,1.1219159382017908e-109,56.84880134648739,-6.660621659797699e-07
51.96,49.988694278100745,49.98869424275897,144.1550210985558,-0.0002297400080776097,1.0138618476521442e-109,56.84880134648739,-6.751025316446427e-07
51.980000000000004,49.98869426448619,49.988694229196966,144.15501977482933,-0.00022897516476902324,9.162146744899313e-110,56.84880134648739,-6.840971788617008e-07
52.0,49.98869425069231,49.98869421545562,144.15501845307963,-0.000228212867753055,8.27972106549477e-110,56.84880134648739,-6.930462284575354e-07
52.02,49.98869423672002,49.98869420153583,144.15501713330576,-0.00022745310855266663,7.482283664640345e-110,56.84880134648739,-7.019498012587373e-07
52.04,49.988694222570224,49.988694187438504,144.15501581550663,-0.00022669587871904123,6.761649141956728e-110,56.84880134648739,-7.108080177486396e-07
52.06,49.988694208243835,49.98869417316456,144.1550144996813,-0.00022594116983148946,6.110420450241216e-110,56.84880134648739,-7.196209984105761e-07
52.08,49.98869419374174,49.988694158714885,144.15501318582875,-0.0002251889734973558,5.521912967510346e-110,56.84880134648739,-7.283888637278803e-07
52.1,49.988694179064865,49.988694144090395,144.15501187394796,-0.00022443928135192537,4.990085881824259e-110,56.84880134648739,-7.37111733840628e-07
52.120000000000005,49.98869416421408,49.988694129291986,144.15501056403798,-0.00022369208505833077,4.509480184583357e-110,56.84880134648739,-7.457897292321529e-07
52.14,49.9886941491903,49.988694114320545,144.1550092560977,-0.00022294737630745956,4.07516263582137e-110,56.84880134648739,-7.544229700425309e-07
52.160000000000004,49.988694133994414,49.98869409917697,144.15500795012622,-0.00022220514681786158,3.682675126319229e-110,56.84880134648739,-7.630115760685809e-07
52.18,49.988694118627315,49.98869408386215,144.15500664612244,-0.00022146538833565715,3.32798891676058e-110,56.84880134648739,-7.715556671071216e-07
52.2,49.988694103089884,49.98869406837698,144.1550053440854,-0.0002207280926344451,3.007463284210748e-110,56.84880134648739,-7.80055363298229e-07
52.22,49.98869408738302,49.988694052722344,144.1550040440141,-0.00021999325151521136,2.717808151440546e-110,56.84880134648739,-7.885107837522072e-07
52.24,49.98869407150759,49.988694036899126,144.15500274590752,-0.00021926085680623773,2.4560503154987378e-110,56.84880134648739,-7.969220482658749e-07
52.26,49.98869405546449,49.988694020908206,144.15500144976468,-0.0002185309003630111,2.21950292888192e-110,56.84880134648739,-8.052892752630214e-07
52.28,49.9886940392546,49.98869400475046,144.1550001555845,-0.00021780337406813275,2.0057379200373118e-110,56.84880134648739,-8.136125852269802e-07
52.300000000000004,49.98869402287878,49.988693988426775,144.15499886336607,-0.00021707826983122813,1.8125610701050935e-110,56.84880134648739,-8.218920962382832e-07
52.32,49.98869400633792,49.98869397193801,144.15499757310832,-0.00021635557958885702,1.6379894900722647e-110,56.84880134648739,-8.301279274072344e-07
52.34,49.98869398963289,49.98869395528505,144.15499628481027,-0.0002156352953044237,1.4802312671493243e-110,56.84880134648739,-8.383201975008804e-07
52.36,49.98869397276456,49.98869393846877,144.1549949984709,-0.0002149174089680876,1.3376670714473437e-110,56.84880134648739,-8.46469025286268e-07
52.38,49.988693955733794,49.98869392149002,144.15499371408924,-0.00021420191259667433,1.2088335341547712e-110,56.84880134648739,-8.54574528843929e-07
52.4,49.98869393854146,49.988693904349674,144.1549924316642,-0.00021348879823358677,1.0924082265970891e-110,56.84880134648739,-8.626368272841675e-07
52.42,49.988693921188414,49.9886938870486,144.15499115119488,-0.0002127780579487167,9.871960859949205e-111,56.84880134648739,-8.706560380010006e-07
52.44,49.988693903675525,49.98869386958764,144.1549898726802,-0.0002120696838383566,8.92117148586006e-111,56.84880134648739,-8.786322794182178e-07
52.46,49.988693886003645,49.988693851967675,144.15498859611918,-0.00021136366802511163,8.061954641960773e-111,56.84880134648739,-8.865656696163508e-07
52.480000000000004,49.98869386817363,49.98869383418955,144.15498732151082,-0.00021066000265781222,7.28549078470796e-111,56.84880134648739,-8.944563259894169e-07
52.5,49.98869385018634,49.98869381625411,144.15498604885408,-0.0002099586799114266,6.583809799400613e-111,56.84880134648739,-9.023043655881761e-07
52.52,49.988693832042614,49.988693798162224,144.154984778148,-0.00020925969198697393,5.949709189896545e-111,56.84880134648739,-9.101099075229321e-07
52.54,49.98869381374331,49.98869377991472,144.15498350939146,-0.00020856303111143742,5.376680147649786e-111,56.84880134648739,-9.178730691877024e-07
52.56,49.98869379528927,49.988693761512465,144.15498224258357,-0.00020786868953767804,4.8588407411949485e-111,56.84880134648739,-9.25593966946732e-07
52.58,49.98869377668134,49.988693742956286,144.1549809777233,-0.00020717665954434825,4.390875540293274e-111,56.84880134648739,-9.332727175075233e-07
52.6,49.98869375792036,49.98869372424703,144.15497971480966,-0.00020648693343580614,3.9679810550045356e-111,56.84880134648739,-9.409094379208365e-07
52.620000000000005,49.988693739007175,49.988693705385536,144.15497845384152,-0.00020579950354203,3.585816429637011e-111,56.84880134648739,-9.485042455806885e-07
52.64,49.98869371994261,49.98869368637265,144.154977194818,-0.0002051143622185328,3.2404588854671396e-111,56.84880134648739,-9.560572575378391e-07
52.660000000000004,49.98869370072751,49.98869366720919,144.15497593773802,-0.0002044315018462774,2.9283634548648374e-111,56.84880134648739,-9.635685901565338e-07
52.68,49.9886936813627,49.988693647896,144.15497468260054,-0.00020375091483159169,2.6463265935101424e-111,56.84880134648739,-9.710383598010173e-07
52.7,49.98869366184901,49.9886936284339,144.15497342940463,-0.00020307259360608415,2.3914532971940224e-111,56.84880134648739,-9.784666814625056e-07
52.72,49.98869364218728,49.98869360882373,144.15497217814922,-0.00020239653062655973,2.161127385669467e-111,56.84880134648739,-9.85853672878273e-07
52.74,49.98869362237832,49.98869358906631,144.15497092883334,-0.00020172271837493592,1.9529846485275612e-111,56.84880134648739,-9.93199449382793e-07
52.76,49.988693602422956,49.98869356916246,144.1549696814559,-0.00020105114935815925,1.7648885774508786e-111,56.84880134648739,-1.000504126310538e-06
52.78,49.988693582322014,49.988693549112995,144.15496843601593,-0.00020038181610812183,1.5949084357447414e-111,56.84880134648739,-1.007767820369011e-06
52.800000000000004,49.98869356207631,49.988693528918745,144.15496719251243,-0.0001997147111815784,1.4412994400381836e-111,56.84880134648739,-1.0149906462061703e-06
52.82,49.98869354168666,49.988693508580525,144.15496595094436,-0.00019904982716006348,1.3024848507271e-111,56.84880134648739,-1.0221727198430036e-06
52.84,49.98869352115387,49.98869348809914,144.15496471131064,-0.00019838715664980897,1.177039787324591e-111,56.84880134648739,-1.0293141573004983e-06
52.86,49.98869350047876,49.98869346747541,144.15496347361034,-0.00019772669228166178,1.0636766025890582e-111,56.84880134648739,-1.0364150721968413e-06
52.88,49.98869347966214,49.98869344671014,144.15496223784243,-0.00019706842671100207,9.612316653008723e-112,56.84880134648739,-1.0434755802097626e-06
52.9,49.988693458704816,49.98869342580413,144.15496100400583,-0.0001964123526176615,8.686534160177013e-112,56.84880134648739,-1.0504957956439632e-06
52.92,49.98869343760759,49.988693404758195,144.15495977209957,-0.0001957584627058417,7.849915732052372e-112,56.84880134648739,-1.0574758331474015e-06
52.94,49.988693416371255,49.98869338357313,144.15495854212259,-0.0001951067497040333,7.09387378948241e-112,56.84880134648739,-1.0644158083978078e-06
52.96,49.98869339499663,49.98869336224974,144.1549573140739,-0.00019445720636493503,6.410647841177334e-112,56.84880134648739,-1.0713158346701113e-06
52.980000000000004,49.988693373484494,49.98869334078883,144.15495608795246,-0.00019380982546537314,5.793224825133254e-112,56.84880134648739,-1.0781760266122701e-06
53.0,49.98869335183566,49.98869331919117,144.1549548637572,-0.00019316459980622095,5.235267122141055e-112,56.84880134648739,-1.0849964981857276e-06
53.02,49.98869333005091,49.98869329745758,144.15495364148717,-0.00019252152221231898,4.731047502466065e-112,56.84880134648739,-1.091777363351928e-06
53.04,49.988693308131026,49.98869327558883,144.1549524211413,-0.000191880585532395,4.2753903379502325e-112,56.84880134648739,-1.0985187360723143e-06
53.06,49.98869328607682,49.98869325358572,144.15495120271856,-0.00019124178263898458,3.8636184761007516e-112,56.84880134648739,-1.105220728935301e-06
53.08,49.98869326388906,49.98869323144904,144.1549499862179,-0.00019060510642835186,3.4915052308472655e-112,56.84880134648739,-1.111883457275361e-06
53.1,49.988693241568534,49.988693209179566,144.15494877163832,-0.00018997054982041053,3.155230997170519e-112,56.84880134648739,-1.1185070333376512e-06
53.120000000000005,49.98869321911602,49.98869318677808,144.1549475589788,-0.00018933810575864506,2.8513440442676417e-112,56.84880134648739,-1.1250915697105857e-06
53.14,49.98869319653231,49.98869316424536,144.1549463482382,-0.00018870776721003222,2.5767250848103817e-112,56.84880134648739,-1.1316371806988656e-06
53.160000000000004,49.98869317381818,49.98869314158219,144.1549451394156,-0.00018807952716496295,2.3285552566128177e-112,56.84880134648739,-1.138143978890905e-06
53.18,49.988693150974385,49.98869311878934,144.15494393250992,-0.00018745337863716437,2.104287188052193e-112,56.84880134648739,-1.1446120765318607e-06
53.2,49.988693128001714,49.98869309586758,144.15494272752008,-0.00018682931466362202,1.901618850240099e-112,56.84880134648739,-1.1510415868966614e-06
53.22,49.98869310490093,49.98869307281769,144.15494152444512,-0.00018620732830450254,1.718469927546213e-112,56.84880134648739,-1.1574326218872069e-06
53.24,49.988693081672814,49.988693049640425,144.15494032328394,-0.00018558741264307647,1.5529604639267337e-112,56.84880134648739,-1.163785293062139e-06
53.26,49.98869305831811,49.988693026336556,144.15493912403548,-0.00018496956078564126,1.4033915658699714e-112,56.84880134648739,-1.170099714726159e-06
53.28,49.98869303483761,49.98869300290685,144.15493792669878,-0.00018435376586144463,1.2682279638819502e-112,56.84880134648739,-1.176375996721622e-06
53.300000000000004,49.98869301123205,49.98869297935207,144.1549367312727,-0.0001837400210226083,1.1460822535121183e-112,56.84880134648739,-1.1826142512936846e-06
53.32,49.988692987502205,49.98869295567297,144.15493553775624,-0.00018312831944405168,1.0357006541591126e-112,56.84880134648739,-1.1888145913740185e-06
53.34,49.98869296364882,49.988692931870304,144.15493434614837,-0.00018251865432341604,9.35950139475981e-113,56.84880134648739,-1.1949771264617217e-06
53.36,49.98869293967266,49.98869290794483,144.154933156448,-0.0001819110188809888,8.458068072732239e-113,56.84880134648739,-1.2011019691452082e-06
53.38,49.98869291557447,49.98869288389731,144.15493196865407,-0.00018130540635962825,7.643453695410056e-113,56.84880134648739,-1.2071892313263777e-06
53.4,49.988692891355,49.98869285972848,144.15493078276558,-0.00018070181002468832,6.907296547094976e-113,56.84880134648739,-1.2132390221610705e-06
53.42,49.98869286701501,49.98869283543909,144.15492959878142,-0.0001801002231639437,6.242040246565605e-113,56.84880134648739,-1.2192514549242156e-06
53.44,49.98869284255523,49.98869281102989,144.15492841670056,-0.00017950063908751522,5.640856183615226e-113,56.84880134648739,-1.2252266384283964e-06
53.46,49.988692817976414,49.98869278650163,144.15492723652193,-0.0001789030511277955,5.097573425890231e-113,56.84880134648739,-1.23116468354574e-06
53.480000000000004,49.988692793279306,49.98869276185504,144.15492605824448,-0.0001783074526393747,4.606615376548797e-113,56.84880134648739,-1.2370657014916312e-06
53.5,49.98869276846463,49.988692737090865,144.15492488186712,-0.00017771383699896672,4.162942532554073e-113,56.84880134648739,-1.2429298021084254e-06
53.52,49.988692743533136,49.98869271220984,144.15492370738883,-0.0001771221976053354,3.7620007560368855e-113,56.84880134648739,-1.2487570952384776e-06
53.54,49.98869271848555,49.9886926872127,144.15492253480852,-0.0001765325278792213,3.3996745277526286e-113,56.84880134648739,-1.2545476910674006e-06
53.56,49.98869269332262,49.98869266210017,144.15492136412513,-0.0001759448212632684,3.072244702796316e-113,56.84880134648739,-1.2603016990942925e-06
53.58,49.988692668045054,49.988692636873,144.1549201953376,-0.00017535907122195128,2.776350334953833e-113,56.84880134648739,-1.2660192295047658e-06
53.6,49.988692642653604,49.988692611531896,144.15491902844485,-0.00017477527124150233,2.5089541778304414e-113,56.84880134648739,-1.2717003914546611e-06
53.620000000000005,49.98869261714898,49.9886925860776,144.1549178634458,-0.00017419341482983937,2.267311508638373e-113,56.84880134648739,-1.2773452947863337e-06
53.64,49.9886925915319,49.98869256051082,144.15491670033936,-0.00017361349551649354,2.048941954631198e-113,56.84880134648739,-1.282954048655624e-06
53.660000000000004,49.988692565803106,49.988692534832296,144.1549155391245,-0.00017303550685253717,1.8516040329937318e-113,56.84880134648739,-1.2885267608453432e-06
53.68,49.98869253996331,49.988692509042735,144.15491437980012,-0.0001724594424105122,1.6732721428488484e-113,56.84880134648739,-1.2940635415411041e-06
53.7,49.988692514013216,49.98869248314286,144.15491322236517,-0.0001718852957843587,1.5121157732126494e-113,56.84880134648739,-1.2995644981824604e-06
53.72,49.98869248795356,49.98869245713338,144.15491206681847,-0.00017131306058934352,1.36648071347533e-113,56.84880134648739,-1.3050297409550247e-06
53.74,49.988692461785035,49.98869243101502,144.15491091315903,-0.00017074273046198944,1.234872073540266e-113,56.84880134648739,-1.3104593769550934e-06
53.76,49.98869243550837,49.98869240478848,144.15490976138577,-0.00017017429906000426,1.1159389393293228e-113,56.84880134648739,-1.315853515338507e-06
53.78,49.988692409124255,49.988692378454466,144.15490861149755,-0.00016960776006221039,1.0084605061488155e-113,56.84880134648739,-1.321212263201562e-06
53.800000000000004,49.98869238263341,49.98869235201369,144.15490746349332,-0.00016904310716847455,9.113335475802429e-114,56.84880134648739,-1.3265357293568417e-06
53.82,49.98869235603654,49.988692325466864,144.15490631737197,-0.0001684803340996375,8.235610912685879e-114,56.84880134648739,-1.3318240202141276e-06
53.84,49.98869232933434,49.98869229881468,144.1549051731324,-0.00016791943459744464,7.442421853693334e-114,56.84880134648739,-1.3370772452725176e-06
53.86,49.98869230252751,49.98869227205783,144.15490403077354,-0.0001673604024244759,6.725626506105531e-114,56.84880134648739,-1.3422955099120215e-06
53.88,49.988692275616756,49.98869224519703,144.15490289029427,-0.00016680323136407678,6.077867230434097e-114,56.84880134648739,-1.3474789232884796e-06
53.9,49.98869224860276,49.98869221823296,144.1549017516935,-0.00016624791522028908,5.4924950169698e-114,56.84880134648739,-1.3526275911251593e-06
53.92,49.98869222148623,49.98869219116633,144.1549006149702,-0.00016569444781778188,4.963501236153762e-114,56.84880134648739,-1.3577416205183566e-06
53.94,49.988692194267855,49.98869216399782,144.15489948012316,-0.00016514282300178316,4.4854559622143734e-114,56.84880134648739,-1.3628211185643682e-06
53.96,49.98869216694831,49.98869213672812,144.15489834715132,-0.00016459303463801098,4.0534522369848375e-114,56.84880134648739,-1.3678661920162328e-06
53.980000000000004,49.988692139528304,49.98869210935791,144.15489721605357,-0.0001640450766126056,3.663055701790016e-114,56.84880134648739,-1.372876946940475e-06
54.0,49.9886921120085,49.9886920818879,144.1548960868288,-0.00016349894283206124,3.310259080392499e-114,56.84880134648739,-1.3778534897468763e-06
54.02,49.9886920843896,49.98869205431875,144.15489495947594,-0.00016295462722315857,2.9914410457821495e-114,56.84880134648739,-1.3827959268452184e-06
54.04,49.98869205667227,49.98869202665114,144.1548938339938,-0.00016241212373289694,2.703329048591915e-114,56.84880134648739,-1.3877043632722539e-06
54.06,49.9886920288572,49.988691998885756,144.15489271038135,-0.00016187142632842716,2.442965725587316e-114,56.84880134648739,-1.3925789057810214e-06
54.08,49.98869200094506,49.98869197102328,144.15489158863738,-0.00016133252899698446,2.2076785434251743e-114,56.84880134648739,-1.397419660094788e-06
54.1,49.98869197293652,49.98869194306438,144.15489046876087,-0.00016079542574582155,1.995052366085968e-114,56.84880134648739,-1.4022267309070485e-06
54.120000000000005,49.98869194483227,49.98869191500973,144.15488935075064,-0.000160260110602142,1.8029046643946437e-114,56.84880134648739,-1.4070002242843276e-06
54.14,49.98869191663296,49.988691886859996,144.15488823460558,-0.00015972657761303383,1.629263113164769e-114,56.84880134648739,-1.4117402445768623e-06
54.160000000000004,49.988691888339275,49.98869185861585,144.1548871203246,-0.00015919482084540335,1.472345346008991e-114,56.84880134648739,-1.4164468971646627e-06
54.18,49.988691859951864,49.98869183027796,144.1548860079065,-0.00015866483438590912,1.3305406600064008e-114,56.84880134648739,-1.4211202867412232e-06
54.2,49.98869183147141,49.98869180184698,144.15488489735017,-0.00015813661234089613,1.2023934824319797e-114,56.84880134648739,-1.4257605183432964e-06
54.22,49.98869180289855,49.98869177332359,144.15488378865456,-0.00015761014883633053,1.0865884298402038e-114,56.84880134648739,-1.4303676952913477e-06
54.24,49.98869177423397,49.98869174470843,144.15488268181844,-0.00015708543801773396,9.819368061398247e-115,56.84880134648739,-1.4349419236519013e-06
54.26,49.98869174547831,49.98869171600217,144.1548815768407,-0.00015656247405011864,8.873644010675477e-115,56.84880134648739,-1.439483306058908e-06
54.28,49.98869171663224,49.98869168720546,144.15488047372023,-0.00015604125111792248,8.0190046381644865e-115,56.84880134648739,-1.443991946862605e-06
54.300000000000004,49.988691687696395,49.988691658318956,144.15487937245587,-0.00015552176342494437,7.246677386374956e-115,56.84880134648739,-1.4484679507564879e-06
54.32,49.98869165867144,49.98869162934331,144.15487827304648,-0.00015500400519427975,6.548734601333072e-115,56.84880134648739,-1.4529114203745067e-06
54.34,49.988691629558026,49.98869160027917,144.15487717549092,-0.0001544879706682563,5.918012158141634e-115,56.84880134648739,-1.4573224590371272e-06
54.36,49.988691600356795,49.98869157112718,144.15487607978804,-0.00015397365410837002,5.348035923884117e-115,56.84880134648739,-1.4617011714378443e-06
54.38,49.98869157106839,49.98869154188799,144.15487498593666,-0.00015346104979522133,4.832955303041562e-115,56.84880134648739,-1.4660476595240938e-06
54.4,49.988691541693456,49.98869151256224,144.15487389393564,-0.00015295015202845152,4.3674831832905375e-115,56.84880134648739,-1.4703620269595988e-06
54.42,49.988691512232634,49.988691483150575,144.15487280378392,-0.0001524409551266793,3.9468416652479857e-115,56.84880134648739,-1.4746443753485375e-06
54.44,49.98869148268657,49.98869145365363,144.15487171548023,-0.00015193345342743767,3.5667130190988147e-115,56.84880134648739,-1.4788948086978905e-06
54.46,49.98869145305589,49.988691424072044,144.15487062902343,-0.00015142764128711094,3.2231953646941334e-115,56.84880134648739,-1.4831134289550936e-06
54.480000000000004,49.98869142334124,49.98869139440645,144.1548695444124,-0.00015092351308087202,2.912762620192719e-115,56.84880134648739,-1.4873003384108403e-06
54.5,49.98869139354324,49.988691364657484,144.15486846164595,-0.00015042106320261973,2.6322283081333065e-115,56.84880134648739,-1.491455638669309e-06
54.52,49.98869136366253,49.98869133482578,144.15486738072292,-0.00014992028606491663,2.3787128474204007e-115,56.84880134648739,-1.4955794333942226e-06
54.54,49.988691333699734,49.98869130491196,144.15486630164213,-0.00014942117609892676,2.1496139954879294e-115,56.84880134648739,-1.4996718228167304e-06
54.56,49.988691303655486,49.98869127491665,144.15486522440244,-0.00014892372775435377,1.942580137240465e-115,56.84880134648739,-1.5037329088842681e-06
54.58,49.98869127353041,49.988691244840474,144.15486414900266,-0.00014842793549937918,1.7554861465928589e-115,56.84880134648739,-1.5077627928577576e-06
54.6,49.98869124332512,49.98869121468407,144.15486307544163,-0.0001479337938206009,1.5864115728359101e-115,56.84880134648739,-1.511761576684634e-06
54.620000000000005,49.98869121304024,49.98869118444804,144.1548620037181,-0.00014744129722297182,1.4336209279191722e-115,56.84880134648739,-1.5157293616258195e-06
54.64,49.9886911826764,49.988691154133,144.154860933831,-0.0001469504402297388,1.2955458723071318e-115,56.84880134648739,-1.51966624825572e-06
54.660000000000004,49.988691152234196,49.988691123739585,144.1548598657791,-0.00014646121738238178,1.1707691165531573e-115,56.84880134648739,-1.523572336462228e-06
54.68,49.98869112171426,49.98869109326841,144.15485879956123,-0.00014597362324055298,1.0580098733468175e-115,56.84880134648739,-1.5274477278495213e-06
54.7,49.9886910911172,49.988691062720065,144.15485773517617,-0.00014548765238201646,9.561107107052089e-116,56.84880134648739,-1.531292522992007e-06
54.72,49.98869106044362,49.988691032095176,144.1548566726227,-0.00014500329940258787,8.640256713611598e-116,56.84880134648739,-1.5351068224640916e-06
54.74,49.98869102969414,49.98869100139436,144.15485561189973,-0.0001445205589160742,7.80809536398216e-116,56.84880134648739,-1.5388907251238946e-06
54.76,49.98869099886935,49.9886909706182,144.154854553006,-0.00014403942555421415,7.056081229275879e-116,56.84880134648739,-1.5426443318890803e-06
54.78,49.98869096796988,49.988690939767324,144.1548534959403,-0.0001435598939666181,6.376495162162976e-116,56.84880134648739,-1.5463677429907977e-06
54.800000000000004,49.98869093699631,49.988690908842315,144.15485244070152,-0.0001430819588207089,5.762361462675578e-116,56.84880134648739,-1.5500610569439091e-06
54.82,49.98869090594925,49.988690877843794,144.15485138728835,-0.00014260561480166237,5.207376275224082e-116,56.84880134648739,-1.553724372949792e-06
54.84,49.9886908748293,49.98869084677234,144.15485033569965,-0.00014213085661234835,4.7058428818479205e-116,56.84880134648739,-1.5573577912395951e-06
54.86,49.98869084363705,49.988690815628566,144.1548492859342,-0.00014165767897327168,4.2526132275098185e-116,56.84880134648739,-1.560961410328181e-06
54.88,49.9886908123731,49.98869078441305,144.1548482379908,-0.00014118607662251352,3.843035077212321e-116,56.84880134648739,-1.5645353297601843e-06
54.9,49.988690781038045,49.9886907531264,144.15484719186819,-0.00014071604431567286,3.472904262523886e-116,56.84880134648739,-1.56807964770721e-06
54.92,49.988690749632475,49.9886907217692,144.1548461475652,-0.0001402475768258082,3.1384215273427815e-116,56.84880134648739,-1.5715944637138925e-06
54.94,49.98869071815697,49.98869069034204,144.1548451050806,-0.0001397806689433794,2.8361535299364887e-116,56.84880134648739,-1.5750798749220646e-06
54.96,49.988690686612124,49.988690658845506,144.1548440644132,-0.00013931531547618976,2.5629976009569535e-116,56.84880134648739,-1.578535979846589e-06
54.980000000000004,49.98869065499852,49.98869062728018,144.15484302556177,-0.00013885151124932833,2.316149895685725e-116,56.84880134648739,-1.581962877002328e-06
55.0,49.98869062331675,49.98869059564665,144.15484198852505,-0.0001383892511051122,2.0930766136035463e-116,56.84880134648739,-1.5853606642176294e-06
55.02,49.98869059156738,49.9886905639455,144.15484095330183,-0.00013792852990302939,1.8914879898639073e-116,56.84880134648739,-1.5887294389775832e-06
55.04,49.988690559751,49.988690532177294,144.1548399198909,-0.00013746934251968138,1.7093147917026357e-116,56.84880134648739,-1.59206929876728e-06
55.06,49.98869052786818,49.98869050034262,144.154838888291,-0.0001370116838487265,1.5446870785278658e-116,56.84880134648739,-1.59538034107181e-06
55.08,49.9886904959195,49.98869046844206,144.15483785850097,-0.00013655554880082286,1.395915007670541e-116,56.84880134648739,-1.5986626637195206e-06
55.1,49.98869046390553,49.988690436476176,144.15483683051949,-0.00013610093230357183,1.2614714887735719e-116,56.84880134648739,-1.6019163624792158e-06
55.120000000000005,49.98869043182684,49.988690404445535,144.15483580434534,-0.0001356478293014617,1.1399765087733675e-116,56.84880134648739,-1.605141535179243e-06
55.14,49.98869039968401,49.988690372350725,144.1548347799773,-0.0001351962347558114,1.0301829665754563e-116,56.84880134648739,-1.6083382779316634e-06
55.160000000000004,49.988690367477595,49.98869034019229,144.1548337574141,-0.0001347461436447145,9.30963872022379e-117,56.84880134648739,-1.611506688564824e-06
55.18,49.98869033520816,49.98869030797081,144.1548327366545,-0.00013429755096298324,8.413007777559861e-117,56.84880134648739,-1.6146468628475292e-06
55.2,49.98869030287628,49.98869027568685,144.15483171769728,-0.0001338504517220931,7.60273325231479e-117,56.84880134648739,-1.617758895862067e-06
55.22,49.98869027048251,49.98869024334097,144.15483070054114,-0.0001334048409501272,6.870497975768898e-117,56.84880134648739,-1.6208428837204987e-06
55.24,49.98869023802741,49.98869021093372,144.1548296851849,-0.00013296071369172088,6.208785823265928e-117,56.84880134648739,-1.6238989239079148e-06
55.26,49.98869020551153,49.98869017846567,144.15482867162723,-0.00013251806500800685,5.6108045639695904e-117,56.84880134648739,-1.626927110133574e-06
55.28,49.98869017293544,49.98869014593736,144.1548276598669,-0.00013207688997656013,5.0704161411228025e-117,56.84880134648739,-1.6299275391960525e-06
55.300000000000004,49.98869014029969,49.98869011334936,144.15482664990265,-0.00013163718369134335,4.582073667162218e-117,56.84880134648739,-1.6329003058343815e-06
55.32,49.988690107604825,49.98869008070222,144.15482564173323,-0.000131198941262652,4.140764486966183e-117,56.84880134648739,-1.6358455047875924e-06
55.34,49.9886900748514,49.98869004799648,144.15482463535733,-0.00013076215781706045,3.74195872480138e-117,56.84880134648739,-1.6387632325110035e-06
55.36,49.98869004203996,49.9886900152327,144.1548236307737,-0.00013032682849736734,3.3815627868215735e-117,56.84880134648739,-1.6416535823706166e-06
55.38,49.98869000917106,49.988689982411415,144.1548226279811,-0.00012989294846254187,3.0558773418387844e-117,56.84880134648739,-1.6445166494487208e-06
55.4,49.98868997624524,49.988689949533175,144.15482162697816,-0.00012946051288766983,2.761559349055023e-117,56.84880134648739,-1.6473525291708622e-06
55.42,49.98868994326303,49.988689916598524,144.15482062776374,-0.00012902951696389995,2.495587742983282e-117,56.84880134648739,-1.650161314216528e-06
55.44,49.98868991022499,49.988689883608004,144.15481963033648,-0.00012859995589839044,2.255232423326167e-117,56.84880134648739,-1.6529430989814922e-06
55.46,49.988689877131655,49.98868985056215,144.1548186346951,-0.00012817182491425567,2.0380262315047308e-117,56.84880134648739,-1.6556979785480438e-06
55.480000000000004,49.98868984398355,49.9886898174615,144.1548176408383,-0.00012774511925051307,1.841739626186928e-117,56.84880134648739,-1.6584260452524124e-06
55.5,49.988689810781224,49.98868978430659,144.15481664876484,-0.00012731983416203023,1.664357797869341e-117,56.84880134648739,-1.6611273934903724e-06
55.52,49.9886897775252,49.98868975109795,144.1548156584734,-0.000126895964919472,1.5040599876018147e-117,56.84880134648739,-1.6638021166279255e-06
55.54,49.98868974421601,49.98868971783611,144.1548146699627,-0.00012647350680924813,1.3592007975693476e-117,56.84880134648739,-1.6664503076878167e-06
55.56,49.988689710854196,49.98868968452161,144.15481368323142,-0.0001260524551334606,1.2282933016912614e-117,56.84880134648739,-1.6690720600360477e-06
55.58,49.98868967744027,49.988689651154964,144.15481269827828,-0.0001256328052098515,1.1099937828741928e-117,56.84880134648739,-1.6716674660088485e-06
55.6,49.988689643974766,49.9886896177367,144.15481171510197,-0.00012521455237175092,1.0030879402524436e-117,56.84880134648739,-1.6742366193154784e-06
55.620000000000005,49.9886896104582,49.988689584267355,144.1548107337012,-0.0001247976919680252,9.064784248381068e-118,56.84880134648739,-1.6767796116056525e-06
55.64,49.98868957689111,49.988689550747445,144.15480975407462,-0.00012438221936302498,8.191735756390213e-118,56.84880134648739,-1.6792965348723437e-06
55.660000000000004,49.988689543274,49.98868951717748,144.15480877622102,-0.00012396812993653372,7.402772406249661e-118,56.84880134648739,-1.681787481795039e-06
55.68,49.9886895096074,49.988689483557984,144.154807800139,-0.00012355541908371653,6.689795780580712e-118,56.84880134648739,-1.6842525447099683e-06
55.7,49.98868947589182,49.98868944988948,144.15480682582725,-0.00012314408221506865,6.045487437665009e-118,56.84880134648739,-1.6866918159533618e-06
55.72,49.98868944212777,49.98868941617247,144.1548058532845,-0.00012273411475636462,5.463233790343429e-118,56.84880134648739,-1.689105385801905e-06
55.74,49.98868940831577,49.98868938240748,144.1548048825094,-0.00012232551214860733,4.937058219986677e-118,56.84880134648739,-1.6914933465918277e-06
55.76,49.988689374456335,49.98868934859501,144.15480391350064,-0.00012191826984797734,4.461559728712577e-118,56.84880134648739,-1.6938557889430733e-06
55.78,49.98868934054997,49.98868931473558,144.1548029462569,-0.00012151238332578236,4.031857500137716e-118,56.84880134648739,-1.6961928045053567e-06
55.800000000000004,49.98868930659717,49.98868928082969,144.15480198077682,-0.00012110784806840687,3.6435407996000384e-118,56.84880134648739,-1.698504484585136e-06
55.82,49.988689272598464,49.98868924687784,144.15480101705913,-0.00012070465957726195,3.2926236995966844e-118,56.84880134648739,-1.7007909194590968e-06
55.84,49.98868923855434,49.98868921288055,144.15480005510244,-0.00012030281336873527,2.975504165710412e-118,56.84880134648739,-1.7030522004336968e-06
55.86,49.98868920446531,49.98868917883831,144.1547990949054,-0.00011990230497414113,2.6889270830567425e-118,56.84880134648739,-1.7052884167558502e-06
55.88,49.98868917033186,49.98868914475162,144.15479813646675,-0.00011950312993967092,2.4299508437319817e-118,56.84880134648739,-1.707499660418529e-06
55.9,49.9886891361545,49.98868911062098,144.15479717978508,-0.00011910528382634344,2.195917152294594e-118,56.84880134648739,-1.7096860192956176e-06
55.92,49.98868910193372,49.988689076446896,144.15479622485913,-0.00011870876220995566,1.9844237393443586e-118,56.84880134648739,-1.711847584693574e-06
55.94,49.988689067670016,49.98868904222984,144.15479527168745,-0.00011831356068103347,1.7932997031142783e-118,56.84880134648739,-1.7139844465458263e-06
55.96,49.98868903336389,49.988689007970336,144.15479432026876,-0.0001179196748447826,1.6205832259657813e-118,56.84880134648739,-1.7160966930695161e-06
55.980000000000004,49.98868899901582,49.98868897366885,144.15479337060168,-0.00011752710032103985,1.4645014370552745e-118,56.84880134648739,-1.7181844155711016e-06
56.0,49.9886889646263,49.988688939325876,144.15479242268486,-0.00011713583274422425,1.3234522144697625e-118,56.84880134648739,-1.7202477019244668e-06
56.02,49.98868893019582,49.98868890494191,144.154791476517,-0.00011674586776328867,1.1959877400371647e-118,56.84880134648739,-1.722286641033268e-06
56.04,49.98868889572487,49.98868887051743,144.15479053209663,-0.0001163572010416713,1.0807996380075461e-118,56.84880134648739,-1.7243013224876761e-06
56.06,49.98868886121392,49.98868883605292,144.1547895894225,-0.00011596982825724748,9.76705545059303e-119,56.84880134648739,-1.7262918351913477e-06
56.08,49.98868882666347,49.988688801548875,144.15478864849317,-0.00011558374510228165,8.826369737763824e-119,56.84880134648739,-1.728258267018167e-06
56.1,49.98868879207399,49.988688767005755,144.1547877093073,-0.00011519894728337941,7.976283450196124e-119,56.84880134648739,-1.730200706185275e-06
56.120000000000005,49.98868875744595,49.98868873242406,144.15478677186354,-0.0001148154305214398,7.208070766134834e-119,56.84880134648739,-1.7321192412530716e-06
56.14,49.98868872277985,49.98868869780424,144.1547858361605,-0.00011443319055160776,6.513846266124117e-119,56.84880134648739,-1.734013960781955e-06
56.160000000000004,49.988688688076145,49.9886886631468,144.1547849021968,-0.00011405222312322657,5.886483992089234e-119,56.84880134648739,-1.735884950929523e-06
56.18,49.988688653335316,49.988688628452195,144.15478396997105,-0.00011367252399979071,5.31954430200895e-119,56.84880134648739,-1.7377323009426892e-06
56.2,49.98868861855784,49.9886885937209,144.15478303948188,-0.00011329408895889872,4.8072077693687056e-119,56.84880134648739,-1.7395560983520803e-06
56.22,49.98868858374417,49.98868855895339,144.15478211072792,-0.00011291691379220618,4.3442154488969176e-119,56.84880134648739,-1.7413564289720365e-06
56.24,49.98868854889479,49.98868852415013,144.15478118370783,-0.00011254099430537899,3.925814895434193e-119,56.84880134648739,-1.743133381362957e-06
56.26,49.98868851401017,49.98868848931158,144.1547802584201,-0.00011216632631804672,3.547711381839131e-119,56.84880134648739,-1.7448870416824387e-06
56.28,49.98868847909076,49.98868845443821,144.15477933486346,-0.00011179290566375603,3.2060238152005083e-119,56.84880134648739,-1.7466174964313368e-06
56.300000000000004,49.98868844413703,49.98868841953048,144.1547784130364,-0.00011142072818992448,2.897244898852063e-119,56.84880134648739,-1.7483248334835354e-06
56.32,49.98868840914945,49.98868838458886,144.15477749293768,-0.00011104978975779424,2.618205131267662e-119,56.84880134648739,-1.7500091379668597e-06
56.34,49.988688374128465,49.98868834961381,144.15477657456574,-0.00011068008624238611,2.3660402722988248e-119,56.84880134648739,-1.7516704970686795e-06
56.36,49.988688339074535,49.988688314605774,144.1547756579193,-0.00011031161353245364,2.1381619428075258e-119,56.84880134648739,-1.7533089966033346e-06
56.38,49.98868830398813,49.98868827956522,144.1547747429969,-0.00010994436753043743,1.9322310559103846e-119,56.84880134648739,-1.754924722041908e-06
56.4,49.98868826886968,49.98868824449259,144.1547738297971,-0.00010957834415241952,1.746133807115772e-119,56.84880134648739,-1.7565177588554822e-06
56.42,49.988688233719664,49.98868820938836,144.15477291831857,-0.00010921353932807803,1.577959976901453e-119,56.84880134648739,-1.7580881938881693e-06
56.44,49.98868819853851,49.98868817425295,144.15477200855986,-0.00010884994900064186,1.4259833230167477e-119,56.84880134648739,-1.7596361108947653e-06
56.46,49.988688163326685,49.98868813908683,144.15477110051958,-0.00010848756912684558,1.2886438612434326e-119,56.84880134648739,-1.7611615956896103e-06
56.480000000000004,49.98868812808463,49.988688103890446,144.15477019419626,-0.00010812639567688447,1.1645318527339327e-119,56.84880134648739,-1.7626647344303017e-06
56.5,49.988688092812794,49.98868806866424,144.15476928958856,-0.00010776642463436975,1.0523733335627507e-119,56.84880134648739,-1.7641456101851206e-06
56.52,49.98868805751161,49.98868803340866,144.15476838669497,-0.00010740765199628382,9.510170379573216e-120,56.84880134648739,-1.7656043087684072e-06
56.54,49.988688022181535,49.988687998124135,144.15476748551413,-0.00010705007377293584,8.594225809800875e-120,56.84880134648739,-1.7670409142782145e-06
56.56,49.988687986822995,49.98868796281112,144.15476658604456,-0.0001066936859879173,7.766497793613885e-120,56.84880134648739,-1.7684555111558536e-06
56.58,49.98868795143645,49.988687927470046,144.1547656882849,-0.00010633848467805786,7.018490008654649e-120,56.84880134648739,-1.7698481838426347e-06
56.6,49.98868791602231,49.98868789210136,144.15476479223366,-0.00010598446589338123,6.342524431293758e-120,56.84880134648739,-1.7712190157500965e-06
56.620000000000005,49.98868788058103,49.98868785670549,144.1547638978894,-0.0001056316256970612,5.7316625245533844e-120,56.84880134648739,-1.772568090633035e-06
56.64,49.98868784511304,49.988687821282866,144.15476300525074,-0.00010527996016537801,5.17963401658801e-120,56.84880134648739,-1.773895492246246e-06
56.660000000000004,49.98868780961878,49.98868778583393,144.15476211431618,-0.0001049294653876746,4.680772538659915e-120,56.84880134648739,-1.7752013050310403e-06
56.68,49.988687774098665,49.98868775035911,144.15476122508434,-0.00010458013746631312,4.229957461957005e-120,56.84880134648739,-1.7764856099961544e-06
56.7,49.98868773855313,49.988687714858834,144.15476033755374,-0.00010423197251663164,3.822561336229404e-120,56.84880134648739,-1.7777484926126717e-06
56.72,49.98868770298261,49.98868767933353,144.15475945172292,-0.0001038849666669009,3.4544023907218314e-120,56.84880134648739,-1.7789900338893287e-06
56.74,49.988687667387524,49.98868764378362,144.15475856759048,-0.00010353911605828131,3.1217016098413676e-120,56.84880134648739,-1.7802103172376643e-06
56.76,49.98868763176829,49.98868760820953,144.1547576851549,-0.00010319441684478,2.8210439429582122e-120,56.84880134648739,-1.7814094260692167e-06
56.78,49.98868759612535,49.98868757261169,144.15475680441477,-0.00010285086519320804,2.5493432501723392e-120,56.84880134648739,-1.7825874413927232e-06
56.800000000000004,49.988687560459105,49.988687536990504,144.15475592536862,-0.00010250845728313788,2.3038106242273227e-120,56.84880134648739,-1.783744447306237e-06
56.82,49.98868752476998,49.988687501346405,144.15475504801498,-0.00010216718930686078,2.081925763407454e-120,56.84880134648739,-1.7848805241319804e-06
56.84,49.9886874890584,49.98868746567981,144.1547541723524,-0.00010182705746934451,1.8814111015715247e-120,56.84880134648739,-1.78599575425172e-06
56.86,49.98868745332477,49.98868742999113,144.1547532983794,-0.00010148805798819115,1.7002084297776286e-120,56.84880134648739,-1.7870902197039644e-06
56.88,49.98868741756951,49.98868739428078,144.15475242609455,-0.00010115018709359502,1.5364577695285887e-120,56.84880134648739,-1.7881640014974513e-06
56.9,49.988687381793035,49.98868735854917,144.15475155549635,-0.00010081344102830075,1.3884782807796826e-120,56.84880134648739,-1.7892171802976599e-06
56.92,49.98868734599575,49.988687322796714,144.1547506865833,-0.00010047781604756155,1.2547510087364179e-120,56.84880134648739,-1.7902498395161288e-06
56.94,49.98868731017807,49.98868728702383,144.15474981935398,-0.00010014330841909746,1.1339032923446044e-120,56.84880134648739,-1.7912620587885658e-06
56.96,49.9886872743404,49.98868725123091,144.15474895380686,-9.980991442305397e-05,1.0246946744316383e-120,56.84880134648739,-1.792253918437193e-06
56.980000000000004,49.988687238483145,49.988687215418366,144.15474808994048,-9.947763035196055e-05,9.260041688717985e-121,56.84880134648739,-1.7932255005005196e-06
57.0,49.98868720260671,49.98868717958661,144.1547472277534,-9.914645251068948e-05,8.36818754077712e-121,56.84880134648739,-1.7941768839277383e-06
57.02,49.9886871667115,49.98868714373604,144.15474636724412,-9.881637721641479e-05,7.562229747079282e-121,56.84880134648739,-1.7951081493843291e-06
57.04,49.98868713079791,49.98868710786705,144.15474550841105,-9.848740079857118e-05,6.833895448559703e-121,56.84880134648739,-1.7960193778790287e-06
57.06,49.98868709486636,49.988687071980046,144.15474465125283,-9.815951959881335e-05,6.175708562660706e-121,56.84880134648739,-1.796910649047545e-06
57.08,49.98868705891722,49.988687036075426,144.1547437957679,-9.78327299709752e-05,5.580913044105603e-121,56.84880134648739,-1.7977820421823277e-06
57.1,49.988687022950906,49.98868700015359,144.15474294195477,-9.750702828102935e-05,5.04340353658934e-121,56.84880134648739,-1.7986336372623424e-06
57.120000000000005,49.9886869869678,49.98868696421493,144.15474208981195,-9.718241090704673e-05,4.557662703551086e-121,56.84880134648739,-1.7994655139232962e-06
57.14,49.98868695096831,49.98868692825983,144.15474123933797,-9.685887423915627e-05,4.118704594752315e-121,56.84880134648739,-1.80027775008461e-06
57.160000000000004,49.988686914952815,49.9886868922887,144.1547403905313,-9.653641467950476e-05,3.7220234673392155e-121,56.84880134648739,-1.801070426755021e-06
57.18,49.98868687892171,49.98868685630191,144.15473954339035,-9.621502864221688e-05,3.3635475360565243e-121,56.84880134648739,-1.8018436221972072e-06
57.2,49.98868684287538,49.98868682029987,144.15473869791379,-9.589471255335524e-05,3.0395971778758366e-121,56.84880134648739,-1.8025974143305892e-06
57.22,49.98868680681422,49.98868678428295,144.1547378541,-9.557546285088077e-05,2.746847162024318e-121,56.84880134648739,-1.8033318821043602e-06
57.24,49.98868677073862,49.98868674825154,144.15473701194747,-9.525727598461298e-05,2.4822925177190232e-121,56.84880134648739,-1.8040471044677127e-06
57.26,49.988686734648944,49.98868671220603,144.15473617145472,-9.494014841619052e-05,2.2432176892517244e-121,56.84880134648739,-1.8047431583102958e-06
57.28,49.98868669854559,49.98868667614679,144.15473533262016,-9.462407661903187e-05,2.0271686618125777e-121,56.84880134648739,-1.8054201236110743e-06
57.300000000000004,49.98868666242893,49.98868664007422,144.1547344954423,-9.430905707829609e-05,1.8319277719345125e-121,56.84880134648739,-1.8060780776029542e-06
57.32,49.988686626299355,49.98868660398868,144.1547336599197,-9.399508629084374e-05,1.6554909439968554e-121,56.84880134648739,-1.806717097175584e-06
57.34,49.98868659015723,49.988686567890554,144.15473282605075,-9.368216076519791e-05,1.4960471191293082e-121,56.84880134648739,-1.807337260248385e-06
57.36,49.98868655400294,49.988686531780225,144.15473199383393,-9.337027702150543e-05,1.3519596653615727e-121,56.84880134648739,-1.8079386447407776e-06
57.38,49.988686517836854,49.98868649565806,144.15473116326774,-9.305943159149814e-05,1.2217495782006807e-121,56.84880134648739,-1.8085213268558957e-06
57.4,49.98868648165935,49.98868645952443,144.15473033435063,-9.27496210184543e-05,1.1040802991961566e-121,56.84880134648739,-1.8090853838266457e-06
57.42,49.98868644547079,49.98868642337971,144.1547295070811,-9.244084185716023e-05,9.977439966611936e-122,56.84880134648739,-1.809630892542676e-06
57.44,49.98868640927156,49.98868638722428,144.15472868145756,-9.21330906738719e-05,9.01649167726511e-122,56.84880134648739,-1.8101579302368928e-06
57.46,49.98868637306201,49.98868635105849,144.15472785747846,-9.182636404627685e-05,8.148094344665575e-122,56.84880134648739,-1.8106665731124301e-06
57.480000000000004,49.98868633684252,49.98868631488271,144.15472703514232,-9.152065856345604e-05,7.363334190944326e-122,56.84880134648739,-1.8111568973724217e-06
57.5,49.98868630061345,49.98868627869732,144.15472621444752,-9.121597082584596e-05,6.65415594298142e-122,56.84880134648739,-1.8116289795632593e-06
57.52,49.988686264375175,49.98868624250267,144.15472539539263,-9.091229744520082e-05,6.013280148002687e-122,56.84880134648739,-1.8120828948583044e-06
57.54,49.98868622812804,49.988686206299136,144.154724577976,-9.060963504455488e-05,5.434128452685735e-122,56.84880134648739,-1.8125187187741766e-06
57.56,49.98868619187241,49.988686170087064,144.1547237621961,-9.030798025818489e-05,4.910756078792868e-122,56.84880134648739,-1.8129365278572669e-06
57.58,49.988686155608654,49.98868613386682,144.1547229480514,-9.000732973157265e-05,4.437790802218223e-122,56.84880134648739,-1.8133363983107097e-06
57.6,49.988686119337125,49.98868609763876,144.1547221355403,-8.970768012136774e-05,4.0103778090916126e-122,56.84880134648739,-1.8137184032483222e-06
57.620000000000005,49.98868608305818,49.98868606140324,144.1547213246613,-8.940902809535028e-05,3.6241298629073087e-122,56.84880134648739,-1.8140826195597535e-06
57.64,49.988686046772166,49.98868602516062,144.1547205154128,-8.911137033239394e-05,3.2750822711617763e-122,56.84880134648739,-1.8144291207020786e-06
57.660000000000004,49.98868601047945,49.98868598891124,144.15471970779328,-8.8814703522429e-05,2.9596521892495193e-122,56.84880134648739,-1.8147579828784316e-06
57.68,49.98868597418037,49.98868595265547,144.15471890180115,-8.851902436640548e-05,2.674601843886561e-122,56.84880134648739,-1.8150692795458874e-06
57.7,49.98868593787528,49.988685916393656,144.1547180974348,-8.822432957625653e-05,2.417005298563582e-122,56.84880134648739,-1.815363085877808e-06
57.72,49.98868590156454,49.988685880126134,144.15471729469272,-8.79306158748618e-05,2.1842184198883716e-122,56.84880134648739,-1.8156394756745258e-06
57.74,49.988685865248485,49.98868584385326,144.15471649357332,-8.763787999601107e-05,1.973851736533193e-122,56.84880134648739,-1.8158985237661452e-06
57.76,49.988685828927466,49.98868580757538,144.15471569407498,-8.734611868436781e-05,1.7837459121941742e-122,56.84880134648739,-1.8161403032664844e-06
57.78,49.98868579260182,49.988685771292836,144.1547148961962,-8.705532869543313e-05,1.6119495808017196e-122,56.84880134648739,-1.8163648883191328e-06
57.800000000000004,49.988685756271906,49.98868573500598,144.15471409993532,-8.676550679550961e-05,1.456699316468559e-122,56.84880134648739,-1.816572352724423e-06
57.82,49.988685719938054,49.98868569871514,144.15471330529084,-8.647664976166532e-05,1.3164015325743515e-122,56.84880134648739,-1.8167627689096579e-06
57.84,49.9886856836006,49.988685662420664,144.1547125122611,-8.618875438169806e-05,1.1896161241876329e-122,56.84880134648739,-1.8169362113616849e-06
57.86,49.98868564725989,49.98868562612289,144.1547117208446,-8.590181745409954e-05,1.07504168592061e-122,56.84880134648739,-1.8170927514780347e-06
57.88,49.98868561091627,49.98868558982215,144.1547109310397,-8.56158357880199e-05,9.715021534835399e-123,56.84880134648739,-1.8172324634022973e-06
57.9,49.988685574570056,49.988685553518785,144.1547101428448,-8.533080620323211e-05,8.779347318191852e-123,56.84880134648739,-1.8173554192185183e-06
57.92,49.988685538221596,49.98868551721313,144.1547093562583,-8.504672553009667e-05,7.933789859041046e-123,56.84880134648739,-1.8174616920405154e-06
57.94,49.98868550187121,49.98868548090551,144.15470857127866,-8.476359060952631e-05,7.16966982237882e-123,56.84880134648739,-1.8175513539523344e-06
57.96,49.98868546551925,49.988685444596264,144.15470778790427,-8.448139829295095e-05,6.479143798263235e-123,56.84880134648739,-1.817624477381278e-06
57.980000000000004,49.98868542916602,49.98868540828572,144.15470700613344,-8.420014544228262e-05,5.8551237921085527e-123,56.84880134648739,-1.8176811344113924e-06
58.0,49.98868539281187,49.988685371974206,144.1547062259647,-8.391982892988055e-05,5.2912044690388283e-123,56.84880134648739,-1.817721395753693e-06
58.02,49.98868535645712,49.98868533566205,144.15470544739637,-8.364044563851644e-05,4.7815974054912714e-123,56.84880134648739,-1.8177453345219983e-06
58.04,49.988685320102086,49.98868529934957,144.15470467042684,-8.336199246133973e-05,4.32107167318638e-123,56.84880134648739,-1.8177530221138391e-06
58.06,49.98868528374711,49.988685263037105,144.15470389505455,-8.308446630184315e-05,3.9049001455812386e-123,56.84880134648739,-1.8177445285537166e-06
58.08,49.9886852473925,49.98868522672496,144.15470312127786,-8.280786407382819e-05,3.5288109756615646e-123,56.84880134648739,-1.8177199259256765e-06
58.1,49.988685211038586,49.98868519041347,144.15470234909515,-8.25321827013708e-05,3.188943747009947e-123,56.84880134648739,-1.8176792859705072e-06
58.120000000000005,49.988685174685685,49.98868515410295,144.15470157850478,-8.225741911878724e-05,2.8818098480572025e-123,56.84880134648739,-1.8176226787127103e-06
58.14,49.98868513833411,49.988685117793715,144.15470080950521,-8.198357027059993e-05,2.604256662773165e-123,56.84880134648739,-1.8175501745200444e-06
58.160000000000004,49.98868510198419,49.98868508148609,144.15470004209476,-8.171063311150348e-05,2.3534352102275835e-123,56.84880134648739,-1.817461844103526e-06
58.18,49.988685065636226,49.98868504518038,144.15469927627186,-8.143860460633085e-05,2.1267709008531683e-123,56.84880134648739,-1.8173577585174285e-06
58.2,49.988685029290544,49.988685008876914,144.15469851203483,-8.11674817300196e-05,1.921937109234631e-123,56.84880134648739,-1.8172379867564814e-06
58.22,49.988684992947455,49.98868497257599,144.15469774938205,-8.08972614675782e-05,1.7368312921581536e-123,56.84880134648739,-1.817102599531701e-06
58.24,49.988684956607266,49.98868493627792,144.1546969883119,-8.062794081405256e-05,1.569553406781895e-123,56.84880134648739,-1.8169516668675885e-06
58.26,49.98868492027029,49.98868489998303,144.15469622882284,-8.035951677449258e-05,1.418386407398013e-123,56.84880134648739,-1.816785257415616e-06
58.28,49.98868488393683,49.98868486369161,144.1546954709131,-8.009198636391886e-05,1.2817786205926823e-123,56.84880134648739,-1.8166034418868e-06
58.300000000000004,49.9886848476072,49.98868482740398,144.15469471458113,-7.982534660728949e-05,1.1583278178916233e-123,56.84880134648739,-1.8164062889326123e-06
58.32,49.98868481128171,49.988684791120434,144.15469395982524,-7.955959453946699e-05,1.0467668224027403e-123,56.84880134648739,-1.8161938675477825e-06
58.34,49.98868477496065,49.98868475484129,144.15469320664386,-7.929472720518534e-05,9.459505017133663e-124,56.84880134648739,-1.8159662474135546e-06
58.36,49.98868473864434,49.98868471856684,144.15469245503527,-7.903074165901703e-05,8.548440135290123e-124,56.84880134648739,-1.8157234968381433e-06
58.38,49.98868470233307,49.98868468229739,144.1546917049979,-7.876763496534048e-05,7.72512183399442e-124,56.84880134648739,-1.8154656844730207e-06
58.4,49.98868466602714,49.98868464603324,144.1546909565301,-7.85054041983072e-05,6.98109905498355e-124,56.84880134648739,-1.815192878969659e-06
58.42,49.988684629726855,49.988684609774694,144.15469020963013,-7.824404644180939e-05,6.3087346792422655e-124,56.84880134648739,-1.8149051482930152e-06
58.44,49.98868459343251,49.98868457352204,144.1546894642965,-7.798355878944745e-05,5.701127134797228e-124,56.84880134648739,-1.8146025604080468e-06
58.46,49.9886845571444,49.98868453727559,144.15468872052742,-7.77239383444977e-05,5.152039554629858e-124,56.84880134648739,-1.8142851839662258e-06
58.480000000000004,49.988684520862826,49.988684501035614,144.1546879783213,-7.746518221988011e-05,4.655835757540021e-124,56.84880134648739,-1.8139530869325098e-06
58.5,49.98868448458808,49.988684464802425,144.15468723767648,-7.720728753812625e-05,4.20742239482779e-124,56.84880134648739,-1.8136063352123117e-06
58.52,49.98868444832045,49.98868442857631,144.1546864985913,-7.695025143134723e-05,3.802196668950312e-124,56.84880134648739,-1.813244998830133e-06
58.54,49.98868441206022,49.98868439235756,144.15468576106412,-7.66940710412019e-05,3.435999087505109e-124,56.84880134648739,-1.8128691433481295e-06
58.56,49.98868437580769,49.988684356146464,144.15468502509322,-7.643874351886497e-05,3.105070767576917e-124,56.84880134648739,-1.8124788363880013e-06
58.58,49.98868433956315,49.98868431994331,144.15468429067698,-7.618426602499541e-05,2.8060148521929335e-124,56.84880134648739,-1.8120741448849339e-06
58.6,49.988684303326885,49.988684283748384,144.15468355781377,-7.59306357297048e-05,2.5357616428406535e-124,56.84880134648739,-1.8116551354308545e-06
58.620000000000005,49.988684267099174,49.98868424756197,144.1546828265019,-7.567784981252592e-05,2.2915370901464545e-124,56.84880134648739,-1.8112218746176916e-06
58.64,49.98868423088031,49.98868421138436,144.1546820967397,-7.542590546238135e-05,2.0708343192834002e-124,56.84880134648739,-1.8107744293806301e-06
58.660000000000004,49.98868419467057,49.98868417521583,144.15468136852542,-7.51747998775522e-05,1.8713878978270737e-124,56.84880134648739,-1.8103128663115982e-06
58.68,49.988684158470235,49.98868413905666,144.1546806418575,-7.492453026564703e-05,1.6911505819285013e-124,56.84880134648739,-1.8098372509727513e-06
58.7,49.98868412227959,49.988684102907136,144.15467991673424,-7.46750938435707e-05,1.5282723021122085e-124,56.84880134648739,-1.8093476489262456e-06
58.72,49.98868408609891,49.988684066767526,144.15467919315392,-7.442648783749347e-05,1.3810811729963945e-124,56.84880134648739,-1.8088441271072662e-06
58.74,49.98868404992847,49.988684030638126,144.1546784711149,-7.417870948282017e-05,1.2480663320070123e-124,56.84880134648739,-1.8083267503914543e-06
58.76,49.988684013768555,49.9886839945192,144.1546777506155,-7.393175602415941e-05,1.127862430931498e-124,56.84880134648739,-1.8077955843409654e-06
58.78,49.98868397761943,49.988683958411016,144.154677031654,-7.368562471529297e-05,1.0192356211236703e-124,56.84880134648739,-1.807250694861213e-06
58.800000000000004,49.988683941481376,49.98868392231386,144.15467631422877,-7.344031281914526e-05,9.210708885031113e-125,56.84880134648739,-1.8066921461413235e-06
58.82,49.98868390535467,49.98868388622801,144.1546755983381,-7.31958176077529e-05,8.323606083474711e-125,56.84880134648739,-1.8061200037434525e-06
58.84,49.988683869239566,49.98868385015372,144.15467488398025,-7.295213636223428e-05,7.52194202396868e-125,56.84880134648739,-1.8055343328864983e-06
58.86,49.98868383313635,49.98868381409126,144.15467417115366,-7.27092663727595e-05,6.797487921043798e-125,56.84880134648739,-1.8049351963865582e-06
58.88,49.988683797045276,49.988683778040915,144.15467345985653,-7.24672049385201e-05,6.142807520916988e-125,56.84880134648739,-1.80432266083556e-06
58.9,49.98868376096663,49.98868374200294,144.15467275008717,-7.222594936769906e-05,5.551180771092858e-125,56.84880134648739,-1.8036967897361151e-06
58.92,49.98868372490066,49.98868370597761,144.15467204184395,-7.198549697744091e-05,5.016534841506966e-125,56.84880134648739,-1.80305764727735e-06
58.94,49.988683688847644,49.98868366996518,144.15467133512513,-7.174584509382181e-05,4.5333817891682483e-125,56.84880134648739,-1.8024052976483914e-06
58.96,49.988683652807836,49.988683633965906,144.154670629929,-7.150699105181988e-05,4.096762226451243e-125,56.84880134648739,-1.8017398043518505e-06
58.980000000000004,49.9886836167815,49.98868359798007,144.15466992625392,-7.126893219528557e-05,3.702194414813903e-125,56.84880134648739,-1.8010612312335967e-06
59.0,49.9886835807689,49.98868356200792,144.15466922409814,-7.103166587691209e-05,3.345628261406832e-125,56.84880134648739,-1.800369641452984e-06
59.02,49.988683544770296,49.98868352604972,144.15466852345992,-7.079518945820596e-05,3.023403746366126e-125,56.84880134648739,-1.7996650988558814e-06
59.04,49.98868350878594,49.98868349010573,144.15466782433765,-7.055950030945775e-05,2.732213354061327e-125,56.84880134648739,-1.7989476662583859e-06
59.06,49.98868347281609,49.988683454176204,144.15466712672952,-7.03245958097127e-05,2.469068122669136e-125,56.84880134648739,-1.7982174075063666e-06
59.08,49.98868343686102,49.98868341826139,144.15466643063394,-7.00904733467417e-05,2.2312669635843004e-125,56.84880134648739,-1.7974743830131187e-06
59.1,49.988683400920955,49.98868338236156,144.1546657360491,-6.985713031701218e-05,2.0163689357427453e-125,56.84880134648739,-1.7967186583407984e-06
59.120000000000005,49.98868336499616,49.98868334647695,144.1546650429733,-6.962456412565916e-05,1.8221681902631377e-125,56.84880134648739,-1.79595029527573e-06
59.14,49.9886833290869,49.98868331060782,144.1546643514049,-6.939277218645642e-05,1.6466713282228688e-125,56.84880134648739,-1.7951693552609815e-06
59.160000000000004,49.98868329319341,49.98868327475442,144.15466366134208,-6.916175192178772e-05,1.4880769391543912e-125,56.84880134648739,-1.7943759007693922e-06
59.18,49.98868325731595,49.988683238917005,144.15466297278317,-6.893150076261815e-05,1.344757110232138e-125,56.84880134648739,-1.7935699949603165e-06
59.2,49.98868322145476,49.98868320309581,144.1546622857265,-6.870201614846553e-05,1.2152407163486514e-125,56.84880134648739,-1.7927516985903071e-06
59.22,49.988683185610086,49.98868316729109,144.15466160017024,-6.847329552737195e-05,1.0981983195587266e-125,56.84880134648739,-1.7919210734456889e-06
59.24,49.98868314978218,49.9886831315031,144.15466091611273,-6.824533635587544e-05,9.924285228899453e-126,56.84880134648739,-1.7910781816560438e-06
59.26,49.98868311397129,49.98868309573207,144.15466023355225,-6.801813609898161e-05,8.968456384464992e-126,56.84880134648739,-1.7902230839779252e-06
59.28,49.98868307817765,49.98868305997824,144.1546595524871,-6.779169223013548e-05,8.104685432239483e-126,56.84880134648739,-1.7893558415111426e-06
59.300000000000004,49.988683042401505,49.98868302424187,144.15465887291552,-6.756600223119346e-05,7.324106082439665e-126,56.84880134648739,-1.7884765156987638e-06
59.32,49.9886830066431,49.98868298852319,144.15465819483575,-6.734106359239524e-05,6.618705976353634e-126,56.84880134648739,-1.7875851683271138e-06
59.34,49.988682970902666,49.98868295282244,144.15465751824607,-6.711687381233595e-05,5.981244442438098e-126,56.84880134648739,-1.7866818591229728e-06
59.36,49.98868293518045,49.98868291713986,144.15465684314478,-6.689343039793828e-05,5.405178173499389e-126,56.84880134648739,-1.7857666484996366e-06
59.38,49.98868289947669,49.98868288147568,144.15465616953014,-6.667073086442483e-05,4.884594062061953e-126,56.84880134648739,-1.7848395972136581e-06
59.4,49.98868286379162,49.98868284583015,144.15465549740043,-6.644877273529044e-05,4.414148504504167e-126,56.84880134648739,-1.7839007656783323e-06
59.42,49.98868282812546,49.98868281020349,144.15465482675384,-6.622755354227463e-05,3.989012550940869e-126,56.84880134648739,-1.7829502139636974e-06
59.44,49.98868279247847,49.98868277459595,144.15465415758868,-6.600707082533424e-05,3.604822337836404e-126,56.84880134648739,-1.7819880021397915e-06
59.46,49.988682756850864,49.98868273900775,144.15465348990318,-6.578732213261592e-05,3.257634294557261e-126,56.84880134648739,-1.7810141902766526e-06
59.480000000000004,49.988682721242874,49.988682703439125,144.1546528236957,-6.556830502042899e-05,2.9438846640761112e-126,56.84880134648739,-1.780028836728032e-06
59.5,49.988682685654744,49.9886826678903,144.15465215896432,-6.535001705321828e-05,2.6603529223222277e-126,56.84880134648739,-1.7790320025937397e-06
59.52,49.98868265008669,49.98868263236151,144.15465149570747,-6.513245580353694e-05,2.4041287206914287e-126,56.84880134648739,-1.7780237455410122e-06
59.54,49.988682614538945,49.98868259685298,144.1546508339233,-6.49156188520195e-05,2.172582012392617e-126,56.84880134648739,-1.7770041256398878e-06
59.56,49.98868257901173,49.988682561364946,144.1546501736101,-6.469950378735498e-05,1.963336055988902e-126,56.84880134648739,-1.7759732015873751e-06
59.58,49.98868254350527,49.988682525897616,144.1546495147661,-6.448410820626006e-05,1.7742430190246176e-126,56.84880134648739,-1.7749310324237397e-06
59.6,49.9886825080198,49.988682490451225,144.1546488573896,-6.426942971345237e-05,1.6033619313184882e-126,56.84880134648739,-1.7738776765027333e-06
59.620000000000005,49.98868247255554,49.988682455025994,144.15464820147872,-6.405546592162383e-05,1.4489387616216308e-126,56.84880134648739,-1.7728131935511363e-06
59.64,49.9886824371127,49.988682419622144,144.1546475470318,-6.384221445141411e-05,1.3093884131346514e-126,56.84880134648739,-1.7717376405496705e-06
59.660000000000004,49.98868240169151,49.9886823842399,144.15464689404712,-6.362967293138417e-05,1.183278453074469e-126,56.84880134648739,-1.7706510758520873e-06
59.68,49.988682366292196,49.98868234887948,144.15464624252286,-6.341783899798988e-05,1.06931440928088e-126,56.84880134648739,-1.7695535574688805e-06
59.7,49.98868233091496,49.98868231354109,144.15464559245729,-6.320671029555576e-05,9.663264829379564e-127,56.84880134648739,-1.7684451437538013e-06
59.72,49.98868229556003,49.988682278224964,144.1546449438486,-6.299628447624878e-05,8.732575410212768e-127,56.84880134648739,-1.7673258923740863e-06
59.74,49.98868226022762,49.98868224293131,144.15464429669504,-6.278655920005226e-05,7.89152265217892e-127,56.84880134648739,-1.7661958620267442e-06
59.76,49.988682224917945,49.98868220766035,144.1546436509949,-6.257753213473978e-05,7.131473459366975e-127,56.84880134648739,-1.7650551076329523e-06
59.78,49.98868218963122,49.98868217241228,144.15464300674637,-6.236920095584932e-05,6.444626207543512e-127,56.84880134648739,-1.763903688232977e-06
59.800000000000004,49.98868215436766,49.98868213718733,144.15464236394774,-6.21615633466574e-05,5.823930663361589e-127,56.84880134648739,-1.7627416597777676e-06
59.82,49.98868211912746,49.98868210198571,144.15464172259715,-6.19546169981533e-05,5.263015616319491e-127,56.84880134648739,-1.7615690802778184e-06
59.84,49.98868208391085,49.98868206680762,144.15464108269288,-6.174835960901336e-05,4.756123480638195e-127,56.84880134648739,-1.7603860063705936e-06
59.86,49.98868204871804,49.988682031653276,144.15464044423317,-6.154278888557546e-05,4.298051195769964e-127,56.84880134648739,-1.759192494007043e-06
59.88,49.98868201354922,49.988681996522885,144.1546398072162,-6.133790254181342e-05,3.8840968189036185e-127,56.84880134648739,-1.7579886005111455e-06
59.9,49.98868197840461,49.98868196141666,144.15463917164027,-6.113369829931167e-05,3.5100112612582837e-127,56.84880134648739,-1.7567743811473367e-06
59.92,49.98868194328441,49.98868192633479,144.15463853750356,-6.0930173887239834e-05,3.171954672756494e-127,56.84880134648739,-1.7555498928963378e-06
59.94,49.98868190818883,49.9886818912775,144.15463790480428,-6.072732704232754e-05,2.8664570273814286e-127,56.84880134648739,-1.754315191709099e-06
59.96,49.988681873118075,49.98868185624498,144.1546372735407,-6.0525155508839225e-05,2.590382504641531e-127,56.84880134648739,-1.7530703328500547e-06
59.980000000000004,49.98868183807234,49.98868182123744,144.154636643711,-6.032365703854904e-05,2.3408973015314097e-127,56.84880134648739,-1.7518153722701552e-06
60.0,49.988681803051826,49.98868178625508,144.15463601531343,-6.012282939071587e-05,2.1154405445906744e-127,56.84880134648739,-1.75055036592035e-06
