t_s,f_city_hz,f_national_hz,tie_import_mw,governor_mw,ffr_mw,shed_mw,rocof_hz_s
0.0,49.98490338164251,50.0,76.1584784840557,0.0,0.0,0.0,-3.0193236714975846
0.02,49.92777626473171,49.999997226994516,86.31841513844073,0.0,0.0,0.0,-2.7545759273187507
0.04,49.87630923243682,49.999989586693815,97.72490639098277,0.0,0.0,0.0,-2.4615440356931346
0.06,49.830975874562256,49.99997661321079,110.0806280323369,0.0,0.0,0.0,-2.147578589289911
0.08,49.79210501963667,49.99995797176003,123.09432518449476,0.0,0.0,0.0,-1.8198353615738447
0.1,49.75988604587288,49.999933454505445,136.48549236251517,0.0,0.0,0.0,-1.4851638345788338
0.12,49.73437624813698,49.999902974483724,149.98850405665337,0.0,0.0,0.0,-1.1500097024922422
0.14,49.71550997280397,49.99986655785881,163.35616506292052,0.0,0.0,0.0,-0.8203320000817472
0.16,49.703109223274616,49.999824334772526,176.3626624069111,0.0,0.0,0.0,-0.5015351967209442
0.18,49.696895435776334,49.99977652906082,188.80591267405705,0.0,0.0,0.0,-0.1984163061565935
0.2,49.69650212746915,49.999723447104444,200.5093097176467,0.0,0.0,0.0,0.084873207012788
0.22,49.70148812635623,49.99966546607772,211.32288792906502,0.0,0.0,0.0,0.34485118780122476
0.24,49.71135110453607,49.999603021849076,221.12392541491195,0.0,0.0,0.0,0.578714899535043
0.26,49.72554115236628,49.99953659677404,229.81701945196735,0.0,0.0,0.0,0.7843383509608666
0.28,49.7434741505468,49.999466707604604,237.333673428692,0.0,0.0,0.0,0.9602578709288042
0.3,49.76454471936912,49.99939389371962,243.63144010156654,0.0,0.0,0.0,1.1056470884123133
0.32,49.78813854880829,49.999318705859594,248.69267039036896,0.0,0.0,0.0,1.2202825738845633
0.34,49.8136439391574,49.9992416955261,252.52292012481695,0.0,0.0,0.0,1.3045014665874954
0.36,49.8404624089365,49.99916340518214,255.14906917228345,0.0,0.0,0.0,1.3591524520785148
0.38,49.868018254295485,49.99908435936501,256.61720827685326,0.0,0.0,0.0,1.3855414671191137
0.4,49.89576697155166,49.999005056798644,256.99034879370345,0.0,0.0,0.0,1.3853734963429283
0.42,49.92320248137876,49.99892596356803,256.34600939266693,0.0,0.0,0.0,1.360691789374993
0.44,49.94986311906196,49.99884750739461,254.77373182454443,0.0,0.0,0.0,1.3138157705789744
0.46,49.975336379770056,49.998770073029384,252.37257509509953,0.0,0.0,0.0,1.2472788389755511
0.48,49.99926243064326,49.998693998759165,249.24863398229988,0.0,0.0,0.0,1.1637671658151825
0.5,50.021336229664,49.99861957400136,245.51263136206433,-0.002467660497666707,0.0,0.0,1.0660313464718802
0.52,50.04130693586378,49.99854703788872,241.27785733490077,-0.011535781841459786,0.0,0.0,0.9567736409904571
0.54,50.058979308677515,49.998476578752005,236.6580276880717,-0.026557565157285596,0.0,0.0,0.8388128905670624
0.56,50.07421405147231,49.998408334637105,231.76499468698123,-0.046776236406902184,0.0,0.0,0.7149195152705681
0.58,50.08692600282693,49.998342394711216,226.70688652152313,-0.07140036157415569,0.0,0.0,0.5877568351061003
0.6,50.097081495581264,49.998278801432065,221.58646672689673,-0.09962061194477811,0.0,0.0,0.45984184144478746
0.62,50.104695001217216,49.99821755338269,216.49971521295765,-0.13062556041665857,0.0,0.0,0.3335115890830141
0.64,50.109825174258745,49.998158608670266,211.53463916276357,-0.16361630181065928,0.0,0.0,0.2108953760160922
0.66,50.11257041325993,49.99810188878499,206.77031733059104,-0.1978197270090842,0.0,0.0,0.09389276205032741
0.68,50.11306405460892,49.998047282815,202.2761768397815,-0.23250031780695307,0.0,0.0,-0.015842630586777744
0.7000000000000001,50.11146931299042,49.99799465191482,198.1114975071626,-0.2669703659445396,0.0,0.0,-0.11691369013681073
0.72,50.10797407811857,49.997943833928275,194.3251350487102,-0.3005985552828219,0.0,0.0,-0.20818500550901461
0.74,50.10278567149329,49.99789464807164,190.9554512851464,-0.3328168799378781,0.0,0.0,-0.28878299477651564
0.76,50.09612565967567,49.99784689958889,188.03043669047184,-0.3631259029285032,0.0,0.0,-0.3580913584930718
0.78,50.088224812158884,49.99780038429837,185.56800832510825,-0.3910983891104593,0.0,0.0,-0.4157422979656164
0.8,50.07931828256868,49.99775489295808,183.57646437294517,-0.41638137254367263,0.0,0.0,-0.4616039802697051
0.8200000000000001,50.069641081900826,49.997710215385766,182.05507515382658,-0.43869674171407336,0.0,0.0,-0.49576476166276234
0.84,50.05942390202112,49.99766614427934,180.99478959743254,-0.45784044603284973,0.0,0.0,-0.5185146995068287
0.86,50.04888933694028,49.997622478692435,180.37903572138862,-0.47368044365778783,0.0,0.0,-0.5303248904059084
0.88,50.03824853863854,49.99757902712968,180.18459362967798,-0.48615352388749145,0.0,0.0,-0.5318251696922905
0.9,50.02769833364743,49.99753561023588,180.38251990553184,-0.49526114719669606,0.0,0.0,-0.5237806954877815
0.92,50.01741881637275,49.997492063062204,180.9391029799912,-0.5010644524949789,0.0,0.0,-0.507067920249256
0.9400000000000001,50.00757142542082,49.99744823690164,181.81683007386465,-0.503678584539601,0.0,0.0,-0.4826504249910495
0.96,49.99829750010251,49.99740400069398,182.97534759496915,-0.5032664947995007,0.0,0.0,-0.4515550573218456
0.98,49.98971712781111,49.99735924200697,184.37240951990543,-0.5015910355958381,0.0,0.0,-0.4148706194423748
1.0,49.981927969656404,49.99731386757611,185.96489660400795,-0.499921154278985,0.0,0.0,-0.3737192365459186
1.02,49.97500594555698,49.99726780343808,187.7096169929602,-0.4982568322792141,0.0,0.0,-0.32917213163381864
1.04,49.96900582234571,49.9972209947509,189.5640079937553,-0.4965980510886192,0.0,0.0,-0.28227724197314646
1.06,49.96396187114189,49.99717340529665,191.4868390591153,-0.49494479226091026,0.0,0.0,-0.23404348177472084
1.08,49.95988883637062,49.99712501669332,193.43883796992083,-0.4932970374112081,0.0,0.0,-0.18542591308541076
1.1,49.956783175365125,49.99707582735198,195.38323430882565,-0.4916547682158399,0.0,0.0,-0.13731300745983144
1.12,49.95462452586158,49.9970258512174,197.28621697619303,-0.49001796641213535,0.0,62.28621697619303,-0.09051606286871006
1.1400000000000001,49.98250281935925,49.99697593579948,195.38441031201617,-0.4883866137982238,0.0,62.28621697619303,1.3612620169583274
1.16,50.0084937963673,49.99692765912937,191.57432897577064,-0.48693234201978003,0.0,62.28621697619303,1.260504498271466
1.18,50.03228198490216,49.99688132128239,187.1326377883164,-0.4908201594431789,0.0,62.28621697619303,1.1451081326629058
1.2,50.053612760024286,49.99683716562854,182.18677960894132,-0.5018562292987636,0.0,62.28621697619303,1.0181503864068342
1.22,50.072294376515956,49.996795378739094,176.86353225471734,-0.5192236714239159,0.0,62.28621697619303,0.8827815314278009
1.24,50.0881970218372,49.9967560914147,171.2866596470366,-0.542055641302842,0.0,62.28621697619303,0.7420597232633253
1.26,50.10125037181341,49.99671938063933,165.57493807949606,-0.5694546135205812,0.0,62.28621697619303,0.5989035862946075
1.28,50.11144027410953,49.9966852723429,159.84042296739622,-0.6005107306441358,0.0,62.28621697619303,0.4560509273075737
1.3,50.118804685584024,49.99665374486155,154.18696848966795,-0.6343189623765565,0.0,62.28621697619303,0.3160238422868942
1.32,50.12342899322405,49.99662473297995,148.7090070746382,-0.6699948606280989,0.0,62.28621697619303,0.18110034708170725
1.34,50.125440849384326,49.996598132439246,143.49059051714062,-0.7066887376323651,0.0,62.28621697619303,0.053292536303557556
1.36,50.12500465066437,49.99657380479434,138.60468971538606,-0.7435981356128437,0.0,62.28621697619303,-0.06566884183887191
1.3800000000000001,50.12231578617429,49.99655158250715,134.1127456392195,-0.7799784970473603,0.0,62.28621697619303,-0.17434361275777288
1.4000000000000001,50.11759477538844,49.99653127416713,130.06446023244644,-0.815151983626422,0.0,62.28621697619303,-0.2715855164376791
1.42,50.111081408520924,49.99651266973597,126.49781254453194,-0.8485144289752617,0.0,62.28621697619303,-0.3565400547417751
1.44,50.10302899363672,49.996495545721466,123.4392825033414,-0.8795404446091031,0.0,62.28621697619303,-0.428637305421969
1.46,50.09369880480544,49.996479670193615,120.90426239185393,-0.9077867300015801,0.0,62.28621697619303,-0.4875802175041287
1.48,50.0833548147783,49.996464807565715,118.89763427870116,-0.9328936657372888,0.0,62.28621697619303,-0.5333289436991181
1.5,50.07225878418665,49.99645072307343,117.41449036612266,-0.9545852932455796,0.0,62.28621697619303,-0.5660817934210607
1.52,50.06066576737737,49.99643718689505,116.44097244193853,-0.972667805410736,0.0,62.28621697619303,-0.5862534053811961
1.54,50.04882008295911,49.99642397786725,115.95520632914278,-0.9870266893394284,0.0,62.28621697619303,-0.5944507422582098
1.56,50.03695178516006,49.99641088676108,115.92830738576247,-0.9976226757299503,0.0,62.28621697619303,-0.5914475024716271
1.58,50.025273660401595,49.99639771909371,116.32543368114901,-1.0044866586883023,0.0,62.28621697619303,-0.5781575265824341
1.6,50.01397876225893,49.99638429746137,117.10686442081375,-1.0077137555952205,0.0,62.28621697619303,-0.5556077493967114
1.62,50.003238487375405,49.99637046338883,118.2290824648255,-1.0074566789228814,0.0,62.28621697619303,-0.5249112146121474
1.6400000000000001,49.99320116730919,49.996356078699485,119.64584133685898,-1.004407189461559,0.0,62.28621697619303,-0.48724417834771483
1.6600000000000001,49.98399057045858,49.99634102640579,121.30926604162084,-1.001063348202111,0.0,62.28621697619303,-0.4438648858754267
1.68,49.97570555369119,49.99632521109996,123.17093344188639,-0.9977306391552612,0.0,62.28621697619303,-0.39599619599182545
1.7,49.96842098475246,49.99630855895475,125.18265667613693,-0.9944090252599929,0.0,62.28621697619303,-0.3448287815680657
1.72,49.962188303068764,49.996291017369515,127.29729959970689,-0.9910984695786715,0.0,62.28621697619303,-0.29152012961413765
1.74,49.95703641070416,49.996272554269176,129.46952893657883,-0.9877989352966344,0.0,62.28621697619303,-0.23717663852101423
1.76,49.9529728930945,49.996253157094415,131.656476791738,-0.9845103857217808,0.0,62.28621697619303,-0.1828379933830206
1.78,49.94998552265383,49.99623283152453,133.81830870430684,-0.9812327842841644,0.0,62.28621697619303,-0.129463920468852
1.8,49.94804399695389,49.99621159997619,135.9186944610053,-0.977966094535586,0.0,62.28621697619303,-0.07792337210672426
1.82,49.94710186274271,49.996189499921755,137.92518082126824,-0.9747102801491891,0.0,62.28621697619303,-0.028986146366444795
1.84,49.947098577529005,49.9961665820707,139.80946710372424,-0.9714653049190554,0.0,62.28621697619303,0.016683097437206054
1.86,49.947961661736656,49.99614290845696,141.54758622717225,-0.9682311327598019,0.0,62.28621697619303,0.05852850573414178
1.8800000000000001,49.949608896443856,49.99611855047301,143.11999527055076,-0.9650077277061802,0.0,62.28621697619303,0.09610449342882196
1.9000000000000001,49.95195052437171,49.996093586889636,144.51158090289795,-0.9617950539126762,0.0,62.28621697619303,0.1290751458655072
1.92,49.95489141498247,49.996068101897514,145.7115861274198,-0.9585930756531116,0.0,62.28621697619303,0.15721172891291355
1.94,49.95833315818819,49.996042183203336,146.71346567906133,-0.9554017573202465,0.0,62.28621697619303,0.1803884965064928
1.96,49.96217605515962,49.99601592021023,147.5146781117881,-0.9522210634253838,0.0,62.28621697619303,0.198577000523867
1.98,49.96632097896375,49.995989402307856,148.11642311307222,-0.9490509585979738,0.0,62.28621697619303,0.21183911859255897
2.0,49.97067108215393,49.99596271729415,148.52333289499762,-0.9458914075852219,0.0,62.28621697619303,0.22031902151942334
2.02,49.975133332897826,49.99593594994643,148.7431266429934,-0.9427423752516955,0.0,62.28621697619303,0.2242343037363912
2.04,49.97961986567331,49.99590918075564,148.7862369659953,-0.9396038265789339,0.0,62.28621697619303,0.22386649778408227
2.06,49.984049136911565,49.99588248483357,148.66541709945798,-0.9364757266650592,0.0,62.28621697619303,0.21955118775876045
2.08,49.98834688015283,49.99585593099904,148.39533728040232,-0.9333580407243871,0.0,62.28621697619303,0.2116679272226978
2.1,49.99244685923969,49.995829581045506,147.99217825821054,-0.9302507340870413,0.0,62.28621697619303,0.2006301547456339
2.12,49.99629142175524,49.99580348918906,147.47322934368387,-0.9271537721985669,0.0,62.28621697619303,0.18687528544689114
2.14,49.999831858273005,49.995777701692674,146.85649774999342,-0.9240671206195471,0.0,62.28621697619303,0.17085514009470376
2.16,50.00302854959385,49.995752256659785,146.16033626318188,-0.9213354904190437,0.0,62.28621697619303,0.153022833346978
2.18,50.00585071578988,49.995727183979696,145.40312784924726,-0.9195568579553651,0.0,62.28621697619303,0.13381580323429365
2.2,50.00827644106669,49.995702505407934,144.60296747927305,-0.9186211923210362,0.0,62.28621697619303,0.1136797927451086
2.22,50.010292556221195,49.995678234798405,143.77732745349454,-0.9183998684675239,0.0,62.28621697619303,0.09304498729432557
2.24,50.01189420292626,49.995654378463556,142.9427920995625,-0.9187615565310422,0.0,62.28621697619303,0.07231741539789384
2.2600000000000002,50.01308428190091,49.99563093564128,142.11483047962412,-0.9195747694291028,0.0,62.28621697619303,0.051873569600340876
2.2800000000000002,50.01387280521726,49.99560789905201,141.30760642876822,-0.9207102175666857,0.0,62.28621697619303,0.032055966869483435
2.3000000000000003,50.0142761716486,49.99558525552911,140.53382644200363,-0.9220429435123279,0.0,62.28621697619303,0.013169655399085742
2.32,50.0143163838822,49.99556298670578,139.80462521282462,-0.9234542155096767,0.0,62.28621697619303,-0.004520342636158704
2.34,50.01402022601016,49.99554106974179,139.129487970663,-0.9248331646105936,0.0,62.28621697619303,-0.02079067870273602
2.36,50.013418419005184,49.995519478074144,138.51620817433928,-0.9260781559527309,0.0,62.28621697619303,-0.035460456422217485
2.38,50.01254477092027,49.99549818217639,137.97087859948132,-0.9270978901695311,0.0,62.28621697619303,-0.04839119386545765
2.4,50.011435337359316,49.99547715031236,137.49791341357363,-0.9278122360373263,0.0,62.28621697619303,-0.05948603299648688
2.42,50.01012760638866,49.995456349271436,137.1000984649997,-0.9281528001682083,0.0,62.28621697619303,-0.06868826818219625
2.44,50.00865972053543,49.99543574507359,136.77866672277477,-0.9280632437965117,0.0,62.28621697619303,-0.07597927229270092
2.46,50.00706974688648,49.99541530363393,136.53339559083412,-0.9274993604412486,0.0,62.28621697619303,-0.08137590361922023
2.48,50.00539500459855,49.9953949913781,136.3627226826328,-0.9264289314288994,0.0,62.28621697619303,-0.08492747969415403
2.5,50.00367145739213,49.99537477580128,136.26387657514798,-0.9248313789144263,0.0,62.28621697619303,-0.08671240520246858
2.52,50.001933176862025,49.99535462596522,136.23301906185446,-0.9226972381381122,0.0,62.28621697619303,-0.08683454063957001
2.54,50.000211880727576,49.99533451292911,136.26539548670127,-0.92002747220694,0.0,62.28621697619303,-0.08541939633387582
2.56,49.99853653852925,49.99531441011179,136.35549017992213,-0.9169811011497203,0.0,62.28621697619303,-0.08261182421163797
2.58,49.99693293982953,49.99529429358045,136.49719961173565,-0.9139283161116102,0.0,62.28621697619303,-0.07857786197617571
2.6,49.99542352705839,49.995274142261515,136.68399632169462,-0.9108856943107546,0.0,62.28621697619303,-0.07348448990527182
2.62,49.994027353201155,49.99525393809025,136.9090592441809,-0.9078532019120193,0.0,62.28621697619303,-0.06750305441158483
2.64,49.99276000742267,49.99523366609869,137.16541537944943,-0.904830805192913,0.0,62.28621697619303,-0.06080742998334665
2.66,49.99163360572005,49.99521331444216,137.44607467484755,-0.9018184705432123,0.0,62.28621697619303,-0.053570752687665806
2.68,49.99065684366275,49.995192874368534,137.74415484518323,-0.8988161644645877,0.0,62.28621697619303,-0.04596241766804481
2.7,49.989835105518175,49.99517234013523,138.0529946996452,-0.8958238535702314,0.0,62.28621697619303,-0.03814537340770158
2.72,49.98917062350295,49.99515170887938,138.36625485581965,-0.8928415045844863,0.0,62.28621697619303,-0.030273737768906756
2.74,49.98866268049497,49.9951309804471,138.67800503021348,-0.8898690843424749,0.0,62.28621697619303,-0.02249075321153348
2.7600000000000002,49.98830784928568,49.995110157187995,138.98279739415474,-0.8869065597897319,0.0,62.28621697619303,-0.014927091263891823
2.7800000000000002,49.98810026133785,49.995089243721175,139.27572576942515,-0.8839538979818352,0.0,62.28621697619303,-0.007699509373933127
2.8000000000000003,49.988031898033235,49.99506824667924,139.55247070552056,-0.8810110660840408,0.0,62.28621697619303,-0.0009098568022144112
2.82,49.988092897536305,49.99504717443621,139.80933072668137,-0.8780780313709167,0.0,62.28621697619303,0.005355579692911575
2.84,49.988271870652056,49.995026036825706,140.04324025907164,-0.8751547612259798,0.0,62.28621697619303,0.011026404920781814
2.86,49.988556219405936,49.995004844854904,140.25177494463207,-0.8722412231413325,0.0,62.28621697619303,0.01604813824724391
2.88,49.98893245250761,49.99498361041976,140.43314521672536,-0.8693373847173016,0.0,62.28621697619303,0.02038195361476834
2.9,49.98938649236391,49.99496234602639,140.58617915286888,-0.8664432136620778,0.0,62.28621697619303,0.02400416292647282
2.92,49.989903968865306,49.99494106452306,140.71029573132137,-0.8635586777913565,0.0,62.28621697619303,0.026905471638335877
2.94,49.99047049577109,49.994919778846736,140.80546970128427,-0.8606837450279808,0.0,62.28621697619303,0.029090037212894323
2.96,49.99107192614643,49.99489850178752,140.87218933172412,-0.8578183834015836,0.0,62.28621697619303,0.03057436221615319
2.98,49.991694583947194,49.994877245773736,140.9114083324693,-0.8549625610482321,0.0,62.28621697619303,0.031386054319588665
3.0,49.99232546949298,49.99485602268,140.92449324482433,-0.8521162462100748,0.0,62.28621697619303,0.0315624853423559
3.02,49.99295243720382,49.99483484365972,140.913167579336,-0.8492794072349866,0.0,62.28621697619303,0.031149380783962323
3.04,49.993564344590744,49.994813719003254,140.87945393766813,-0.8464520125762184,0.0,62.28621697619303,0.030199370109713256
3.06,49.99415117207615,49.9947926580222,140.82561529613372,-0.8436340307920454,0.0,62.28621697619303,0.028770526419847384
3.08,49.994704113767696,49.99477166895986,140.75409655278168,-0.8408254305454171,0.0,62.28621697619303,0.026924922121294805
3.1,49.995215639813296,49.99475075892743,140.6674673506252,-0.83802618060361,0.0,62.28621697619303,0.024727224893256242
3.12,49.995679531418745,49.994729933865145,140.56836708926,-0.8352362498378794,0.0,62.28621697619303,0.02224335565967588
3.14,49.99609089000931,49.99470919852703,140.4594529283681,-0.832455607223113,0.0,62.28621697619303,0.01953922751794483
3.16,49.99644612235986,49.994688556487844,140.3433514720117,-0.8296842218374869,0.0,62.28621697619303,0.016679581686954784
3.18,49.99674290380248,49.99466801017024,140.22261470465685,-0.8269220628621211,0.0,62.28621697619303,0.013726933589281011
3.2,49.996980121845745,49.99464756089025,140.0996806308809,-0.8241690995807366,0.0,62.28621697619303,0.010740639228737942
3.22,49.99715780270696,49.99462720891884,139.97683895288247,-0.8214253013793144,0.0,62.28621697619303,0.007776089118343423
3.24,49.99727702336795,49.994606953557124,139.8562020052305,-0.8186906377457542,0.0,62.28621697619303,0.004884034202616603
3.2600000000000002,49.99733981182067,49.99458679322298,139.73968105653717,-0.8159650782695367,0.0,62.28621697619303,0.0021100455444584983
3.2800000000000002,49.99734903817246,49.994566725546605,139.62896798448116,-0.8132485926413832,0.0,62.28621697619303,-0.0005058929527053424
3.3000000000000003,49.99730829923727,49.99454674747264,139.525522235172,-0.8105411506529201,0.0,62.28621697619303,-0.00292966181145698
3.3200000000000003,49.997221799152605,49.994526855366566,139.43056289130902,-0.8078427221963429,0.0,62.28621697619303,-0.005133158324480182
3.34,49.99709422843681,49.994507045123136,139.34506559680847,-0.8051532772640809,0.0,62.28621697619303,-0.007094330881452368
3.36,49.996930643743575,49.99448731227477,139.26976401914243,-0.8024727859484635,0.0,62.28621697619303,-0.008797103738802907
3.38,49.99673635038489,49.9944676520981,139.2051554749445,-0.7998012184413879,0.0,62.28621697619303,-0.010231201978277515
3.4,49.99651678948529,49.99444805971675,139.1515102996397,-0.7971385450339874,0.0,62.28621697619303,-0.011391887415145012
3.42,49.996277431405765,49.99442853019897,139.10888450790944,-0.7944847361163014,0.0,62.28621697619303,-0.012279616963661737
3.44,49.996023676838654,49.99440905864873,139.07713526847036,-0.7918397621769456,0.0,62.28621697619303,-0.012899635453489152
3.46,49.995760766731884,49.99438964028917,139.0559387035276,-0.7892035938027843,0.0,62.28621697619303,-0.013261515127570154
3.48,49.99549370195588,49.994370270537566,139.04480951980258,-0.786576201678603,0.0,62.28621697619303,-0.013378654054480531
3.5,49.99522717338397,49.99435094507103,139.04312198355473,-0.7839575565867825,0.0,62.28621697619303,-0.01326774547444346
3.52,49.9949655028219,49.99433165988265,139.05013176572749,-0.7813476294069739,0.0,62.28621697619303,-0.01294822968840791
3.54,49.99471259499661,49.99431241132765,139.0649982043779,-0.7787463911157749,0.0,62.28621697619303,-0.012441739516177417
3.56,49.99447190060302,49.99429319615966,139.0868065589661,-0.7761538127864072,0.0,62.28621697619303,-0.011771549616120659
3.58,49.99424639021227,49.99427401155713,139.11458986390733,-0.7735698655883944,0.0,62.28621697619303,-0.010962039100069395
3.6,49.994038538667965,49.99425485514019,139.14735002603112,-0.7709945207872417,0.0,62.28621697619303,-0.010038175917337527
3.62,49.993850319440476,49.99423572497844,139.18407785125163,-0.7684277497441164,0.0,62.28621697619303,-0.009025030446156561
3.64,49.99368320827393,49.99421661959015,139.22377172885083,-0.7658695239155293,0.0,62.28621697619303,-0.007947324643286575
3.66,49.99353819534765,49.994197537933616,139.26545474635964,-0.7633198148530171,0.0,62.28621697619303,-0.006829021986380966
3.68,49.99341580508298,49.99417847939143,139.30819005319398,-0.7607785942028263,0.0,62.28621697619303,-0.005692962320747874
3.7,49.9933161226582,49.99415944374838,139.35109433611584,-0.7582458337055982,0.0,62.28621697619303,-0.0045605446128377915
3.72,49.99323882624757,49.994140431163984,139.39334931347227,-0.7557215051960535,0.0,62.28621697619303,-0.0034514595356439064
3.74,49.993183223975315,49.99412144214053,139.4342111973212,-0.7532055806026808,0.0,62.28621697619303,-0.0023834727827998924
3.7600000000000002,49.99314829456916,49.99410247748746,139.47301811236792,-0.7506980319474229,0.0,62.28621697619303,-0.0013722590429073498
3.7800000000000002,49.99313273071098,49.994083538283064,139.50919549759107,-0.7481988313453662,0.0,62.28621697619303,-0.00043128567574372264
3.8000000000000003,49.99313498411134,49.99406462583442,139.5422595500913,-0.7457079510044314,0.0,62.28621697619303,0.00042825567257721967
3.8200000000000003,49.99315331137909,49.99404574163627,139.571818800718,-0.743225363225063,0.0,62.28621697619303,0.0011974719900506138
3.84,49.99318581981434,49.994026887329845,139.59757393715734,-0.7407510403999222,0.0,62.28621697619303,0.001869749442609035
3.86,49.99323051232171,49.994008064662125,139.61931601224592,-0.7382849550135798,0.0,62.28621697619303,0.0024406951406788354
3.88,49.99328533071766,49.9939892754465,139.6369231932224,-0.7358270796422102,0.0,62.28621697619303,0.0029080441364558274
3.9,49.99334819679025,49.99397052152517,139.65035622144734,-0.7333773869532861,0.0,62.28621697619303,0.0032715359663521796
3.92,49.99341705055834,49.993951804733946,139.659652761884,-0.7309358497052749,0.0,62.28621697619303,0.003532765259714377
3.94,49.99348988526942,49.9939331268699,139.66492082747496,-0.7285024407473358,0.0,62.28621697619303,0.0036950110458363935
3.96,49.99356477876823,49.99391448966214,139.66633146567366,-0.7260771330190174,0.0,62.28621697619303,0.0037630494118191756
3.98,49.993639920960746,49.99389589474602,139.66411089304054,-0.7236598995499577,0.0,62.28621697619303,0.0037429541005822202
4.0,49.993713637188094,49.99387734364104,139.65853225928407,-0.721250713459583,0.0,62.28621697619303,0.003641889498860154
4.0200000000000005,49.9937844074118,49.9938588377324,139.6499072147397,-0.7188495479568099,0.0,62.28621697619303,0.0034679002576170352
4.04,49.993850881193005,49.99384037825643,139.63857744538598,-0.7164563763397468,0.0,62.28621697619303,0.003229701520902687
4.0600000000000005,49.99391188852418,49.9938219662897,139.6249063274643,-0.7140711719953975,0.0,62.28621697619303,0.0029364734229601866
4.08,49.9939664466406,49.9938036027418,139.6092708399722,-0.7116939083993646,0.0,62.28621697619303,0.002597663156815984
4.1,49.99401376299994,49.993785288351646,139.59205385812234,-0.7093245591155554,0.0,62.28621697619303,0.0022227975300381786
4.12,49.994053234671945,49.99376702368705,139.57363693466962,-0.7069630977958868,0.0,62.28621697619303,0.0018213085140317276
4.14,49.9940844444245,49.99374880914735,139.55439365917772,-0.7046094981799937,0.0,62.28621697619303,0.0014023738711210498
4.16,49.994107153829326,49.99373064496883,139.53468366816304,-0.7022637340949355,0.0,62.28621697619303,0.0009747745171133058
4.18,49.994121293737784,49.99371253123257,139.5148473619511,-0.699925779454906,0.0,62.28621697619303,0.0005467698539886222
4.2,49.99412695249743,49.99369446787444,139.4952013673032,-0.6975956082609429,0.0,62.28621697619303,0.00012599189498614479
4.22,49.994124362290826,49.99367645469692,139.47603476869284,-0.6952731946006393,0.0,62.28621697619303,-0.0002806413908775495
4.24,49.99411388398241,49.99365849138229,139.45760611577302,-0.6929585126478546,0.0,62.28621697619303,-0.0006669934602076777
4.26,49.99409599085575,49.99364057750703,139.44014120027992,-0.6906515366624281,0.0,62.28621697619303,-0.0010277575926779887
4.28,49.994071251613754,49.99362271255687,139.42383158254304,-0.688352240989892,0.0,62.28621697619303,-0.0013584869077955313
4.3,49.994040312998905,49.99360489594237,139.4088338360495,-0.6860606000611872,0.0,62.28621697619303,-0.0016556068826820349
4.32,49.994003882369675,49.993587127014564,139.39526946824625,-0.6837765883923776,0.0,62.28621697619303,-0.0019164114940427618
4.34,49.99396271054453,49.99356940508049,139.3832254670284,-0.6815001805843683,0.0,62.28621697619303,-0.0021390443105542846
4.36,49.993917575195965,49.99355172941831,139.37275541518946,-0.6792313513226215,0.0,62.28621697619303,-0.002322466025928166
4.38,49.99386926504576,49.993534099291686,139.3638811095079,-0.6769700753768758,0.0,62.28621697619303,-0.002466410048023107
4.4,49.99381856507926,49.99351651396345,139.35659461709403,-0.6747163276008664,0.0,62.28621697619303,-0.0025713278463017158
4.42,49.99376624296147,49.99349897270809,139.35086069906924,-0.6724700829320439,0.0,62.28621697619303,-0.0026383258101340657
4.44,49.99371303680289,49.99348147482315,139.34661953053296,-0.6702313163912965,0.0,62.28621697619303,-0.002669095385797925
4.46,49.99365964438731,49.99346401963934,139.34378964599466,-0.6680000030826724,0.0,62.28621697619303,-0.0026658382429869593
4.48,49.993606713939826,49.99344660652924,139.3422710409047,-0.6657761181931021,0.0,62.28621697619303,-0.00263118817495414
4.5,49.99355483647973,49.99342923491459,139.34194836248994,-0.6635596369921235,0.0,62.28621697619303,-0.0025681313632087287
4.5200000000000005,49.99350453977168,49.99341190427224,139.34269412665262,-0.6613505348316062,0.0,62.28621697619303,-0.002479926541299538
4.54,49.993456283859224,49.993394614138516,139.3443719020886,-0.6591487871454775,0.0,62.28621697619303,-0.00237002647610353
4.5600000000000005,49.99341045813812,49.99337736411233,139.3468394078824,-0.6569543694494495,0.0,62.28621697619303,-0.002242002052787738
4.58,49.99336737990273,49.99336015385683,139.34995147649227,-0.6547672573407465,0.0,62.28621697619303,-0.002099470104805959
4.6000000000000005,49.99332729427811,49.993342983099915,139.35356284011232,-0.6525874264978337,0.0,62.28621697619303,-0.0019460259764282678
4.62,49.99329037543254,49.993325851633415,139.35753070474763,-0.650414852680147,0.0,62.28621697619303,-0.0017851816458142448
4.64,49.99325672895059,49.99330875931131,139.3617170828271,-0.648249511727823,0.0,62.28621697619303,-0.0016203100747848478
4.66,49.993226395235844,49.99329170604693,139.3659908616897,-0.6460913795614308,0.0,62.28621697619303,-0.001454596290239947
4.68,49.993199353803774,49.993274691809354,139.37022959168482,-0.6439404321817038,0.0,62.28621697619303,-0.0012909955444359565
4.7,49.99317552832078,49.993257716619034,139.37432098383348,-0.6417966456692733,0.0,62.28621697619303,-0.0011321987495833997
4.72,49.993154792242905,49.99324078054294,139.37816411289964,-0.6396599961844018,0.0,62.28621697619303,-0.0009806052386709268
4.74,49.99313697490854,49.99322388368914,139.38167032724564,-0.6375304599667186,0.0,62.28621697619303,-0.0008383027709883876
4.76,49.993121867942584,49.99320702620117,139.38476387192148,-0.6354080133349554,0.0,62.28621697619303,-0.000707054579069375
4.78,49.99310923183503,49.99319020825214,139.38738223600853,-0.6332926326866823,0.0,62.28621697619303,-0.0005882931449784072
4.8,49.99309880256422,49.99317343003878,139.38947623926452,-0.6311842944980465,0.0,62.28621697619303,-0.00048312029893014157
4.82,49.99309029814446,49.99315669177553,139.3910098765669,-0.6290829753235098,0.0,62.28621697619303,-0.0003923131527943971
4.84,49.99308342498794,49.99313999368879,139.3919599415096,-0.626988651795588,0.0,62.28621697619303,-0.00031633531537752667
4.86,49.99307788398299,49.99312333601133,139.39231545277147,-0.6249013006245917,0.0,62.28621697619303,-0.0002553527855462707
4.88,49.99307337620292,49.99310671897709,139.39207690854312,-0.6228208985983661,0.0,62.28621697619303,-0.00020925388299491735
4.9,49.993069608173045,49.9930901428163,139.3912553953961,-0.6207474225820343,0.0,62.28621697619303,-0.00017767255430053104
4.92,49.993066296636684,49.99307360775107,139.38987157852222,-0.6186808495177389,0.0,62.28621697619303,-0.00016001438315571762
4.94,49.99306317277453,49.99305711399143,139.38795460029888,-0.6166211564243863,0.0,62.28621697619303,-0.0001554846374421663
4.96,49.99305998584472,49.99304066173193,139.38554091368513,-0.6145683203973904,0.0,62.28621697619303,-0.0001631177010874509
4.98,49.99305650622386,49.99302425114869,139.38267307606796,-0.6125223186084185,0.0,62.28621697619303,-0.00018180726427328067
5.0,49.99305252784125,49.9930078823971,139.37939852790987,-0.6104831283051377,0.0,62.28621697619303,-0.00021033668029056535
5.0200000000000005,49.99304787000993,49.99299155560998,139.37576837894565,-0.6084507268109609,0.0,62.28621697619303,-0.00024740893984513646
5.04,49.99304237866855,49.992975270896316,139.3718362227961,-0.6064250915247954,0.0,62.28621697619303,-0.0002916757625738464
5.0600000000000005,49.99303592705738,49.99295902834049,139.3676569987603,-0.6044061999207914,0.0,62.28621697619303,-0.0003417653595543257
5.08,49.99302841585992,49.992942828002036,139.3632859172742,-0.6023940295480915,0.0,62.28621697619303,-0.0003963084783613796
5.1000000000000005,49.9930197728488,49.992926669915775,139.35877746313022,-0.6003885580305808,0.0,62.28621697619303,-0.0004539624024097474
5.12,49.993009952080165,49.992910554092475,139.35418448809745,-0.5983897630666385,0.0,62.28621697619303,-0.0005134326376803773
5.14,49.99299893268556,49.992894480519794,139.3495574021064,-0.5963976224288895,0.0,62.28621697619303,-0.0005734920813115632
5.16,49.99298671731353,49.99287844916362,139.3449434697182,-0.5944121139639575,0.0,62.28621697619303,-0.0006329975267987283
5.18,49.99297333027542,49.99286245996963,139.34038621622045,-0.5924332155922186,0.0,62.28621697619303,-0.000690903418786084
5.2,49.99295881545089,49.99284651286512,139.33592494542182,-0.5904609053075554,0.0,62.28621697619303,-0.000746272825702806
5.22,49.99294323400847,49.99283060776103,139.33159436908485,-0.5884951611771128,0.0,62.28621697619303,-0.0007982856501018516
5.24,49.99292666199587,49.99281474455405,139.3274243459676,-0.5865359613410538,0.0,62.28621697619303,-0.000846244143839642
5.26,49.99290918785235,49.99279892312887,139.3234397266648,-0.5845832840123166,0.0,62.28621697619303,-0.0008895758377026302
5.28,49.992890909893426,49.992783143360406,139.31966029886252,-0.5826371074763721,0.0,62.28621697619303,-0.0009278340323435888
5.3,49.99287193381413,49.992767405116055,139.3161008262585,-0.5806974100909826,0.0,62.28621697619303,-0.0009606960292117811
5.32,49.99285237025379,49.99275170825795,139.3127711732656,-0.5787641702859612,0.0,62.28621697619303,-0.000987959306352231
5.34,49.99283233246051,49.99273605264503,139.30967650670405,-0.5768373665629314,0.0,62.28621697619303,-0.0010095358645325603
5.36,49.99281193408893,49.992720438135095,139.30681756500434,-0.5749169774950887,0.0,62.28621697619303,-0.0010254449841653125
5.38,49.99279128716002,49.99270486458668,139.30419098497754,-0.5730029817269622,0.0,62.28621697619303,-0.0010358046430908024
5.4,49.99277050020652,49.99268933186078,139.3017896759566,-0.5710953579741767,0.0,62.28621697619303,-0.0010408218497497787
5.42,49.992749676622374,49.99267383982237,139.29960323105837,-0.5691940850232164,0.0,62.28621697619303,-0.0010407821458721911
5.44,49.99272891322989,49.9926583883418,139.29761836544802,-0.5672991417311889,0.0,62.28621697619303,-0.0010360385279704891
5.46,49.99270829907299,49.99264297729589,139.2958193717871,-0.5654105070255899,0.0,62.28621697619303,-0.0010270000280386059
5.48,49.992687914440666,49.99262760656889,139.29418858349803,-0.5635281599040692,0.0,62.28621697619303,-0.001014120181408687
5.5,49.99266783012014,49.99261227605325,139.29270683705835,-0.561652079434197,0.0,62.28621697619303,-0.000997885594205145
5.5200000000000005,49.99264810687527,49.992596985650096,139.2913539252312,-0.559782244753231,0.0,62.28621697619303,-0.000978804804752817
5.54,49.99262879514215,49.99258173526962,139.29010903391975,-0.5579186350678845,0.0,62.28621697619303,-0.0009573976131646499
5.5600000000000005,49.992609934930556,49.99256652483116,139.28895115618468,-0.5560612296540951,0.0,62.28621697619303,-0.0009341850316907562
5.58,49.99259155591723,49.992551354263234,139.2878594778635,-0.5542100078567943,0.0,62.28621697619303,-0.0009096799857019758
5.6000000000000005,49.99257367771454,49.992536223503315,139.28681373016016,-0.5523649490896783,0.0,62.28621697619303,-0.0008843788719595571
5.62,49.99255631029633,49.99252113249747,139.2857945055117,-0.5505260328349777,0.0,62.28621697619303,-0.0008587540574654388
5.64,49.99253945456138,49.992506081199956,139.2847835339723,-0.5486932386432309,0.0,62.28621697619303,-0.0008332473791768511
5.66,49.992523103013916,49.99249106957255,139.28376391826458,-0.5468665461330559,0.0,62.28621697619303,-0.0008082646825522475
5.68,49.992507240540164,49.992476097583975,139.28272032651964,-0.5450459349909235,0.0,62.28621697619303,-0.000784171415623056
5.7,49.99249184525984,49.99246116520907,139.28163914255146,-0.5432313849709319,0.0,62.28621697619303,-0.0007612892753486753
5.72,49.99247688943183,49.992446272428054,139.28050857427218,-0.5414228758945815,0.0,62.28621697619303,-0.0007398938846737772
5.74,49.99246234039376,49.99243141922563,139.2793187215489,-0.5396203876505499,0.0,62.28621697619303,-0.0007202134621487636
5.76,49.992448161516435,49.99241660559021,139.2780616054185,-0.5378239001944689,0.0,62.28621697619303,-0.0007024284313691403
5.78,49.99243431315497,49.99240183151296,139.27673116111305,-0.5360333935487014,0.0,62.28621697619303,-0.0006866719049302927
5.8,49.99242075358018,49.99238709698705,139.2753231977995,-0.5342488478021193,0.0,62.28621697619303,-0.0006730309671658245
5.82,49.992407439875194,49.9923724020068,139.27383532830174,-0.532470243109882,0.0,62.28621697619303,-0.00066154867163834
5.84,49.99239432878424,49.99235774656688,139.27226687235319,-0.5306975596932155,0.0,62.28621697619303,-0.0006522266631718908
5.86,49.992381377502134,49.992343130661624,139.2706187371229,-0.5289307778391928,0.0,62.28621697619303,-0.0006450283301236772
5.88,49.992368544395205,49.99232855428434,139.26889327887204,-0.5271698779005148,0.0,62.28621697619303,-0.0006398823904561643
5.9,49.9923557896461,49.992314017426736,139.26709414963491,-0.5254148402952913,0.0,62.28621697619303,-0.0006366868149176166
5.92,49.99234307581698,49.99229952007835,139.26522613278402,-0.5236656455068236,0.0,62.28621697619303,-0.000635312992117125
5.94,49.992330368327416,49.99228506222613,139.26329497123885,-0.5219222740833874,0.0,62.28621697619303,-0.000635610043311331
5.96,49.99231763584499,49.99227064385407,139.26130719191863,-0.5201847066380164,0.0,62.28621697619303,-0.0006374091991623202
5.98,49.99230485058863,49.99225626494287,139.25926992982966,-0.5184529238482869,0.0,62.28621697619303,-0.0006405281563725677
6.0,49.99229198854579,49.99224192546976,139.2571907549236,-0.516726906456103,0.0,62.28621697619303,-0.000644775338761325
6.0200000000000005,49.992279029606344,49.99222762540835,139.25507750457334,-0.5150066352674816,0.0,62.28621697619303,-0.0006499539948312216
6.04,49.99226595761737,49.992213364728535,139.2529381241941,-0.5132920911523403,0.0,62.28621697619303,-0.0006558660719884588
6.0600000000000005,49.992252760363606,49.99219914339652,139.2507805182014,-0.5115832550442837,0.0,62.28621697619303,-0.000662315816115408
6.08,49.99223942948,49.99218496137489,139.24861241314454,-0.5098801079403917,0.0,62.28621697619303,-0.000669113053995378
6.1000000000000005,49.992225960302854,49.99217081862268,139.24644123449832,-0.508182630901008,0.0,62.28621697619303,-0.0006760761249549621
6.12,49.99221235166699,49.99215671509561,139.2442739982416,-0.5064908050495297,0.0,62.28621697619303,-0.0006830344368673265
6.140000000000001,49.99219860565677,49.99214265074623,139.2421172180016,-0.5048046115721975,0.0,62.28621697619303,-0.0006898306302213279
6.16,49.992184727318694,49.992128625524245,139.23997682820942,-0.503124031717886,0.0,62.28621697619303,-0.0006963223421174832
6.18,49.99217072434387,49.99211463937671,139.23785812339426,-0.5014490467978955,0.0,62.28621697619303,-0.0007023835697641244
6.2,49.992156606728045,49.99210069224839,139.2357657134491,-0.4997796381857444,0.0,62.28621697619303,-0.0007079056401471751
6.22,49.992142386417065,49.99208678408208,139.2337034944314,-0.4981157873169614,0.0,62.28621697619303,-0.0007127977989964491
6.24,49.99212807694512,49.99207291481887,139.23167463422138,-0.4964574756888797,0.0,62.28621697619303,-0.0007169874378876388
6.26,49.992113693072724,49.99205908439854,139.22968157214933,-0.49480468486043117,0.0,62.28621697619303,-0.0007204199832685826
6.28,49.99209925043079,49.99204529275985,139.2277260315263,-0.49315739645194073,0.0,62.28621697619303,-0.0007230584753423827
6.3,49.99208476517671,49.99203153984084,139.22580904386444,-0.4915155921449226,0.0,62.28621697619303,-0.0007248828680745129
6.32,49.992070253667556,49.992017825579154,139.22393098346174,-0.4898792536818762,0.0,62.28621697619303,-0.0007258890841184613
6.34,49.99205573215479,49.99200414991234,139.22209161094344,-0.4882483628660834,0.0,62.28621697619303,-0.0007260878601861873
6.36,49.99204121650439,49.99199051277806,139.2202901243028,-0.486622901561406,0.0,62.28621697619303,-0.0007255034193624635
6.38,49.99202672194522,49.991976914114346,139.21852521596318,-0.48500285169208396,0.0,62.28621697619303,-0.0007241720071218454
6.4,49.992012262847986,49.99196335385983,139.21679513439057,-0.4833881952425345,0.0,62.28621697619303,-0.0007221403273822316
6.42,49.99199785253637,49.991949831953896,139.21509774881838,-0.4817789142571519,0.0,62.28621697619303,-0.0007194639139119093
6.44,49.99198350313115,49.99193634833684,139.21343061570172,-0.4801749908401075,0.0,62.28621697619303,-0.0007162054708324515
6.46,49.99196922542755,49.991922902949995,139.21179104559408,-0.47857640715515104,0.0,62.28621697619303,-0.0007124332139148826
6.48,49.991955028805435,49.991909495735804,139.21017616923203,-0.47698314542541204,0.0,62.28621697619303,-0.0007082192419132656
6.5,49.99194092117139,49.99189612663792,139.20858300172168,-0.47539518793320235,0.0,62.28621697619303,-0.0007036379644096071
6.5200000000000005,49.99192690893135,49.991882795601185,139.207008503838,-0.4738125170198188,0.0,62.28621697619303,-0.0006987646096080347
6.54,49.991912996991736,49.99186950257169,139.20544963957593,-0.47223511508534727,0.0,62.28621697619303,-0.0006936738322976515
6.5600000000000005,49.9918991887871,49.99185624749672,139.2039034292243,-0.4706629645884665,0.0,62.28621697619303,-0.0006884384388939543
6.58,49.9918854863316,49.99184303032475,139.20236699736878,-0.46909604804625343,0.0,62.28621697619303,-0.0006831282430821246
6.6000000000000005,49.99187189029159,49.99182985100535,139.2008376153651,-0.4675343480339885,0.0,62.28621697619303,-0.0006778090622576255
6.62,49.99185840007655,49.99181670948912,139.19931273795697,-0.465977847184962,0.0,62.28621697619303,-0.0006725418616749013
6.640000000000001,49.9918450139451,49.99180360572763,139.1977900338416,-0.4644265281902811,0.0,62.28621697619303,-0.0006673820500807
6.66,49.991831729123305,49.99179053967328,139.1962674101075,-0.46288037379867686,0.0,62.28621697619303,-0.0006623789276402172
6.68,49.991818541932105,49.991777511279196,139.19474303058348,-0.46133936681631293,0.0,62.28621697619303,-0.000657575284210993
6.7,49.9918054479209,49.991764520499125,139.19321532824284,-0.45980349010659427,0.0,62.28621697619303,-0.0006530071435116574
6.72,49.991792442004616,49.9917515672873,139.19168301189984,-0.4582727265899762,0.0,62.28621697619303,-0.0006487036464990396
6.74,49.99177951860131,49.991738651598354,139.19014506751847,-0.4567470592437749,0.0,62.28621697619303,-0.0006446870653181484
6.76,49.991766671768076,49.99172577338712,139.1886007545251,-0.4552264711019779,0.0,62.28621697619303,-0.0006409729375511545
6.78,49.99175389533288,49.9917129326086,139.18704959757295,-0.4537109452550554,0.0,62.28621697619303,-0.0006375703091435431
6.8,49.991741183020245,49.99170012921779,139.18549137425413,-0.45220046484977244,0.0,62.28621697619303,-0.0006344820733755618
6.82,49.99172852856922,49.9916873631696,139.18392609928725,-0.4506950130890012,0.0,62.28621697619303,-0.0006317053925036009
6.84,49.991715925841895,49.99167463441877,139.18235400573087,-0.4491945732315342,0.0,62.28621697619303,-0.0006292321882739316
6.86,49.99170336892152,49.99166194291973,139.1807755237833,-0.4476991285918986,0.0,62.28621697619303,-0.0006270496873492117
6.88,49.99169085219911,49.99164928862655,139.17919125772872,-0.44620866254017005,0.0,62.28621697619303,-0.0006251410077906313
6.9,49.99167837044797,49.99163667149289,139.17760196157928,-0.4447231585017882,0.0,62.28621697619303,-0.0006234857730844023
6.92,49.99166591888576,49.991624091471905,139.17600851394383,-0.4432425999573721,0.0,62.28621697619303,-0.0006220607407376347
6.94,49.99165349322388,49.99161154851622,139.17441189262686,-0.44176697044253654,0.0,62.28621697619303,-0.0006208404332248391
6.96,49.99164108970444,49.99159904257789,139.17281314942707,-0.4402962535477093,0.0,62.28621697619303,-0.0006197977599543027
6.98,49.99162870512488,49.991586573608366,139.17121338556544,-0.43883043291794804,0.0,62.28621697619303,-0.0006189046199512953
7.0,49.991616336851024,49.9915741415585,139.16961372812875,-0.4373694922527592,0.0,62.28621697619303,-0.0006181324760945086
7.0200000000000005,49.99160398281893,49.99156174637852,139.16801530786688,-0.435913415305916,0.0,62.28621697619303,-0.00061745289294336
7.04,49.99159164152667,49.991549388018065,139.16641923863187,-0.4344621858852781,0.0,62.28621697619303,-0.0006168380314463344
7.0600000000000005,49.991579312016725,49.99153706642614,139.16482659869615,-0.4330157878526117,0.0,62.28621697619303,-0.0006162610951094763
7.08,49.99156699385012,49.99152478155123,139.16323841413572,-0.4315742051234098,0.0,62.28621697619303,-0.000615696723461832
7.1000000000000005,49.991554687073396,49.99151253334123,139.16165564441286,-0.43013742166671354,0.0,62.28621697619303,-0.0006151213299224686
7.12,49.991542392179554,49.99150032174355,139.16007917024479,-0.42870542150493374,0.0,62.28621697619303,-0.0006145133823620482
7.140000000000001,49.991530110064055,49.99148814670513,139.15850978379638,-0.42727818871367335,0.0,62.28621697619303,-0.0006138536258128379
7.16,49.99151784197715,49.991476008172484,139.1569481811919,-0.4258557074215502,0.0,62.28621697619303,-0.0006131252478289953
7.18,49.99150558947358,49.99146390609173,139.15539495730022,-0.42443796181002086,0.0,62.28621697619303,-0.0006123139879854949
7.2,49.99149335436073,49.991451840408665,139.1538506027104,-0.42302493611320446,0.0,62.28621697619303,-0.0006114081938712986
7.22,49.99148113864632,49.991439811068794,139.1523155027834,-0.42161661461770716,0.0,62.28621697619303,-0.0006103988266983522
7.24,49.99146894448663,49.99142781801739,139.15078993863668,-0.42021298166244797,0.0,62.28621697619303,-0.0006092794202929723
7.26,49.99145677413593,49.99141586119953,139.14927408989607,-0.41881402163848414,0.0,62.28621697619303,-0.0006080459977877997
7.28,49.99144462989826,49.991403940560126,139.1477680390306,-0.41741971898883773,0.0,62.28621697619303,-0.000606696950721408
7.3,49.99143251408185,49.99139205604402,139.1462717770719,-0.4160300582083227,0.0,62.28621697619303,-0.0006052328855804668
7.32,49.99142042895708,49.99138020759597,139.1447852105104,-0.4146450238433722,0.0,62.28621697619303,-0.0006036564429918455
7.34,49.99140837671829,49.991368395160684,139.14330816915717,-0.41326460049186714,0.0,62.28621697619303,-0.000601972094862318
7.36,49.99139635944989,49.991356618682914,139.14184041475679,-0.41188877280296454,0.0,62.28621697619303,-0.0006001859247458561
7.38,49.99138437909699,49.99134487810743,139.14038165014284,-0.4105175254769271,0.0,62.28621697619303,-0.0005983053966028169
7.4,49.99137243744077,49.99133317337903,139.13893152873135,-0.40915084326495277,0.0,62.28621697619303,-0.0005963391169364935
7.42,49.991360536078616,49.99132150444264,139.13748966415923,-0.4077887109690054,0.0,62.28621697619303,-0.0005942965950108579
7.44,49.991348676409054,49.99130987124323,139.13605563988605,-0.4064311134416457,0.0,62.28621697619303,-0.0005921880055406148
7.46,49.991336859621306,49.99129827372591,139.13462901859214,-0.40507803558586275,0.0,62.28621697619303,-0.0005900239578497689
7.48,49.99132508668943,49.991286711835876,139.1332093512228,-0.4037294623549062,0.0,62.28621697619303,-0.0005878152750878032
7.5,49.99131335837061,49.99127518551845,139.13179618554602,-0.40238537875211877,0.0,62.28621697619303,-0.0005855727866272857
7.5200000000000005,49.991301675207474,49.991263694719066,139.13038907410962,-0.4010457698307696,0.0,62.28621697619303,-0.000583307136298167
7.54,49.99129003753403,49.991252239383265,139.1289875815036,-0.3997106206938881,0.0,62.28621697619303,-0.0005810286086353669
7.5600000000000005,49.99127844548476,49.991240819456706,139.12759129085273,-0.39837991649409804,0.0,62.28621697619303,-0.000578746974819894
7.58,49.991266899006625,49.99122943488513,139.12619980948364,-0.39705364243345287,0.0,62.28621697619303,-0.0005764713595262266
7.6000000000000005,49.99125539787342,49.99121808561436,139.12481277372973,-0.39573178376327073,0.0,62.28621697619303,-0.0005742101294232254
7.62,49.99124394170206,49.9912067715903,139.12342985285542,-0.3944143257839706,0.0,62.28621697619303,-0.0005719708036303022
7.640000000000001,49.99123252997044,49.991195492758905,139.1220507520979,-0.3931012538449089,0.0,62.28621697619303,-0.0005697599860320459
7.66,49.99122116203634,49.991184249066166,139.12067521484016,-0.39179255334421653,0.0,62.28621697619303,-0.0005675833189618206
7.68,49.99120983715701,49.9911730404581,139.11930302394447,-0.3904882097286365,0.0,62.28621697619303,-0.0005654454574322332
7.7,49.99119855450902,49.99116186688074,139.1179340022861,-0.389188208493362,0.0,62.28621697619303,-0.0005633500627908805
7.72,49.99118731320803,49.991150728280076,139.1165680125403,-0.3878925351818753,0.0,62.28621697619303,-0.0005612998144218199
7.74,49.99117611232808,49.991139624602106,139.11520495628315,-0.3866011753857866,0.0,62.28621697619303,-0.0005592964378952483
7.76,49.99116495092016,49.99112855579277,139.11384477247483,-0.38531411474467436,0.0,62.28621697619303,-0.0005573407478103106
7.78,49.99115382802977,49.99111752179795,139.11248743539988,-0.3840313389459252,0.0,62.28621697619303,-0.0005554327034402075
7.8,49.991142742713194,49.99110652256345,139.11113295214238,-0.38275283372457486,0.0,62.28621697619303,-0.0005535714752161688
7.82,49.99113169405234,49.99109555803499,139.10978135967622,-0.38147858486314945,0.0,62.28621697619303,-0.0005517555200403498
7.84,49.991120681168006,49.9910846281582,139.10843272165172,-0.38020857819150755,0.0,62.28621697619303,-0.0005499826634225113
7.86,49.99110970323144,49.99107373287858,139.10708712495875,-0.3789427995866826,0.0,62.28621697619303,-0.0005482501864580031
7.88,49.99109875947405,49.991062872141555,139.10574467614373,-0.37768123497272565,0.0,62.28621697619303,-0.0005465549157467744
7.9,49.99108784919545,49.991052045892374,139.10440549775575,-0.37642387032054897,0.0,62.28621697619303,-0.0005448933144326068
7.92,49.99107697176951,49.9910412540762,139.10306972469127,-0.37517069164777006,0.0,62.28621697619303,-0.000543261572669964
7.94,49.99106612664875,49.99103049663805,139.10173750060238,-0.3739216850185563,0.0,62.28621697619303,-0.0005416556959626469
7.96,49.99105531336695,49.991019773522794,139.100408974427,-0.37267683654346956,0.0,62.28621697619303,-0.0005400715899806274
7.98,49.99104453154016,49.991009084675184,139.09908429709338,-0.3714361323793121,0.0,62.28621697619303,-0.0005385051406207091
8.0,49.991033780866125,49.990998430039824,139.09776361844285,-0.37019955872897264,0.0,62.28621697619303,-0.000536952288269055
8.02,49.99102306112237,49.99098780956121,139.0964470844096,-0.3689671018412725,0.0,62.28621697619303,-0.0005354090953913088
8.040000000000001,49.99101237216297,49.99097722318368,139.09513483448666,-0.36773874801081335,0.0,62.28621697619303,-0.0005338718067766635
8.06,49.99100171391425,49.99096667085146,139.0938269995012,-0.36651448357782423,0.0,62.28621697619303,-0.0005323369019263153
8.08,49.990991086369526,49.99095615250868,139.09252369971486,-0.36529429492801,0.0,62.28621697619303,-0.0005308011392739359
8.1,49.990980489583045,49.99094566809931,139.0912250432571,-0.3640781684923997,0.0,62.28621697619303,-0.0005292615920778636
8.120000000000001,49.99096992366336,49.99093521756725,139.0899311248947,-0.3628660907471958,0.0,62.28621697619303,-0.000527715675991706
8.14,49.99095938876621,49.99092480085629,139.088642025132,-0.36165804821362374,0.0,62.28621697619303,-0.0005261611684671343
8.16,49.99094888508712,49.990914417910126,139.08735780963374,-0.36045402745778227,0.0,62.28621697619303,-0.0005245962202734282
8.18,49.99093841285389,49.99090406867237,139.08607852895474,-0.3592540150904936,0.0,62.28621697619303,-0.0005230193595328097
8.2,49.990927972319085,49.99089375308656,139.08480421855842,-0.35805799776715486,0.0,62.28621697619303,-0.0005214294887799288
8.22,49.9909175637526,49.99088347109616,139.08353489910118,-0.35686596218758976,0.0,62.28621697619303,-0.0005198258756300691
8.24,49.990907187434615,49.990873222644574,139.0822705769576,-0.35567789509590036,0.0,62.28621697619303,-0.0005182081377104927
8.26,49.99089684364876,49.99086300767515,139.08101124495798,-0.35449378328032,0.0,62.28621697619303,-0.0005165762225694153
8.28,49.99088653267588,49.990852826131196,139.07975688330987,-0.35331361357306607,0.0,62.28621697619303,-0.0005149303832927201
8.3,49.99087625478824,49.99084267795595,139.0785074606722,-0.3521373728501938,0.0,62.28621697619303,-0.0005132711505988496
8.32,49.99086601024434,49.99083256309265,139.077262935352,-0.3509650480314504,0.0,62.28621697619303,-0.0005115993021684186
8.34,49.990855799284404,49.99082248148447,139.07602325659258,-0.34979662608012924,0.0,62.28621697619303,-0.0005099158299673137
8.36,49.990845622126514,49.99081243307457,139.07478836592412,-0.3486320940029251,0.0,62.28621697619303,-0.0005082219062925341
8.38,49.99083547896342,49.99080241780609,139.07355819854703,-0.34747143884978976,0.0,62.28621697619303,-0.0005065188492405009
8.4,49.99082536996007,49.990792435622126,139.07233268472208,-0.3463146477137879,0.0,62.28621697619303,-0.0005048080882501967
8.42,49.9908152952518,49.99078248646579,139.0711117511416,-0.34516170773095345,0.0,62.28621697619303,-0.0005030911303257833
8.44,49.99080525494319,49.99077257028014,139.069895322259,-0.34401260608014683,0.0,62.28621697619303,-0.0005013695274834467
8.46,49.99079524910757,49.990762687008264,139.06868332155693,-0.3428673299829121,0.0,62.28621697619303,-0.0004996448459037163
8.48,49.990785277787076,49.99075283659319,139.06747567273538,-0.34172586670333494,0.0,62.28621697619303,-0.0004979186372004803
8.5,49.99077534099327,49.990743018977945,139.0662723008059,-0.3405882035479011,0.0,62.28621697619303,-0.0004961924121571643
8.52,49.99076543870829,49.99073323410556,139.06507313307895,-0.3394543278653552,0.0,62.28621697619303,-0.0004944676171986696
8.540000000000001,49.990755570886364,49.990723481919034,139.0638781000357,-0.33832422704655984,0.0,62.28621697619303,-0.0004927456138093193
8.56,49.990745737455754,49.990713762361345,139.0626871360778,-0.3371978885243559,0.0,62.28621697619303,-0.0004910276610317098
8.58,49.990735938320974,49.99070407537547,139.06150018015057,-0.33607529977342215,0.0,62.28621697619303,-0.0004893149011188965
8.6,49.99072617336529,49.99069442090436,139.06031717623904,-0.33495644831013643,0.0,62.28621697619303,-0.0004876083483527855
8.620000000000001,49.990716442453355,49.99068479889094,139.0591380737377,-0.3338413216924367,0.0,62.28621697619303,-0.00048590888098221904
8.64,49.99070674543402,49.990675209278116,139.0579628276967,-0.33272990751968246,0.0,62.28621697619303,-0.00048421723618207005
8.66,49.99069708214319,49.99066565200878,139.05679139895017,-0.33162219343251714,0.0,62.28621697619303,-0.0004825340078941532
8.68,49.99068745240668,49.99065612702577,139.05562375413302,-0.3305181671127307,0.0,62.28621697619303,-0.00048085964736202004
8.700000000000001,49.99067785604302,49.99064663427194,139.05445986559502,-0.3294178162831223,0.0,62.28621697619303,-0.00047919446614613114
8.72,49.9906682928662,49.99063717369007,139.0532997112208,-0.328321128707364,0.0,62.28621697619303,-0.00047753864137603747
8.74,49.99065876268828,49.99062774522293,139.05214327416698,-0.32722809218986476,0.0,62.28621697619303,-0.0004758922229726868
8.76,49.99064926532181,49.99061834881326,139.0509905425268,-0.3261386945756347,0.0,62.28621697619303,-0.00047425514256298874
8.78,49.990639800582066,49.99060898440376,139.04984150893424,-0.3250529237501499,0.0,62.28621697619303,-0.00047262722379984746
8.8,49.9906303682891,49.99059965193708,139.04869617011886,-0.3239707676392177,0.0,62.28621697619303,-0.00047100819379606435
8.82,49.99062096826947,49.99059035135586,139.04755452642323,-0.32289221420884273,0.0,62.28621697619303,-0.0004693976953863491
8.84,49.9906116003578,49.990581082602695,139.04641658129447,-0.3218172514650925,0.0,62.28621697619303,-0.0004677952999333935
8.86,49.99060226439804,49.990571845620124,139.04528234076042,-0.3207458674539645,0.0,62.28621697619303,-0.0004662005204154167
8.88,49.99059296024446,49.99056264035066,139.04415181290153,-0.31967805026125307,0.0,62.28621697619303,-0.0004646128245368798
8.9,49.99058368776242,49.99055346673679,139.04302500732734,-0.318613788012417,0.0,62.28621697619303,-0.00046303164763273166
8.92,49.99057444682881,49.990544324720936,139.04190193466732,-0.3175530688724474,0.0,62.28621697619303,-0.0004614564051523357
8.94,49.99056523733235,49.990535214245504,139.0407826060831,-0.3164958810457361,0.0,62.28621697619303,-0.0004598865045354881
8.96,49.99055605917358,49.99052613525286,139.03966703280975,-0.31544221277594464,0.0,62.28621697619303,-0.00045832135631696506
8.98,49.99054691226468,49.990517087685305,139.0385552257316,-0.31439205234587325,0.0,62.28621697619303,-0.00045676038432212454
9.0,49.99053779652911,49.99050807148515,139.03744719499758,-0.31334538807733076,0.0,62.28621697619303,-0.0004552030348438917
9.02,49.99052871190099,49.990499086594646,139.0363429496798,-0.3123022083310045,0.0,62.28621697619303,-0.0004536487847178884
9.040000000000001,49.99051965832448,49.990490132956,139.03524249747795,-0.3112625015063314,0.0,62.28621697619303,-0.0004520971482380391
9.06,49.9905106357529,49.990481210511405,139.0341458444716,-0.31022625604136833,0.0,62.28621697619303,-0.000450547682875067
9.08,49.99050164414785,49.990472319203015,139.03305299492064,-0.3091934604126638,0.0,62.28621697619303,-0.0004489999937953057
9.1,49.99049268347817,49.99046345897297,139.031963951114,-0.30816410313513015,0.0,62.28621697619303,-0.0004474537371887504
9.120000000000001,49.99048375371895,49.99045462976335,139.03087871326545,-0.3071381727619153,0.0,62.28621697619303,-0.0004459086224360423
9.14,49.99047485485037,49.99044583151624,139.0297972794548,-0.3061156578842755,0.0,62.28621697619303,-0.0004443644131751402
9.16,49.9904659868567,49.99043706417369,139.028719645612,-0.305096547131449,0.0,62.28621697619303,-0.00044282092731985694
9.18,49.990457149725145,49.99042832767771,139.027645805541,-0.30408082917052903,0.0,62.28621697619303,-0.00044127803612190833
9.200000000000001,49.99044834344487,49.99041962197033,139.02657575098033,-0.3030684927063379,0.0,62.28621697619303,-0.00043973566236005907
9.22,49.99043956800594,49.990410946993514,139.02550947169576,-0.30205952648130174,0.0,62.28621697619303,-0.00043819377775796916
9.24,49.99043082339844,49.99040230268923,139.02444695560186,-0.3010539192753248,0.0,62.28621697619303,-0.0004366523997350916
9.26,49.99042210961154,49.99039368899943,139.02338818890718,-0.3000516599056652,0.0,62.28621697619303,-0.0004351115875999479
9.28,49.99041342663279,49.99038510586605,139.02233315627933,-0.2990527372268099,0.0,62.28621697619303,-0.0004335714382937371
9.3,49.990404774447335,49.99037655323101,139.02128184102514,-0.2980571401303515,0.0,62.28621697619303,-0.00043203208179617915
9.32,49.99039615303739,49.9903680310362,139.02023422528197,-0.29706485754486417,0.0,62.28621697619303,-0.0004304936762996597
9.34,49.9903875623817,49.99035953922352,139.01919029021514,-0.29607587843578087,0.0,62.28621697619303,-0.0004289564032573995
9.36,49.990379002455136,49.99035107773486,139.0181500162185,-0.29509019180527035,0.0,62.28621697619303,-0.00042742046239661126
9.38,49.99037047322842,49.990342646512076,139.01711338311372,-0.29410778669211507,0.0,62.28621697619303,-0.00042588606679464457
9.4,49.99036197466788,49.99033424549703,139.016080370345,-0.2931286521715894,0.0,62.28621697619303,-0.00042435343809415
9.42,49.99035350673536,49.99032587463159,139.01505095716607,-0.2921527773553376,0.0,62.28621697619303,-0.0004228228019386144
9.44,49.99034506938819,49.990317533857585,139.01402512281712,-0.2911801513912534,0.0,62.28621697619303,-0.0004212943836816435
9.46,49.99033666257924,49.99030922311685,139.0130028466887,-0.290210763463359,0.0,62.28621697619303,-0.0004197684044336674
9.48,49.99032828625704,49.99030094235122,139.01198410847124,-0.2892446027916846,0.0,62.28621697619303,-0.0004182450774882878
9.5,49.99031994036601,49.99029269150251,139.01096888828837,-0.2882816586321491,0.0,62.28621697619303,-0.0004167246051571022
9.52,49.99031162484666,49.99028447051255,139.00995716681294,-0.2873219202764399,0.0,62.28621697619303,-0.00041520717604372534
9.540000000000001,49.99030333963596,49.990276279323126,139.00894892536513,-0.2863653770518944,0.0,62.28621697619303,-0.00041369296276867946
9.56,49.990295084667615,49.990268117876056,139.0079441459922,-0.2854120183213811,0.0,62.28621697619303,-0.0004121821201497871
9.58,49.99028685987249,49.99025998611313,139.00694281152988,-0.28446183348318116,0.0,62.28621697619303,-0.0004106747838385813
9.6,49.990278665178984,49.99025188397614,139.00594490564583,-0.2835148119708708,0.0,62.28621697619303,-0.00040917106939728626
9.620000000000001,49.99027050051344,49.99024381140687,139.00495041286553,-0.28257094325320353,0.0,62.28621697619303,-0.0004076710718031541
9.64,49.990262365800554,49.99023576834711,139.00395931858188,-0.28163021683399325,0.0,62.28621697619303,-0.0004061748653532106
9.66,49.9902542609638,49.990227754738626,139.0029716090492,-0.2806926222519975,0.0,62.28621697619303,-0.0004046825039405777
9.68,49.990246185925834,49.99021977052319,139.0019872713631,-0.2797581490808008,0.0,62.28621697619303,-0.0004031940216713066
9.700000000000001,49.99023814060883,49.99021181564257,139.00100629342782,-0.2788267869286993,0.0,62.28621697619303,-0.0004017094337819052
9.72,49.99023012493493,49.99020389003852,139.0000286639122,-0.2778985254385846,0.0,62.28621697619303,-0.00040022873781928454
9.74,49.99022213882649,49.99019599365281,138.99905437219627,-0.2769733542878291,0.0,62.28621697619303,-0.0003987519150427943
9.76,49.990214182206444,49.99018812642719,138.99808340830998,-0.27605126318817075,0.0,62.28621697619303,-0.00039727893200509396
9.78,49.990206254998554,49.9901802883034,138.99711576286586,-0.27513224188559904,0.0,62.28621697619303,-0.0003958097422713577
9.8,49.990198357127674,49.9901724792232,138.9961514269869,-0.27421628016024074,0.0,62.28621697619303,-0.0003943442882359636
9.82,49.9901904885199,49.990164699128314,138.9951903922318,-0.2733033678262463,0.0,62.28621697619303,-0.0003928825029959926
9.84,49.990182649102785,49.9901569479605,138.99423265051897,-0.27239349473167657,0.0,62.28621697619303,-0.0003914243122439496
9.86,49.990174838805416,49.99014922566148,138.99327819405033,-0.27148665075838996,0.0,62.28621697619303,-0.00038996963614658224
9.88,49.99016705755855,49.99014153217301,138.9923270152367,-0.2705828258219297,0.0,62.28621697619303,-0.0003885183911770176
9.9,49.990159305294625,49.99013386743682,138.99137910662597,-0.2696820098714123,0.0,62.28621697619303,-0.00038707049186897854
9.92,49.990151581947806,49.990126231394626,138.9904344608347,-0.26878419288941485,0.0,62.28621697619303,-0.0003856258524711128
9.94,49.990143887453954,49.990118623988174,138.98949307048468,-0.2678893648918645,0.0,62.28621697619303,-0.00038418438848015167
9.96,49.99013622175059,49.9901110451592,138.9885549281445,-0.2669975159279269,0.0,62.28621697619303,-0.00038274601803093113
9.98,49.99012858477682,49.99010349484944,138.98762002627757,-0.2661086360798958,0.0,62.28621697619303,-0.000381310663136237
10.0,49.99012097647325,49.99009597300063,138.9866883571962,-0.2652227154630826,0.0,62.28621697619303,-0.0003798782507579398
10.02,49.990113396781894,49.9900884795545,138.98575991302275,-0.26433974422570655,0.0,62.28621697619303,-0.00037844871371267927
10.040000000000001,49.990105845646006,49.99008101445279,138.98483468565757,-0.26345971254878503,0.0,62.28621697619303,-0.00037702199139991296
10.06,49.99009832300997,49.990073577637254,138.983912666754,-0.2625826106460247,0.0,62.28621697619303,-0.00037559803036159794
10.08,49.99009082881914,49.990066169049626,138.9829938477001,-0.26170842876371214,0.0,62.28621697619303,-0.0003741767846669815
10.1,49.99008336301971,49.99005878863167,138.9820782196073,-0.260837157180606,0.0,62.28621697619303,-0.0003727582161394951
10.120000000000001,49.99007592555852,49.99005143632513,138.98116577330515,-0.2599687862078283,0.0,62.28621697619303,-0.0003713422944254051
10.14,49.99006851638294,49.990044112071786,138.98025649934218,-0.25910330618875715,0.0,62.28621697619303,-0.0003699289969206996
10.16,49.990061135440676,49.99003681581339,138.97935038799227,-0.2582407074989192,0.0,62.28621697619303,-0.00036851830856376034
10.18,49.99005378267965,49.99002954749172,138.97844742926577,-0.2573809805458825,0.0,62.28621697619303,-0.00036711022151390284
10.200000000000001,49.99004645804787,49.99002230704857,138.97754761292526,-0.25652411576915,0.0,62.28621697619303,-0.00036570473472161765
10.22,49.99003916149327,49.99001509442572,138.97665092850494,-0.2556701036400531,0.0,62.28621697619303,-0.00036430185341711723
10.24,49.990031892963614,49.99000790956498,138.9757573653329,-0.2548189346616458,0.0,62.28621697619303,-0.0003629015885225075
10.26,49.990024652406376,49.99000075240815,138.97486691255645,-0.25397059936859895,0.0,62.28621697619303,-0.0003615039560092101
10.28,49.99001743976867,49.98999362289705,138.9739795591687,-0.2531250883270952,0.0,62.28621697619303,-0.00036010897621693996
10.3,49.99001025499714,49.98998652097352,138.97309529403677,-0.2522823921347239,0.0,62.28621697619303,-0.0003587166731447071
10.32,49.99000309803791,49.98997944657939,138.9722141059304,-0.2514425014203767,0.0,62.28621697619303,-0.00035732707373237893
10.34,49.98999596883657,49.989972399656516,138.97133598355074,-0.2506054068441432,0.0,62.28621697619303,-0.0003559402071467049
10.36,49.98998886733805,49.989965380146764,138.97046091555887,-0.24977109909720696,0.0,62.28621697619303,-0.0003545561040791838
10.38,49.98998179348671,49.98995838799201,138.969588890603,-0.24893956890174246,0.0,62.28621697619303,-0.0003531747960734507
10.4,49.98997474722625,49.989951423134144,138.96871989734478,-0.24811080701081148,0.0,62.28621697619303,-0.00035179631488664685
10.42,49.98996772849973,49.98994448551507,138.96785392448365,-0.24728480420826038,0.0,62.28621697619303,-0.00035042069189833035
10.44,49.9899607372496,49.989937575076695,138.96699096077927,-0.24646155130861777,0.0,62.28621697619303,-0.0003490479575677863
10.46,49.98995377341774,49.98993069176096,138.96613099507186,-0.24564103915699217,0.0,62.28621697619303,-0.0003476781409515786
10.48,49.98994683694544,49.98992383550981,138.96527401629982,-0.24482325862897028,0.0,62.28621697619303,-0.00034631126928134345
10.5,49.989939927773484,49.989917006265216,138.96442001351514,-0.24400820063051556,0.0,62.28621697619303,-0.0003449473676061151
10.52,49.989933045842186,49.98991020396914,138.96356897589592,-0.243195856097867,0.0,62.28621697619303,-0.0003435864585003854
10.540000000000001,49.98992619109145,49.98990342856357,138.96272089275638,-0.24238621599743843,0.0,62.28621697619303,-0.00034222856183789747
10.56,49.9899193634608,49.98989667999054,138.96187575355412,-0.24157927132571796,0.0,62.28621697619303,-0.000340873694630486
10.58,49.989912562889465,49.98988995819205,138.9610335478951,-0.24077501310916802,0.0,62.28621697619303,-0.0003395218709273315
10.6,49.98990578931644,49.98988326311016,138.96019426553573,-0.23997343240412528,0.0,62.28621697619303,-0.0003381731017787466
10.620000000000001,49.98989904268053,49.989876594686926,138.95935789638315,-0.23917452029670155,0.0,62.28621697619303,-0.0003368273952493913
10.64,49.989892322920404,49.989869952864424,138.95852443049296,-0.23837826790268438,0.0,62.28621697619303,-0.00033548475648846924
10.66,49.98988562997468,49.98986333758475,138.95769385806543,-0.23758466636743844,0.0,62.28621697619303,-0.0003341451878399134
10.68,49.989878963781955,49.989856748790025,138.95686616943954,-0.23679370686580692,0.0,62.28621697619303,-0.00033280868899976927
10.700000000000001,49.98987232428086,49.98985018642238,138.95604135508594,-0.23600538060201345,0.0,62.28621697619303,-0.00033147525720172587
10.72,49.98986571141012,49.98984365042397,138.95521940559854,-0.2352196788095643,0.0,62.28621697619303,-0.00033014488743577037
10.74,49.989859125108566,49.989837140736974,138.95440031168496,-0.23443659275115086,0.0,62.28621697619303,-0.0003288175726882967
10.76,49.989852565315225,49.98983065730358,138.95358406415644,-0.23365611371855258,0.0,62.28621697619303,-0.0003274933041968027
10.78,49.98984603196928,49.989824200065996,138.95277065391704,-0.23287823303253993,0.0,62.28621697619303,-0.0003261720717184887
10.8,49.98983952501016,49.98981776896648,138.95196007195278,-0.23210294204277807,0.0,62.28621697619303,-0.0003248538638021175
10.82,49.98983304437753,49.98981136394727,138.9511523093204,-0.23133023212773057,0.0,62.28621697619303,-0.00032353866806107565
10.84,49.989826590011305,49.98980498495065,138.95034735713654,-0.2305600946945636,0.0,62.28621697619303,-0.00032222647144111407
10.86,49.98982016185166,49.98979863191894,138.949545206567,-0.2297925211790502,0.0,62.28621697619303,-0.00032091726047727635
10.88,49.98981375983907,49.98979230479443,138.94874584881663,-0.22902750304547528,0.0,62.28621697619303,-0.00031961102154258854
10.9,49.98980738391426,49.98978600351949,138.9479492751197,-0.22826503178654056,0.0,62.28621697619303,-0.0003183077410749523
10.92,49.98980103401822,49.989779728036495,138.94715547673118,-0.22750509892327,0.0,62.28621697619303,-0.000317007405787905
10.94,49.98979471009221,49.98977347828782,138.94636444491857,-0.22674769600491548,0.0,62.28621697619303,-0.0003157100028597545
10.96,49.98978841207774,49.989767254215906,138.94557617095487,-0.22599281460886286,0.0,62.28621697619303,-0.0003144155201002305
10.98,49.98978213991656,49.98976105576318,138.94479064611247,-0.22524044634053833,0.0,62.28621697619303,-0.00031312394609019035
11.0,49.9897758935506,49.98975488287213,138.94400786165798,-0.224490582833315,0.0,62.28621697619303,-0.0003118352702993564
11.02,49.989769672922044,49.98974873548522,138.9432278088481,-0.22374321574841988,0.0,62.28621697619303,-0.0003105494831777941
11.040000000000001,49.98976347797321,49.989742613545005,138.94245047892642,-0.22299833677484124,0.0,62.28621697619303,-0.00030926657622336177
11.06,49.989757308646595,49.98973651699401,138.94167586312133,-0.222255937629236,0.0,62.28621697619303,-0.0003079865420239317
11.08,49.98975116488483,49.98973044577481,138.94090395264476,-0.22151601005583785,0.0,62.28621697619303,-0.0003067093742774703
11.1,49.98974504663064,49.98972439983002,138.94013473869185,-0.22077854582636522,0.0,62.28621697619303,-0.0003054350677918668
11.120000000000001,49.989738953826865,49.98971837910226,138.93936821244142,-0.22004353673992996,0.0,62.28621697619303,-0.0003041636184617631
11.14,49.98973288641639,49.989712383534176,138.9386043650572,-0.21931097462294602,0.0,62.28621697619303,-0.00030289502323199713
11.16,49.98972684434217,49.989706413068475,138.9378431876898,-0.2185808513290386,0.0,62.28621697619303,-0.00030162928003907725
11.18,49.98972082754718,49.98970046764786,138.93708467147906,-0.21785315873895358,0.0,62.28621697619303,-0.00030036638774630673
11.200000000000001,49.9897148359744,49.989694547215066,138.9363288075572,-0.21712788876046715,0.0,62.28621697619303,-0.000299106346060887
11.22,49.98970886956682,49.98968865171288,138.93557558705214,-0.21640503332829594,0.0,62.28621697619303,-0.0002978491554458723
11.24,49.98970292826739,49.9896827810841,138.93482500109104,-0.21568458440400728,0.0,62.28621697619303,-0.00029659481702457225
11.26,49.98969701201907,49.98967693527156,138.93407704080442,-0.21496653397592974,0.0,62.28621697619303,-0.00029534333247860475
11.28,49.989691120764746,49.989671114218126,138.93333169733006,-0.21425087405906415,0.0,62.28621697619303,-0.00029409470394697797
11.3,49.98968525444726,49.98966531786669,138.93258896181715,-0.21353759669499472,0.0,62.28621697619303,-0.000292848933920539
11.32,49.98967941300941,49.989659546160176,138.9318488254303,-0.21282669395180062,0.0,62.28621697619303,-0.00029160602514088436
11.34,49.98967359639394,49.98965379904155,138.93111127935347,-0.21211815792396768,0.0,62.28621697619303,-0.00029036598050098705
11.36,49.98966780454354,49.9896480764538,138.93037631479388,-0.2114119807323005,0.0,62.28621697619303,-0.0002891288029513158
11.38,49.989662037400805,49.98964237833995,138.9296439229854,-0.2107081545238349,0.0,62.28621697619303,-0.0002878944954105878
11.4,49.98965629490832,49.98963670464306,138.928914095192,-0.21000667147175056,0.0,62.28621697619303,-0.00028666306068476043
11.42,49.9896505770086,49.98963105530622,138.92818682271073,-0.20930752377528392,0.0,62.28621697619303,-0.0002854345013937455
11.44,49.98964488364409,49.98962543027255,138.9274620968742,-0.2086107036596415,0.0,62.28621697619303,-0.0002842088199068769
11.46,49.98963921475721,49.989619829485214,138.92673990905308,-0.2079162033759134,0.0,62.28621697619303,-0.0002829860182861017
11.48,49.98963357029035,49.9896142528874,138.926020250658,-0.20722401520098718,0.0,62.28621697619303,-0.0002817660982403265
11.5,49.989627950185856,49.98960870042233,138.92530311314098,-0.20653413143746194,0.0,62.28621697619303,-0.0002805490610885178
11.52,49.98962235438606,49.989603172033284,138.92458848799666,-0.20584654441356273,0.0,62.28621697619303,-0.00027933490773224105
11.540000000000001,49.989616782833274,49.989597667663546,138.92387636676307,-0.20516124648305523,0.0,62.28621697619303,-0.0002781236386374682
11.56,49.989611235469816,49.989592187256456,138.92316674102204,-0.20447823002516072,0.0,62.28621697619303,-0.0002769152538247945
11.58,49.989605712238,49.989586730755384,138.92245960239939,-0.20379748744447135,0.0,62.28621697619303,-0.00027570975287012563
11.6,49.98960021308017,49.98958129810374,138.92175494256446,-0.20311901117086562,0.0,62.28621697619303,-0.00027450713490793807
11.620000000000001,49.98959473793868,49.98957588924495,138.92105275322984,-0.20244279365942436,0.0,62.28621697619303,-0.00027330739864775584
11.64,49.98958928675591,49.98957050412252,138.92035302615048,-0.20176882739034657,0.0,62.28621697619303,-0.0002721105423925146
11.66,49.98958385947429,49.98956514267995,138.91965575312264,-0.20109710486886603,0.0,62.28621697619303,-0.00027091656406327597
11.68,49.989578456036284,49.98955980486081,138.9189609259827,-0.20042761862516786,0.0,62.28621697619303,-0.00026972546123063616
11.700000000000001,49.989573076384424,49.98955449060868,138.91826853660586,-0.19976036121430543,0.0,62.28621697619303,-0.00026853723114527524
11.72,49.98956772046128,49.989549199867206,138.91757857690456,-0.19909532521611759,0.0,62.28621697619303,-0.00026735187077760376
11.74,49.98956238820952,49.98954393258005,138.91689103882695,-0.19843250323514613,0.0,62.28621697619303,-0.00026616937685123025
11.76,49.98955707957184,49.98953868869093,138.91620591435523,-0.19777188790055364,0.0,62.28621697619303,-0.0002649897458868981
11.78,49.98955179449103,49.989533468143584,138.915523195504,-0.19711347186604145,0.0,62.28621697619303,-0.0002638129742385276
11.8,49.989546532909955,49.98952827088182,138.91484287431854,-0.19645724780976798,0.0,62.28621697619303,-0.0002626390581328623
11.82,49.989541294771556,49.98952309684945,138.91416494287336,-0.1958032084342672,0.0,62.28621697619303,-0.00026146799370928655
11.84,49.98953608001883,49.989517945990364,138.91348939327034,-0.19515134646636773,0.0,62.28621697619303,-0.0002602997770541516
11.86,49.98953088859489,49.989512818248464,138.91281621763758,-0.19450165465711167,0.0,62.28621697619303,-0.000259134404236131
11.88,49.989525720442906,49.9895077135677,138.9121454081277,-0.19385412578167419,0.0,62.28621697619303,-0.00025797187133762837
11.9,49.98952057550611,49.98950263189206,138.91147695691683,-0.19320875263928314,0.0,62.28621697619303,-0.00025681217448326815
11.92,49.989515453727854,49.98949757316559,138.91081085620326,-0.1925655280531389,0.0,62.28621697619303,-0.00025565530986598295
11.94,49.98951035505153,49.989492537332374,138.91014709820647,-0.19192444487033464,0.0,62.28621697619303,-0.0002545012737688105
11.96,49.989505279420605,49.98948752433652,138.90948567516637,-0.1912854959617768,0.0,62.28621697619303,-0.0002533500625827428
11.98,49.98950022677863,49.98948253412219,138.90882657934236,-0.19064867422210577,0.0,62.28621697619303,-0.00025220167282354614
12.0,49.98949519706922,49.989477566633596,138.90816980301307,-0.19001397256961688,0.0,62.28621697619303,-0.00025105610114051376
12.02,49.989490190236054,49.98947262181498,138.90751533847552,-0.18938138394618168,0.0,62.28621697619303,-0.0002499133443262488
12.040000000000001,49.98948520622287,49.98946769961064,138.90686317804514,-0.18875090131716932,0.0,62.28621697619303,-0.00024877339932009716
12.06,49.98948024497347,49.98946279996492,138.90621331405544,-0.18812251767136856,0.0,62.28621697619303,-0.00024763626321037816
12.08,49.989475306431714,49.98945792282219,138.905565738858,-0.18749622602090954,0.0,62.28621697619303,-0.00024650193323163893
12.1,49.989470390541506,49.98945306812687,138.90492044482258,-0.18687201940118633,0.0,62.28621697619303,-0.00024537040676053505
12.120000000000001,49.98946549724682,49.989448235823446,138.90427742433718,-0.1862498908707792,0.0,62.28621697619303,-0.00024424168130930885
12.14,49.98946062649165,49.98944342585642,138.90363666980844,-0.1856298335113777,0.0,62.28621697619303,-0.00024311575451617807
12.16,49.989455778220055,49.98943863817036,138.90299817366184,-0.18501184042770358,0.0,62.28621697619303,-0.00024199262413503812
12.18,49.98945095237614,49.98943387270987,138.90236192834223,-0.1843959047474341,0.0,62.28621697619303,-0.00024087228802310498
12.200000000000001,49.98944614890404,49.9894291294196,138.90172792631415,-0.18378201962112567,0.0,62.28621697619303,-0.00023975474412804283
12.22,49.98944136774793,49.98942440824425,138.90109616006234,-0.1831701782221376,0.0,62.28621697619303,-0.00023863999047320423
12.24,49.989436608852046,49.98941970912856,138.9004666220924,-0.18256037374655634,0.0,62.28621697619303,-0.0002375280251421833
12.26,49.98943187216063,49.989415032017334,138.89983930493116,-0.18195259941311964,0.0,62.28621697619303,-0.00023641884626594373
12.280000000000001,49.98942715761798,49.9894103768554,138.89921420112722,-0.1813468484631413,0.0,62.28621697619303,-0.00023531245200599906
12.3,49.98942246516843,49.98940574358765,138.89859130325152,-0.18074311416043587,0.0,62.28621697619303,-0.00023420884054205555
12.32,49.98941779475635,49.989401132159024,138.89797060389782,-0.18014138979124375,0.0,62.28621697619303,-0.00023310801005570734
12.34,49.98941314632613,49.98939654251449,138.8973520956831,-0.17954166866415663,0.0,62.28621697619303,-0.00023200995871996708
12.36,49.98940851982222,49.98939197459909,138.89673577124813,-0.17894394411004305,0.0,62.28621697619303,-0.0002309146846843344
12.38,49.989403915189094,49.98938742835789,138.89612162325776,-0.17834820948197422,0.0,62.28621697619303,-0.00022982218606621427
12.4,49.98939933237126,49.98938290373603,138.89550964440124,-0.17775445815515006,0.0,62.28621697619303,-0.00022873246093993292
12.42,49.98939477131329,49.98937840067868,138.89489982739263,-0.17716268352682563,0.0,62.28621697619303,-0.00022764550732798467
12.44,49.989390231959774,49.98937391913107,138.89429216497095,-0.17657287901623755,0.0,62.28621697619303,-0.00022656132319416687
12.46,49.98938571425535,49.98936945903848,138.89368664990036,-0.17598503806453097,0.0,62.28621697619303,-0.00022547990643757287
12.48,49.98938121814468,49.98936502034623,138.8930832749703,-0.17539915413468657,0.0,62.28621697619303,-0.00022440125488795798
12.5,49.98937674357251,49.98936060299969,138.89248203299567,-0.1748152207114479,0.0,62.28621697619303,-0.00022332536630385167
12.52,49.98937229048359,49.989356206944294,138.89188291681668,-0.1742332313012488,0.0,62.28621697619303,-0.00022225223836809508
12.540000000000001,49.98936785882275,49.98935183212552,138.89128591929898,-0.1736531794321414,0.0,62.28621697619303,-0.00022118186869007236
12.56,49.98936344853485,49.9893474784889,138.8906910333335,-0.173075058653724,0.0,62.28621697619303,-0.00022011425480365098
12.58,49.98935905956482,49.98934314598,138.89009825183632,-0.1724988625370694,0.0,62.28621697619303,-0.00021904939417061444
12.6,49.989354691857606,49.98933883454446,138.88950756774864,-0.17192458467465332,0.0,62.28621697619303,-0.00021798728418340817
12.620000000000001,49.98935034535824,49.98933454412797,138.8889189740364,-0.1713522186802833,0.0,62.28621697619303,-0.00021692792216582613
12.64,49.98934602001179,49.98933027467624,138.88833246369018,-0.17078175818902752,0.0,62.28621697619303,-0.00021587130538056255
12.66,49.989341715763395,49.98932602613508,138.88774802972495,-0.17021319685714406,0.0,62.28621697619303,-0.0002148174310316146
12.68,49.98933743255824,49.98932179845033,138.8871656651798,-0.16964652836201052,0.0,62.28621697619303,-0.0002137662962696029
12.700000000000001,49.98933317034156,49.989317591567854,138.8865853631176,-0.1690817464020535,0.0,62.28621697619303,-0.0002127178981977786
12.72,49.98932892905867,49.98931340543363,138.88600711662482,-0.1685188446966786,0.0,62.28621697619303,-0.00021167223387768706
12.74,49.98932470865493,49.98930923999363,138.88543091881107,-0.16795781698620058,0.0,62.28621697619303,-0.0002106293003339735
12.76,49.98932050907575,49.98930509519392,138.88485676280894,-0.16739865703177378,0.0,62.28621697619303,-0.0002095890945619346
12.780000000000001,49.98931633026663,49.98930097098061,138.8842846417737,-0.16684135861532268,0.0,62.28621697619303,-0.0002085516135311228
12.8,49.9893121721731,49.98929686729984,138.8837145488829,-0.16628591553947278,0.0,62.28621697619303,-0.00020751685419203962
12.82,49.98930803474077,49.98929278409784,138.88314647733623,-0.16573232162748172,0.0,62.28621697619303,-0.00020648481348076994
12.84,49.98930391791531,49.989288721320875,138.88258042035517,-0.16518057072317052,0.0,62.28621697619303,-0.00020545548832378733
12.86,49.98929982164243,49.98928467891527,138.88201637118277,-0.1646306566908552,0.0,62.28621697619303,-0.00020442887564310305
12.88,49.98929574586794,49.98928065682739,138.88145432308335,-0.16408257341527846,0.0,62.28621697619303,-0.00020340497235918367
12.9,49.989291690537684,49.98927665500367,138.88089426934246,-0.16353631480154177,0.0,62.28621697619303,-0.0002023837753954135
12.92,49.98928765559757,49.989272673390616,138.8803362032665,-0.16299187477503757,0.0,62.28621697619303,-0.00020136528167963915
12.94,49.98928364099357,49.98926871193475,138.87978011818268,-0.16244924728138163,0.0,62.28621697619303,-0.0002003494881479454
12.96,49.989279646671726,49.989264770582686,138.87922600743875,-0.1619084262863458,0.0,62.28621697619303,-0.00019933639174637155
12.98,49.989275672578124,49.98926084928107,138.87867386440297,-0.16136940577579093,0.0,62.28621697619303,-0.0001983259894317695
13.0,49.989271718658934,49.989256947976614,138.87812368246404,-0.16083217975559988,0.0,62.28621697619303,-0.00019731827817300504
13.02,49.98926778486035,49.989253066616094,138.87757545503084,-0.16029674225161106,0.0,62.28621697619303,-0.0001963132549526744
13.040000000000001,49.98926387112868,49.98924920514633,138.8770291755325,-0.15976308730955177,0.0,62.28621697619303,-0.00019531091676367149
13.06,49.989259977410235,49.98924536351421,138.87648483741833,-0.15923120899497215,0.0,62.28621697619303,-0.00019431126061296374
13.08,49.989256103651414,49.98924154166666,138.87594243415776,-0.15870110139317908,0.0,62.28621697619303,-0.00019331428351764468
13.1,49.98925224979869,49.98923773955069,138.87540195924032,-0.1581727586091705,0.0,62.28621697619303,-0.0001923199825057921
13.120000000000001,49.98924841579856,49.98923395711335,138.87486340617556,-0.15764617476756976,0.0,62.28621697619303,-0.00019132835461406519
13.14,49.98924460159761,49.98923019430175,138.8743267684932,-0.1571213440125604,0.0,62.28621697619303,-0.00019033939688667482
13.16,49.98924080714247,49.98922645106306,138.87379203974305,-0.15659826050782086,0.0,62.28621697619303,-0.00018935310637229423
13.18,49.98923703237983,49.98922272734451,138.873259213495,-0.1560769184364598,0.0,62.28621697619303,-0.0001883694801242306
13.200000000000001,49.989233277256446,49.98921902309339,138.8727282833391,-0.15555731200095116,0.0,62.28621697619303,-0.000187388515196306
13.22,49.989229541719126,49.98921533825704,138.87219924288544,-0.15503943542306997,0.0,62.28621697619303,-0.0001864102086428574
13.24,49.98922582571474,49.98921167278287,138.8716720857645,-0.15452328294382786,0.0,62.28621697619303,-0.0001854345575142743
13.26,49.98922212919021,49.98920802661834,138.8711468056267,-0.1540088488234091,0.0,62.28621697619303,-0.00018446155885751365
13.280000000000001,49.98921845209254,49.989204399710985,138.87062339614283,-0.1534961273411068,0.0,62.28621697619303,-0.00018349120971146579
13.3,49.989214794368756,49.98920079200837,138.8701018510039,-0.15298511279525925,0.0,62.28621697619303,-0.00018252350710746946
13.32,49.98921115596598,49.98919720345814,138.86958216392114,-0.15247579950318663,0.0,62.28621697619303,-0.00018155844806622243
13.34,49.98920753683138,49.98919363400801,138.86906432862594,-0.15196818180112756,0.0,62.28621697619303,-0.00018059602959640838
13.36,49.98920393691216,49.989190083605735,138.86854833887008,-0.1514622540441764,0.0,62.28621697619303,-0.00017963624869332404
13.38,49.989200356155635,49.98918655219913,138.86803418842553,-0.1509580106062203,0.0,62.28621697619303,-0.0001786791023376777
13.4,49.989196794509134,49.9891830397361,138.86752187108442,-0.15045544587987672,0.0,62.28621697619303,-0.0001777245874938728
13.42,49.989193251920064,49.989179546164564,138.86701138065916,-0.14995455427643106,0.0,62.28621697619303,-0.00017677270111052313
13.44,49.98918972833591,49.989176071432546,138.8665027109823,-0.14945533022577442,0.0,62.28621697619303,-0.00017582344011839296
13.46,49.98918622370418,49.9891726154881,138.8659958559066,-0.1489577681763418,0.0,62.28621697619303,-0.00017487680143056885
13.48,49.98918273797249,49.98916917827936,138.86549080930476,-0.14846186259505026,0.0,62.28621697619303,-0.00017393278194245964
13.5,49.989179271088474,49.98916575975451,138.86498756506967,-0.14796760796723746,0.0,62.28621697619303,-0.00017299137853076654
13.52,49.98917582299987,49.989162359861815,138.86448611711418,-0.14747499879660025,0.0,62.28621697619303,-0.00017205258805382662
13.540000000000001,49.98917239365444,49.989158978549575,138.86398645937095,-0.1469840296051337,0.0,62.28621697619303,-0.00017111640735315725
13.56,49.98916898300004,49.989155615766165,138.86348858579262,-0.14649469493307005,0.0,62.28621697619303,-0.00017018283325156833
13.58,49.98916559098458,49.98915227146002,138.86299249035153,-0.14600698933881792,0.0,62.28621697619303,-0.00016925186255539336
13.6,49.989162217556014,49.98914894557965,138.8624981670397,-0.14552090739890203,0.0,62.28621697619303,-0.00016832349205483276
13.620000000000001,49.9891588626624,49.98914563807361,138.86200560986876,-0.14503644370790275,0.0,62.28621697619303,-0.00016739771852343897
13.64,49.98915552625183,49.989142348890525,138.86151481286993,-0.14455359287839595,0.0,62.28621697619303,-0.00016647453872034766
13.66,49.989152208272465,49.98913907797909,138.86102577009376,-0.1440723495408932,0.0,62.28621697619303,-0.00016555394938993435
13.68,49.98914890867254,49.989135825288045,138.8605384756102,-0.14359270834378202,0.0,62.28621697619303,-0.00016463594726421734
13.700000000000001,49.98914562740036,49.98913259076621,138.86005292350842,-0.14311466395326622,0.0,62.28621697619303,-0.00016372052906182794
13.72,49.98914236440427,49.98912937436246,138.85956910789673,-0.14263821105330687,0.0,62.28621697619303,-0.00016280769149041316
13.74,49.989139119632725,49.98912617602575,138.85908702290254,-0.142163344345563,0.0,62.28621697619303,-0.00016189743124577763
13.76,49.989135893034195,49.989122995705074,138.85860666267214,-0.14169005854933264,0.0,62.28621697619303,-0.0001609897450156595
13.780000000000001,49.989132684557255,49.9891198333495,138.85812802137085,-0.14121834840149425,0.0,62.28621697619303,-0.00016008462947749908
13.8,49.989129494150525,49.98911668890817,138.8576510931826,-0.14074820865644805,0.0,62.28621697619303,-0.00015918208130084185
13.82,49.989126321762704,49.98911356233027,138.85717587231014,-0.1402796340860578,0.0,62.28621697619303,-0.0001582820971478533
13.84,49.989123167342555,49.989110453565075,138.85670235297482,-0.13981261947959256,0.0,62.28621697619303,-0.00015738467367366202
13.86,49.989120030838905,49.98910736256191,138.8562305294165,-0.13934715964366887,0.0,62.28621697619303,-0.0001564898075273897
13.88,49.98911691220064,49.989104289270166,138.85576039589355,-0.13888324940219282,0.0,62.28621697619303,-0.00015559749535112117
13.9,49.98911381137673,49.989101233639296,138.85529194668268,-0.13842088359630264,0.0,62.28621697619303,-0.0001547077337829939
13.92,49.98911072831622,49.98909819561883,138.85482517607895,-0.1379600570843113,0.0,62.28621697619303,-0.000153820519456168
13.94,49.98910766296818,49.989095175158354,138.85436007839564,-0.13750076474164935,0.0,62.28621697619303,-0.00015293584899813995
13.96,49.98910461528179,49.98909217220753,138.85389664796423,-0.13704300146080778,0.0,62.28621697619303,-0.00015205371903263037
13.98,49.989101585206285,49.98908918671606,138.85343487913434,-0.1365867621512814,0.0,62.28621697619303,-0.00015117412617872585
14.0,49.989098572690956,49.98908621863374,138.8529747662736,-0.13613204173951224,0.0,62.28621697619303,-0.0001502970670517372
14.02,49.98909557768518,49.98908326791042,138.85251630376774,-0.13567883516883297,0.0,62.28621697619303,-0.000149422538261998
14.040000000000001,49.98909260013838,49.989080334496016,138.85205948602035,-0.13522713739941078,0.0,62.28621697619303,-0.000148550536416066
14.06,49.98908964000007,49.989077418340514,138.85160430745296,-0.13477694340819135,0.0,62.28621697619303,-0.00014768105811637983
14.08,49.98908669721982,49.98907451939396,138.85115076250494,-0.13432824818884292,0.0,62.28621697619303,-0.00014681409996040087
14.1,49.98908377174727,49.98907163760648,138.85069884563347,-0.13388104675170068,0.0,62.28621697619303,-0.00014594965854147153
14.120000000000001,49.98908086353212,49.98906877292825,138.85024855131357,-0.1334353341237112,0.0,62.28621697619303,-0.0001450877304472703
14.14,49.98907797252416,49.989065925309525,138.84979987403784,-0.13299110534837727,0.0,62.28621697619303,-0.00014422831226135673
14.16,49.989075098673226,49.98906309470062,138.8493528083166,-0.13254835548570265,0.0,62.28621697619303,-0.00014337140056162659
14.18,49.98907224192923,49.98906028105192,138.84890734867784,-0.13210707961213716,0.0,62.28621697619303,-0.00014251699191996856
14.200000000000001,49.98906940224216,49.989057484313875,138.8484634896671,-0.13166727282052207,0.0,62.28621697619303,-0.00014166508290312254
14.22,49.989066579562056,49.98905470443702,138.84802122584745,-0.1312289302200352,0.0,62.28621697619303,-0.00014081567007182143
14.24,49.98906377383905,49.98905194137192,138.8475805517995,-0.13079204693613697,0.0,62.28621697619303,-0.00013996874997976132
14.26,49.98906098502332,49.98904919506924,138.84714146212127,-0.1303566181105158,0.0,62.28621697619303,-0.00013912431917514618
14.280000000000001,49.98905821306513,49.98904646547971,138.8467039514282,-0.1299226389010343,0.0,62.28621697619303,-0.00013828237419862837
14.3,49.98905545791481,49.98904375255412,138.84626801435314,-0.12949010448167544,0.0,62.28621697619303,-0.0001374429115843383
14.32,49.98905271952274,49.989041056243316,138.8458336455462,-0.1290590100424887,0.0,62.28621697619303,-0.0001366059278597129
14.34,49.9890499978394,49.98903837649824,138.84540083967482,-0.12862935078953677,0.0,62.28621697619303,-0.00013577141954429413
14.36,49.98904729281533,49.989035713269885,138.84496959142365,-0.1282011219448422,0.0,62.28621697619303,-0.00013493938315007237
14.38,49.989044604401116,49.989033066509315,138.8445398954945,-0.12777431874633416,0.0,62.28621697619303,-0.0001341098151823444
14.4,49.98904193254745,49.98903043616766,138.8441117466064,-0.12734893644779555,0.0,62.28621697619303,-0.00013328271213902703
14.42,49.98903927720507,49.98902782219613,138.84368513949534,-0.12692497031881028,0.0,62.28621697619303,-0.00013245807050945557
14.44,49.9890366383248,49.989025224546,138.84326006891445,-0.12650241564471065,0.0,62.28621697619303,-0.00013163588677678678
14.46,49.98903401585751,49.989022643168596,138.8428365296338,-0.1260812677265248,0.0,62.28621697619303,-0.000130816157415081
14.48,49.98903140975417,49.989020078015336,138.84241451644039,-0.12566152188092458,0.0,62.28621697619303,-0.00012999887889222008
14.5,49.9890288199658,49.9890175290377,138.8419940241381,-0.12524317344017344,0.0,62.28621697619303,-0.00012918404766904893
14.52,49.98902624644351,49.989014996187244,138.84157504754765,-0.12482621775207452,0.0,62.28621697619303,-0.00012837166019748783
14.540000000000001,49.989023689138456,49.98901247941558,138.84115758150654,-0.12441065017991886,0.0,62.28621697619303,-0.00012756171292362177
14.56,49.98902114800188,49.989009978674396,138.84074162086898,-0.12399646610243391,0.0,62.28621697619303,-0.00012675420228529748
14.58,49.98901862298511,49.98900749391545,138.84032716050578,-0.12358366091373217,0.0,62.28621697619303,-0.00012594912471504117
14.6,49.98901611403951,49.98900502509058,138.83991419530446,-0.12317223002325985,0.0,62.28621697619303,-0.00012514647663714094
14.620000000000001,49.98901362111654,49.98900257215166,138.839502720169,-0.12276216885574591,0.0,62.28621697619303,-0.00012434625446953464
14.64,49.98901114416773,49.98900013505069,138.83909273001993,-0.12235347285115117,0.0,62.28621697619303,-0.0001235484546244963
14.66,49.989008683144675,49.98899771373969,138.83868421979417,-0.12194613746461759,0.0,62.28621697619303,-0.00012275307350760646
14.68,49.98900623799906,49.98899530817078,138.8382771844451,-0.12154015816641772,0.0,62.28621697619303,-0.00012196010751775222
14.700000000000001,49.9890038086826,49.98899291829613,138.8378716189423,-0.12113553044190435,0.0,62.28621697619303,-0.00012116955304918657
14.72,49.98900139514713,49.988990544067995,138.83746751827175,-0.12073224979146027,0.0,62.28621697619303,-0.00012038140648912583
14.74,49.98899899734453,49.98898818543871,138.83706487743555,-0.1203303117304483,0.0,62.28621697619303,-0.00011959566421980905
14.76,49.98899661522677,49.98898584236065,138.83666369145203,-0.1199297117891613,0.0,62.28621697619303,-0.00011881232261798314
14.780000000000001,49.98899424874586,49.988983514786284,138.83626395535552,-0.11953044551277264,0.0,62.28621697619303,-0.00011803137805576108
14.8,49.98899189785393,49.98898120266815,138.83586566419652,-0.1191325084612865,0.0,62.28621697619303,-0.00011725282689821904
14.82,49.988989562503136,49.98897890595885,138.83546881304147,-0.11873589620948856,0.0,62.28621697619303,-0.00011647666550803041
14.84,49.98898724264575,49.98897662461107,138.83507339697275,-0.11834060434689678,0.0,62.28621697619303,-0.00011570289024066019
14.86,49.98898493823407,49.98897435857756,138.8346794110886,-0.1179466284777124,0.0,62.28621697619303,-0.00011493149744882725
14.88,49.98898264922051,49.98897210781113,138.8342868505032,-0.11755396422077095,0.0,62.28621697619303,-0.0001141624834790719
14.9,49.98898037555753,49.988969872264676,138.8338957103464,-0.11716260720949365,0.0,62.28621697619303,-0.00011339584467381536
14.92,49.98897811719768,49.98896765189117,138.83350598576388,-0.1167725530918388,0.0,62.28621697619303,-0.00011263157737153134
14.94,49.988975874093576,49.98896544664365,138.83311767191697,-0.11638379753025337,0.0,62.28621697619303,-0.00011186967790571635
14.96,49.9889736461979,49.98896325647521,138.83273076398257,-0.11599633620162475,0.0,62.28621697619303,-0.00011111014260557619
14.98,49.98897143346342,49.98896108133904,138.83234525715332,-0.11561016479723274,0.0,62.28621697619303,-0.00011035296779602591
15.0,49.988969235842966,49.98895892118839,138.83196114663724,-0.11522527902270159,0.0,62.28621697619303,-0.00010959814979871967
15.02,49.98896705328946,49.9889567759766,138.83157842765797,-0.11484167459795223,0.0,62.28621697619303,-0.00010884568492947619
15.040000000000001,49.98896488575587,49.98895464565704,138.83119709545448,-0.11445934725715472,0.0,62.28621697619303,-0.00010809556950068167
15.06,49.988962733195265,49.9889525301832,138.83081714528123,-0.11407829274868077,0.0,62.28621697619303,-0.00010734779982077482
15.08,49.98896059556077,49.98895042950862,138.830438572408,-0.1136985068350565,0.0,62.28621697619303,-0.00010660237219373202
15.1,49.98895847280559,49.98894834358691,138.83006137211987,-0.1133199852929153,0.0,62.28621697619303,-0.00010585928291923892
15.120000000000001,49.98895636488301,49.98894627237176,138.82968553971713,-0.11294272391295083,0.0,62.28621697619303,-0.0001051185282935486
15.14,49.98895427174638,49.988944215816936,138.82931107051536,-0.11256671849987028,0.0,62.28621697619303,-0.00010438010460810854
15.16,49.98895219334913,49.98894217387627,138.8289379598453,-0.11219196487234764,0.0,62.28621697619303,-0.0001036440081505904
15.18,49.988950129644756,49.98894014650366,138.8285662030527,-0.11181845886297727,0.0,62.28621697619303,-0.00010291023520403184
15.200000000000001,49.98894808058684,49.9889381336531,138.82819579549852,-0.11144619631822751,0.0,62.28621697619303,-0.00010217878204838124
15.22,49.98894604612902,49.988936135278635,138.8278267325587,-0.11107517309839451,0.0,62.28621697619303,-0.00010144964495878134
15.24,49.98894402622504,49.98893415133439,138.82745900962408,-0.11070538507755621,0.0,62.28621697619303,-0.00010072282020642742
15.26,49.988942020828695,49.98893218177457,138.82709262210062,-0.11033682814352644,0.0,62.28621697619303,-9.999830405822409e-05
15.280000000000001,49.988940029893854,49.98893022655346,138.82672756540896,-0.10996949819780917,0.0,62.28621697619303,-9.927609277764332e-05
15.3,49.98893805337447,49.988928285625384,138.82636383498476,-0.10960339115555298,0.0,62.28621697619303,-9.85561826236948e-05
15.32,49.98893609122456,49.988926358944774,138.82600142627837,-0.10923850294550559,0.0,62.28621697619303,-9.783856985092583e-05
15.34,49.98893414339823,49.98892444646613,138.82564033475495,-0.10887482950996862,0.0,62.28621697619303,-9.712325071165255e-05
15.36,49.988932209849665,49.98892254814401,138.82528055589438,-0.10851236680475243,0.0,62.28621697619303,-9.641022145201247e-05
15.38,49.98893029053309,49.988920663933065,138.82492208519113,-0.10815111079913123,0.0,62.28621697619303,-9.56994783152254e-05
15.4,49.98892838540285,49.98891879378801,138.8245649181544,-0.10779105747579815,0.0,62.28621697619303,-9.499101754090699e-05
15.42,49.988926494413334,49.988916937663625,138.82420905030793,-0.10743220283082063,0.0,62.28621697619303,-9.428483536472536e-05
15.44,49.98892461751902,49.98891509551479,138.82385447718988,-0.10707454287359584,0.0,62.28621697619303,-9.358092801840124e-05
15.46,49.988922754674455,49.98891326729644,138.82350119435304,-0.10671807362680641,0.0,62.28621697619303,-9.287929172987947e-05
15.48,49.98892090583428,49.98891145296358,138.82314919736456,-0.10636279112637605,0.0,62.28621697619303,-9.217992272315748e-05
15.5,49.98891907095317,49.9889096524713,138.82279848180605,-0.10600869142142562,0.0,62.28621697619303,-9.148281721931498e-05
15.52,49.98891724998593,49.98890786577477,138.82244904327334,-0.10565577057422909,0.0,62.28621697619303,-9.078797143531261e-05
15.540000000000001,49.9889154428874,49.98890609282922,138.82210087737673,-0.10530402466016979,0.0,62.28621697619303,-9.00953815845068e-05
15.56,49.9889136496125,49.98890433358996,138.8217539797406,-0.10495344976769677,0.0,62.28621697619303,-8.940504387767954e-05
15.58,49.98891187011625,49.98890258801237,138.82140834600375,-0.1046040419982813,0.0,62.28621697619303,-8.871695452097885e-05
15.6,49.98891010435372,49.98890085605193,138.82106397181892,-0.10425579746637348,0.0,62.28621697619303,-8.803110971832161e-05
15.620000000000001,49.98890835228008,49.988899137664156,138.82072085285313,-0.1039087122993591,0.0,62.28621697619303,-8.734750566916231e-05
15.64,49.988906613850546,49.98889743280466,138.82037898478742,-0.10356278263751649,0.0,62.28621697619303,-8.666613857141079e-05
15.66,49.98890488902043,49.98889574142914,138.82003836331688,-0.1032180046339737,0.0,62.28621697619303,-8.598700461799968e-05
15.68,49.98890317774513,49.98889406349335,138.8196989841506,-0.10287437445466563,0.0,62.28621697619303,-8.531010000031695e-05
15.700000000000001,49.98890147998009,49.98889239895311,138.81936084301154,-0.10253188827829146,0.0,62.28621697619303,-8.463542090614633e-05
15.72,49.98889979568086,49.988890747764344,138.81902393563664,-0.1021905422962721,0.0,62.28621697619303,-8.396296352001065e-05
15.74,49.98889812480304,49.98888910988304,138.81868825777667,-0.10185033271270787,0.0,62.28621697619303,-8.329272402368665e-05
15.76,49.98889646730234,49.98888748526525,138.81835380519618,-0.10151125574433627,0.0,62.28621697619303,-8.262469859671994e-05
15.780000000000001,49.98889482313451,49.98888587386711,138.81802057367355,-0.10117330762048994,0.0,62.28621697619303,-8.195888341539512e-05
15.8,49.9888931922554,49.988884275644835,138.81768855900083,-0.10083648458305472,0.0,62.28621697619303,-8.129527465307914e-05
15.82,49.988891574620915,49.98888269055471,138.81735775698377,-0.1005007828864278,0.0,62.28621697619303,-8.063386848090781e-05
15.84,49.988889970187074,49.988881118553095,138.81702816344173,-0.10016619879747617,0.0,62.28621697619303,-7.997466106744244e-05
15.860000000000001,49.988888378909934,49.988879559596434,138.81669977420773,-0.099832728595495,0.0,62.28621697619303,-7.931764857815506e-05
15.88,49.988886800745654,49.98887801364123,138.81637258512828,-0.09950036857216638,0.0,62.28621697619303,-7.866282717628655e-05
15.9,49.98888523565045,49.98887648064407,138.81604659206343,-0.09916911503151793,0.0,62.28621697619303,-7.801019302336146e-05
15.92,49.98888368358063,49.98887496056163,138.81572179088664,-0.09883896428988186,0.0,62.28621697619303,-7.735974227747178e-05
15.94,49.98888214449258,49.98887345335064,138.8153981774849,-0.09850991267585389,0.0,62.28621697619303,-7.671147109447835e-05
15.96,49.98888061834275,49.98887195896793,138.8150757477585,-0.0981819565302525,0.0,62.28621697619303,-7.606537562852569e-05
15.98,49.98887910508767,49.98887047737036,138.81475449762104,-0.09785509220607816,0.0,62.28621697619303,-7.542145203118392e-05
16.0,49.98887760468396,49.98886900851493,138.81443442299954,-0.09752931606847287,0.0,62.28621697619303,-7.477969645144871e-05
16.02,49.9888761170883,49.98886755235868,138.8141155198342,-0.09720462449467965,0.0,62.28621697619303,-7.414010503677106e-05
16.04,49.98887464225746,49.98886610885871,138.81379778407842,-0.09688101387400228,0.0,62.28621697619303,-7.350267393168433e-05
16.06,49.98887318014828,49.988864677972224,138.81348121169876,-0.09655848060776519,0.0,62.28621697619303,-7.286739927934879e-05
16.080000000000002,49.98887173071768,49.9888632596565,138.81316579867502,-0.09623702110927339,0.0,62.28621697619303,-7.223427722069358e-05
16.1,49.98887029392266,49.98886185386887,138.812851541,-0.09591663180377263,0.0,62.28621697619303,-7.160330389355854e-05
16.12,49.988868869720285,49.98886046056678,138.81253843467954,-0.0955973091284096,0.0,62.28621697619303,-7.097447543595505e-05
16.14,49.98886745806771,49.98885907970771,138.8122264757326,-0.0952790495321923,0.0,62.28621697619303,-7.03477879817755e-05
16.16,49.98886605892217,49.98885771124924,138.81191566019095,-0.09496184947595064,0.0,62.28621697619303,-6.972323766388247e-05
16.18,49.98886467224096,49.98885635514903,138.8116059840994,-0.09464570543229699,0.0,62.28621697619303,-6.910082061325061e-05
16.2,49.98886329798147,49.988855011364805,138.81129744351568,-0.094330613885587,0.0,62.28621697619303,-6.848053295896667e-05
16.22,49.98886193610115,49.98885367985437,138.8109900345103,-0.09401657133188049,0.0,62.28621697619303,-6.786237082840112e-05
16.240000000000002,49.98886058655755,49.9888523605756,138.81068375316656,-0.0937035742789025,0.0,62.28621697619303,-6.724633034669325e-05
16.26,49.988859249308284,49.988851053486464,138.81037859558057,-0.09339161924600443,0.0,62.28621697619303,-6.663240763812419e-05
16.28,49.98885792431104,49.98884975854499,138.8100745578612,-0.09308070276412535,0.0,62.28621697619303,-6.602059882388578e-05
16.3,49.988856611523595,49.98884847570928,138.80977163613,-0.0927708213757534,0.0,62.28621697619303,-6.541090002482658e-05
16.32,49.98885531090379,49.98884720493754,138.80946982652105,-0.09246197163488742,0.0,62.28621697619303,-6.480330735956401e-05
16.34,49.988854022409555,49.98884594618803,138.80916912518126,-0.09215415010699853,0.0,62.28621697619303,-6.419781694499918e-05
16.36,49.98885274599889,49.988844699419076,138.8088695282699,-0.09184735336899197,0.0,62.28621697619303,-6.359442489734666e-05
16.38,49.98885148162989,49.9888434645891,138.80857103195888,-0.09154157800916905,0.0,62.28621697619303,-6.299312732973176e-05
16.4,49.988850229260684,49.98884224165661,138.80827363243262,-0.09123682062718921,0.0,62.28621697619303,-6.239392035527974e-05
16.42,49.98884898884954,49.98884103058016,138.80797732588798,-0.09093307783403218,0.0,62.28621697619303,-6.179680008488471e-05
16.44,49.98884776035476,49.98883983131841,138.80768210853415,-0.09063034625196033,0.0,62.28621697619303,-6.120176262823941e-05
16.46,49.98884654373473,49.98883864383008,138.8073879765928,-0.09032862251448108,0.0,62.28621697619303,-6.0608804093491843e-05
16.48,49.98884533894793,49.98883746807396,138.8070949262979,-0.0900279032663095,0.0,62.28621697619303,-6.0017920588275205e-05
16.5,49.98884414595291,49.98883630400894,138.80680295389575,-0.08972818516333089,0.0,62.28621697619303,-5.94291082181631e-05
16.52,49.98884296470829,49.988835151593975,138.80651205564482,-0.08942946487256376,0.0,62.28621697619303,-5.8842363087527746e-05
16.54,49.98884179517277,49.988834010788096,138.8062222278159,-0.08913173907212266,0.0,62.28621697619303,-5.8257681299883224e-05
16.56,49.98884063730514,49.9888328815504,138.80593346669195,-0.08883500445118124,0.0,62.28621697619303,-5.7675058957198945e-05
16.580000000000002,49.988839491064255,49.98883176384009,138.80564576856798,-0.08853925770993544,0.0,62.28621697619303,-5.709449216092945e-05
16.6,49.98883835640905,49.98883065761642,138.80535912975125,-0.08824449555956683,0.0,62.28621697619303,-5.6515977010984604e-05
16.62,49.98883723329855,49.988829562838724,138.80507354656095,-0.08795071472220599,0.0,62.28621697619303,-5.59395096062445e-05
16.64,49.98883612169184,49.98882847946642,138.80478901532842,-0.0876579119308961,0.0,62.28621697619303,-5.536508604507437e-05
16.66,49.9888350215481,49.98882740745901,138.80450553239692,-0.08736608392955661,0.0,62.28621697619303,-5.4792702424466384e-05
16.68,49.98883393282657,49.98882634677606,138.80422309412168,-0.08707522747294695,0.0,62.28621697619303,-5.422235484072622e-05
16.7,49.98883285548659,49.98882529737722,138.80394169686988,-0.08678533932663056,0.0,62.28621697619303,-5.365403938861489e-05
16.72,49.98883178948756,49.988824259222206,138.80366133702054,-0.08649641626693885,0.0,62.28621697619303,-5.308775216323666e-05
16.740000000000002,49.98883073478896,49.988823232270825,138.80338201096453,-0.08620845508093537,0.0,62.28621697619303,-5.25234892584944e-05
16.76,49.98882969135037,49.98882221648296,138.80310371510453,-0.08592145256638006,0.0,62.28621697619303,-5.1961246766917954e-05
16.78,49.9888286591314,49.98882121181856,138.802826445855,-0.08563540553169369,0.0,62.28621697619303,-5.140102078138041e-05
16.8,49.9888276380918,49.98882021823766,138.80255019964213,-0.08535031079592227,0.0,62.28621697619303,-5.084280739321021e-05
16.82,49.98882662819134,49.98881923570038,138.8022749729038,-0.08506616518870183,0.0,62.28621697619303,-5.028660269356417e-05
16.84,49.988825629389915,49.988818264166895,138.80200076208956,-0.08478296555022305,0.0,62.28621697619303,-4.973240277274095e-05
16.86,49.988824641647476,49.98881730359748,138.8017275636605,-0.08450070873119611,0.0,62.28621697619303,-4.918020372121085e-05
16.88,49.98882366492404,49.988816353952465,138.80145537408947,-0.08421939159281577,0.0,62.28621697619303,-4.863000162772787e-05
16.9,49.988822699179735,49.98881541519228,138.80118418986072,-0.08393901100672635,0.0,62.28621697619303,-4.8081792581046024e-05
16.92,49.98882174437473,49.988814487277416,138.80091400747006,-0.08365956385498699,0.0,62.28621697619303,-4.753557267060584e-05
16.94,49.98882080046931,49.988813570168446,138.80064482342473,-0.08338104703003704,0.0,62.28621697619303,-4.6991337984131545e-05
16.96,49.988819867423814,49.98881266382603,138.80037663424352,-0.0831034574346614,0.0,62.28621697619303,-4.644908460917575e-05
16.98,49.98881894519866,49.98881176821089,138.80010943645655,-0.08282679198195612,0.0,62.28621697619303,-4.5908808633291066e-05
17.0,49.98881803375435,49.988810883283826,138.79984322660528,-0.08255104759529412,0.0,62.28621697619303,-4.537050614351521e-05
17.02,49.98881713305146,49.98881000900573,138.7995780012426,-0.08227622120829088,0.0,62.28621697619303,-4.4834173227057534e-05
17.04,49.98881624305066,49.98880914533756,138.79931375693258,-0.08200230976477041,0.0,62.28621697619303,-4.4299805970440876e-05
17.06,49.98881536371267,49.98880829224035,138.79905049025064,-0.08172931021873125,0.0,62.28621697619303,-4.376740045984481e-05
17.080000000000002,49.98881449499831,49.98880744967522,138.79878819778344,-0.08145721953431259,0.0,62.28621697619303,-4.323695278144892e-05
17.1,49.98881363686848,49.988806617603366,138.79852687612876,-0.08118603468576051,0.0,62.28621697619303,-4.270845902211929e-05
17.12,49.98881278928414,49.988805795986046,138.79826652189558,-0.08091575265739434,0.0,62.28621697619303,-4.2181915267005735e-05
17.14,49.98881195220634,49.988804984784615,138.798007131704,-0.08064637044357313,0.0,62.28621697619303,-4.1657317603317606e-05
17.16,49.988811125596214,49.9888041839605,138.79774870218517,-0.08037788504866221,0.0,62.28621697619303,-4.1134662116204694e-05
17.18,49.98881030941496,49.98880339347519,138.79749122998138,-0.08011029348699988,0.0,62.28621697619303,-4.061394489236148e-05
17.2,49.98880950362387,49.988802613290275,138.79723471174583,-0.07984359278286421,0.0,62.28621697619303,-4.009516201728102e-05
17.22,49.988808708184294,49.988801843367405,138.79697914414282,-0.07957777997043997,0.0,62.28621697619303,-3.9578309577657786e-05
17.240000000000002,49.988807923057685,49.98880108366832,138.79672452384747,-0.0793128520937856,0.0,62.28621697619303,-3.9063383659328084e-05
17.26,49.98880714820555,49.98880033415483,138.7964708475459,-0.07904880620680038,0.0,62.28621697619303,-3.85503803496729e-05
17.28,49.9888063835895,49.98879959478882,138.7962181119351,-0.07878563937319169,0.0,62.28621697619303,-3.803929573418531e-05
17.3,49.988805629171196,49.98879886553226,138.79596631372291,-0.07852334866644228,0.0,62.28621697619303,-3.753012590024627e-05
17.32,49.9888048849124,49.988798146347186,138.79571544962798,-0.07826193116977777,0.0,62.28621697619303,-3.702286693489352e-05
17.34,49.98880415077494,49.98879743719573,138.79546551637966,-0.07800138397613424,0.0,62.28621697619303,-3.651751492602292e-05
17.36,49.98880342672072,49.98879673804008,138.7952165107182,-0.0777417041881259,0.0,62.28621697619303,-3.601406596101544e-05
17.38,49.98880271271174,49.98879604884252,138.79496842939443,-0.07748288891801276,0.0,62.28621697619303,-3.551251612759533e-05
17.400000000000002,49.98880200871006,49.98879536956538,138.79472126916988,-0.07722493528766872,0.0,62.28621697619303,-3.501286151451659e-05
17.42,49.98880131467782,49.98879470017112,138.7944750268168,-0.07696784042854934,0.0,62.28621697619303,-3.451509821087649e-05
17.44,49.98880063057725,49.98879404062223,138.79422969911798,-0.07671160148166012,0.0,62.28621697619303,-3.401922230560066e-05
17.46,49.98879995637065,49.988793390881305,138.7939852828668,-0.0764562155975246,0.0,62.28621697619303,-3.352522988898778e-05
17.48,49.988799292020396,49.98879275091099,138.79374177486716,-0.0762016799361527,0.0,62.28621697619303,-3.303311705064998e-05
17.5,49.98879863748895,49.98879212067404,138.79349917193355,-0.07594799166700923,0.0,62.28621697619303,-3.254287988191572e-05
17.52,49.98879799273884,49.98879150013327,138.79325747089086,-0.07569514796898223,0.0,62.28621697619303,-3.205451447428506e-05
17.54,49.988797357732686,49.988790889251554,138.79301666857447,-0.07544314603035175,0.0,62.28621697619303,-3.156801691994458e-05
17.56,49.98879673243318,49.98879028799189,138.7927767618301,-0.07519198304875853,0.0,62.28621697619303,-3.108338331125249e-05
17.580000000000002,49.98879611680309,49.98878969631731,138.79253774751402,-0.07494165623117277,0.0,62.28621697619303,-3.060060974159678e-05
17.6,49.988795510805254,49.98878911419095,138.7922996224926,-0.07469216279386325,0.0,62.28621697619303,-3.0119692305223566e-05
17.62,49.98879491440261,49.988788541576,138.79206238364276,-0.07444349996236617,0.0,62.28621697619303,-2.9640627097065493e-05
17.64,49.98879432755817,49.988787978435745,138.79182602785153,-0.07419566497145444,0.0,62.28621697619303,-2.916341021274172e-05
17.66,49.988793750235,49.98878742473355,138.79159055201626,-0.07394865506510685,0.0,62.28621697619303,-2.8688037748386286e-05
17.68,49.988793182396265,49.98878688043284,138.79135595304456,-0.07370246749647748,0.0,62.28621697619303,-2.821450580133463e-05
17.7,49.98879262400521,49.988786345497125,138.79112222785417,-0.0734570995278651,0.0,62.28621697619303,-2.7742810469608715e-05
17.72,49.98879207502514,49.988785819890005,138.79088937337298,-0.07321254843068276,0.0,62.28621697619303,-2.7272947852431894e-05
17.740000000000002,49.98879153541946,49.988785303575135,138.790657386539,-0.07296881148542742,0.0,62.28621697619303,-2.6804914049885673e-05
17.76,49.98879100515164,49.988784796516256,138.7904262643004,-0.07272588598164975,0.0,62.28621697619303,-2.6338705162566435e-05
17.78,49.98879048418523,49.9887842986772,138.7901960036153,-0.07248376921792396,0.0,62.28621697619303,-2.587431729261523e-05
17.8,49.98878997248385,49.98878381002186,138.78996660145197,-0.07224245850181775,0.0,62.28621697619303,-2.5411746542516354e-05
17.82,49.98878947001122,49.9887833305142,138.7897380547885,-0.07200195114986237,0.0,62.28621697619303,-2.4950989016298776e-05
17.84,49.988788976731115,49.98878286011829,138.78951036061315,-0.07176224448752283,0.0,62.28621697619303,-2.449204081953611e-05
17.86,49.988788492607405,49.98878239879824,138.78928351592396,-0.07152333584916808,0.0,62.28621697619303,-2.4034898057630347e-05
17.88,49.988788017604016,49.988781946518266,138.78905751772893,-0.07128522257804143,0.0,62.28621697619303,-2.357955683838628e-05
17.900000000000002,49.988787551684986,49.98878150324265,138.78883236304597,-0.07104790202623099,0.0,62.28621697619303,-2.3126013269780326e-05
17.92,49.98878709481439,49.98878106893575,138.78860804890272,-0.07081137155464019,0.0,62.28621697619303,-2.2674263461848458e-05
17.94,49.98878664695641,49.988780643561995,138.78838457233672,-0.07057562853295848,0.0,62.28621697619303,-2.2224303525141516e-05
17.96,49.988786208075304,49.98878022708591,138.78816193039526,-0.07034067033963202,0.0,62.28621697619303,-2.1776129572269905e-05
17.98,49.988785778135394,49.98877981947208,138.78794012013537,-0.07010649436183462,0.0,62.28621697619303,-2.132973771601564e-05
18.0,49.98878535710109,49.98877942068517,138.7877191386238,-0.0698730979954386,0.0,62.28621697619303,-2.0885124071220295e-05
18.02,49.98878494493686,49.988779030689926,138.787498982937,-0.06964047864498586,0.0,62.28621697619303,-2.0442284754270095e-05
18.04,49.988784541607295,49.98877864945117,138.78727965016108,-0.06940863372365903,0.0,62.28621697619303,-2.0001215882237776e-05
18.06,49.98878414707701,49.98877827693379,138.7870611373917,-0.06917756065325269,0.0,62.28621697619303,-1.9561913573912373e-05
18.080000000000002,49.988783761310735,49.98877791310278,138.78684344173422,-0.06894725686414468,0.0,62.28621697619303,-1.912437394997082e-05
18.1,49.98878338427326,49.98877755792318,138.7866265603035,-0.0687177197952676,0.0,62.28621697619303,-1.868859313177658e-05
18.12,49.988783015929464,49.988777211360116,138.78641049022391,-0.06848894689408018,0.0,62.28621697619303,-1.825456724258103e-05
18.14,49.98878265624429,49.98877687337879,138.78619522862945,-0.06826093561653909,0.0,62.28621697619303,-1.7822292407008566e-05
18.16,49.98878230518276,49.98877654394449,138.78598077266346,-0.06803368342707053,0.0,62.28621697619303,-1.739176475088499e-05
18.18,49.98878196270999,49.988776223022576,138.7857671194788,-0.06780718779854199,0.0,62.28621697619303,-1.696298040243891e-05
18.2,49.98878162879116,49.988775910578475,138.78555426623768,-0.0675814462122343,0.0,62.28621697619303,-1.6535935490757077e-05
18.22,49.98878130339153,49.988775606577704,138.78534221011176,-0.06735645615781347,0.0,62.28621697619303,-1.611062614715741e-05
18.240000000000002,49.98878098647643,49.98877531098585,138.78513094828202,-0.06713221513330284,0.0,62.28621697619303,-1.568704850415923e-05
18.26,49.988780678011274,49.988775023768575,138.78492047793878,-0.06690872064505528,0.0,62.28621697619303,-1.5265198695654887e-05
18.28,49.98878037796156,49.98877474489162,138.78471079628167,-0.06668597020772543,0.0,62.28621697619303,-1.4845072858111162e-05
18.3,49.98878008629286,49.98877447432081,138.7845019005196,-0.06646396134424204,0.0,62.28621697619303,-1.4426667129196241e-05
18.32,49.98877980297082,49.98877421202203,138.78429378787058,-0.06624269158578046,0.0,62.28621697619303,-1.4009977648122964e-05
18.34,49.98877952796115,49.98877395796125,138.7840864555621,-0.06602215847173518,0.0,62.28621697619303,-1.3595000556163713e-05
18.36,49.988779261229666,49.98877371210452,138.78387990083053,-0.06580235954969246,0.0,62.28621697619303,-1.318173199630716e-05
18.38,49.988779002742234,49.988773474417954,138.7836741209216,-0.06558329237540306,0.0,62.28621697619303,-1.277016811360152e-05
18.400000000000002,49.98877875246481,49.98877324486777,138.78346911309012,-0.06536495451275505,0.0,62.28621697619303,-1.2360305054811298e-05
18.42,49.98877851036344,49.98877302342023,138.78326487459992,-0.06514734353374677,0.0,62.28621697619303,-1.1952138968588908e-05
18.44,49.98877827640421,49.98877281004169,138.78306140272397,-0.06493045701845972,0.0,62.28621697619303,-1.154566600513143e-05
18.46,49.98877805055332,49.98877260469857,138.78285869474428,-0.06471429255503176,0.0,62.28621697619303,-1.1140882316867109e-05
18.48,49.98877783277704,49.98877240735738,138.7826567479518,-0.06449884773963026,0.0,62.28621697619303,-1.0737784058455367e-05
18.5,49.98877762304169,49.98877221798471,138.78245555964654,-0.06428412017642528,0.0,62.28621697619303,-1.0336367386100287e-05
18.52,49.9887774213137,49.988772036547196,138.78225512713743,-0.06407010747756309,0.0,62.28621697619303,-9.93662845806549e-06
18.54,49.98877722755955,49.98877186301159,138.7820554477423,-0.0638568072631395,0.0,62.28621697619303,-9.538563435017402e-06
18.56,49.98877704174583,49.98877169734469,138.7818565187879,-0.06364421716117341,0.0,62.28621697619303,-9.142168479853619e-06
18.580000000000002,49.98877686383916,49.98877153951338,138.78165833760983,-0.06343233480758045,0.0,62.28621697619303,-8.747439756329886e-06
18.6,49.988776693806294,49.98877138948462,138.7814609015526,-0.06322115784614668,0.0,62.28621697619303,-8.35437343146289e-06
18.62,49.988776531614015,49.98877124722545,138.78126420796943,-0.06301068392850244,0.0,62.28621697619303,-7.96296567432886e-06
18.64,49.98877637722919,49.988771112702985,138.7810682542224,-0.06280091071409613,0.0,62.28621697619303,-7.573212655720311e-06
18.66,49.9887762306188,49.98877098588441,138.7808730376823,-0.06259183587016827,0.0,62.28621697619303,-7.18511054831768e-06
18.68,49.98877609174984,49.98877086673698,138.78067855572868,-0.06238345707172551,0.0,62.28621697619303,-6.798655528233972e-06
18.7,49.98877596058944,49.98877075522804,138.78048480574978,-0.06217577200151483,0.0,62.28621697619303,-6.413843772611966e-06
18.72,49.98877583710478,49.98877065132501,138.7802917851425,-0.06196877834999771,0.0,62.28621697619303,-6.030671461512128e-06
18.740000000000002,49.98877572126311,49.98877055499538,138.78009949131243,-0.06176247381532447,0.0,62.28621697619303,-5.649134777226097e-06
18.76,49.98877561303177,49.98877046620671,138.77990792167375,-0.06155685610330871,0.0,62.28621697619303,-5.269229903418542e-06
18.78,49.988775512378176,49.988770384926646,138.77971707364924,-0.061351922927401735,0.0,62.28621697619303,-4.890953027186704e-06
18.8,49.98877541926981,49.9887703111229,138.77952694467018,-0.06114767200866717,0.0,62.28621697619303,-4.514300338202256e-06
18.82,49.98877533367423,49.98877024476327,138.77933753217656,-0.060944101075755604,0.0,62.28621697619303,-4.139268027338272e-06
18.84,49.9887752555591,49.98877018581563,138.77914883361666,-0.06074120786487932,0.0,62.28621697619303,-3.765852288728768e-06
18.86,49.988775184892106,49.988770134247915,138.77896084644743,-0.06053899011978714,0.0,62.28621697619303,-3.3940493183956787e-06
18.88,49.988775121641055,49.98877009002814,138.7787735681342,-0.06033744559173932,0.0,62.28621697619303,-3.0238553152786253e-06
18.900000000000002,49.988775065773815,49.98877005312441,138.77858699615072,-0.060136572039482576,0.0,62.28621697619303,-2.655266480376773e-06
18.92,49.98877501725833,49.98877002350489,138.77840112797915,-0.0599363672292251,0.0,62.28621697619303,-2.2882790177786026e-06
18.94,49.98877497606261,49.98877000113782,138.77821596111005,-0.05973682893461179,0.0,62.28621697619303,-1.9228891331172545e-06
18.96,49.98877494215477,49.98876998599153,138.77803149304236,-0.05953795493669942,0.0,62.28621697619303,-1.5590930356300696e-06
18.98,49.988774915502965,49.98876997803441,138.77784772128325,-0.05933974302393203,0.0,62.28621697619303,-1.196886936442306e-06
19.0,49.98877489607545,49.988769977234924,138.77766464334832,-0.05914219099211629,0.0,62.28621697619303,-8.362670492536508e-07
19.02,49.98877488384055,49.988769983561625,138.7774822567613,-0.058945296644397,0.0,62.28621697619303,-4.772295908531081e-07
19.04,49.988774878766655,49.98876999698313,138.77730055905425,-0.05874905779123267,0.0,62.28621697619303,-1.1977077991759695e-07
19.06,49.98877488082225,49.98877001746813,138.7771195477675,-0.058553472250371164,0.0,62.28621697619303,2.3611316161501844e-07
19.080000000000002,49.98877488997587,49.988770044985394,138.7769392204495,-0.05835853784682544,0.0,62.28621697619303,5.90426009575701e-07
19.1,49.988774906196156,49.98877007950377,138.77675957465684,-0.05816425241284931,0.0,62.28621697619303,9.431715365344688e-07
19.12,49.9887749294518,49.988770120992186,138.77658060795434,-0.05797061378791344,0.0,62.28621697619303,1.2943535130017958e-06
19.14,49.988774959711584,49.988770169419624,138.7764023179149,-0.05777761981868123,0.0,62.28621697619303,1.6439757062272109e-06
19.16,49.98877499694435,49.98877022475515,138.77622470211946,-0.05758526835898491,0.0,62.28621697619303,1.9920418808858127e-06
19.18,49.988775041119034,49.98877028696792,138.77604775815715,-0.057393557269801665,0.0,62.28621697619303,2.3385557992498987e-06
19.2,49.98877509220464,49.98877035602714,138.77587148362505,-0.057202484419229836,0.0,62.28621697619303,2.6835212201591928e-06
19.22,49.988775150170234,49.9887704319021,138.77569587612825,-0.05701204768246524,0.0,62.28621697619303,3.026941900222245e-06
19.240000000000002,49.98877521498497,49.98877051456218,138.7755209332799,-0.056822244941777525,0.0,62.28621697619303,3.3688215929582905e-06
19.26,49.98877528661808,49.9887706039768,138.77534665270102,-0.056633074086486615,0.0,62.28621697619303,3.709164048968876e-06
19.28,49.98877536503887,49.9887707001155,138.7751730320207,-0.05644453301293925,0.0,62.28621697619303,4.047973016281119e-06
19.3,49.98877545021671,49.988770802947855,138.7750000688758,-0.05625661962448559,0.0,62.28621697619303,4.38525223966119e-06
19.32,49.98877554212105,49.98877091244353,138.7748277609112,-0.056069331831455876,0.0,62.28621697619303,4.721005460442688e-06
19.34,49.98877564072142,49.98877102857226,138.77465610577954,-0.05588266755113724,0.0,62.28621697619303,5.055236418414554e-06
19.36,49.988775745987425,49.98877115130386,138.77448510114138,-0.055696624707750504,0.0,62.28621697619303,5.387948849761525e-06
19.38,49.98877585788873,49.98877128060822,138.77431474466505,-0.0555112012324271,0.0,62.28621697619303,5.719146487064136e-06
19.400000000000002,49.988775976395104,49.988771416455286,138.77414503402667,-0.055326395063186096,0.0,62.28621697619303,6.0488330603284934e-06
19.42,49.98877610147636,49.98877155881511,138.7739759669102,-0.05514220414491123,0.0,62.28621697619303,6.377012297157901e-06
19.44,49.98877623310239,49.98877170765778,138.77380754100722,-0.05495862642932806,0.0,62.28621697619303,6.7036879215514595e-06
19.46,49.98877637124319,49.98877186295349,138.77363975401715,-0.054775659874981224,0.0,62.28621697619303,7.028863654075698e-06
19.48,49.98877651586879,49.9887720246725,138.773472603647,-0.05459330244721167,0.0,62.28621697619303,7.352543213065971e-06
19.5,49.98877666694933,49.98877219278513,138.77330608761153,-0.0544115521181341,0.0,62.28621697619303,7.674730313081802e-06
19.52,49.98877682445499,49.988772367261774,138.7731402036331,-0.054230406866614386,0.0,62.28621697619303,7.995428665765028e-06
19.54,49.988776988356044,49.988772548072916,138.77297494944168,-0.054049864678247087,0.0,62.28621697619303,8.314641980011428e-06
19.56,49.988777158622845,49.98877273518911,138.77281032277492,-0.053869923545333064,0.0,62.28621697619303,8.632373961112576e-06
19.580000000000002,49.988777335225805,49.98877292858098,138.77264632137792,-0.053690581466857144,0.0,62.28621697619303,8.948628311270733e-06
19.6,49.98877751813543,49.98877312821921,138.77248294300344,-0.05351183644846587,0.0,62.28621697619303,9.26340872942721e-06
19.62,49.98877770732228,49.98877333407457,138.7723201854117,-0.05333368650244533,0.0,62.28621697619303,9.57671891143401e-06
19.64,49.988777902756986,49.98877354611792,138.77215804637044,-0.05315612964769905,0.0,62.28621697619303,9.888562550568695e-06
19.66,49.98877810441028,49.98877376432016,138.77199652365488,-0.05297916390972596,0.0,62.28621697619303,1.0198943335303233e-05
19.68,49.98877831225295,49.98877398865228,138.77183561504768,-0.05280278732059843,0.0,62.28621697619303,1.0507864952050045e-05
19.7,49.98877852625584,49.98877421908534,138.77167531833894,-0.052626997918940384,0.0,62.28621697619303,1.081533108344572e-05
19.72,49.98877874638991,49.988774455590494,138.77151563132617,-0.05245179374990554,0.0,62.28621697619303,1.1121345409552417e-05
19.740000000000002,49.98877897262616,49.988774698138926,138.77135655181428,-0.05227717286515559,0.0,62.28621697619303,1.1425911606484837e-05
19.76,49.98877920493566,49.98877494670193,138.77119807761554,-0.05210313332283857,0.0,62.28621697619303,1.1729033347096733e-05
19.78,49.98877944328959,49.98877520125085,138.7710402065495,-0.05192967318756731,0.0,62.28621697619303,1.2030714300294401e-05
19.8,49.98877968765917,49.98877546175712,138.77088293644306,-0.05175679053039784,0.0,62.28621697619303,1.2330958132752966e-05
19.82,49.988779938015696,49.988775728192245,138.77072626513043,-0.05158448342880797,0.0,62.28621697619303,1.262976850685683e-05
19.84,49.98878019433055,49.98877600052778,138.7705701904531,-0.051412749966675914,0.0,62.28621697619303,1.2927149082415968e-05
19.86,49.98878045657519,49.98877627873538,138.77041471025973,-0.05124158823425899,0.0,62.28621697619303,1.3223103515292899e-05
19.88,49.98878072472113,49.988776562786754,138.77025982240627,-0.05107099632817236,0.0,62.28621697619303,1.3517635457574303e-05
19.900000000000002,49.98878099873997,49.9887768526537,138.77010552475582,-0.050900972351367875,0.0,62.28621697619303,1.3810748558257553e-05
19.92,49.98878127860337,49.98877714830807,138.76995181517876,-0.050731514413113,0.0,62.28621697619303,1.4102446463593956e-05
19.94,49.98878156428308,49.9887774497218,138.76979869155247,-0.05056262062896975,0.0,62.28621697619303,1.439273281485759e-05
19.96,49.988781855750915,49.98877775686691,138.76964615176155,-0.05039428912077375,0.0,62.28621697619303,1.4681611250748102e-05
19.98,49.98878215297876,49.98877806971545,138.76949419369774,-0.05022651801661336,0.0,62.28621697619303,1.4969085406532568e-05
20.0,49.98878245593857,49.988778388239595,138.7693428152598,-0.050059305450808854,0.0,62.28621697619303,1.5255158913187343e-05
20.02,49.988782764602384,49.98877871241155,138.76919201435354,-0.04989264956389165,0.0,62.28621697619303,1.553983539945761e-05
20.04,49.988783078942305,49.988779042203625,138.7690417888919,-0.04972654850258368,0.0,62.28621697619303,1.5823118488939696e-05
20.06,49.988783398930515,49.98877937758817,138.76889213679476,-0.04956100041977673,0.0,62.28621697619303,1.610501180282712e-05
20.080000000000002,49.98878372453925,49.98877971853763,138.76874305598903,-0.049396003474511924,0.0,62.28621697619303,1.6385518957679435e-05
20.1,49.988784055740844,49.98878006502451,138.7685945444086,-0.049231555831959255,0.0,62.28621697619303,1.666464356765338e-05
20.12,49.98878439250769,49.988780417021395,138.76844659999423,-0.04906765566339716,0.0,62.28621697619303,1.6942389242271734e-05
20.14,49.98878473481225,49.98878077450093,138.76829922069376,-0.04890430114619222,0.0,62.28621697619303,1.721875958728143e-05
20.16,49.98878508262707,49.98878113743585,138.76815240446183,-0.048741490463778875,0.0,62.28621697619303,1.7493758205854987e-05
20.18,49.98878543592475,49.98878150579894,138.76800614926,-0.04857922180563919,0.0,62.28621697619303,1.776738869704582e-05
20.2,49.98878579467797,49.98878187956307,138.76786045305667,-0.04841749336728277,0.0,62.28621697619303,1.8039654655273386e-05
20.22,49.988786158859504,49.98878225870118,138.76771531382713,-0.048256303350226674,0.0,62.28621697619303,1.8310559672211064e-05
20.240000000000002,49.98878652844216,49.988782643186276,138.76757072955343,-0.04809564996197541,0.0,62.28621697619303,1.8580107335584792e-05
20.26,49.98878690339884,49.98878303299144,138.76742669822445,-0.047935531416001015,0.0,62.28621697619303,1.8848301229173034e-05
20.28,49.98878728370252,49.988783428089825,138.76728321783588,-0.04777594593172314,0.0,62.28621697619303,1.9115144933321687e-05
20.3,49.988787669326236,49.98878382845464,138.76714028639014,-0.04761689173448935,0.0,62.28621697619303,1.9380642024429193e-05
20.32,49.988788060243095,49.988784234059196,138.76699790189636,-0.04745836705555529,0.0,62.28621697619303,1.9644796074946527e-05
20.34,49.98878845642629,49.98878464487685,138.7668560623704,-0.04730037013206506,0.0,62.28621697619303,1.990761065372046e-05
20.36,49.98878885784907,49.988785060881035,138.76671476583488,-0.0471428992070316,0.0,62.28621697619303,2.0169089325650307e-05
20.38,49.988789264484765,49.98878548204525,138.76657401031895,-0.04698595252931718,0.0,62.28621697619303,2.0429235651859554e-05
20.400000000000002,49.98878967630677,49.98878590834308,138.76643379385854,-0.04682952835361388,0.0,62.28621697619303,2.06880531893526e-05
20.42,49.98879009328856,49.988786339748174,138.76629411449613,-0.04667362494042421,0.0,62.28621697619303,2.0945545492044523e-05
20.44,49.98879051540366,49.98878677623424,138.76615497028087,-0.04651824055604176,0.0,62.28621697619303,2.1201716109216423e-05
20.46,49.9887909426257,49.98878721777508,138.76601635926846,-0.04636337347253192,0.0,62.28621697619303,2.145656858620195e-05
20.48,49.98879137492834,49.98878766434452,138.76587827952113,-0.04620902196771269,0.0,62.28621697619303,2.1710106465073808e-05
20.5,49.98879181228535,49.98878811591652,138.76574072910773,-0.04605518432513547,0.0,62.28621697619303,2.1962333282927458e-05
20.52,49.98879225467055,49.98878857246507,138.76560370610363,-0.04590185883406603,0.0,62.28621697619303,2.2213252574283945e-05
20.54,49.98879270205783,49.98878903396423,138.76546720859062,-0.04574904378946545,0.0,62.28621697619303,2.2462867868687075e-05
20.56,49.988793154421145,49.988789500388144,138.76533123465705,-0.04559673749197118,0.0,62.28621697619303,2.271118269190482e-05
20.580000000000002,49.98879361173455,49.988789971711014,138.76519578239774,-0.04544493824787814,0.0,62.28621697619303,2.2958200566100955e-05
20.6,49.98879407397214,49.98879044790712,138.76506084991388,-0.045293644369119875,0.0,62.28621697619303,2.320392500932017e-05
20.62,49.98879454110808,49.98879092895082,138.76492643531316,-0.04514285417324979,0.0,62.28621697619303,2.34483595351448e-05
20.64,49.98879501311663,49.98879141481652,138.76479253670962,-0.04499256598342243,0.0,62.28621697619303,2.3691507653724614e-05
20.66,49.9887954899721,49.988791905478706,138.76465915222371,-0.04484277812837485,0.0,62.28621697619303,2.3933372870403772e-05
20.68,49.98879597164888,49.98879240091193,138.7645262799822,-0.044693488942408044,0.0,62.28621697619303,2.4173958687265496e-05
20.7,49.98879645812141,49.98879290109084,138.76439391811826,-0.04454469676536834,0.0,62.28621697619303,2.4413268602273912e-05
20.72,49.98879694936424,49.98879340599011,138.76426206477134,-0.044396399942629054,0.0,62.28621697619303,2.4651306108759178e-05
20.740000000000002,49.98879744535195,49.98879391558451,138.76413071808722,-0.04424859682507202,0.0,62.28621697619303,2.488807469627562e-05
20.76,49.98879794605921,49.98879442984888,138.7639998762179,-0.04410128576906925,0.0,62.28621697619303,2.5123577850430096e-05
20.78,49.988798451460745,49.98879494875811,138.7638695373217,-0.043954465136464685,0.0,62.28621697619303,2.5357819052367133e-05
20.8,49.98879896153138,49.98879547228718,138.7637396995632,-0.043808133294555955,0.0,62.28621697619303,2.5590801779627043e-05
20.82,49.988799476245966,49.988796000411135,138.7636103611131,-0.04366228861607624,0.0,62.28621697619303,2.5822529505116173e-05
20.84,49.98879999557946,49.988796533105074,138.76348152014842,-0.04351692947917617,0.0,62.28621697619303,2.6053005697450144e-05
20.86,49.988800519506874,49.988797070344184,138.76335317485228,-0.043372054267405764,0.0,62.28621697619303,2.628223382215527e-05
20.88,49.98880104800329,49.9887976121037,138.763225323414,-0.043227661369696496,0.0,62.28621697619303,2.6510217339265734e-05
20.900000000000002,49.98880158104385,49.98879815835896,138.76309796402901,-0.04308374918034336,0.0,62.28621697619303,2.6736959705039904e-05
20.92,49.988802118603786,49.98879870908533,138.7629710948989,-0.04294031609898702,0.0,62.28621697619303,2.6962464371960312e-05
20.94,49.98880266065838,49.98879926425826,138.76284471423133,-0.04279736053059597,0.0,62.28621697619303,2.7186734788047133e-05
20.96,49.98880320718299,49.988799823853284,138.76271882024008,-0.042654880885448866,0.0,62.28621697619303,2.740977439702984e-05
20.98,49.98880375815305,49.98880038784599,138.76259341114496,-0.04251287557911681,0.0,62.28621697619303,2.7631586637832296e-05
21.0,49.988804313544044,49.98880095621203,138.76246848517184,-0.04237134303244574,0.0,62.28621697619303,2.7852174946632305e-05
21.02,49.988804873331546,49.98880152892713,138.76234404055262,-0.04223028167153884,0.0,62.28621697619303,2.8071542753943927e-05
21.04,49.98880543749118,49.98880210596708,138.7622200755252,-0.04208968992773909,0.0,62.28621697619303,2.8289693486505386e-05
21.06,49.98880600599866,49.98880268730776,138.76209658833346,-0.0419495662376118,0.0,62.28621697619303,2.8506630567279084e-05
21.080000000000002,49.988806578829745,49.988803272925075,138.76197357722725,-0.041809909042927175,0.0,62.28621697619303,2.8722357413392038e-05
21.1,49.988807155960274,49.988803862795045,138.76185104046243,-0.04167071679064307,0.0,62.28621697619303,2.89368774397401e-05
21.12,49.98880773736616,49.98880445689372,138.76172897630067,-0.041531987932887655,0.0,62.28621697619303,2.9150194054868857e-05
21.14,49.98880832302337,49.98880505519723,138.76160738300968,-0.041393720926942254,0.0,62.28621697619303,2.9362310664577835e-05
21.16,49.98880891290795,49.988805657681795,138.76148625886293,-0.04125591423522414,0.0,62.28621697619303,2.957323066986096e-05
21.18,49.98880950699601,49.988806264323664,138.7613656021399,-0.04111856632526947,0.0,62.28621697619303,2.9782957466734925e-05
21.2,49.98881010526373,49.988806875099186,138.76124541112586,-0.04098167566971622,0.0,62.28621697619303,2.999149444761223e-05
21.22,49.98881070768735,49.98880748998475,138.76112568411185,-0.04084524074628724,0.0,62.28621697619303,3.019884500009975e-05
21.240000000000002,49.98881131424319,49.98880810895684,138.76100641939487,-0.040709260037773254,0.0,62.28621697619303,3.0405012507685295e-05
21.26,49.98881192490763,49.98880873199197,138.76088761527762,-0.04057373203201607,0.0,62.28621697619303,3.0610000348879434e-05
21.28,49.98881253965712,49.98880935906678,138.7607692700686,-0.04043865522189171,0.0,62.28621697619303,3.0813811899275036e-05
21.3,49.98881315846817,49.988809990157904,138.7606513820821,-0.04030402810529367,0.0,62.28621697619303,3.101645052794311e-05
21.32,49.98881378131737,49.9888106252421,138.76053394963813,-0.0401698491851162,0.0,62.28621697619303,3.12179196013802e-05
21.34,49.98881440818136,49.988811264296174,138.76041697106243,-0.040036116969237694,0.0,62.28621697619303,3.1418222480762386e-05
21.36,49.98881503903688,49.988811907296984,138.76030044468644,-0.03990282997050405,0.0,62.28621697619303,3.161736252263177e-05
21.38,49.98881567386069,49.98881255422148,138.7601843688473,-0.03976998670671216,0.0,62.28621697619303,3.181534307923973e-05
21.400000000000002,49.988816312629666,49.98881320504666,138.7600687418878,-0.03963758570059343,0.0,62.28621697619303,3.201216749889017e-05
21.42,49.98881695532071,49.9888138597496,138.75995356215645,-0.03950562547979732,0.0,62.28621697619303,3.220783912508143e-05
21.44,49.98881760191081,49.98881451830742,138.75983882800733,-0.039374104576875006,0.0,62.28621697619303,3.2402361296334585e-05
21.46,49.98881825237703,49.98881518069735,138.75972453780017,-0.03924302152926306,0.0,62.28621697619303,3.259573734773815e-05
21.48,49.98881890669647,49.988815846896635,138.75961068990028,-0.03911237487926715,0.0,62.28621697619303,3.27879706087169e-05
21.5,49.98881956484634,49.98881651688263,138.75949728267852,-0.03898216317404588,0.0,62.28621697619303,3.297906440474812e-05
21.52,49.98882022680387,49.98881719063272,138.7593843145114,-0.038852384965594594,0.0,62.28621697619303,3.316902205719004e-05
21.54,49.988820892546386,49.988817868124386,138.75927178378092,-0.03872303881072929,0.0,62.28621697619303,3.335784688173714e-05
21.56,49.98882156205128,49.98881854933515,138.7591596888746,-0.038594123271070584,0.0,62.28621697619303,3.354554219082293e-05
21.580000000000002,49.98882223529599,49.98881923424262,138.75904802818548,-0.03846563691302767,0.0,62.28621697619303,3.3732111291217204e-05
21.6,49.988822912258044,49.988819922824455,138.75893680011214,-0.03833757830778244,0.0,62.28621697619303,3.3917557486085535e-05
21.62,49.988823592915026,49.98882061505838,138.75882600305857,-0.03820994603127354,0.0,62.28621697619303,3.410188407344464e-05
21.64,49.988824277244575,49.988821310922205,138.75871563543424,-0.03808273866418057,0.0,62.28621697619303,3.4285094346848884e-05
21.66,49.98882496522442,49.988822010393775,138.7586056956541,-0.03795595479190828,0.0,62.28621697619303,3.4467191595218674e-05
21.68,49.988825656832326,49.98882271345103,138.75849618213846,-0.037829593004570845,0.0,62.28621697619303,3.46481791026688e-05
21.7,49.988826352046146,49.988823420071945,138.75838709331305,-0.0377036518969762,0.0,62.28621697619303,3.482806014919497e-05
21.72,49.98882705084379,49.98882413023459,138.758278427609,-0.037578130068610396,0.0,62.28621697619303,3.5006838009815664e-05
21.740000000000002,49.98882775320324,49.98882484391709,138.75817018346288,-0.03745302612362202,0.0,62.28621697619303,3.5184515955087e-05
21.76,49.988828459102535,49.98882556109761,138.7580623593165,-0.03732833867080671,0.0,62.28621697619303,3.536109725127439e-05
21.78,49.988829168519786,49.98882628175442,138.7579549536171,-0.037204066323591634,0.0,62.28621697619303,3.5536585158979506e-05
21.8,49.98882988143316,49.98882700586583,138.75784796481713,-0.037080207700020094,0.0,62.28621697619303,3.571098293519981e-05
21.82,49.98883059782091,49.98882773341021,138.75774139137445,-0.036956761422736184,0.0,62.28621697619303,3.588429383144064e-05
21.84,49.988831317661315,49.98882846436602,138.75763523175218,-0.03683372611896943,0.0,62.28621697619303,3.605652109543152e-05
21.86,49.988832040932756,49.98882919871177,138.75752948441868,-0.03671110042051953,0.0,62.28621697619303,3.622766796958147e-05
21.88,49.988832767613665,49.98882993642602,138.75742414784756,-0.036588882963741194,0.0,62.28621697619303,3.639773769149392e-05
21.900000000000002,49.98883349768254,49.98883067748742,138.75731922051773,-0.03646707238952889,0.0,62.28621697619303,3.656673349465319e-05
21.92,49.98883423111795,49.988831421874664,138.75721470091324,-0.03634566734330182,0.0,62.28621697619303,3.673465860773801e-05
21.94,49.988834967898505,49.98883216956652,138.75711058752339,-0.03622466647498879,0.0,62.28621697619303,3.690151625376338e-05
21.96,49.98883570800291,49.98883292054182,138.75700687884265,-0.03610406843901321,0.0,62.28621697619303,3.706730965248333e-05
21.98,49.98883645140992,49.98883367477945,138.75690357337066,-0.03598387189427817,0.0,62.28621697619303,3.723204201833141e-05
22.0,49.98883719809834,49.98883443225838,138.75680066961223,-0.035864075504151494,0.0,62.28621697619303,3.739571656059231e-05
22.02,49.98883794804706,49.98883519295762,138.75669816607726,-0.03574467793645086,0.0,62.28621697619303,3.7558336484088383e-05
22.04,49.98883870123504,49.98883595685627,138.75659606128082,-0.03562567786342901,0.0,62.28621697619303,3.7719904989007984e-05
22.06,49.98883945764128,49.98883672393346,138.75649435374308,-0.035507073961759006,0.0,62.28621697619303,3.788042527073389e-05
22.080000000000002,49.98884021724485,49.988837494168415,138.75639304198924,-0.035388864912519476,0.0,62.28621697619303,3.803990052001488e-05
22.1,49.988840980024904,49.98883826754041,138.75629212454965,-0.03527104940117994,0.0,62.28621697619303,3.8198333922450904e-05
22.12,49.98884174596064,49.98883904402877,138.75619159995966,-0.03515362611758625,0.0,62.28621697619303,3.835572865935117e-05
22.14,49.988842515031315,49.988839823612906,138.75609146675967,-0.03503659375594593,0.0,62.28621697619303,3.8512087906704404e-05
22.16,49.98884328721628,49.98884060627229,138.75599172349513,-0.03491995101481376,0.0,62.28621697619303,3.8667414836208605e-05
22.18,49.9888440624949,49.98884139198643,138.75589236871642,-0.03480369659707722,0.0,62.28621697619303,3.882171261458457e-05
22.2,49.988844840846646,49.98884218073494,138.75579340097903,-0.03468782920994213,0.0,62.28621697619303,3.897498440391908e-05
22.22,49.98884562225104,49.98884297249746,138.75569481884327,-0.034572347564918185,0.0,62.28621697619303,3.912723336046358e-05
22.240000000000002,49.98884640668767,49.9888437672537,138.7555966208746,-0.03445725037780474,0.0,62.28621697619303,3.927846263720855e-05
22.26,49.98884719413616,49.988844564983445,138.75549880564324,-0.03434253636867643,0.0,62.28621697619303,3.942867538165235e-05
22.28,49.988847984576246,49.98884536566654,138.75540137172445,-0.03422820426186899,0.0,62.28621697619303,3.957787473614448e-05
22.3,49.988848777987684,49.98884616928289,138.75530431769832,-0.03411425278596507,0.0,62.28621697619303,3.972606383771396e-05
22.32,49.988849574350304,49.98884697581244,138.7552076421499,-0.034000680673780065,0.0,62.28621697619303,3.987324582012886e-05
22.34,49.98885037364401,49.98884778523524,138.7551113436691,-0.03388748666234806,0.0,62.28621697619303,4.001942381149352e-05
22.36,49.988851175848765,49.988848597531366,138.75501542085073,-0.03377466949290774,0.0,62.28621697619303,4.016460093476338e-05
22.38,49.98885198094458,49.98884941268098,138.75491987229435,-0.03366222791088846,0.0,62.28621697619303,4.0308780308088314e-05
22.400000000000002,49.98885278891155,49.98885023066429,138.75482469660443,-0.0335501606658962,0.0,62.28621697619303,4.045196504532746e-05
22.42,49.98885359972981,49.98885105146157,138.75472989239023,-0.03343846651169975,0.0,62.28621697619303,4.059415825501947e-05
22.44,49.98885441337958,49.98885187505316,138.75463545826585,-0.03332714420621682,0.0,62.28621697619303,4.073536304038252e-05
22.46,49.98885522984112,49.988852701419454,138.75454139285011,-0.033216192511500195,0.0,62.28621697619303,4.087558250068731e-05
22.48,49.988856049094764,49.98885353054092,138.75444769476664,-0.03310561019372401,0.0,62.28621697619303,4.101481972971243e-05
22.5,49.988856871120916,49.98885436239807,138.75435436264385,-0.03299539602317001,0.0,62.28621697619303,4.115307781660249e-05
22.52,49.988857695900016,49.9888551969715,138.7542613951148,-0.03288554877421389,0.0,62.28621697619303,4.129035984535325e-05
22.54,49.988858523412596,49.98885603424184,138.7541687908174,-0.03277606722531164,0.0,62.28621697619303,4.142666889498322e-05
22.56,49.98885935363923,49.98885687418981,138.75407654839418,-0.03266695015898599,0.0,62.28621697619303,4.1562008040220216e-05
22.580000000000002,49.98886018656055,49.988857716796154,138.75398466649239,-0.03255819636181284,0.0,62.28621697619303,4.1696380349785035e-05
22.6,49.988861022157266,49.98885856204172,138.75389314376392,-0.032449804624407816,0.0,62.28621697619303,4.182978888862264e-05
22.62,49.98886186041014,49.988859409907384,138.75380197886543,-0.032341773741412755,0.0,62.28621697619303,4.1962236716357523e-05
22.64,49.9888627013,49.9888602603741,138.7537111704581,-0.03223410251148235,0.0,62.28621697619303,4.2093726887122045e-05
22.66,49.98886354480772,49.98886111342288,138.75362071720787,-0.03212678973727077,0.0,62.28621697619303,4.2224262450586214e-05
22.68,49.98886439091425,49.98886196903479,138.75353061778517,-0.03201983422541836,0.0,62.28621697619303,4.2353846451614454e-05
22.7,49.98886523960061,49.98886282719095,138.75344087086512,-0.03191323478653836,0.0,62.28621697619303,4.248248192975069e-05
22.72,49.98886609084784,49.98886368787257,138.75335147512746,-0.031806990235203676,0.0,62.28621697619303,4.261017191990487e-05
22.740000000000002,49.988866944637095,49.98886455106089,138.75326242925638,-0.03170109938993369,0.0,62.28621697619303,4.273691945166645e-05
22.76,49.98886780094955,49.98886541673722,138.75317373194076,-0.03159556107318116,0.0,62.28621697619303,4.2862727549990926e-05
22.78,49.98886865976646,49.98886628488294,138.75308538187397,-0.03149037411131905,0.0,62.28621697619303,4.2987599234341665e-05
22.8,49.98886952106913,49.98886715547947,138.75299737775387,-0.03138553733462759,0.0,62.28621697619303,4.3111537520062946e-05
22.82,49.988870384838926,49.9888680285083,138.7529097182829,-0.03128104957728115,0.0,62.28621697619303,4.3234545416835305e-05
22.84,49.98887125105729,49.988868903950994,138.752822402168,-0.031176909677335368,0.0,62.28621697619303,4.335662592936205e-05
22.86,49.988872119705704,49.98886978178915,138.75273542812053,-0.031073116476714166,0.0,62.28621697619303,4.3477782057884134e-05
22.88,49.988872990765714,49.98887066200444,138.75264879485644,-0.03096966882119691,0.0,62.28621697619303,4.3598016796978764e-05
22.900000000000002,49.98887386421894,49.98887154457859,138.752562501096,-0.03086656556040556,0.0,62.28621697619303,4.3717333136417556e-05
22.92,49.98887474004704,49.988872429493405,138.75247654556404,-0.030763805547791876,0.0,62.28621697619303,4.383573406116651e-05
22.94,49.98887561823175,49.98887331673071,138.75239092698973,-0.030661387640624677,0.0,62.28621697619303,4.395322255155766e-05
22.96,49.988876498754856,49.988874206272435,138.75230564410674,-0.030559310699977114,0.0,62.28621697619303,4.4069801581744395e-05
22.98,49.98887738159821,49.98887509810052,138.7522206956531,-0.03045757359071403,0.0,62.28621697619303,4.4185474121932664e-05
23.0,49.98887826674372,49.988875992197016,138.75213608037123,-0.030356175181479327,0.0,62.28621697619303,4.430024313666466e-05
23.02,49.98887915417334,49.988876888543984,138.75205179700788,-0.030255114344683365,0.0,62.28621697619303,4.4414111586191844e-05
23.04,49.98888004386911,49.988877787123585,138.75196784431424,-0.03015438995649046,0.0,62.28621697619303,4.4527082424587076e-05
23.06,49.9888809358131,49.98887868791801,138.75188422104577,-0.030054000896806356,0.0,62.28621697619303,4.46391586018041e-05
23.080000000000002,49.98888182998747,49.98887959090952,138.75180092596233,-0.029953946049265785,0.0,62.28621697619303,4.4750343062647805e-05
23.1,49.98888272637441,49.988880496080434,138.75171795782805,-0.029854224301220044,0.0,62.28621697619303,4.486063874677424e-05
23.12,49.988883624956195,49.98888140341313,138.75163531541136,-0.02975483454372463,0.0,62.28621697619303,4.4970048588175677e-05
23.14,49.98888452571513,49.98888231289004,138.75155299748502,-0.0296557756715269,0.0,62.28621697619303,4.5078575517240206e-05
23.16,49.9888854286336,49.988883224493655,138.751471002826,-0.02955704658305378,0.0,62.28621697619303,4.5186222457490767e-05
23.18,49.98888633369404,49.98888413820654,138.7513893302156,-0.029458646180399527,0.0,62.28621697619303,4.5292992328674465e-05
23.2,49.988887240878945,49.988885054011284,138.75130797843937,-0.029360573369313508,0.0,62.28621697619303,4.5398888045389545e-05
23.22,49.98888815017087,49.98888597189057,138.751226946287,-0.029262827059188038,0.0,62.28621697619303,4.550391251605562e-05
23.240000000000002,49.98888906155243,49.98888689182711,138.7511462325525,-0.02916540616304624,0.0,62.28621697619303,4.5608068645488105e-05
23.26,49.98888997500629,49.98888781380369,138.75106583603403,-0.02906830959752998,0.0,62.28621697619303,4.5711359333010284e-05
23.28,49.98889089051517,49.98888873780316,138.75098575553397,-0.028971536282887803,0.0,62.28621697619303,4.5813787472110086e-05
23.3,49.988891808061865,49.9888896638084,138.75090598985892,-0.02887508514296292,0.0,62.28621697619303,4.5915355952156344e-05
23.32,49.98889272762922,49.988890591802374,138.75082653781953,-0.02877895510518126,0.0,62.28621697619303,4.601606765651087e-05
23.34,49.98889364920013,49.9888915217681,138.7507473982307,-0.02868314510053952,0.0,62.28621697619303,4.6115925464416407e-05
23.36,49.988894572757545,49.98889245368864,138.75066856991143,-0.028587654063593305,0.0,62.28621697619303,4.621493224928033e-05
23.38,49.9888954982845,49.988893387547115,138.75059005168487,-0.028492480932445254,0.0,62.28621697619303,4.631309087970438e-05
23.400000000000002,49.988896425764054,49.98889432332672,138.75051184237824,-0.028397624648733244,0.0,62.28621697619303,4.641040421914147e-05
23.42,49.98889735517934,49.98889526101068,138.75043394082294,-0.028303084157618622,0.0,62.28621697619303,4.650687512623889e-05
23.44,49.98889828651354,49.98889620058231,138.75035634585436,-0.028208858407774467,0.0,62.28621697619303,4.6602506453808563e-05
23.46,49.988899219749904,49.988897142024946,138.75027905631202,-0.028114946351373904,0.0,62.28621697619303,4.6697301050543324e-05
23.48,49.988900154871736,49.98889808532201,138.7502020710395,-0.02802134694407845,0.0,62.28621697619303,4.679126175878574e-05
23.5,49.98890109186239,49.98889903045696,138.75012538888438,-0.027928059145026402,0.0,62.28621697619303,4.688439141710256e-05
23.52,49.988902030705276,49.988899977413325,138.75004900869834,-0.027835081916821266,0.0,62.28621697619303,4.697669285805351e-05
23.54,49.98890297138387,49.98890092617468,138.74997292933702,-0.02774241422552021,0.0,62.28621697619303,4.706816890956436e-05
23.56,49.9889039138817,49.988901876724654,138.74989714966011,-0.027650055040622578,0.0,62.28621697619303,4.715882239389712e-05
23.580000000000002,49.98890485818235,49.98890282904695,138.74982166853124,-0.027558003335058413,0.0,62.28621697619303,4.724865612867984e-05
23.6,49.98890580426946,49.98890378312531,138.7497464848181,-0.027466258085177064,0.0,62.28621697619303,4.73376729263917e-05
23.62,49.98890675212672,49.98890473894354,138.74967159739234,-0.027374818270735773,0.0,62.28621697619303,4.742587559436301e-05
23.64,49.98890770173789,49.98890569648549,138.74959700512943,-0.02728368287488835,0.0,62.28621697619303,4.751326693443199e-05
23.66,49.988908653086774,49.98890665573508,138.74952270690898,-0.02719285088417385,0.0,62.28621697619303,4.759984974363122e-05
23.68,49.988909606157236,49.98890761667627,138.74944870161437,-0.027102321288505322,0.0,62.28621697619303,4.768562681367283e-05
23.7,49.988910560933206,49.98890857929311,138.749374988133,-0.027012093081158556,0.0,62.28621697619303,4.777060093146333e-05
23.72,49.98891151739865,49.988909543569655,138.74930156535612,-0.0269221652587609,0.0,62.28621697619303,4.785477487824546e-05
23.740000000000002,49.988912475537596,49.98891050949005,138.7492284321789,-0.026832536821280097,0.0,62.28621697619303,4.793815143079965e-05
23.76,49.98891343533413,49.988911477038485,138.7491555875004,-0.026743206772013167,0.0,62.28621697619303,4.802073336024257e-05
23.78,49.988914396772415,49.98891244619921,138.74908303022346,-0.02665417411757533,0.0,62.28621697619303,4.810252343254203e-05
23.8,49.988915359836625,49.98891341695652,138.7490107592549,-0.026565437867888946,0.0,62.28621697619303,4.8183524408860225e-05
23.82,49.988916324511024,49.98891438929478,138.74893877350527,-0.026476997036172508,0.0,62.28621697619303,4.826373904503888e-05
23.84,49.988917290779916,49.98891536319838,138.74886707188904,-0.02638885063892967,0.0,62.28621697619303,4.8343170091770856e-05
23.86,49.98891825862766,49.988916338651805,138.74879565332446,-0.026300997695938327,0.0,62.28621697619303,4.842182029425689e-05
23.88,49.98891922803868,49.98891731563957,138.74872451673355,-0.026213437230239674,0.0,62.28621697619303,4.849969239357862e-05
23.900000000000002,49.98892019899745,49.98891829414624,138.74865366104217,-0.02612616826812739,0.0,62.28621697619303,4.857678912446745e-05
23.92,49.988921171488485,49.98891927415645,138.74858308517992,-0.02603918983913677,0.0,62.28621697619303,4.865311321684916e-05
23.94,49.98892214549638,49.98892025565489,138.7485127880802,-0.02595250097603397,0.0,62.28621697619303,4.872866739635882e-05
23.96,49.98892312100576,49.98892123862628,138.7484427686802,-0.025866100714805204,0.0,62.28621697619303,4.880345438210961e-05
23.98,49.98892409800132,49.988922223055425,138.74837302592076,-0.025779988094646072,0.0,62.28621697619303,4.8877476888752364e-05
24.0,49.98892507646781,49.988923208927154,138.74830355874647,-0.025694162157950846,0.0,62.28621697619303,4.8950737625617424e-05
24.02,49.988926056390014,49.988924196226385,138.74823436610575,-0.02560862195030183,0.0,62.28621697619303,4.902323929757279e-05
24.04,49.988927037752795,49.988925184938054,138.74816544695057,-0.025523366520458748,0.0,62.28621697619303,4.9094984603136206e-05
24.060000000000002,49.98892802054106,49.98892617504717,138.7480968002367,-0.025438394920348162,0.0,62.28621697619303,4.916597623636306e-05
24.080000000000002,49.98892900473977,49.988927166538794,138.74802842492358,-0.025353706205052937,0.0,62.28621697619303,4.923621688615987e-05
24.1,49.98892999033392,49.988928159398036,138.74796031997425,-0.02526929943280171,0.0,62.28621697619303,4.930570923594107e-05
24.12,49.988930977308605,49.988929153610066,138.74789248435548,-0.025185173664958448,0.0,62.28621697619303,4.937445596465872e-05
24.14,49.98893196564893,49.9889301491601,138.7478249170377,-0.02510132796601199,0.0,62.28621697619303,4.944245974491463e-05
24.16,49.988932955340076,49.98893114603341,138.7477576169949,-0.025017761403565656,0.0,62.28621697619303,4.950972324519151e-05
24.18,49.98893394636726,49.98893214421532,138.74769058320476,-0.024934473048326862,0.0,62.28621697619303,4.9576249128136714e-05
24.2,49.98893493871578,49.988933143691206,138.7476238146485,-0.02485146197409681,0.0,62.28621697619303,4.9642040051763606e-05
24.22,49.98893593237096,49.9889341444465,138.74755731031104,-0.02476872725776016,0.0,62.28621697619303,4.970709866825018e-05
24.240000000000002,49.98893692731818,49.988935146466694,138.74749106918082,-0.024686267979274795,0.0,62.28621697619303,4.977142762548372e-05
24.26,49.98893792354289,49.98893614973731,138.74742509024983,-0.024604083221661556,0.0,62.28621697619303,4.983502956551612e-05
24.28,49.98893892103058,49.98893715424395,138.7473593725137,-0.024522172070994077,0.0,62.28621697619303,4.9897907125250424e-05
24.3,49.98893991976679,49.98893815997224,138.74729391497158,-0.0244405336163886,0.0,62.28621697619303,4.996006293661244e-05
24.32,49.98894091973713,49.98893916690788,138.74722871662615,-0.02435916694999385,0.0,62.28621697619303,5.0021499626894e-05
24.34,49.988941920927246,49.98894017503662,138.7471637764836,-0.024278071166980948,0.0,62.28621697619303,5.00822198170367e-05
24.36,49.98894292332284,49.98894118434424,138.7470990935537,-0.024197245365533346,0.0,62.28621697619303,5.014222612300485e-05
24.38,49.988943926909656,49.98894219481661,138.74703466684966,-0.024116688646836786,0.0,62.28621697619303,5.020152115664373e-05
24.400000000000002,49.988944931673515,49.98894320643962,138.74697049538824,-0.02403640011506932,0.0,62.28621697619303,5.026010752379158e-05
24.42,49.98894593760027,49.988944219199226,138.74690657818965,-0.023956378877391344,0.0,62.28621697619303,5.031798782513778e-05
24.44,49.98894694467583,49.98894523308143,138.74684291427758,-0.023876624043935667,0.0,62.28621697619303,5.0375164656222885e-05
24.46,49.988947952886164,49.98894624807229,138.74677950267917,-0.02379713472779762,0.0,62.28621697619303,5.04316406077818e-05
24.48,49.98894896221729,49.98894726415791,138.74671634242506,-0.023717910045025176,0.0,62.28621697619303,5.048741826488572e-05
24.5,49.98894997265526,49.98894828132444,138.74665343254924,-0.023638949114609148,0.0,62.28621697619303,5.054250020745695e-05
24.52,49.98895098418621,49.988949299558115,138.74659077208923,-0.02356025105847337,0.0,62.28621697619303,5.0596889011127106e-05
24.54,49.988951996796295,49.98895031884517,138.7465283600859,-0.023481815001464946,0.0,62.28621697619303,5.065058724483426e-05
24.560000000000002,49.98895301047174,49.98895133917193,138.74646619558354,-0.02340364007134451,0.0,62.28621697619303,5.0703597473225793e-05
24.580000000000002,49.988954025198815,49.98895236052476,138.7464042776298,-0.02332572539877652,0.0,62.28621697619303,5.0755922255456944e-05
24.6,49.98895504096385,49.988953382890074,138.7463426052758,-0.023248070117319608,0.0,62.28621697619303,5.08075641467355e-05
24.62,49.988956057753214,49.98895440625432,138.74628117757595,-0.023170673363416935,0.0,62.28621697619303,5.085852569523249e-05
24.64,49.98895707555334,49.98895543060404,138.74621999358806,-0.023093534276386583,0.0,62.28621697619303,5.0908809445343084e-05
24.66,49.98895809435068,49.98895645592577,138.74615905237323,-0.023016651998411998,0.0,62.28621697619303,5.0958417934940584e-05
24.68,49.98895911413179,49.98895748220615,138.74609835299603,-0.022940025674532433,0.0,62.28621697619303,5.100735369812244e-05
24.7,49.98896013488323,49.98895850943184,138.74603789452422,-0.022863654452633452,0.0,62.28621697619303,5.1055619262979124e-05
24.72,49.98896115659163,49.988959537589544,138.74597767602896,-0.022787537483437464,0.0,62.28621697619303,5.110321715262386e-05
24.740000000000002,49.988962179243664,49.988960566666044,138.74591769658466,-0.02271167392049425,0.0,62.28621697619303,5.1150149884849374e-05
24.76,49.98896320282607,49.98896159664815,138.74585795526906,-0.02263606292017157,0.0,62.28621697619303,5.119641997298607e-05
24.78,49.988964227325624,49.98896262752273,138.74579845116318,-0.02256070364164579,0.0,62.28621697619303,5.1242029923670816e-05
24.8,49.98896525272915,49.9889636592767,138.74573918335133,-0.022485595246892507,0.0,62.28621697619303,5.128698224027955e-05
24.82,49.988966279023536,49.988964691897024,138.74568015092106,-0.022410736900677252,0.0,62.28621697619303,5.1331279419837915e-05
24.84,49.9889673061957,49.98896572537072,138.74562135296316,-0.022336127770546183,0.0,62.28621697619303,5.137492395387949e-05
24.86,49.988968334232624,49.98896675968486,138.7455627885717,-0.022261767026816846,0.0,62.28621697619303,5.141791832964709e-05
24.88,49.98896936312133,49.98896779482654,138.74550445684392,-0.022187653842568936,0.0,62.28621697619303,5.146026502889143e-05
24.900000000000002,49.988970392848906,49.988968830782945,138.74544635688036,-0.02211378739363511,0.0,62.28621697619303,5.150196652787112e-05
24.92,49.988971423402475,49.98896986754127,138.7453884877847,-0.022040166858591805,0.0,62.28621697619303,5.154302529855402e-05
24.94,49.98897245476921,49.98897090508879,138.7453308486639,-0.02196679141875013,0.0,62.28621697619303,5.15834438067294e-05
24.96,49.98897348693634,49.98897194341281,138.745273438628,-0.02189366025814675,0.0,62.28621697619303,5.162322451303763e-05
24.98,49.98897451989114,49.98897298250069,138.7452162567903,-0.02182077256353479,0.0,62.28621697619303,5.1662369873828384e-05
25.0,49.988975553620925,49.98897402233984,138.74515930226724,-0.021748127524374827,0.0,62.28621697619303,5.170088233978759e-05
25.02,49.98897658811308,49.98897506291772,138.74510257417842,-0.02167572433282586,0.0,62.28621697619303,5.173876435610905e-05
25.04,49.98897762335503,49.988976104221834,138.74504607164658,-0.021603562183736325,0.0,62.28621697619303,5.177601836369585e-05
25.060000000000002,49.98897865933422,49.98897714623973,138.74498979379766,-0.021531640274635142,0.0,62.28621697619303,5.18126467969292e-05
25.080000000000002,49.9889796960382,49.988978188959024,138.7449337397606,-0.021459957805722792,0.0,62.28621697619303,5.184865208658609e-05
25.1,49.98898073345451,49.98897923236735,138.74487790866755,-0.02138851397986243,0.0,62.28621697619303,5.1884036657093254e-05
25.12,49.98898177157079,49.98898027645242,138.74482229965378,-0.021317308002571003,0.0,62.28621697619303,5.191880292875834e-05
25.14,49.98898281037469,49.98898132120198,138.7447669118576,-0.021246339082010436,0.0,62.28621697619303,5.1952953315367104e-05
25.16,49.98898384985392,49.98898236660383,138.7447117444204,-0.021175606428978814,0.0,62.28621697619303,5.198649022658622e-05
25.18,49.98898488999625,49.988983412645794,138.7446567964867,-0.02110510925690161,0.0,62.28621697619303,5.2019416066761865e-05
25.2,49.98898593078949,49.98898445931578,138.74460206720408,-0.021034846781822936,0.0,62.28621697619303,5.20517332347481e-05
25.22,49.98898697222148,49.98898550660172,138.7445475557231,-0.02096481822239682,0.0,62.28621697619303,5.2083444124765016e-05
25.240000000000002,49.988988014280146,49.9889865544916,138.74449326119748,-0.020895022799878527,0.0,62.28621697619303,5.211455112519732e-05
25.26,49.98898905695342,49.98898760297346,138.74443918278382,-0.0208254597381159,0.0,62.28621697619303,5.214505661979576e-05
25.28,49.98899010022932,49.98898865203537,138.7443853196419,-0.020756128263540716,0.0,62.28621697619303,5.2174962986818954e-05
25.3,49.988991144095884,49.98898970166547,138.74433167093449,-0.020687027605160096,0.0,62.28621697619303,5.2204272599891536e-05
25.32,49.988992188541204,49.98899075185192,138.74427823582727,-0.020618156994547922,0.0,62.28621697619303,5.2232987826974425e-05
25.34,49.98899323355342,49.98899180258295,138.74422501348897,-0.020549515665836304,0.0,62.28621697619303,5.2261111031222905e-05
25.36,49.98899427912073,49.98899285384684,138.74417200309134,-0.020481102855707044,0.0,62.28621697619303,5.2288644570471784e-05
25.38,49.988995325231365,49.988993905631894,138.74411920380908,-0.02041291780338317,0.0,62.28621697619303,5.231559079757864e-05
25.400000000000002,49.98899637187361,49.98899495792647,138.74406661481984,-0.02034495975062046,0.0,62.28621697619303,5.234195205956568e-05
25.42,49.98899741903579,49.988996010718985,138.74401423530423,-0.02027722794169902,0.0,62.28621697619303,5.236773069950764e-05
25.44,49.98899846670629,49.9889970639979,138.74396206444584,-0.02020972162341486,0.0,62.28621697619303,5.2392929054128994e-05
25.46,49.98899951487353,49.988998117751706,138.74391010143114,-0.020142440045071562,0.0,62.28621697619303,5.241754945603514e-05
25.48,49.98900056352598,49.988999171968956,138.7438583454496,-0.02007538245847187,0.0,62.28621697619303,5.2441594232339355e-05
25.5,49.989001612652146,49.98900022663825,138.74380679569353,-0.02000854811790943,0.0,62.28621697619303,5.2465065704491164e-05
25.52,49.98900266224061,49.989001281748216,138.7437554513582,-0.019941936280160454,0.0,62.28621697619303,5.248796618947774e-05
25.54,49.98900371227997,49.98900233728755,138.74370431164175,-0.019875546204475483,0.0,62.28621697619303,5.251029799913742e-05
25.560000000000002,49.989004762758874,49.98900339324499,138.74365337574525,-0.019809377152571125,0.0,62.28621697619303,5.253206344015966e-05
25.580000000000002,49.98900581366604,49.989004449609304,138.7436026428726,-0.01974342838862187,0.0,62.28621697619303,5.2553264813226905e-05
25.6,49.98900686499021,49.989005506369324,138.7435521122306,-0.019677699179251894,0.0,62.28621697619303,5.257390441507417e-05
25.62,49.98900791672017,49.98900656351392,138.74350178302888,-0.019612188793526893,0.0,62.28621697619303,5.2593984536944324e-05
25.64,49.989008968844765,49.989007621031995,138.74345165447994,-0.01954689650294598,0.0,62.28621697619303,5.261350746458813e-05
25.66,49.98901002135288,49.98900867891252,138.74340172579915,-0.01948182158143357,0.0,62.28621697619303,5.263247547929401e-05
25.68,49.989011074233446,49.98900973714451,138.74335199620467,-0.0194169633053313,0.0,62.28621697619303,5.2650890856515e-05
25.7,49.98901212747543,49.98901079571699,138.7433024649175,-0.01935232095338999,0.0,62.28621697619303,5.266875586707017e-05
25.72,49.98901318106787,49.989011854619086,138.74325313116145,-0.019287893806761623,0.0,62.28621697619303,5.2686072776629724e-05
25.740000000000002,49.989014234999814,49.98901291383992,138.7432039941631,-0.019223681148991346,0.0,62.28621697619303,5.270284384588664e-05
25.76,49.98901528926038,49.98901397336869,138.74315505315192,-0.019159682266009507,0.0,62.28621697619303,5.271907132952688e-05
25.78,49.98901634383873,49.989015033194626,138.74310630736008,-0.019095896446123705,0.0,62.28621697619303,5.273475747828896e-05
25.8,49.98901739872406,49.989016093306994,138.74305775602252,-0.019032322980010896,0.0,62.28621697619303,5.274990453793417e-05
25.82,49.98901845390561,49.989017153695116,138.743009398377,-0.018968961160709483,0.0,62.28621697619303,5.2764514747530263e-05
25.84,49.98901950937268,49.98901821434836,138.74296123366406,-0.018905810283611473,0.0,62.28621697619303,5.277859034288405e-05
25.86,49.989020565114615,49.98901927525615,138.7429132611269,-0.018842869646454617,0.0,62.28621697619303,5.279213355328046e-05
25.88,49.98902162112077,49.98902033640791,138.74286548001146,-0.018780138549314627,0.0,62.28621697619303,5.2805146604400223e-05
25.900000000000002,49.98902267738059,49.98902139779317,138.7428178895665,-0.018717616294597377,0.0,62.28621697619303,5.281763171488728e-05
25.92,49.989023733883535,49.98902245940145,138.7427704890435,-0.01865530218703116,0.0,62.28621697619303,5.2829591099953014e-05
25.94,49.989024790619126,49.989023521222336,138.74272327769654,-0.01859319553365893,0.0,62.28621697619303,5.28410269694883e-05
25.96,49.98902584757691,49.98902458324546,138.74267625478248,-0.01853129564383062,0.0,62.28621697619303,5.285194152772028e-05
25.98,49.98902690474649,49.98902564546051,138.7426294195609,-0.018469601829195454,0.0,62.28621697619303,5.2862336973727245e-05
26.0,49.98902796211752,49.989026707857185,138.742582771294,-0.01840811340369429,0.0,62.28621697619303,5.287221550229674e-05
26.02,49.98902901967968,49.98902777042526,138.7425363092467,-0.018346829683551995,0.0,62.28621697619303,5.288157930272421e-05
26.04,49.989030077422704,49.98902883315453,138.7424900326866,-0.01828574998726984,0.0,62.28621697619303,5.2890430559156243e-05
26.060000000000002,49.989031135336376,49.989029896034836,138.7424439408839,-0.01822487363561791,0.0,62.28621697619303,5.28987714507622e-05
26.080000000000002,49.9890321934105,49.98903095905609,138.7423980331115,-0.018164199951627585,0.0,62.28621697619303,5.290660415139093e-05
26.1,49.98903325163496,49.98903202220821,138.7423523086449,-0.01810372826058396,0.0,62.28621697619303,5.291393083042895e-05
26.12,49.989034309999646,49.989033085481175,138.7423067667623,-0.018043457890018388,0.0,62.28621697619303,5.292075365142741e-05
26.14,49.98903536849451,49.98903414886501,138.7422614067445,-0.01798338816970097,0.0,62.28621697619303,5.292707477398999e-05
26.16,49.98903642710956,49.989035212349776,138.74221622787482,-0.017923518431633135,0.0,62.28621697619303,5.293289635154174e-05
26.18,49.989037485834814,49.98903627592558,138.74217122943932,-0.017863848010040175,0.0,62.28621697619303,5.293822053287373e-05
26.2,49.98903854466036,49.989037339582566,138.7421264107266,-0.017804376241363867,0.0,62.28621697619303,5.294304946214306e-05
26.22,49.989039603576316,49.98903840331093,138.74208177102784,-0.017745102464255078,0.0,62.28621697619303,5.294738527767147e-05
26.240000000000002,49.98904066257285,49.9890394671009,138.74203730963683,-0.017686026019566425,0.0,62.28621697619303,5.295123011331832e-05
26.26,49.98904172164016,49.98904053094276,138.74199302584987,-0.01762714625034494,0.0,62.28621697619303,5.2954586097794146e-05
26.28,49.98904278076851,49.98904159482682,138.7419489189659,-0.017568462501824755,0.0,62.28621697619303,5.295745535517548e-05
26.3,49.989043839948174,49.98904265874346,138.74190498828636,-0.01750997412141983,0.0,62.28621697619303,5.295984000353188e-05
26.32,49.98904489916951,49.98904372268305,138.74186123311532,-0.017451680458716704,0.0,62.28621697619303,5.2961742156985413e-05
26.34,49.98904595842287,49.98904478663606,138.74181765275927,-0.017393580865467235,0.0,62.28621697619303,5.2963163923651164e-05
26.36,49.98904701769869,49.989045850592966,138.7417742465273,-0.017335674695581418,0.0,62.28621697619303,5.2964107407696753e-05
26.38,49.98904807698742,49.989046914544296,138.741731013731,-0.017277961305120194,0.0,62.28621697619303,5.296457470711116e-05
26.400000000000002,49.98904913627957,49.98904797848063,138.74168795368448,-0.01722044005228828,0.0,62.28621697619303,5.2964567915764285e-05
26.42,49.989050195565675,49.989049042392566,138.74164506570438,-0.017163110297427047,0.0,62.28621697619303,5.296408912220554e-05
26.44,49.98905125483633,49.98905010627077,138.74160234910977,-0.017105971403007385,0.0,62.28621697619303,5.29631404100071e-05
26.46,49.989052314082166,49.98905117010592,138.74155980322226,-0.017049022733622632,0.0,62.28621697619303,5.296172385776391e-05
26.48,49.98905337329384,49.98905223388876,138.74151742736595,-0.016992263655981506,0.0,62.28621697619303,5.295984153892205e-05
26.5,49.98905443246207,49.98905329761008,138.74147522086736,-0.016935693538901047,0.0,62.28621697619303,5.2957495522293636e-05
26.52,49.9890554915776,49.98905436126067,138.74143318305553,-0.01687931175329963,0.0,62.28621697619303,5.295468787154192e-05
26.54,49.98905655063123,49.98905542483142,138.7413913132619,-0.01682311767218993,0.0,62.28621697619303,5.29514206446664e-05
26.560000000000002,49.9890576096138,49.9890564883132,138.74134961082035,-0.016767110670671975,0.0,62.28621697619303,5.294769589537586e-05
26.580000000000002,49.98905866851618,49.98905755169697,138.7413080750673,-0.016711290125926193,0.0,62.28621697619303,5.2943515673431634e-05
26.6,49.98905972732928,49.989058614973715,138.7412667053415,-0.01665565541720648,0.0,62.28621697619303,5.2938882021558276e-05
26.62,49.98906078604406,49.98905967813444,138.74122550098414,-0.016600205925833306,0.0,62.28621697619303,5.293379697818961e-05
26.64,49.989061844651516,49.98906074117021,138.74118446133883,-0.016544941035186823,0.0,62.28621697619303,5.292826257798364e-05
26.66,49.989062903142695,49.98906180407214,138.74114358575162,-0.01648986013070002,0.0,62.28621697619303,5.2922280849076484e-05
26.68,49.98906396150867,49.989062866831375,138.74110287357092,-0.016434962599851874,0.0,62.28621697619303,5.29158538156568e-05
26.7,49.98906501974056,49.98906392943908,138.7410623241475,-0.016380247832160567,0.0,62.28621697619303,5.2908983496077854e-05
26.72,49.98906607782952,49.98906499188649,138.74102193683458,-0.01632571521917666,0.0,62.28621697619303,5.290167190457384e-05
26.740000000000002,49.98906713576676,49.98906605416486,138.74098171098774,-0.016271364154476355,0.0,62.28621697619303,5.289392105057335e-05
26.76,49.98906819354351,49.9890671162655,138.74094164596488,-0.01621719403365473,0.0,62.28621697619303,5.2885732937326336e-05
26.78,49.98906925115105,49.989068178179764,138.74090174112632,-0.016163204254319042,0.0,62.28621697619303,5.287710956447855e-05
26.8,49.989070308580715,49.98906923989902,138.74086199583468,-0.01610939421608201,0.0,62.28621697619303,5.2868052926012005e-05
26.82,49.98907136582385,49.989070301414685,138.74082240945492,-0.016055763320555142,0.0,62.28621697619303,5.285856501127471e-05
26.84,49.98907242287185,49.989071362718235,138.74078298135436,-0.016002310971342085,0.0,62.28621697619303,5.2848647804294236e-05
26.86,49.98907347971616,49.98907242380116,138.74074371090268,-0.015949036574031992,0.0,62.28621697619303,5.2838303284635766e-05
26.88,49.98907453634827,49.989073484655016,138.7407045974718,-0.0158959395361929,0.0,62.28621697619303,5.2827533426887264e-05
26.900000000000002,49.98907559275968,49.98907454527137,138.74066564043602,-0.015843019267365168,0.0,62.28621697619303,5.281634020065946e-05
26.92,49.98907664894196,49.989075605641844,138.74062683917185,-0.01579027517905488,0.0,62.28621697619303,5.2804725570414234e-05
26.94,49.989077704886704,49.9890766657581,138.74058819305824,-0.01573770668472733,0.0,62.28621697619303,5.279269149580785e-05
26.96,49.989078760585535,49.98907772561183,138.7405497014763,-0.01568531319980047,0.0,62.28621697619303,5.278023993186261e-05
26.98,49.98907981603014,49.989078785194764,138.7405113638095,-0.015633094141638437,0.0,62.28621697619303,5.2767372828623576e-05
27.0,49.98908087121224,49.98907984449869,138.74047317944354,-0.015581048929545054,0.0,62.28621697619303,5.275409213081532e-05
27.02,49.98908192612357,49.989080903515415,138.74043514776633,-0.015529176984757382,0.0,62.28621697619303,5.2740399778528444e-05
27.04,49.989082980755924,49.98908196223679,138.74039726816818,-0.01547747773043928,0.0,62.28621697619303,5.2726297707391206e-05
27.060000000000002,49.98908403510114,49.989083020654704,138.7403595400415,-0.015425950591674996,0.0,62.28621697619303,5.2711787847711356e-05
27.080000000000002,49.98908508915108,49.98908407876109,138.7403219627811,-0.015374594995462763,0.0,62.28621697619303,5.269687212516271e-05
27.1,49.98908614289766,49.98908513654791,138.7402845357839,-0.015323410370708442,0.0,62.28621697619303,5.268155246027017e-05
27.12,49.98908719633282,49.989086194007164,138.74024725844907,-0.015272396148219156,0.0,62.28621697619303,5.266583076892472e-05
27.14,49.989088249448535,49.98908725113091,138.740210130178,-0.015221551760696974,0.0,62.28621697619303,5.264970896169681e-05
27.16,49.989089302236835,49.98908830791122,138.74017315037437,-0.015170876642732587,0.0,62.28621697619303,5.263318894538108e-05
27.18,49.98909035468977,49.98908936434021,138.74013631844394,-0.015120370230799037,0.0,62.28621697619303,5.261627262042191e-05
27.2,49.98909140679946,49.989090420410044,138.74009963379473,-0.015070031963245436,0.0,62.28621697619303,5.25989618833162e-05
27.22,49.98909245855802,49.98909147611291,138.740063095837,-0.015019861280290732,0.0,62.28621697619303,5.258125862592692e-05
27.240000000000002,49.98909350995763,49.98909253144104,138.74002670398306,-0.014969857624017478,0.0,62.28621697619303,5.2563164734796494e-05
27.26,49.989094560990495,49.98909358638671,138.73999045764756,-0.014920020438365622,0.0,62.28621697619303,5.254468209183341e-05
27.28,49.98909561164887,49.98909464094221,138.73995435624718,-0.01487034916912634,0.0,62.28621697619303,5.252581257396892e-05
27.3,49.98909666192504,49.989095695099905,138.73991839920086,-0.014820843263935856,0.0,62.28621697619303,5.250655805350029e-05
27.32,49.989097711811326,49.98909674885216,138.73988258592956,-0.01477150217226931,0.0,62.28621697619303,5.24869203974043e-05
27.34,49.98909876130009,49.9890978021914,138.73984691585656,-0.01472232534543463,0.0,62.28621697619303,5.2466901469053534e-05
27.36,49.989099810383735,49.989098855110086,138.73981138840716,-0.01467331223656643,0.0,62.28621697619303,5.244650312512705e-05
27.38,49.98910085905469,49.9890999076007,138.7397760030088,-0.014624462300619938,0.0,62.28621697619303,5.2425727219386225e-05
27.400000000000002,49.98910190730542,49.98910095965578,138.73974075909112,-0.014575774994364922,0.0,62.28621697619303,5.24045755994138e-05
27.42,49.989102955128445,49.989102011267875,138.7397056560858,-0.014527249776379656,0.0,62.28621697619303,5.238305010884506e-05
27.44,49.98910400251631,49.989103062429606,138.7396706934266,-0.014478886107044904,0.0,62.28621697619303,5.23611525859948e-05
27.46,49.98910504946159,49.98910411313361,138.73963587054953,-0.01443068344853791,0.0,62.28621697619303,5.2338884865058714e-05
27.48,49.98910609595691,49.98910516337254,138.73960118689254,-0.014382641264826418,0.0,62.28621697619303,5.231624877491202e-05
27.5,49.98910714199493,49.98910621313913,138.73956664189578,-0.014334759021662717,0.0,62.28621697619303,5.2293246139452715e-05
27.52,49.98910818756833,49.989107262426124,138.73953223500138,-0.014287036186577699,0.0,62.28621697619303,5.2269878778116414e-05
27.54,49.98910923266984,49.9891083112263,138.73949796565364,-0.01423947222887493,0.0,62.28621697619303,5.2246148505533175e-05
27.560000000000002,49.98911027729223,49.98910935953249,138.73946383329888,-0.014192066619624763,0.0,62.28621697619303,5.2222057132042304e-05
27.580000000000002,49.9891113214283,49.989110407337535,138.73942983738544,-0.014144818831658431,0.0,62.28621697619303,5.219760646214775e-05
27.6,49.98911236507088,49.98911145463433,138.73939597736384,-0.01409772833956222,0.0,62.28621697619303,5.217279829640599e-05
27.62,49.98911340821285,49.98911250141581,138.7393622526865,-0.014050794619671595,0.0,62.28621697619303,5.21476344305679e-05
27.64,49.98911445084712,49.989113547674926,138.739328662808,-0.014004017150065393,0.0,62.28621697619303,5.212211665557877e-05
27.66,49.98911549296663,49.989114593404686,138.73929520718485,-0.013957395410560014,0.0,62.28621697619303,5.2096246757749905e-05
27.68,49.98911653456436,49.98911563859813,138.73926188527565,-0.013910928882703637,0.0,62.28621697619303,5.2070026517728844e-05
27.7,49.98911757563332,49.98911668324831,138.73922869654103,-0.013864617049770454,0.0,62.28621697619303,5.204345771255895e-05
27.72,49.98911861616657,49.989117727348344,138.7391956404436,-0.013818459396754924,0.0,62.28621697619303,5.201654211482124e-05
27.740000000000002,49.98911965615719,49.989118770891366,138.739162716448,-0.013772455410366051,0.0,62.28621697619303,5.19892814910897e-05
27.76,49.98912069559831,49.98911981387056,138.73912992402077,-0.013726604579021666,0.0,62.28621697619303,5.1961677603990895e-05
27.78,49.98912173448308,49.98912085627912,138.73909726263062,-0.013680906392842746,0.0,62.28621697619303,5.193373221151738e-05
27.8,49.989122772804684,49.98912189811031,138.7390647317481,-0.013635360343647741,0.0,62.28621697619303,5.190544706599799e-05
27.82,49.989123810556364,49.9891229393574,138.73903233084582,-0.013589965924946922,0.0,62.28621697619303,5.187682391701548e-05
27.84,49.989124847731375,49.9891239800137,138.73900005939828,-0.013544722631936753,0.0,62.28621697619303,5.184786450745911e-05
27.86,49.98912588432301,49.98912502007257,138.73896791688202,-0.01349962996149427,0.0,62.28621697619303,5.181857057678554e-05
27.88,49.98912692032461,49.989126059527386,138.73893590277552,-0.013454687412171495,0.0,62.28621697619303,5.178894385895933e-05
27.900000000000002,49.98912795572953,49.98912709837157,138.73890401655922,-0.013409894484189853,0.0,62.28621697619303,5.175898608382595e-05
27.92,49.98912899053118,49.98912813659857,138.73887225771546,-0.013365250679434617,0.0,62.28621697619303,5.1728698976596895e-05
27.94,49.98913002472298,49.98912917420188,138.73884062572853,-0.013320755501449363,0.0,62.28621697619303,5.1698084256819904e-05
27.96,49.98913105829842,49.989130211175016,138.73880912008468,-0.013276408455430462,0.0,62.28621697619303,5.1667143640781776e-05
27.98,49.98913209125099,49.98913124751153,138.73877774027213,-0.013232209048221569,0.0,62.28621697619303,5.1635878839448836e-05
28.0,49.98913312357422,49.989132283205024,138.73874648578092,-0.013188156788308134,0.0,62.28621697619303,5.1604291559325046e-05
28.02,49.9891341552617,49.98913331824911,138.73871535610306,-0.013144251185811945,0.0,62.28621697619303,5.157238350193713e-05
28.04,49.98913518630703,49.98913435263744,138.73868435073243,-0.013100491752485677,0.0,62.28621697619303,5.1540156363834605e-05
28.060000000000002,49.98913621670385,49.98913538636372,138.73865346916483,-0.013056878001707465,0.0,62.28621697619303,5.150761183813439e-05
28.080000000000002,49.98913724644582,49.98913641942166,138.73862271089803,-0.01301340944847549,0.0,62.28621697619303,5.1474751612461304e-05
28.1,49.98913827552666,49.98913745180503,138.73859207543148,-0.012970085609402581,0.0,62.28621697619303,5.1441577369806185e-05
28.12,49.98913930394012,49.98913848350761,138.73856156226674,-0.012926906002710854,0.0,62.28621697619303,5.1408090788697516e-05
28.14,49.989140331679955,49.98913951452323,138.73853117090715,-0.012883870148226336,0.0,62.28621697619303,5.137429354337308e-05
28.16,49.98914135873998,49.989140544845746,138.73850090085784,-0.012840977567373641,0.0,62.28621697619303,5.1340187302750166e-05
28.18,49.98914238511403,49.98914157446905,138.73847075162593,-0.012798227783170633,0.0,62.28621697619303,5.1305773732141844e-05
28.2,49.98914341079599,49.98914260338707,138.73844072272033,-0.012755620320223138,0.0,62.28621697619303,5.127105449136909e-05
28.22,49.989144435779764,49.989143631593755,138.73841081365177,-0.012713154704719648,0.0,62.28621697619303,5.123603123561889e-05
28.240000000000002,49.98914546005929,49.9891446590831,138.73838102393287,-0.012670830464426052,0.0,62.28621697619303,5.120070561630241e-05
28.26,49.989146483628545,49.989145685849124,138.73835135307812,-0.012628647128680384,0.0,62.28621697619303,5.116507927933869e-05
28.28,49.98914750648153,49.98914671188589,138.73832180060373,-0.012586604228387597,0.0,62.28621697619303,5.1129153866870936e-05
28.3,49.98914852861228,49.98914773718747,138.73829236602782,-0.012544701296014336,0.0,62.28621697619303,5.109293101589351e-05
28.32,49.98914955001488,49.989148761748005,138.7382630488703,-0.012502937865583746,0.0,62.28621697619303,5.1056412359110034e-05
28.34,49.98915057068343,49.98914978556163,138.7382338486529,-0.012461313472670285,0.0,62.28621697619303,5.101959952459018e-05
28.36,49.98915159061205,49.98915080862254,138.73820476489914,-0.012419827654394562,0.0,62.28621697619303,5.098249413645613e-05
28.38,49.989152609794935,49.989151830924946,138.73817579713437,-0.012378479949418195,0.0,62.28621697619303,5.09450978128231e-05
28.400000000000002,49.98915362822627,49.98915285246311,138.73814694488567,-0.01233726989793867,0.0,62.28621697619303,5.090741216871696e-05
28.42,49.9891546459003,49.989153873231295,138.73811820768196,-0.012296197041684238,0.0,62.28621697619303,5.086943881384311e-05
28.44,49.98915566281128,49.989154893223834,138.7380895850539,-0.012255260923908808,0.0,62.28621697619303,5.083117935344458e-05
28.46,49.989156678953506,49.98915591243505,138.738061076534,-0.01221446108938688,0.0,62.28621697619303,5.0792635388645335e-05
28.48,49.98915769432132,49.989156930859345,138.73803268165642,-0.012173797084408472,0.0,62.28621697619303,5.07538085155921e-05
28.5,49.98915870890907,49.98915794849111,138.73800439995722,-0.01213326845677408,0.0,62.28621697619303,5.071470032614089e-05
28.52,49.98915972271117,49.989158965324805,138.73797623097408,-0.012092874755789651,0.0,62.28621697619303,5.0675312407685365e-05
28.54,49.989160735722024,49.989159981354874,138.73794817424653,-0.012052615532261569,0.0,62.28621697619303,5.063564634315683e-05
28.560000000000002,49.9891617479361,49.98916099657585,138.73792022931576,-0.012012490338491654,0.0,62.28621697619303,5.0595703710337756e-05
28.580000000000002,49.989162759347884,49.98916201098224,138.7378923957248,-0.011972498728272196,0.0,62.28621697619303,5.055548608340639e-05
28.6,49.989163769951894,49.98916302456863,138.73786467301832,-0.01193264025688098,0.0,62.28621697619303,5.0514995031735377e-05
28.62,49.98916477974268,49.98916403732961,138.73783706074278,-0.011892914481076348,0.0,62.28621697619303,5.047423212057829e-05
28.64,49.98916578871483,49.98916504925981,138.7378095584463,-0.011853320959092271,0.0,62.28621697619303,5.043319890952495e-05
28.66,49.98916679686295,49.989166060353895,138.73778216567877,-0.011813859250633434,0.0,62.28621697619303,5.03918969554191e-05
28.68,49.98916780418169,49.98916707060655,138.73775488199172,-0.011774528916870336,0.0,62.28621697619303,5.0350327808754246e-05
28.7,49.989168810665724,49.98916808001249,138.73772770693847,-0.011735329520434414,0.0,62.28621697619303,5.030849301727782e-05
28.72,49.98916981630976,49.98916908856647,138.737700640074,-0.01169626062541318,0.0,62.28621697619303,5.0266394123073515e-05
28.740000000000002,49.98917082110854,49.98917009626328,138.73767368095494,-0.011657321797345374,0.0,62.28621697619303,5.0224032664620824e-05
28.76,49.989171825056815,49.98917110309773,138.73764682913963,-0.011618512603216126,0.0,62.28621697619303,5.0181410175422e-05
28.78,49.9891728281494,49.98917210906466,138.73762008418814,-0.01157983261145215,0.0,62.28621697619303,5.013852818434532e-05
28.8,49.98917383038111,49.989173114158945,138.73759344566213,-0.01154128139191694,0.0,62.28621697619303,5.009538821699814e-05
28.82,49.98917483174682,49.989174118375495,138.73756691312497,-0.011502858515905986,0.0,62.28621697619303,5.00519917931524e-05
28.84,49.989175832241415,49.98917512170924,138.7375404861417,-0.01146456355614201,0.0,62.28621697619303,5.0008340428975875e-05
28.86,49.98917683185981,49.98917612415514,138.73751416427902,-0.011426396086770207,0.0,62.28621697619303,4.996443563600235e-05
28.88,49.98917783059695,49.98917712570819,138.73748794710525,-0.011388355683353522,0.0,62.28621697619303,4.992027892147488e-05
28.900000000000002,49.989178828447834,49.98917812636343,138.73746183419036,-0.011350441922867915,0.0,62.28621697619303,4.987587178817421e-05
28.92,49.989179825407454,49.98917912611589,138.737435825106,-0.011312654383697671,0.0,62.28621697619303,4.98312157344187e-05
28.94,49.98918082147086,49.989180124960676,138.73740991942535,-0.011274992645630701,0.0,62.28621697619303,4.9786312254407654e-05
28.96,49.98918181663312,49.98918112289289,138.73738411672338,-0.011237456289853873,0.0,62.28621697619303,4.974116283753474e-05
28.98,49.98918281088933,49.989182119907674,138.7373584165765,-0.011200044898948358,0.0,62.28621697619303,4.969576896890294e-05
29.0,49.989183804234635,49.989183116000206,138.7373328185629,-0.01116275805688498,0.0,62.28621697619303,4.965013212949614e-05
29.02,49.98918479666417,49.98918411116569,138.7373073222623,-0.0111255953490196,0.0,62.28621697619303,4.9604253796350745e-05
29.04,49.989185788173145,49.98918510539935,138.737281927256,-0.011088556362088494,0.0,62.28621697619303,4.955813544083944e-05
29.060000000000002,49.98918677875676,49.98918609869646,138.73725663312695,-0.011051640684203768,0.0,62.28621697619303,4.951177853107395e-05
29.080000000000002,49.989187768410275,49.989187091052294,138.7372314394597,-0.011014847904848768,0.0,62.28621697619303,4.9465184530875296e-05
29.1,49.989188757128964,49.98918808246218,138.73720634584032,-0.01097817761487352,0.0,62.28621697619303,4.941835489891562e-05
29.12,49.98918974490813,49.98918907292146,138.73718135185658,-0.010941629406490183,0.0,62.28621697619303,4.937129109026289e-05
29.14,49.98919073174311,49.98919006242553,138.73715645709768,-0.010905202873268507,0.0,62.28621697619303,4.9323994555351054e-05
29.16,49.98919171762926,49.989191050969765,138.7371316611545,-0.010868897610131318,0.0,62.28621697619303,4.927646674032339e-05
29.18,49.98919270256198,49.989192038549625,138.73710696361948,-0.010832713213350012,0.0,62.28621697619303,4.922870908686081e-05
29.2,49.989193686536694,49.98919302516056,138.73708236408658,-0.010796649280540067,0.0,62.28621697619303,4.918072303252514e-05
29.22,49.989194669548844,49.98919401079807,138.73705786215135,-0.010760705410656565,0.0,62.28621697619303,4.9132510011102364e-05
29.240000000000002,49.98919565159392,49.98919499545767,138.73703345741086,-0.010724881203989737,0.0,62.28621697619303,4.9084071451058e-05
29.26,49.98919663266741,49.989195979134905,138.73700914946374,-0.010689176262160512,0.0,62.28621697619303,4.903540877742496e-05
29.28,49.98919761276486,49.989196961825364,138.73698493791017,-0.010653590188116095,0.0,62.28621697619303,4.898652340991571e-05
29.3,49.989198591881845,49.98919794352464,138.73696082235185,-0.010618122586125541,0.0,62.28621697619303,4.8937416765668244e-05
29.32,49.989199570013945,49.98919892422837,138.73693680239202,-0.010582773061775365,0.0,62.28621697619303,4.8888090255985205e-05
29.34,49.98920054715678,49.98919990393221,138.73691287763543,-0.010547541221965146,0.0,62.28621697619303,4.883854528805014e-05
29.36,49.989201523305994,49.989200882631856,138.73688904768838,-0.01051242667490317,0.0,62.28621697619303,4.878878326578566e-05
29.38,49.989202498457274,49.98920186032303,138.73686531215864,-0.010477429030102054,0.0,62.28621697619303,4.8738805588308755e-05
29.400000000000002,49.98920347260632,49.989202837001464,138.7368416706555,-0.010442547898374418,0.0,62.28621697619303,4.868861365010245e-05
29.42,49.98920444574886,49.98920381266294,138.73681812278983,-0.010407782891828553,0.0,62.28621697619303,4.863820884204558e-05
29.44,49.98920541788067,49.98920478730326,138.73679466817384,-0.010373133623864102,0.0,62.28621697619303,4.858759255055462e-05
29.46,49.989206388997516,49.98920576091824,138.7367713064214,-0.010338599709167774,0.0,62.28621697619303,4.853676615741206e-05
29.48,49.989207359095225,49.98920673350374,138.73674803714772,-0.010304180763709045,0.0,62.28621697619303,4.848573104079622e-05
29.5,49.98920832816964,49.989207705055655,138.73672485996963,-0.010269876404735897,0.0,62.28621697619303,4.843448857425142e-05
29.52,49.98920929621662,49.98920867556988,138.73670177450532,-0.010235686250770556,0.0,62.28621697619303,4.838304012771778e-05
29.54,49.98921026323208,49.98920964504235,138.73667878037452,-0.010201609921605249,0.0,62.28621697619303,4.833138706632983e-05
29.560000000000002,49.98921122921194,49.98921061346904,138.73665587719842,-0.010167647038297986,0.0,62.28621697619303,4.8279530751274625e-05
29.580000000000002,49.98921219415214,49.98921158084593,138.73663306459966,-0.010133797223168336,0.0,62.28621697619303,4.822747253910526e-05
29.6,49.98921315804866,49.98921254716905,138.7366103422023,-0.010100060099793228,0.0,62.28621697619303,4.817521378294224e-05
29.62,49.98921412089753,49.989213512434446,138.73658770963195,-0.01006643529300277,0.0,62.28621697619303,4.812275583144374e-05
29.64,49.989215082694756,49.989214476638175,138.73656516651556,-0.010032922428876068,0.0,62.28621697619303,4.807010002863396e-05
29.66,49.98921604343641,49.989215439776345,138.7365427124816,-0.009999521134737082,0.0,62.28621697619303,4.801724771510451e-05
29.68,49.989217003118576,49.98921640184508,138.7365203471599,-0.009966231039150468,0.0,62.28621697619303,4.796420022698466e-05
29.7,49.98921796173736,49.98921736284053,138.7364980701818,-0.009933051771917457,0.0,62.28621697619303,4.7910958895941356e-05
29.72,49.989218919288916,49.98921832275887,138.73647588118,-0.009899982964071732,0.0,62.28621697619303,4.785752505038057e-05
29.740000000000002,49.9892198757694,49.98921928159632,138.73645377978872,-0.009867024247875323,0.0,62.28621697619303,4.780390001287292e-05
29.76,49.98922083117501,49.98922023934909,138.73643176564346,-0.00983417525681453,0.0,62.28621697619303,4.775008510427272e-05
29.78,49.98922178550196,49.98922119601345,138.73640983838123,-0.009801435625595833,0.0,62.28621697619303,4.769608163925566e-05
29.8,49.989222738746506,49.98922215158568,138.7363879976404,-0.009768804990141839,0.0,62.28621697619303,4.764189092940812e-05
29.82,49.98922369090491,49.989223106062084,138.7363662430608,-0.00973628298758723,0.0,62.28621697619303,4.7587514281854126e-05
29.84,49.989224641973465,49.989224059439,138.73634457428358,-0.009703869256274722,0.0,62.28621697619303,4.753295299959861e-05
29.86,49.9892255919485,49.9892250117128,138.73632299095132,-0.009671563435751061,0.0,62.28621697619303,4.7478208381699064e-05
29.88,49.989226540826365,49.98922596287986,138.736301492708,-0.009639365166762991,0.0,62.28621697619303,4.742328172378038e-05
29.900000000000002,49.98922748860344,49.98922691293659,138.736280079199,-0.00960727409125328,0.0,62.28621697619303,4.736817431546048e-05
29.92,49.98922843527612,49.98922786187943,138.73625875007096,-0.009575289852356722,0.0,62.28621697619303,4.7312887444126076e-05
29.94,49.98922938084083,49.98922880970484,138.73623750497205,-0.00954341209439618,0.0,62.28621697619303,4.7257422392186676e-05
29.96,49.98923032529403,49.98922975640932,138.7362163435517,-0.009511640462878624,0.0,62.28621697619303,4.7201780438962456e-05
29.98,49.989231268632196,49.98923070198938,138.73619526546076,-0.00947997460449119,0.0,62.28621697619303,4.714596285862474e-05
30.0,49.989232210851824,49.98923164644155,138.73617427035143,-0.009448414167097258,0.0,62.28621697619303,4.708997092156902e-05
30.02,49.98923315194945,49.989232589762416,138.73615335787724,-0.009416958799732525,0.0,62.28621697619303,4.7033805894586573e-05
30.04,49.989234091921624,49.98923353194855,138.73613252769306,-0.009385608152601107,0.0,62.28621697619303,4.69774690396631e-05
30.060000000000002,49.98923503076493,49.98923447299657,138.73611177945514,-0.009354361877071655,0.0,62.28621697619303,4.692096161569496e-05
30.080000000000002,49.98923596847597,49.98923541290313,138.73609111282104,-0.009323219625673467,0.0,62.28621697619303,4.6864284876772925e-05
30.1,49.989236905051364,49.98923635166487,138.7360705274497,-0.009292181052092634,0.0,62.28621697619303,4.680744007338356e-05
30.12,49.98923784048778,49.989237289278506,138.7360500230013,-0.009261245811168177,0.0,62.28621697619303,4.675042845155107e-05
30.14,49.98923877478189,49.989238225740735,138.73602959913745,-0.009230413558888227,0.0,62.28621697619303,4.6693251253867106e-05
30.16,49.9892397079304,49.9892391610483,138.73600925552105,-0.009199683952386182,0.0,62.28621697619303,4.663590971914749e-05
30.18,49.989240639930046,49.98924009519798,138.73598899181627,-0.009169056649936901,0.0,62.28621697619303,4.657840508123079e-05
30.2,49.989241570777565,49.98924102818654,138.7359688076886,-0.009138531310952908,0.0,62.28621697619303,4.652073857069465e-05
30.22,49.98924250046975,49.98924196001081,138.73594870280493,-0.009108107595980592,0.0,62.28621697619303,4.6462911413997614e-05
30.240000000000002,49.989243429003395,49.98924289066761,138.73592867683328,-0.009077785166696451,0.0,62.28621697619303,4.6404924833479145e-05
30.26,49.98924435637532,49.989243820153824,138.73590872944317,-0.00904756368590331,0.0,62.28621697619303,4.634678004735962e-05
30.28,49.989245282582395,49.98924474846633,138.73588886030524,-0.009017442817526585,0.0,62.28621697619303,4.6288478270255195e-05
30.3,49.989246207621484,49.98924567560203,138.7358690690915,-0.008987422226610541,0.0,62.28621697619303,4.623002071317785e-05
30.32,49.98924713148949,49.98924660155786,138.73584935547524,-0.008957501579314566,0.0,62.28621697619303,4.617140858233394e-05
30.34,49.98924805418333,49.98924752633078,138.73582971913106,-0.00892768054290946,0.0,62.28621697619303,4.611264308032563e-05
30.36,49.98924897569996,49.989248449917774,138.73581015973474,-0.008897958785773735,0.0,62.28621697619303,4.605372540649414e-05
30.38,49.98924989603634,49.98924937231585,138.73579067696346,-0.008868335977389927,0.0,62.28621697619303,4.599465675520345e-05
30.400000000000002,49.98925081518948,49.989250293522026,138.7357712704955,-0.00883881178834092,0.0,62.28621697619303,4.593543831687009e-05
30.42,49.989251733156394,49.989251213533365,138.73575194001057,-0.008809385890306286,0.0,62.28621697619303,4.5876071279507774e-05
30.44,49.989252649934116,49.98925213234694,138.73573268518953,-0.008780057956058627,0.0,62.28621697619303,4.5816556825466496e-05
30.46,49.98925356551972,49.989253049959856,138.73571350571453,-0.00875082765945994,0.0,62.28621697619303,4.5756896134521786e-05
30.48,49.989254479910294,49.98925396636923,138.73569440126897,-0.008721694675457995,0.0,62.28621697619303,4.5697090381128715e-05
30.5,49.98925539310296,49.989254881572215,138.73567537153747,-0.008692658680082713,0.0,62.28621697619303,4.56371407371679e-05
30.52,49.98925630509484,49.98925579556597,138.73565641620593,-0.00866371935044257,0.0,62.28621697619303,4.557704837022927e-05
30.54,49.9892572158831,49.989256708347696,138.73563753496146,-0.008634876364720993,0.0,62.28621697619303,4.551681444412688e-05
30.560000000000002,49.98925812546493,49.98925761991462,138.73561872749238,-0.0086061294021728,0.0,62.28621697619303,4.545644011838411e-05
30.580000000000002,49.989259033837534,49.98925853026395,138.73559999348828,-0.008577478143120622,0.0,62.28621697619303,4.539592654909175e-05
30.6,49.98925994099813,49.98925943939299,138.73558133263995,-0.008548922268951346,0.0,62.28621697619303,4.533527488839313e-05
30.62,49.989260846943985,49.98926034729899,138.73556274463937,-0.008520461462112579,0.0,62.28621697619303,4.527448628379759e-05
30.64,49.989261751672366,49.98926125397927,138.73554422917982,-0.008492095406109115,0.0,62.28621697619303,4.521356188058332e-05
30.66,49.989262655180575,49.98926215943117,138.73552578595567,-0.00846382378549941,0.0,62.28621697619303,4.5152502819051286e-05
30.68,49.98926355746593,49.98926306365204,138.73550741466258,-0.008435646285892084,0.0,62.28621697619303,4.509131023589822e-05
30.7,49.98926445852578,49.98926396663924,138.7354891149974,-0.008407562593942411,0.0,62.28621697619303,4.5029985264216674e-05
30.72,49.989265358357486,49.98926486839019,138.73547088665813,-0.008379572397348848,0.0,62.28621697619303,4.49685290329801e-05
30.740000000000002,49.989266256958445,49.9892657689023,138.73545272934402,-0.008351675384849558,0.0,62.28621697619303,4.490694266738613e-05
30.76,49.98926715432605,49.98926666817301,138.73543464275548,-0.008323871246218943,0.0,62.28621697619303,4.484522728919982e-05
30.78,49.98926805045776,49.98926756619979,138.7354166265941,-0.008296159672264198,0.0,62.28621697619303,4.478338401641039e-05
30.8,49.98926894535101,49.98926846298013,138.73539868056264,-0.00826854035482188,0.0,62.28621697619303,4.472141396220146e-05
30.82,49.989269839003285,49.989269358511535,138.7353808043651,-0.008241012986754465,0.0,62.28621697619303,4.465931823718221e-05
30.84,49.98927073141209,49.98927025279154,138.73536299770652,-0.008213577261946952,0.0,62.28621697619303,4.4597097947671126e-05
30.86,49.98927162257495,49.989271145817696,138.73534526029326,-0.008186232875303437,0.0,62.28621697619303,4.4534754196554104e-05
30.88,49.98927251248939,49.98927203758759,138.73532759183274,-0.008158979522743743,0.0,62.28621697619303,4.447228808242632e-05
30.900000000000002,49.989273401153,49.9892729280988,138.7353099920336,-0.008131816901200016,0.0,62.28621697619303,4.440970070062201e-05
30.92,49.98927428856336,49.98927381734896,138.73529246060556,-0.008104744708613375,0.0,62.28621697619303,4.4346993142184694e-05
30.94,49.989275174718074,49.98927470533571,138.73527499725955,-0.008077762643930541,0.0,62.28621697619303,4.4284166495240214e-05
30.96,49.98927605961478,49.9892755920567,138.73525760170764,-0.008050870407100494,0.0,62.28621697619303,4.422122184293716e-05
30.98,49.98927694325113,49.989276477509634,138.735240273663,-0.00802406769907113,0.0,62.28621697619303,4.4158160266021326e-05
31.0,49.9892778256248,49.989277361692196,138.73522301284004,-0.007997354221785944,0.0,62.28621697619303,4.40949828414627e-05
31.02,49.98927870673348,49.98927824460213,138.73520581895417,-0.007970729678180712,0.0,62.28621697619303,4.403169064091074e-05
31.04,49.989279586574895,49.98927912623718,138.73518869172202,-0.007944193772180183,0.0,62.28621697619303,4.396828473429865e-05
31.060000000000002,49.989280465146784,49.98928000659511,138.7351716308613,-0.007917746208694794,0.0,62.28621697619303,4.3904766186410756e-05
31.080000000000002,49.9892813424469,49.989280885673715,138.7351546360909,-0.007891386693617383,0.0,62.28621697619303,4.3841136059800216e-05
31.1,49.989282218473036,49.9892817634708,138.73513770713075,-0.00786511493381992,0.0,62.28621697619303,4.3777395411528076e-05
31.12,49.98928309322299,49.98928263998421,138.73512084370196,-0.007838930637150254,0.0,62.28621697619303,4.371354529590932e-05
31.14,49.98928396669458,49.98928351521179,138.73510404552673,-0.007812833512428846,0.0,62.28621697619303,4.364958676434123e-05
31.16,49.98928483888566,49.989284389151415,138.73508731232835,-0.007786823269445556,0.0,62.28621697619303,4.3585520862900625e-05
31.18,49.98928570979409,49.98928526180098,138.7350706438312,-0.007760899618956395,0.0,62.28621697619303,4.352134863594801e-05
31.2,49.98928657941776,49.9892861331584,138.73505403976083,-0.007735062272680318,0.0,62.28621697619303,4.345707112252343e-05
31.220000000000002,49.98928744775457,49.98928700322162,138.73503749984377,-0.007709310943296013,0.0,62.28621697619303,4.339268935874922e-05
31.240000000000002,49.98928831480246,49.989287871988594,138.73502102380775,-0.007683645344438715,0.0,62.28621697619303,4.332820437697189e-05
31.26,49.98928918055936,49.989288739457294,138.73500461138156,-0.007658065190697011,0.0,62.28621697619303,4.3263617206277e-05
31.28,49.98929004502326,49.989289605625714,138.73498826229502,-0.0076325701976096725,0.0,62.28621697619303,4.319892887145941e-05
31.3,49.98929090819214,49.98929047049189,138.73497197627907,-0.007607160081662491,0.0,62.28621697619303,4.313414039422466e-05
31.32,49.98929177006401,49.989291334053846,138.73495575306572,-0.007581834560285125,0.0,62.28621697619303,4.306925279301731e-05
31.34,49.98929263063689,49.98929219630964,138.73493959238806,-0.0075565933518479565,0.0,62.28621697619303,4.300426708130474e-05
31.36,49.989293489908846,49.98929305725736,138.7349234939802,-0.007531436175658959,0.0,62.28621697619303,4.293918427066638e-05
31.38,49.989294347877944,49.98929391689511,138.7349074575774,-0.007506362751960579,0.0,62.28621697619303,4.2874005367704446e-05
31.400000000000002,49.98929520454228,49.98929477522098,138.73489148291588,-0.007481372801926623,0.0,62.28621697619303,4.280873137593183e-05
31.42,49.98929605989995,49.98929563223315,138.73487556973302,-0.007456466047659159,0.0,62.28621697619303,4.27433632957721e-05
31.44,49.9892969139491,49.98929648792975,138.73485971776714,-0.007431642212185418,0.0,62.28621697619303,4.267790212335812e-05
31.46,49.98929776668786,49.989297342308966,138.7348439267577,-0.0074069010194547265,0.0,62.28621697619303,4.261234885190507e-05
31.48,49.98929861811443,49.989298195369,138.73482819644514,-0.007382242194335426,0.0,62.28621697619303,4.254670446999414e-05
31.5,49.989299468226974,49.98929904710807,138.734812526571,-0.007357665462611821,0.0,62.28621697619303,4.248096996466187e-05
31.52,49.98930031702372,49.98929989752441,138.73479691687783,-0.0073331705509811235,0.0,62.28621697619303,4.2415146317109416e-05
31.54,49.98930116450288,49.98930074661628,138.73478136710915,-0.007308757187050419,0.0,62.28621697619303,4.2349234506135157e-05
31.560000000000002,49.989302010662726,49.98930159438195,138.73476587700964,-0.007284425099333636,0.0,62.28621697619303,4.228323550761976e-05
31.580000000000002,49.9893028555015,49.98930244081972,138.73475044632488,-0.007260174017248523,0.0,62.28621697619303,4.22171502926383e-05
31.6,49.98930369901751,49.98930328592791,138.73473507480156,-0.007236003671113643,0.0,62.28621697619303,4.215097982951978e-05
31.62,49.98930454120905,49.989304129704855,138.73471976218738,-0.007211913792145375,0.0,62.28621697619303,4.2084725083160653e-05
31.64,49.989305382074456,49.9893049721489,138.73470450823095,-0.007187904112454924,0.0,62.28621697619303,4.2018387014166635e-05
31.66,49.98930622161207,49.98930581325842,138.73468931268206,-0.007163974365045342,0.0,62.28621697619303,4.195196658091228e-05
31.68,49.989307059820256,49.98930665303181,138.73467417529133,-0.007140124283808559,0.0,62.28621697619303,4.188546473662327e-05
31.7,49.9893078966974,49.989307491467486,138.73465909581054,-0.007116353603522425,0.0,62.28621697619303,4.181888243298065e-05
31.720000000000002,49.989308732241895,49.989308328563865,138.73464407399237,-0.007092662059847756,0.0,62.28621697619303,4.175222061685983e-05
31.740000000000002,49.98930956645218,49.9893091643194,138.73462910959054,-0.0070690493893254,0.0,62.28621697619303,4.168548023170368e-05
31.76,49.989310399326676,49.98930999873256,138.73461420235972,-0.007045515329373306,0.0,62.28621697619303,4.1618662217694106e-05
31.78,49.989311230863855,49.98931083180183,138.73459935205565,-0.007022059618283603,0.0,62.28621697619303,4.155176751261021e-05
31.8,49.98931206106219,49.98931166352571,138.734584558435,-0.006998681995219686,0.0,62.28621697619303,4.14847970494255e-05
31.82,49.989312889920186,49.98931249390274,138.73456982125538,-0.006975382200213323,0.0,62.28621697619303,4.141775175785254e-05
31.84,49.989313717436346,49.98931332293144,138.73455514027546,-0.0069521599741617585,0.0,62.28621697619303,4.135063256485783e-05
31.86,49.989314543609204,49.989314150610376,138.73454051525485,-0.006929015058824835,0.0,62.28621697619303,4.1283440393117154e-05
31.88,49.989315368437325,49.989314976938125,138.73452594595415,-0.0069059471968221185,0.0,62.28621697619303,4.121617616290349e-05
31.900000000000002,49.989316191919265,49.98931580191329,138.73451143213487,-0.006882956131630039,0.0,62.28621697619303,4.1148840790199114e-05
31.92,49.98931701405362,49.989316625534485,138.73449697355954,-0.006860041607579038,0.0,62.28621697619303,4.108143518772534e-05
31.94,49.98931783483899,49.98931744780034,138.73448256999168,-0.006837203369850722,0.0,62.28621697619303,4.101396026545743e-05
31.96,49.989318654274015,49.9893182687095,138.7344682211957,-0.006814441164475032,0.0,62.28621697619303,4.0946416929079935e-05
31.98,49.98931947235732,49.98931908826064,138.73445392693696,-0.006791754738327417,0.0,62.28621697619303,4.0878806081359705e-05
32.0,49.98932028908758,49.98931990645245,138.7344396869818,-0.006769143839126023,0.0,62.28621697619303,4.081112862214591e-05
32.02,49.989321104463464,49.989320723283626,138.73442550109758,-0.0067466082154288825,0.0,62.28621697619303,4.074338544699701e-05
32.04,49.989321918483675,49.9893215387529,138.73441136905242,-0.006724147616631122,0.0,62.28621697619303,4.067557744855376e-05
32.06,49.98932273114692,49.989322352859,138.7343972906156,-0.006701761792962174,0.0,62.28621697619303,4.060770551653925e-05
32.08,49.98932354245194,49.98932316560069,138.73438326555717,-0.006679450495482998,0.0,62.28621697619303,4.0539770536557465e-05
32.1,49.98932435239749,49.98932397697674,138.73436929364817,-0.0066572134760833155,0.0,62.28621697619303,4.0471773391123075e-05
32.12,49.98932516098232,49.989324786985954,138.7343553746606,-0.006635050487478848,0.0,62.28621697619303,4.040371496000469e-05
32.14,49.98932596820523,49.98932559562713,138.73434150836732,-0.00661296128320857,0.0,62.28621697619303,4.033559611850859e-05
32.160000000000004,49.98932677406501,49.9893264028991,138.73432769454217,-0.006590945617631964,0.0,62.28621697619303,4.026741773970987e-05
32.18,49.98932757856049,49.98932720880072,138.7343139329599,-0.00656900324592629,0.0,62.28621697619303,4.0199180692907786e-05
32.2,49.98932838169051,49.98932801333083,138.7343002233962,-0.0065471339240838694,0.0,62.28621697619303,4.013088584396904e-05
32.22,49.98932918345392,49.989328816488324,138.73428656562757,-0.006525337408909362,0.0,62.28621697619303,4.0062534055499365e-05
32.24,49.989329983849586,49.989329618272095,138.73427295943154,-0.006503613458017067,0.0,62.28621697619303,3.99941261870152e-05
32.26,49.98933078287641,49.989330418681064,138.73425940458648,-0.0064819618298282275,0.0,62.28621697619303,3.99256630946004e-05
32.28,49.98933158053329,49.989331217714145,138.73424590087168,-0.006460382283568343,0.0,62.28621697619303,3.9857145631249506e-05
32.3,49.98933237681914,49.9893320153703,138.73423244806736,-0.006438874579264491,0.0,62.28621697619303,3.9788574646352854e-05
32.32,49.98933317173292,49.98933281164849,138.73421904595457,-0.00641743847774266,0.0,62.28621697619303,3.97199509863831e-05
32.34,49.98933396527358,49.98933360654768,138.7342056943153,-0.0063960737406250886,0.0,62.28621697619303,3.965127549420868e-05
32.36,49.98933475744009,49.989334400066895,138.73419239293247,-0.006374780130327615,0.0,62.28621697619303,3.9582549009952e-05
32.38,49.98933554823144,49.98933519220513,138.73417914158978,-0.006353557410057038,0.0,62.28621697619303,3.95137723699596e-05
32.4,49.98933633764664,49.98933598296143,138.73416594007193,-0.006332405343808479,0.0,62.28621697619303,3.944494640748874e-05
32.42,49.98933712568471,49.98933677233483,138.73415278816438,-0.006311323696362758,0.0,62.28621697619303,3.937607195305059e-05
32.44,49.989337912344695,49.9893375603244,138.7341396856536,-0.006290312233283781,0.0,62.28621697619303,3.930714983303725e-05
32.46,49.989338697625655,49.989338346929216,138.7341266323268,-0.006269370720915933,0.0,62.28621697619303,3.923818087109475e-05
32.480000000000004,49.989339481526656,49.98933913214838,138.73411362797216,-0.006248498926381475,0.0,62.28621697619303,3.916916588846634e-05
32.5,49.98934026404679,49.989339915981006,138.7341006723787,-0.006227696617577959,0.0,62.28621697619303,3.9100105701418004e-05
32.52,49.989341045185164,49.98934069842622,138.7340877653363,-0.006206963563175644,0.0,62.28621697619303,3.903100112449947e-05
32.54,49.9893418249409,49.98934147948316,138.73407490663567,-0.006186299532614927,0.0,62.28621697619303,3.896185296848462e-05
32.56,49.98934260331314,49.989342259151,138.73406209606844,-0.006165704296103775,0.0,62.28621697619303,3.889266204054314e-05
32.58,49.98934338030104,49.98934303742892,138.73404933342707,-0.006145177624615172,0.0,62.28621697619303,3.882342914612842e-05
32.6,49.98934415590376,49.9893438143161,138.73403661850483,-0.006124719289884573,0.0,62.28621697619303,3.875415508588825e-05
32.62,49.989344930120495,49.98934458981176,138.7340239510959,-0.006104329064407361,0.0,62.28621697619303,3.868484065823926e-05
32.64,49.989345702950445,49.98934536391511,138.7340113309953,-0.006084006721436324,0.0,62.28621697619303,3.861548665799386e-05
32.660000000000004,49.989346474392825,49.989346136625414,138.73399875799882,-0.006063752034979128,0.0,62.28621697619303,3.854609387739004e-05
32.68,49.989347244446876,49.989346907941915,138.73398623190317,-0.006043564779795804,0.0,62.28621697619303,3.847666310471833e-05
32.7,49.989348013111844,49.98934767786389,138.73397375250588,-0.0060234447313962484,0.0,62.28621697619303,3.8407195125866447e-05
32.72,49.989348780387,49.98934844639062,138.73396131960527,-0.006003391666037721,0.0,62.28621697619303,3.83376907229463e-05
32.74,49.98934954627162,49.98934921352142,138.7339489330006,-0.005983405360722359,0.0,62.28621697619303,3.826815067583861e-05
32.76,49.989350310765,49.9893499792556,138.73393659249177,-0.005963485593194698,0.0,62.28621697619303,3.8198575760476624e-05
32.78,49.98935107386646,49.989350743592496,138.7339242978797,-0.005943632141939199,0.0,62.28621697619303,3.812896675004756e-05
32.8,49.98935183557531,49.989351506531456,138.73391204896598,-0.005923844786177785,0.0,62.28621697619303,3.805932441447768e-05
32.82,49.989352595890914,49.98935226807185,138.73389984555314,-0.0059041233058673885,0.0,62.28621697619303,3.798964952060392e-05
32.84,49.98935335481262,49.98935302821305,138.73388768744448,-0.0058844674816975005,0.0,62.28621697619303,3.791994283251716e-05
32.86,49.989354112339804,49.98935378695447,138.73387557444403,-0.005864877095087735,0.0,62.28621697619303,3.7850205111218976e-05
32.88,49.98935486847186,49.9893545442955,138.73386350635676,-0.005845351928185396,0.0,62.28621697619303,3.7780437113420215e-05
32.9,49.98935562320817,49.98935530023557,138.73385148298837,-0.005825891763863058,0.0,62.28621697619303,3.77106395944587e-05
32.92,49.98935637654818,49.989356054774134,138.73383950414535,-0.005806496385716146,0.0,62.28621697619303,3.764081330589641e-05
32.94,49.989357128491314,49.98935680791063,138.73382756963505,-0.0057871655780605364,0.0,62.28621697619303,3.757095899620604e-05
32.96,49.989357879037016,49.989357559644546,138.7338156792656,-0.005767899125930152,0.0,62.28621697619303,3.7501077410770935e-05
32.980000000000004,49.98935862818475,49.989358309975344,138.73380383284587,-0.005748696815074572,0.0,62.28621697619303,3.743116929154188e-05
33.0,49.989359375934,49.989359058902544,138.73379203018558,-0.005729558431956656,0.0,62.28621697619303,3.736123537858174e-05
33.02,49.98936012228426,49.989359806425654,138.73378027109527,-0.0057104837637501635,0.0,62.28621697619303,3.72912764083492e-05
33.04,49.989360867235035,49.9893605525442,138.73376855538612,-0.005691472598337386,0.0,62.28621697619303,3.722129311352707e-05
33.06,49.98936161078585,49.98936129725773,138.73375688287027,-0.005672524724306793,0.0,62.28621697619303,3.715128622473865e-05
33.08,49.98936235293623,49.9893620405658,138.73374525336052,-0.00565363993095068,0.0,62.28621697619303,3.708125646986118e-05
33.1,49.98936309368575,49.98936278246798,138.7337336666705,-0.00563481800826282,0.0,62.28621697619303,3.701120457213792e-05
33.12,49.989363833033956,49.98936352296386,138.7337221226146,-0.0056160587469361355,0.0,62.28621697619303,3.694113125361071e-05
33.14,49.98936457098044,49.989364262053044,138.733710621008,-0.0055973619383603655,0.0,62.28621697619303,3.687103723237397e-05
33.160000000000004,49.98936530752479,49.989364999735145,138.73369916166658,-0.0055787273746197505,0.0,62.28621697619303,3.680092322394765e-05
33.18,49.98936604266662,49.989365736009795,138.73368774440706,-0.005560154848490715,0.0,62.28621697619303,3.673078994110567e-05
33.2,49.98936677640555,49.989366470876625,138.73367636904692,-0.005541644153439567,0.0,62.28621697619303,3.666063809267447e-05
33.22,49.98936750874122,49.989367204335316,138.73366503540433,-0.005523195083620199,0.0,62.28621697619303,3.65904683850777e-05
33.24,49.989368239673276,49.98936793638552,138.7336537432983,-0.0055048074338718035,0.0,62.28621697619303,3.652028152216458e-05
33.26,49.98936896920139,49.98936866702693,138.73364249254857,-0.005486480999716584,0.0,62.28621697619303,3.6450078204523374e-05
33.28,49.98936969732524,49.98936939625925,138.73363128297558,-0.005468215577357486,0.0,62.28621697619303,3.637985912965305e-05
33.3,49.989370424044516,49.989370124082185,138.73362011440057,-0.00545001096367593,0.0,62.28621697619303,3.6309624992134876e-05
33.32,49.98937114935893,49.98937085049547,138.73360898664552,-0.005431866956229555,0.0,62.28621697619303,3.6239376484318936e-05
33.34,49.989371873268205,49.989371575498836,138.73359789953315,-0.0054137833532499615,0.0,62.28621697619303,3.6169114294436246e-05
33.36,49.98937259577207,49.989372299092054,138.7335868528869,-0.005395759953640472,0.0,62.28621697619303,3.609883910865827e-05
33.38,49.98937331687028,49.98937302127488,138.73357584653098,-0.005377796556973895,0.0,62.28621697619303,3.6028551609895525e-05
33.4,49.98937403656259,49.9893737420471,138.73356488029032,-0.0053598929634902925,0.0,62.28621697619303,3.595825247865572e-05
33.42,49.989374754848775,49.9893744614085,138.73355395399057,-0.0053420489740947635,0.0,62.28621697619303,3.588794239184238e-05
33.44,49.989375471728636,49.98937517935891,138.73354306745813,-0.005324264390355228,0.0,62.28621697619303,3.5817622023956214e-05
33.46,49.98937618720197,49.989375895898135,138.7335322205201,-0.005306539014500219,0.0,62.28621697619303,3.5747292046580246e-05
33.480000000000004,49.989376901268585,49.98937661102602,138.73352141300433,-0.005288872649416682,0.0,62.28621697619303,3.567695312820819e-05
33.5,49.98937761392832,49.98937732474241,138.7335106447394,-0.005271265098647788,0.0,62.28621697619303,3.5606605934930945e-05
33.52,49.989378325181015,49.98937803704716,138.73349991555455,-0.005253716166390745,0.0,62.28621697619303,3.5536251129063596e-05
33.54,49.98937903502652,49.98937874794015,138.73348922527978,-0.005236225657494623,0.0,62.28621697619303,3.54658893710333e-05
33.56,49.989379743464724,49.98937945742128,138.73347857374583,-0.0052187933774581795,0.0,62.28621697619303,3.53955213181779e-05
33.58,49.98938045049549,49.98938016549044,138.7334679607841,-0.005201419132427702,0.0,62.28621697619303,3.532514762474593e-05
33.6,49.98938115611871,49.989380872147535,138.73345738622675,-0.005184102729194848,0.0,62.28621697619303,3.525476894206823e-05
33.62,49.98938186033431,49.989381577392514,138.73344684990653,-0.0051668439751945,0.0,62.28621697619303,3.5184385919072836e-05
33.64,49.9893825631422,49.9893822812253,138.73343635165705,-0.00514964267850262,0.0,62.28621697619303,3.511399920159847e-05
33.660000000000004,49.98938326454231,49.989382983645854,138.7334258913125,-0.00513249864783412,0.0,62.28621697619303,3.5043609433081064e-05
33.68,49.9893839645346,49.98938368465414,138.73341546870785,-0.005115411692540729,0.0,62.28621697619303,3.4973217253009066e-05
33.7,49.989384663119026,49.989384384250144,138.7334050836787,-0.005098381622608882,0.0,62.28621697619303,3.4902823299497925e-05
33.72,49.98938536029556,49.98938508243384,138.7333947360613,-0.005081408248657596,0.0,62.28621697619303,3.4832428207058856e-05
33.74,49.98938605606418,49.98938577920524,138.7333844256928,-0.005064491381936372,0.0,62.28621697619303,3.4762032607457035e-05
33.76,49.989386750424885,49.98938647456437,138.7333741524108,-0.0050476308343230915,0.0,62.28621697619303,3.469163713022647e-05
33.78,49.98938744337769,49.98938716851124,138.7333639160537,-0.005030826418321929,0.0,62.28621697619303,3.462124240146857e-05
33.8,49.98938813492262,49.98938786104591,138.73335371646053,-0.00501407794706126,0.0,62.28621697619303,3.455084904471035e-05
33.82,49.989388825059706,49.98938855216842,138.73334355347106,-0.004997385234291591,0.0,62.28621697619303,3.448045768107599e-05
33.84,49.98938951378899,49.98938924187885,138.7333334269257,-0.004980748094383485,0.0,62.28621697619303,3.441006892808548e-05
33.86,49.989390201110545,49.98938993017725,138.73332333666553,-0.004964166342325492,0.0,62.28621697619303,3.433968340171416e-05
33.88,49.98939088702444,49.98939061706374,138.7333132825323,-0.004947639793722101,0.0,62.28621697619303,3.426930171433315e-05
33.9,49.98939157153075,49.98939130253841,138.73330326436846,-0.004931168264791684,0.0,62.28621697619303,3.4198924475739166e-05
33.92,49.98939225462958,49.989391986601376,138.7332932820171,-0.004914751572364451,0.0,62.28621697619303,3.412855229315446e-05
33.94,49.98939293632103,49.98939266925276,138.73328333532197,-0.0048983895338804186,0.0,62.28621697619303,3.405818577105526e-05
33.96,49.989393616605234,49.989393350492705,138.7332734241275,-0.004882081967387372,0.0,62.28621697619303,3.3987825511171714e-05
33.980000000000004,49.98939429548232,49.989394030321364,138.73326354827873,-0.004865828691538851,0.0,62.28621697619303,3.391747211231629e-05
34.0,49.989394972952425,49.98939470873889,138.73325370762146,-0.004849629525592123,0.0,62.28621697619303,3.3847126171070265e-05
34.02,49.98939564901571,49.989395385745475,138.73324390200204,-0.004833484289406184,0.0,62.28621697619303,3.3776788280754e-05
34.04,49.989396323672345,49.98939606134128,138.73323413126752,-0.004817392803439745,0.0,62.28621697619303,3.370645903262829e-05
34.06,49.98939699692251,49.989396735526526,138.73322439526558,-0.004801354888749244,0.0,62.28621697619303,3.363613901486464e-05
34.08,49.9893976687664,49.98939740830141,138.73321469384456,-0.004785370366986851,0.0,62.28621697619303,3.356582881288845e-05
34.1,49.98939833920421,49.989398079666145,138.73320502685345,-0.004769439060398485,0.0,62.28621697619303,3.349552901006562e-05
34.12,49.98939900823616,49.98939874962098,138.73319539414183,-0.004753560791821841,0.0,62.28621697619303,3.342524018598621e-05
34.14,49.98939967586248,49.98939941816616,138.73318579556002,-0.0047377353846844135,0.0,62.28621697619303,3.335496291886723e-05
34.160000000000004,49.98940034208341,49.989400085301924,138.73317623095892,-0.00472196266300154,0.0,62.28621697619303,3.328469778349313e-05
34.18,49.989401006899186,49.98940075102855,138.73316670019,-0.004706242451374438,0.0,62.28621697619303,3.3214445352073935e-05
34.2,49.98940167031008,49.989401415346315,138.73315720310546,-0.0046905745749882604,0.0,62.28621697619303,3.314420619441687e-05
34.22,49.98940233231637,49.9894020782555,138.73314773955806,-0.004674958859610146,0.0,62.28621697619303,3.3073980877411446e-05
34.24,49.98940299291833,49.98940273975642,138.73313830940128,-0.004659395131587285,0.0,62.28621697619303,3.300376996588766e-05
34.26,49.98940365211625,49.98940339984938,138.73312891248912,-0.004643883217844985,0.0,62.28621697619303,3.293357402124293e-05
34.28,49.989404309910455,49.9894040585347,138.73311954867629,-0.004628422945884753,0.0,62.28621697619303,3.286339360281512e-05
34.300000000000004,49.989404966301244,49.989404715812725,138.73311021781802,-0.004613014143782368,0.0,62.28621697619303,3.279322926719604e-05
34.32,49.98940562128896,49.98940537168379,138.73310091977027,-0.0045976566401859775,0.0,62.28621697619303,3.272308156891795e-05
34.34,49.98940627487393,49.989406026148245,138.7330916543895,-0.004582350264314185,0.0,62.28621697619303,3.2652951059080555e-05
34.36,49.989406927056514,49.989406679206475,138.7330824215329,-0.004567094845954156,0.0,62.28621697619303,3.2582838286209105e-05
34.38,49.98940757783707,49.98940733085884,138.7330732210582,-0.004551890215459724,0.0,62.28621697619303,3.2512743797284204e-05
34.4,49.98940822721597,49.98940798110574,138.73306405282372,-0.004536736203749501,0.0,62.28621697619303,3.2442668135339005e-05
34.42,49.9894088751936,49.98940862994758,138.73305491668845,-0.004521632642305003,0.0,62.28621697619303,3.237261184220524e-05
34.44,49.98940952177035,49.98940927738476,138.73304581251196,-0.004506579363168767,0.0,62.28621697619303,3.23025754557672e-05
34.46,49.98941016694663,49.989409923417696,138.73303674015438,-0.004491576198942493,0.0,62.28621697619303,3.2232559512536135e-05
34.480000000000004,49.989410810722845,49.989410568046836,138.7330276994765,-0.004476622982785178,0.0,62.28621697619303,3.216256454610562e-05
34.5,49.989411453099436,49.9894112112726,138.7330186903397,-0.004461719548411262,0.0,62.28621697619303,3.209259108732315e-05
34.52,49.989412094076826,49.98941185309547,138.73300971260585,-0.004446865730088774,0.0,62.28621697619303,3.2022639664461806e-05
34.54,49.98941273365548,49.989412493515886,138.7330007661376,-0.004432061362637494,0.0,62.28621697619303,3.195271080373513e-05
34.56,49.98941337183583,49.98941313253433,138.732991850798,-0.004417306281427116,0.0,62.28621697619303,3.188280502861059e-05
34.58,49.98941400861837,49.98941377015128,138.73298296645083,-0.004402600322375416,0.0,62.28621697619303,3.181292285946634e-05
34.6,49.98941464400356,49.98941440636724,138.73297411296036,-0.004387943321946427,0.0,62.28621697619303,3.174306481513589e-05
34.62,49.9894152779919,49.98941504118271,138.73296529019152,-0.0043733351171486206,0.0,62.28621697619303,3.167323141153504e-05
34.64,49.98941591058389,49.989415674598206,138.73295649800977,-0.004358775545533096,0.0,62.28621697619303,3.160342316183356e-05
34.660000000000004,49.98941654178003,49.989416306614245,138.73294773628118,-0.0043442644451917685,0.0,62.28621697619303,3.15336405774849e-05
34.68,49.98941717158085,49.989416937231375,138.73293900487232,-0.004329801654755577,0.0,62.28621697619303,3.146388416633833e-05
34.7,49.98941779998686,49.989417566450136,138.73293030365045,-0.004315387013392686,0.0,62.28621697619303,3.139415443452684e-05
34.72,49.989418426998625,49.989418194271074,138.73292163248337,-0.004301020360806691,0.0,62.28621697619303,3.1324451886123844e-05
34.74,49.98941905261669,49.98941882069477,138.73291299123935,-0.004286701537234847,0.0,62.28621697619303,3.1254777021426953e-05
34.76,49.9894196768416,49.98941944572179,138.73290437978733,-0.004272430383446283,0.0,62.28621697619303,3.1185130339532374e-05
34.78,49.98942029967394,49.989420069352725,138.73289579799683,-0.004258206740740235,0.0,62.28621697619303,3.1115512336103734e-05
34.800000000000004,49.989420921114274,49.98942069158816,138.73288724573786,-0.004244030450944281,0.0,62.28621697619303,3.1045923505431624e-05
34.82,49.98942154116321,49.98942131242871,138.732878722881,-0.004229901356412581,0.0,62.28621697619303,3.0976364338545705e-05
34.84,49.98942215982134,49.98942193187498,138.73287022929748,-0.004215819300024126,0.0,62.28621697619303,3.090683532407282e-05
34.86,49.98942277708927,49.9894225499276,138.73286176485894,-0.004201784125180988,0.0,62.28621697619303,3.083733694909518e-05
34.88,49.989423392967616,49.9894231665872,138.73285332943772,-0.004187795675806581,0.0,62.28621697619303,3.0767869696747506e-05
34.9,49.98942400745701,49.989423781854434,138.73284492290662,-0.004173853796343923,0.0,62.28621697619303,3.0698434049306395e-05
34.92,49.9894246205581,49.98942439572994,138.732836545139,-0.004159958331753909,0.0,62.28621697619303,3.0629030485787486e-05
34.94,49.98942523227152,49.9894250082144,138.73282819600882,-0.004146109127513585,0.0,62.28621697619303,3.055965948297526e-05
34.96,49.98942584259793,49.989425619308456,138.73281987539056,-0.0041323060296144295,0.0,62.28621697619303,3.0490321515594643e-05
34.980000000000004,49.989426451538,49.989426229012814,138.73281158315922,-0.0041185488845606405,0.0,62.28621697619303,3.0421017055109622e-05
35.0,49.989427059092414,49.98942683732816,138.73280331919034,-0.004104837539367433,0.0,62.28621697619303,3.0351746571954405e-05
35.02,49.989427665261836,49.989427444255185,138.73279508336003,-0.004091171841559329,0.0,62.28621697619303,3.028251053244412e-05
35.04,49.98942827004698,49.989428049794604,138.73278687554497,-0.004077551639168473,0.0,62.28621697619303,3.021330940255063e-05
35.06,49.98942887344854,49.98942865394714,138.73277869562227,-0.004063976780732931,0.0,62.28621697619303,3.014414364412672e-05
35.08,49.98942947546723,49.989429256713514,138.73277054346968,-0.004050447115295014,0.0,62.28621697619303,3.0075013717995387e-05
35.1,49.98943007610378,49.98942985809446,138.73276241896542,-0.0040369624923995975,0.0,62.28621697619303,3.000592008137544e-05
35.12,49.98943067535891,49.98943045809074,138.7327543219883,-0.004023522762092444,0.0,62.28621697619303,2.993686319028428e-05
35.14,49.98943127323337,49.98943105670309,138.73274625241754,-0.004010127774918541,0.0,62.28621697619303,2.9867843497993255e-05
35.160000000000004,49.98943186972791,49.98943165393228,138.73273821013302,-0.003996777381920438,0.0,62.28621697619303,2.9798861455027644e-05
35.18,49.989432464843276,49.98943224977908,138.73273019501505,-0.003983471434636589,0.0,62.28621697619303,2.9729917510368082e-05
35.2,49.989433058580246,49.98943284424428,138.73272220694452,-0.003970209785099699,0.0,62.28621697619303,2.9661012109562616e-05
35.22,49.989433650939596,49.989433437328664,138.7327142458028,-0.003956992285835086,0.0,62.28621697619303,2.9592145697301162e-05
35.24,49.98943424192211,49.989434029033035,138.73270631147184,-0.003943818789859031,0.0,62.28621697619303,2.9523318714841054e-05
35.26,49.989434831528584,49.98943461935819,138.732698403834,-0.003930689150677149,0.0,62.28621697619303,2.9454531601894967e-05
35.28,49.98943541975982,49.98943520830497,138.73269052277226,-0.003917603222282765,0.0,62.28621697619303,2.938578479508627e-05
35.300000000000004,49.98943600661663,49.98943579587417,138.73268266817,-0.0039045608591552782,0.0,62.28621697619303,2.931707872949366e-05
35.32,49.98943659209982,49.98943638206664,138.73267483991125,-0.003891561916258555,0.0,62.28621697619303,2.92484138369349e-05
35.34,49.989437176210245,49.98943696688323,138.73266703788045,-0.0038786062490393093,0.0,62.28621697619303,2.9179790548712863e-05
35.36,49.989437758948725,49.98943755032478,138.7326592619625,-0.0038656937134254983,0.0,62.28621697619303,2.9111209292354592e-05
35.38,49.989438340316106,49.989438132392145,138.73265151204296,-0.0038528241658247185,0.0,62.28621697619303,2.9042670493155955e-05
35.4,49.989438920313255,49.9894387130862,138.73264378800775,-0.0038399974631226105,0.0,62.28621697619303,2.8974174574868166e-05
35.42,49.98943949894102,49.98943929240783,138.73263608974338,-0.003827213462681267,0.0,62.28621697619303,2.8905721959354514e-05
35.44,49.989440076200275,49.9894398703579,138.7326284171368,-0.003814472022337646,0.0,62.28621697619303,2.8837313064530844e-05
35.46,49.98944065209191,49.989440446937316,138.73262077007544,-0.0038017730004019897,0.0,62.28621697619303,2.8768948307454843e-05
35.480000000000004,49.989441226616805,49.989441022146984,138.73261314844729,-0.0037891162556562504,0.0,62.28621697619303,2.870062810295303e-05
35.5,49.989441799775854,49.9894415959878,138.73260555214085,-0.00377650164735252,0.0,62.28621697619303,2.86323528632775e-05
35.52,49.989442371569965,49.989442168460684,138.73259798104496,-0.003763929035211461,0.0,62.28621697619303,2.856412299810591e-05
35.54,49.98944294200005,49.98944273956657,138.73259043504913,-0.0037513982794207526,0.0,62.28621697619303,2.849593891557126e-05
35.56,49.98944351106704,49.98944330930639,138.73258291404323,-0.003738909240633531,0.0,62.28621697619303,2.842780102123212e-05
35.58,49.98944407877184,49.989443877681076,138.73257541791767,-0.0037264617799668423,0.0,62.28621697619303,2.8359709718930778e-05
35.6,49.98944464511541,49.989444444691586,138.73256794656334,-0.003714055759000098,0.0,62.28621697619303,2.829166540907694e-05
35.62,49.98944521009868,49.989445010338876,138.7325604998716,-0.003701691039773533,0.0,62.28621697619303,2.822366849139381e-05
35.64,49.989445773722615,49.989445574623915,138.7325530777343,-0.003689367484786676,0.0,62.28621697619303,2.8155719363030146e-05
35.660000000000004,49.98944633598816,49.989446137547674,138.73254568004376,-0.003677084956996817,0.0,62.28621697619303,2.808781841821703e-05
35.68,49.9894468968963,49.989446699111134,138.73253830669273,-0.0036648433198174842,0.0,62.28621697619303,2.801996604998414e-05
35.7,49.989447456448,49.989447259315284,138.7325309575745,-0.0036526424371169253,0.0,62.28621697619303,2.7952162648271834e-05
35.72,49.98944801464425,49.98944781816112,138.73252363258283,-0.0036404821732165943,0.0,62.28621697619303,2.7884408601647447e-05
35.74,49.989448571486044,49.989448375649644,138.73251633161192,-0.0036283623928896405,0.0,62.28621697619303,2.781670429610388e-05
35.76,49.98944912697437,49.98944893178188,138.73250905455637,-0.0036162829613594085,0.0,62.28621697619303,2.774905011523123e-05
35.78,49.98944968111025,49.98944948655883,138.73250180131143,-0.0036042437442979345,0.0,62.28621697619303,2.7681446441589827e-05
35.800000000000004,49.98945023389469,49.98945003998154,138.73249457177263,-0.0035922446078244575,0.0,62.28621697619303,2.761389365447906e-05
35.82,49.989450785328714,49.98945059205103,138.73248736583608,-0.0035802854185039267,0.0,62.28621697619303,2.7546392131653642e-05
35.84,49.98945133541335,49.98945114276835,138.73248018339825,-0.0035683660433455198,0.0,62.28621697619303,2.747894224829388e-05
35.86,49.98945188414964,49.98945169213455,138.73247302435618,-0.003556486349801163,0.0,62.28621697619303,2.7411544378035402e-05
35.88,49.98945243153862,49.98945224015068,138.73246588860727,-0.0035446462057640575,0.0,62.28621697619303,2.734419889176779e-05
35.9,49.989452977581365,49.989452786817814,138.7324587760494,-0.003532845479567211,0.0,62.28621697619303,2.7276906159007592e-05
35.92,49.98945352227891,49.98945333213702,138.73245168658096,-0.0035210840399819724,0.0,62.28621697619303,2.7209666546525294e-05
35.94,49.98945406563233,49.98945387610937,138.73244462010072,-0.0035093617562165723,0.0,62.28621697619303,2.7142480419375104e-05
35.96,49.9894546076427,49.98945441873597,138.73243757650795,-0.003497678497914671,0.0,62.28621697619303,2.707534814003679e-05
35.980000000000004,49.9894551483111,49.98945496001789,138.7324305557023,-0.0034860341351539057,0.0,62.28621697619303,2.7008270069960356e-05
36.0,49.989455687638625,49.989455499956236,138.73242355758399,-0.0034744285384444473,0.0,62.28621697619303,2.6941246567849737e-05
36.02,49.98945622562636,49.98945603855213,138.73241658205353,-0.0034628615787275596,0.0,62.28621697619303,2.6874277989834454e-05
36.04,49.98945676227542,49.98945657580668,138.73240962901195,-0.0034513331273741663,0.0,62.28621697619303,2.680736469084261e-05
36.06,49.9894572975869,49.989457111720995,138.73240269836077,-0.0034398430561834174,0.0,62.28621697619303,2.674050702305626e-05
36.08,49.989457831561936,49.98945764629622,138.73239579000185,-0.0034283912373812664,0.0,62.28621697619303,2.6673705337456055e-05
36.1,49.98945836420164,49.989458179533486,138.73238890383755,-0.0034169775436190468,0.0,62.28621697619303,2.6606959982104954e-05
36.12,49.98945889550714,49.98945871143393,138.73238203977064,-0.003405601847972059,0.0,62.28621697619303,2.6540271303864523e-05
36.14,49.98945942547958,49.989459241998716,138.73237519770433,-0.003394264023938157,0.0,62.28621697619303,2.647363964667864e-05
36.160000000000004,49.9894599541201,49.98945977122898,138.7323683775423,-0.003382963945436341,0.0,62.28621697619303,2.64070653534614e-05
36.18,49.989460481429866,49.9894602991259,138.7323615791886,-0.0033717014868053555,0.0,62.28621697619303,2.6340548764209226e-05
36.2,49.989461007410014,49.98946082569064,138.73235480254772,-0.003360476522802294,0.0,62.28621697619303,2.6274090217030616e-05
36.22,49.989461532061725,49.98946135092438,138.7323480475246,-0.0033492889286012044,0.0,62.28621697619303,2.6207690048832668e-05
36.24,49.98946205538617,49.9894618748283,138.7323413140246,-0.0033381385797917012,0.0,62.28621697619303,2.614134859377642e-05
36.26,49.989462577384515,49.98946239740359,138.73233460195348,-0.0033270253523775815,0.0,62.28621697619303,2.607506618396337e-05
36.28,49.98946309805796,49.98946291865145,138.73232791121748,-0.003315949122775448,0.0,62.28621697619303,2.60088431496071e-05
36.300000000000004,49.98946361740769,49.98946343857308,138.73232124172318,-0.0033049097678133324,0.0,62.28621697619303,2.5942679819719788e-05
36.32,49.9894641354349,49.98946395716969,138.7323145933776,-0.003293907164729327,0.0,62.28621697619303,2.5876576519709414e-05
36.34,49.989464652140796,49.98946447444249,138.73230796608826,-0.003282941191170219,0.0,62.28621697619303,2.581053357515558e-05
36.36,49.989465167526596,49.98946499039271,138.73230135976297,-0.0032720117251901306,0.0,62.28621697619303,2.5744551307518808e-05
36.38,49.98946568159351,49.98946550502158,138.73229477431002,-0.0032611186452491617,0.0,62.28621697619303,2.5678630038087986e-05
36.4,49.98946619434277,49.989466018330326,138.73228820963814,-0.0032502618302120397,0.0,62.28621697619303,2.5612770084719427e-05
36.42,49.98946670577559,49.9894665303202,138.7322816656564,-0.003239441159346772,0.0,62.28621697619303,2.554697176423968e-05
36.44,49.98946721589323,49.989467040992444,138.73227514227432,-0.0032286565123233026,0.0,62.28621697619303,2.5481235391587365e-05
36.46,49.98946772469691,49.98946755034831,138.73226863940184,-0.0032179077692121747,0.0,62.28621697619303,2.5415561279298317e-05
36.480000000000004,49.98946823218789,49.98946805838906,138.73226215694928,-0.0032071948104831975,0.0,62.28621697619303,2.534994973802044e-05
36.5,49.98946873836743,49.98946856511596,138.73225569482733,-0.0031965175170041156,0.0,62.28621697619303,2.5284401076856996e-05
36.52,49.98946924323678,49.98946907053028,138.73224925294716,-0.003185875770039285,0.0,62.28621697619303,2.5218915602508424e-05
36.54,49.98946974679722,49.98946957463331,138.73224283122028,-0.003175269451248353,0.0,62.28621697619303,2.5153493619958898e-05
36.56,49.989470249050015,49.98947007742632,138.7322364295586,-0.003164698442684943,0.0,62.28621697619303,2.508813543213304e-05
36.58,49.98947074999645,49.989470578910606,138.7322300478745,-0.00315416262679534,0.0,62.28621697619303,2.502284134092569e-05
36.6,49.9894712496378,49.98947107908746,138.7322236860807,-0.0031436618864171856,0.0,62.28621697619303,2.4957611645485638e-05
36.62,49.98947174797537,49.98947157795819,138.73221734409023,-0.003133196104778176,0.0,62.28621697619303,2.4892446642902135e-05
36.64,49.989472245010454,49.989472075524105,138.7322110218167,-0.003122765165494761,0.0,62.28621697619303,2.4827346629234655e-05
36.660000000000004,49.98947274074435,49.989472571786514,138.73220471917395,-0.0031123689525708507,0.0,62.28621697619303,2.4762311897453348e-05
36.68,49.98947323517837,49.98947306674673,138.7321984360763,-0.003102007350396527,0.0,62.28621697619303,2.4697342739841863e-05
36.7,49.98947372831383,49.989473560406104,138.73219217243837,-0.003091680243746755,0.0,62.28621697619303,2.463243944593778e-05
36.72,49.989474220152054,49.98947405276594,138.7321859281753,-0.0030813875177801054,0.0,62.28621697619303,2.456760230442054e-05
36.74,49.98947471069436,49.98947454382759,138.7321797032025,-0.003071129058037474,0.0,62.28621697619303,2.4502831600880267e-05
36.76,49.98947519994209,49.98947503359239,138.73217349743578,-0.00306090475044081,0.0,62.28621697619303,2.443812762004894e-05
36.78,49.98947568789657,49.98947552206169,138.73216731079134,-0.0030507144812918488,0.0,62.28621697619303,2.437349064425574e-05
36.800000000000004,49.98947617455916,49.989476009236846,138.7321611431858,-0.003040558137270847,0.0,62.28621697619303,2.4308920954285182e-05
36.82,49.9894766599312,49.98947649511921,138.73215499453616,-0.00303043560543532,0.0,62.28621697619303,2.4244418828690622e-05
36.84,49.98947714401404,49.98947697971016,138.73214886475972,-0.0030203467732187895,0.0,62.28621697619303,2.417998454499563e-05
36.86,49.98947762680905,49.989477463011056,138.73214275377418,-0.0030102915284295284,0.0,62.28621697619303,2.4115618377806096e-05
36.88,49.989478108317584,49.98947794502328,138.7321366614977,-0.003000269759249316,0.0,62.28621697619303,2.4051320600869766e-05
36.9,49.989478588541026,49.9894784257482,138.73213058784867,-0.002990281354232193,0.0,62.28621697619303,2.398709148570321e-05
36.92,49.989479067480744,49.98947890518723,138.73212453274598,-0.002980326202303223,0.0,62.28621697619303,2.3922931302106717e-05
36.94,49.989479545138124,49.98947938334173,138.73211849610885,-0.0029704041927572557,0.0,62.28621697619303,2.3858840317649392e-05
36.96,49.98948002151455,49.989479860213116,138.7321124778568,-0.0029605152152576983,0.0,62.28621697619303,2.3794818798698954e-05
36.980000000000004,49.98948049661142,49.98948033580279,138.7321064779098,-0.002950659159835286,0.0,62.28621697619303,2.3730867009735197e-05
37.0,49.98948097043013,49.98948081011215,138.73210049618817,-0.0029408359168868613,0.0,62.28621697619303,2.366698521317837e-05
37.02,49.98948144297208,49.98948128314262,138.73209453261254,-0.002931045377174153,0.0,62.28621697619303,2.360317366973244e-05
37.04,49.98948191423868,49.9894817548956,138.732088587104,-0.0029212874318225637,0.0,62.28621697619303,2.3539432638728343e-05
37.06,49.989482384231344,49.98948222537254,138.73208265958385,-0.0029115619723199576,0.0,62.28621697619303,2.3475762377094212e-05
37.08,49.98948285295149,49.989482694574846,138.7320767499739,-0.002901868890515453,0.0,62.28621697619303,2.3412163140728413e-05
37.1,49.989483320400545,49.989483162503966,138.73207085819627,-0.0028922080786182225,0.0,62.28621697619303,2.3348635182954872e-05
37.12,49.98948378657993,49.98948362916133,138.7320649841734,-0.002882579429196291,0.0,62.28621697619303,2.3285178755724498e-05
37.14,49.989484251491085,49.989484094548374,138.7320591278281,-0.0028729828351753443,0.0,62.28621697619303,2.3221794109958414e-05
37.160000000000004,49.98948471513545,49.98948455866657,138.73205328908358,-0.0028634181898375354,0.0,62.28621697619303,2.3158481493660068e-05
37.18,49.98948517751446,49.989485021517346,138.73204746786334,-0.0028538853868202993,0.0,62.28621697619303,2.3095241153459874e-05
37.2,49.98948563862957,49.98948548310217,138.7320416640912,-0.00284438432011517,0.0,62.28621697619303,2.303207333478684e-05
37.22,49.98948609848223,49.98948594342251,138.7320358776915,-0.002834914884066602,0.0,62.28621697619303,2.296897828049555e-05
37.24,49.98948655707391,49.98948640247983,138.73203010858867,-0.002825476973370794,0.0,62.28621697619303,2.2905956232410818e-05
37.26,49.98948701440606,49.9894868602756,138.7320243567077,-0.002816070483074521,0.0,62.28621697619303,2.2843007430469534e-05
37.28,49.98948747048015,49.98948731681129,138.73201862197385,-0.0028066953085739616,0.0,62.28621697619303,2.2780132112377423e-05
37.300000000000004,49.98948792529766,49.989487772088395,138.7320129043127,-0.002797351345613541,0.0,62.28621697619303,2.271733051515369e-05
37.32,49.98948837886006,49.989488226108406,138.73200720365023,-0.0027880384902847677,0.0,62.28621697619303,2.2654602873758e-05
37.34,49.989488831168835,49.989488678872796,138.7320015199127,-0.0027787566390250797,0.0,62.28621697619303,2.2591949420575586e-05
37.36,49.98948928222546,49.98948913038307,138.73199585302672,-0.002769505688616692,0.0,62.28621697619303,2.2529370387476793e-05
37.38,49.98948973203145,49.98948958064073,138.73199020291926,-0.0027602855361854484,0.0,62.28621697619303,2.246686600392917e-05
37.4,49.989490180588284,49.98949002964728,138.73198456951764,-0.002751096079199679,0.0,62.28621697619303,2.2404436498198854e-05
37.42,49.98949062789747,49.98949047740423,138.73197895274947,-0.002741937215469059,0.0,62.28621697619303,2.2342082096492453e-05
37.44,49.9894910739605,49.98949092391309,138.7319733525427,-0.002732808843143472,0.0,62.28621697619303,2.2279803023643537e-05
37.46,49.989491518778905,49.989491369175376,138.73196776882565,-0.0027237108607118784,0.0,62.28621697619303,2.221759950242613e-05
37.480000000000004,49.98949196235418,49.98949181319262,138.73196220152698,-0.0027146431670011855,0.0,62.28621697619303,2.215547175458449e-05
37.5,49.989492404687844,49.98949225596635,138.73195665057557,-0.0027056056611751236,0.0,62.28621697619303,2.2093419999460066e-05
37.52,49.989492845781434,49.989492697498086,138.73195111590076,-0.0026965982427331237,0.0,62.28621697619303,2.203144445553617e-05
37.54,49.98949328563646,49.98949313778937,138.73194559743214,-0.0026876208115091996,0.0,62.28621697619303,2.1969545338721682e-05
37.56,49.989493724254466,49.98949357684174,138.73194009509967,-0.0026786732676708355,0.0,62.28621697619303,2.1907722864582224e-05
37.58,49.98949416163698,49.98949401465674,138.7319346088336,-0.0026697555117178736,0.0,62.28621697619303,2.1845977246108988e-05
37.6,49.98949459778555,49.98949445123593,138.7319291385645,-0.0026608674444814104,0.0,62.28621697619303,2.178430869457688e-05
37.62,49.98949503270172,49.98949488658084,138.73192368422332,-0.0026520089671226922,0.0,62.28621697619303,2.172271742040266e-05
37.64,49.98949546638702,49.989495320693045,138.7319182457412,-0.0026431799811320158,0.0,62.28621697619303,2.1661203631085404e-05
37.660000000000004,49.98949589884302,49.989495753574104,138.73191282304975,-0.002634380388327633,0.0,62.28621697619303,2.1599767534295812e-05
37.68,49.98949633007127,49.989496185225576,138.73190741608084,-0.0026256100908546597,0.0,62.28621697619303,2.153840933444365e-05
37.7,49.98949676007334,49.98949661564903,138.73190202476658,-0.0026168689911839882,0.0,62.28621697619303,2.1477129235595408e-05
37.72,49.98949718885078,49.98949704484604,138.73189664903953,-0.0026081569921112,0.0,62.28621697619303,2.141592743941479e-05
37.74,49.98949761640516,49.98949747281819,138.73189128883246,-0.0025994739967554873,0.0,62.28621697619303,2.1354804146192468e-05
37.76,49.98949804273806,49.98949789956705,138.7318859440785,-0.002590819908558575,0.0,62.28621697619303,2.1293759555360964e-05
37.78,49.98949846785106,49.98949832509421,138.73188061471106,-0.0025821946312836468,0.0,62.28621697619303,2.1232793863435122e-05
37.800000000000004,49.989498891745725,49.989498749401264,138.7318753006639,-0.002573598069014274,0.0,62.28621697619303,2.1171907265900006e-05
37.82,49.98949931442366,49.9894991724898,138.73187000187104,-0.002565030126153352,0.0,62.28621697619303,2.1111099957554164e-05
37.84,49.98949973588643,49.98949959436141,138.73186471826685,-0.002556490707422034,0.0,62.28621697619303,2.1050372130450095e-05
37.86,49.989500156135655,49.9895000150177,138.73185944978601,-0.002547979717858672,0.0,62.28621697619303,2.0989723976125403e-05
37.88,49.989500575172904,49.98950043446027,138.73185419636343,-0.0025394970628177613,0.0,62.28621697619303,2.092915568285675e-05
37.9,49.98950099299979,49.98950085269073,138.7318489579344,-0.0025310426479688893,0.0,62.28621697619303,2.086866743909243e-05
37.92,49.98950140961791,49.98950126971069,138.7318437344345,-0.002522616379295685,0.0,62.28621697619303,2.080825943173607e-05
37.94,49.98950182502888,49.98950168552177,138.73183852579962,-0.0025142181630947733,0.0,62.28621697619303,2.074793184460199e-05
37.96,49.989502239234305,49.98950210012559,138.73183333196584,-0.0025058479059747335,0.0,62.28621697619303,2.0687684861676136e-05
37.980000000000004,49.9895026522358,49.98950251352376,138.73182815286972,-0.0024975055148550606,0.0,62.28621697619303,2.0627518664370022e-05
38.0,49.98950306403498,49.989502925717915,138.731822988448,-0.0024891908969651303,0.0,62.28621697619303,2.056743343289376e-05
38.02,49.989503474633466,49.98950333670968,138.73181783863768,-0.002480903959843168,0.0,62.28621697619303,2.050742934591281e-05
38.04,49.98950388403289,49.9895037465007,138.73181270337616,-0.0024726446113352194,0.0,62.28621697619303,2.0447506581062854e-05
38.06,49.989504292234884,49.9895041550926,138.7318075826011,-0.002464412759594127,0.0,62.28621697619303,2.0387665313233518e-05
38.08,49.98950469924107,49.98950456248702,138.7318024762504,-0.0024562083130785077,0.0,62.28621697619303,2.032790571748605e-05
38.1,49.98950510505308,49.9895049686856,138.73179738426234,-0.0024480311805517344,0.0,62.28621697619303,2.0268227965792395e-05
38.12,49.98950550967256,49.98950537369,138.7317923065754,-0.0024398812710809225,0.0,62.28621697619303,2.020863222995286e-05
38.14,49.98950591310116,49.98950577750187,138.73178724312834,-0.002431758494035919,0.0,62.28621697619303,2.014911867936495e-05
38.160000000000004,49.98950631534051,49.989506180122845,138.73178219386034,-0.002423662759088293,0.0,62.28621697619303,2.008968748222477e-05
38.18,49.98950671639228,49.9895065815546,138.73177715871077,-0.0024155939762103332,0.0,62.28621697619303,2.0030338805527033e-05
38.2,49.989507116258096,49.98950698179878,138.73177213761923,-0.0024075520556740455,0.0,62.28621697619303,1.9971072814378522e-05
38.22,49.98950751493964,49.98950738085706,138.7317671305257,-0.0023995369080501545,0.0,62.28621697619303,1.9911889672513e-05
38.24,49.98950791243855,49.98950777873111,138.73176213737042,-0.002391548444207111,0.0,62.28621697619303,1.985278954263446e-05
38.26,49.9895083087565,49.98950817542259,138.73175715809393,-0.0023835865753101,0.0,62.28621697619303,1.9793772585730598e-05
38.28,49.98950870389515,49.98950857093318,138.73175219263695,-0.0023756512128200514,0.0,62.28621697619303,1.9734838960901203e-05
38.300000000000004,49.98950909785617,49.98950896526455,138.7317472409406,-0.0023677422684926577,0.0,62.28621697619303,1.9675988826559548e-05
38.32,49.98950949064123,49.98950935841838,138.7317423029462,-0.002359859654377392,0.0,62.28621697619303,1.9617222339059356e-05
38.34,49.989509882252015,49.98950975039635,138.73173737859543,-0.0023520032828165272,0.0,62.28621697619303,1.9558539653724588e-05
38.36,49.9895102726902,49.98951014120016,138.7317324678301,-0.0023441730664441663,0.0,62.28621697619303,1.949994092399128e-05
38.38,49.989510661957446,49.98951053083148,138.73172757059245,-0.0023363689181852667,0.0,62.28621697619303,1.944142630278059e-05
38.4,49.98951105005546,49.98951091929201,138.73172268682492,-0.0023285907512546737,0.0,62.28621697619303,1.9382995939924354e-05
38.42,49.98951143698593,49.989511306583445,138.7317178164702,-0.002320838479156155,0.0,62.28621697619303,1.932464998611255e-05
38.44,49.98951182275053,49.98951169270748,138.73171295947128,-0.0023131120156814383,0.0,62.28621697619303,1.926638858860259e-05
38.46,49.989512207350955,49.989512077665815,138.73170811577145,-0.0023054112749092553,0.0,62.28621697619303,1.920821189482351e-05
38.480000000000004,49.98951259078891,49.98951246146016,138.7317032853142,-0.0022977361712043817,0.0,62.28621697619303,1.9150120049115025e-05
38.5,49.9895129730661,49.98951284409221,138.73169846804336,-0.0022900866192166877,0.0,62.28621697619303,1.909211319581686e-05
38.52,49.989513354184204,49.989513225563684,138.73169366390297,-0.0022824625338801903,0.0,62.28621697619303,1.9034191477724075e-05
38.54,49.98951373414495,49.98951360587628,138.73168887283737,-0.002274863830412103,0.0,62.28621697619303,1.897635503522893e-05
38.56,49.989514112950026,49.98951398503173,138.73168409479112,-0.0022672904243118985,0.0,62.28621697619303,1.891860400855206e-05
38.58,49.98951449060115,49.98951436303174,138.7316793297091,-0.0022597422313603626,0.0,62.28621697619303,1.8860938536197804e-05
38.6,49.98951486710004,49.989514739878025,138.73167457753638,-0.002252219167618664,0.0,62.28621697619303,1.880335875443934e-05
38.62,49.98951524244841,49.98951511557232,138.73166983821835,-0.0022447211494274156,0.0,62.28621697619303,1.8745864799378207e-05
38.64,49.98951561664797,49.98951549011635,138.7316651117007,-0.002237248093405749,0.0,62.28621697619303,1.8688456805228035e-05
38.660000000000004,49.98951598970045,49.989515863511826,138.73166039792926,-0.002229799916450383,0.0,62.28621697619303,1.8631134904657793e-05
38.68,49.98951636160756,49.9895162357605,138.7316556968502,-0.0022223765357347013,0.0,62.28621697619303,1.8573899229649937e-05
38.7,49.98951673237105,49.989516606864086,138.7316510084099,-0.0022149778687078326,0.0,62.28621697619303,1.851674990978412e-05
38.72,49.989517101992625,49.98951697682433,138.73164633255507,-0.002207603833093731,0.0,62.28621697619303,1.8459687074296736e-05
38.74,49.98951747047403,49.98951734564297,138.73164166923257,-0.0022002543468902605,0.0,62.28621697619303,1.840271085053627e-05
38.76,49.98951783781699,49.989517713321746,138.73163701838962,-0.0021929293283682845,0.0,62.28621697619303,1.8345821365164683e-05
38.78,49.98951820402325,49.98951807986241,138.73163237997358,-0.0021856286960707572,0.0,62.28621697619303,1.8289018742269517e-05
38.800000000000004,49.98951856909454,49.98951844526668,138.73162775393214,-0.0021783523688118167,0.0,62.28621697619303,1.82323031059383e-05
38.82,49.98951893303261,49.989518809536335,138.73162314021326,-0.0021711002656758824,0.0,62.28621697619303,1.8175674578542285e-05
38.84,49.9895192958392,49.989519172673106,138.73161853876508,-0.0021638723060167547,0.0,62.28621697619303,1.811913328039318e-05
38.86,49.989519657516055,49.989519534678756,138.73161394953596,-0.0021566684094567207,0.0,62.28621697619303,1.806267933094454e-05
38.88,49.98952001806493,49.989519895555034,138.73160937247465,-0.002149488495885657,0.0,62.28621697619303,1.8006312849306672e-05
38.9,49.98952037748756,49.989520255303695,138.73160480753,-0.00214233248546014,0.0,62.28621697619303,1.7950033951843824e-05
38.92,49.98952073578571,49.98952061392651,138.7316002546512,-0.0021352002986025588,0.0,62.28621697619303,1.789384275474861e-05
38.94,49.98952109296114,49.989520971425236,138.7315957137876,-0.0021280918560002307,0.0,62.28621697619303,1.7837739372154097e-05
38.96,49.9895214490156,49.989521327801626,138.73159118488888,-0.0021210070786045177,0.0,62.28621697619303,1.7781723917163595e-05
38.980000000000004,49.98952180395084,49.98952168305746,138.73158666790488,-0.002113945887629948,0.0,62.28621697619303,1.7725796501678995e-05
39.0,49.98952215776865,49.98952203719451,138.73158216278574,-0.0021069082045533393,0.0,62.28621697619303,1.7669957235885917e-05
39.02,49.98952251047076,49.98952239021453,138.73157766948182,-0.0020998939511129274,0.0,62.28621697619303,1.761420622962671e-05
39.04,49.98952286205897,49.989522742119306,138.73157318794372,-0.002092903049307494,0.0,62.28621697619303,1.7558543590855817e-05
39.06,49.989523212535026,49.98952309291061,138.73156871812225,-0.002085935421395501,0.0,62.28621697619303,1.7502969425811388e-05
39.08,49.989523561900704,49.98952344259022,138.73156425996848,-0.0020789909898942236,0.0,62.28621697619303,1.7447483840559954e-05
39.1,49.98952391015778,49.98952379115991,138.73155981343373,-0.0020720696775788907,0.0,62.28621697619303,1.739208693893686e-05
39.12,49.98952425730803,49.98952413862146,138.73155537846955,-0.002065171407481826,0.0,62.28621697619303,1.7336778824262573e-05
39.14,49.989524603353225,49.98952448497667,138.73155095502767,-0.002058296102891591,0.0,62.28621697619303,1.72815595983129e-05
39.160000000000004,49.98952494829515,49.98952483022731,138.73154654306012,-0.0020514436873521327,0.0,62.28621697619303,1.7226429361490624e-05
39.18,49.98952529213558,49.98952517437517,138.73154214251912,-0.002044614084661933,0.0,62.28621697619303,1.7171388212997114e-05
39.2,49.98952563487631,49.98952551742203,138.73153775335717,-0.002037807218873162,0.0,62.28621697619303,1.7116436251347235e-05
39.22,49.98952597651911,49.98952585936971,138.7315333755269,-0.0020310230142908336,0.0,62.28621697619303,1.7061573572481423e-05
39.24,49.989526317065774,49.98952620021997,138.7315290089813,-0.002024261395471961,0.0,62.28621697619303,1.7006800273198254e-05
39.26,49.989526656518095,49.98952653997462,138.7315246536735,-0.0020175222872247218,0.0,62.28621697619303,1.695211644703535e-05
39.28,49.989526994877856,49.98952687863546,138.73152030955683,-0.0020108056146076183,0.0,62.28621697619303,1.6897522187187094e-05
39.300000000000004,49.98952733214685,49.98952721620428,138.73151597658492,-0.0020041113029286477,0.0,62.28621697619303,1.6843017585818084e-05
39.32,49.98952766832688,49.98952755268289,138.7315116547116,-0.0019974392777444678,0.0,62.28621697619303,1.6788602734063146e-05
39.34,49.98952800341973,49.989527888073084,138.7315073438909,-0.001990789464859571,0.0,62.28621697619303,1.673427772082594e-05
39.36,49.9895283374272,49.98952822237667,138.7315030440771,-0.0019841617903254604,0.0,62.28621697619303,1.668004263501012e-05
39.38,49.989528670351106,49.98952855559545,138.73149875522472,-0.0019775561804398246,0.0,62.28621697619303,1.662589756328817e-05
39.4,49.98952900219323,49.98952888773123,138.7314944772884,-0.001970972561745721,0.0,62.28621697619303,1.6571842592504203e-05
39.42,49.98952933295538,49.989529218785826,138.73149021022311,-0.001964410861030757,0.0,62.28621697619303,1.6517877806413015e-05
39.44,49.98952966263936,49.98952954876105,138.73148595398402,-0.0019578710053262754,0.0,62.28621697619303,1.6464003289455917e-05
39.46,49.98952999124698,49.989529877658704,138.73148170852647,-0.0019513529219065456,0.0,62.28621697619303,1.6410219123843047e-05
39.480000000000004,49.989530318780055,49.989530205480605,138.73147747380602,-0.001944856538287952,0.0,62.28621697619303,1.6356525390926397e-05
39.5,49.98953064524038,49.98953053222858,138.7314732497785,-0.0019383817822281905,0.0,62.28621697619303,1.630292217085656e-05
39.52,49.98953097062977,49.98953085790443,138.73146903639994,-0.0019319285817254626,0.0,62.28621697619303,1.6249409542754364e-05
39.54,49.98953129495005,49.98953118250998,138.73146483362652,-0.0019254968650176763,0.0,62.28621697619303,1.6195987584195964e-05
39.56,49.98953161820302,49.98953150604705,138.7314606414147,-0.0019190865605816483,0.0,62.28621697619303,1.6142656372242645e-05
39.58,49.9895319403905,49.989531828517464,138.73145645972116,-0.0019126975971323075,0.0,62.28621697619303,1.6089415981896134e-05
39.6,49.989532261514306,49.989532149923036,138.73145228850268,-0.0019063299036219028,0.0,62.28621697619303,1.6036266487986538e-05
39.62,49.98953258157626,49.98953247026561,138.73144812771642,-0.0018999834092392135,0.0,62.28621697619303,1.5983207963456046e-05
39.64,49.98953290057818,49.989532789546985,138.7314439773196,-0.0018936580434087613,0.0,62.28621697619303,1.593024048090359e-05
39.660000000000004,49.9895332185219,49.98953310776901,138.73143983726976,-0.001887353735790025,0.0,62.28621697619303,1.5877364111040188e-05
39.68,49.98953353540922,49.98953342493351,138.73143570752455,-0.0018810704162766597,0.0,62.28621697619303,1.582457892371871e-05
39.7,49.98953385124199,49.98953374104231,138.73143158804186,-0.0018748080149957162,0.0,62.28621697619303,1.577188498759063e-05
39.72,49.98953416602201,49.98953405609724,138.73142747877986,-0.001868566462306864,0.0,62.28621697619303,1.5719282370277645e-05
39.74,49.98953447975112,49.98953437010013,138.73142337969682,-0.0018623456888016165,0.0,62.28621697619303,1.56667711390582e-05
39.76,49.98953479243116,49.98953468305283,138.73141929075126,-0.0018561456253025606,0.0,62.28621697619303,1.5614351358636308e-05
39.78,49.98953510406394,49.98953499495716,138.7314152119019,-0.0018499662028625859,0.0,62.28621697619303,1.5562023093201092e-05
39.800000000000004,49.9895354146513,49.98953530581496,138.73141114310766,-0.001843807352764119,0.0,62.28621697619303,1.5509786406598427e-05
39.82,49.98953572419507,49.98953561562807,138.73140708432763,-0.0018376690065183584,0.0,62.28621697619303,1.5457641360443003e-05
39.84,49.98953603269709,49.98953592439833,138.7314030355212,-0.0018315510958645139,0.0,62.28621697619303,1.540558801617789e-05
39.86,49.989536340159184,49.989536232127584,138.73139899664784,-0.0018254535527690466,0.0,62.28621697619303,1.53536264337015e-05
39.88,49.9895366465832,49.98953653881766,138.73139496766726,-0.0018193763094249131,0.0,62.28621697619303,1.5301756671367577e-05
39.9,49.98953695197096,49.98953684447041,138.7313909485394,-0.0018133192982508109,0.0,62.28621697619303,1.524997878770151e-05
39.92,49.98953725632432,49.989537149087674,138.7313869392244,-0.0018072824518904269,0.0,62.28621697619303,1.5198292839169127e-05
39.94,49.98953755964511,49.9895374526713,138.7313829396825,-0.001801265703211689,0.0,62.28621697619303,1.5146698881378125e-05
39.96,49.98953786193517,49.98953775522313,138.73137894987423,-0.0017952689853060187,0.0,62.28621697619303,1.5095196969078052e-05
39.980000000000004,49.98953816319634,49.98953805674501,138.7313749697603,-0.0017892922314875878,0.0,62.28621697619303,1.5043787155473798e-05
40.0,49.98953846343047,49.9895383572388,138.73137099930162,-0.0017833353752925764,0.0,62.28621697619303,1.4992469493598626e-05
40.02,49.9895387626394,49.98953865670633,138.7313670384592,-0.0017773983504784337,0.0,62.28621697619303,1.4941244034254625e-05
40.04,49.98953906082497,49.98953895514946,138.73136308719438,-0.0017714810910231418,0.0,62.28621697619303,1.4890110828415513e-05
40.06,49.98953935798903,49.98953925257005,138.73135914546862,-0.001765583531124481,0.0,62.28621697619303,1.4839069924823835e-05
40.08,49.989539654133424,49.98953954896994,138.73135521324352,-0.0017597056051992983,0.0,62.28621697619303,1.4788121372222136e-05
40.1,49.989539949260006,49.98953984435097,138.73135129048094,-0.0017538472478827783,0.0,62.28621697619303,1.4737265217808303e-05
40.12,49.98954024337062,49.98954013871502,138.73134737714298,-0.001748008394027716,0.0,62.28621697619303,1.468650150809371e-05
40.14,49.98954053646712,49.98954043206393,138.73134347319174,-0.0017421889787037927,0.0,62.28621697619303,1.463583028770181e-05
40.160000000000004,49.98954082855134,49.98954072439956,138.7313395785897,-0.0017363889371968533,0.0,62.28621697619303,1.4585251601084436e-05
40.18,49.98954111962516,49.989541015723766,138.73133569329946,-0.0017306082050081873,0.0,62.28621697619303,1.4534765491835269e-05
40.2,49.9895414096904,49.9895413060384,138.73133181728377,-0.0017248467178538115,0.0,62.28621697619303,1.4484372001660081e-05
40.22,49.98954169874894,49.98954159534532,138.73132795050557,-0.0017191044116637542,0.0,62.28621697619303,1.4434071171921381e-05
40.24,49.989541986802614,49.989541883646396,138.73132409292802,-0.0017133812225813446,0.0,62.28621697619303,1.4383863042437025e-05
40.26,49.98954227385329,49.98954217094347,138.73132024451442,-0.0017076770869625002,0.0,62.28621697619303,1.4333747652509981e-05
40.28,49.989542559902816,49.98954245723842,138.7313164052283,-0.0017019919413750215,0.0,62.28621697619303,1.428372504058507e-05
40.300000000000004,49.98954284495304,49.9895427425331,138.73131257503334,-0.001696325722597885,0.0,62.28621697619303,1.4233795243390835e-05
40.32,49.989543129005845,49.98954302682936,138.7313087538934,-0.0016906783676205411,0.0,62.28621697619303,1.418395829731255e-05
40.34,49.989543412063064,49.98954331012908,138.73130494177252,-0.0016850498136422125,0.0,62.28621697619303,1.4134214237534101e-05
40.36,49.98954369412657,49.98954359243411,138.7313011386349,-0.0016794399980711965,0.0,62.28621697619303,1.4084563098037961e-05
40.38,49.9895439751982,49.98954387374632,138.73129734444498,-0.0016738488585241683,0.0,62.28621697619303,1.4035004912291726e-05
40.4,49.98954425527984,49.98954415406757,138.7312935591673,-0.0016682763328254887,0.0,62.28621697619303,1.39855397120467e-05
40.42,49.98954453437334,49.98954443339973,138.73128978276665,-0.0016627223590065109,0.0,62.28621697619303,1.3936167529569076e-05
40.44,49.98954481248055,49.989544711744664,138.73128601520793,-0.0016571868753048925,0.0,62.28621697619303,1.3886888394207358e-05
40.46,49.989545089603354,49.98954498910424,138.73128225645624,-0.0016516698201639083,0.0,62.28621697619303,1.3837702335996566e-05
40.480000000000004,49.98954536574359,49.98954526548032,138.73127850647685,-0.001646171132231766,0.0,62.28621697619303,1.37886093830838e-05
40.5,49.98954564090313,49.98954554087477,138.73127476523524,-0.0016406907503609238,0.0,62.28621697619303,1.3739609562929653e-05
40.52,49.989545915083845,49.98954581528946,138.73127103269698,-0.0016352286136074097,0.0,62.28621697619303,1.369070290196494e-05
40.54,49.98954618828759,49.989546088726264,138.7312673088279,-0.0016297846612301455,0.0,62.28621697619303,1.3641889425419076e-05
40.56,49.98954646051623,49.98954636118704,138.73126359359392,-0.0016243588326902696,0.0,62.28621697619303,1.3593169158521478e-05
40.58,49.98954673177163,49.989546632673665,138.7312598869612,-0.0016189510676504649,0.0,62.28621697619303,1.3544542124442019e-05
40.6,49.98954700205565,49.98954690318801,138.73125618889603,-0.0016135613059742873,0.0,62.28621697619303,1.3496008346007312e-05
40.62,49.98954727137017,49.98954717273193,138.73125249936487,-0.0016081894877254968,0.0,62.28621697619303,1.3447567845185829e-05
40.64,49.98954753971704,49.989547441307316,138.73124881833434,-0.001602835553167392,0.0,62.28621697619303,1.3399220642744638e-05
40.660000000000004,49.989547807098134,49.98954770891602,138.73124514577125,-0.0015974994427621443,0.0,62.28621697619303,1.3350966758592669e-05
40.68,49.989548073515316,49.98954797555993,138.7312414816426,-0.0015921810971701372,0.0,62.28621697619303,1.3302806211780702e-05
40.7,49.98954833897046,49.989548241240904,138.73123782591546,-0.001586880457249305,0.0,62.28621697619303,1.325473902067301e-05
40.72,49.989548603465416,49.98954850596082,138.73123417855717,-0.0015815974640544766,0.0,62.28621697619303,1.32067652020892e-05
40.74,49.98954886700207,49.98954876972155,138.73123053953515,-0.0015763320588367195,0.0,62.28621697619303,1.3158884772505627e-05
40.76,49.98954912958228,49.98954903252496,138.73122690881706,-0.001571084183042686,0.0,62.28621697619303,1.3111097747197244e-05
40.78,49.98954939120792,49.989549294372935,138.73122328637066,-0.0015658537783139618,0.0,62.28621697619303,1.3063404141267373e-05
40.800000000000004,49.98954965188086,49.98954955526734,138.73121967216392,-0.0015606407864864186,0.0,62.28621697619303,1.301580396724491e-05
40.82,49.98954991160296,49.98954981521005,138.7312160661649,-0.001555445149589566,0.0,62.28621697619303,1.2968297238860146e-05
40.84,49.989550170376084,49.98955007420293,138.73121246834188,-0.0015502668098459067,0.0,62.28621697619303,1.292088396726895e-05
40.86,49.98955042820212,49.989550332247866,138.7312088786633,-0.001545105709670295,0.0,62.28621697619303,1.2873564163798811e-05
40.88,49.98955068508293,49.98955058934673,138.73120529709772,-0.0015399617916692957,0.0,62.28621697619303,1.2826337838060936e-05
40.9,49.98955094102038,49.989550845501384,138.73120172361388,-0.0015348349986405465,0.0,62.28621697619303,1.2779204999666532e-05
40.92,49.98955119601634,49.98955110071372,138.7311981581807,-0.0015297252735721205,0.0,62.28621697619303,1.2732165656682146e-05
40.94,49.98955145007269,49.98955135498559,138.73119460076722,-0.0015246325596418933,0.0,62.28621697619303,1.2685219817002699e-05
40.96,49.98955170319128,49.9895516083189,138.73119105134265,-0.001519556800216912,0.0,62.28621697619303,1.2638367486635193e-05
40.980000000000004,49.989551955374004,49.98955186071549,138.73118750987635,-0.0015144979388527634,0.0,62.28621697619303,1.259160867175826e-05
41.0,49.98955220662271,49.98955211217726,138.7311839763378,-0.0015094559192929476,0.0,62.28621697619303,1.2544943376834247e-05
41.02,49.989552456939286,49.989552362706064,138.73118045069674,-0.0015044306854682518,0.0,62.28621697619303,1.2498371606497128e-05
41.04,49.9895527063256,49.9895526123038,138.73117693292295,-0.0014994221814961274,0.0,62.28621697619303,1.2451893362978076e-05
41.06,49.989552954783505,49.98955286097232,138.73117342298642,-0.0014944303516800682,0.0,62.28621697619303,1.2405508649366408e-05
41.08,49.989553202314895,49.98955310871351,138.73116992085727,-0.0014894551405089914,0.0,62.28621697619303,1.2359217466691894e-05
41.1,49.989553448921626,49.989553355529246,138.73116642650575,-0.0014844964926566191,0.0,62.28621697619303,1.231301981581268e-05
41.12,49.989553694605576,49.9895536014214,138.73116293990233,-0.0014795543529808645,0.0,62.28621697619303,1.2266915696213878e-05
41.14,49.98955393936861,49.98955384639184,138.73115946101754,-0.0014746286665232183,0.0,62.28621697619303,1.2220905107208973e-05
41.160000000000004,49.989554183212604,49.98955409044246,138.73115598982213,-0.0014697193785081371,0.0,62.28621697619303,1.2174988046738423e-05
41.18,49.98955442613942,49.989554333575114,138.731152526287,-0.0014648264343424344,0.0,62.28621697619303,1.2129164512056167e-05
41.2,49.989554668150944,49.989554575791686,138.7311490703831,-0.001459949779614674,0.0,62.28621697619303,1.2083434499901261e-05
41.22,49.98955490924903,49.989554817094046,138.73114562208167,-0.0014550893600945639,0.0,62.28621697619303,1.203779800563973e-05
41.24,49.98955514943556,49.989555057484075,138.73114218135396,-0.001450245121732355,0.0,62.28621697619303,1.19922550246376e-05
41.26,49.9895553887124,49.989555296963644,138.73113874817145,-0.0014454170106582382,0.0,62.28621697619303,1.1946805550201355e-05
41.28,49.98955562708141,49.98955553553462,138.73113532250574,-0.0014406049731817462,0.0,62.28621697619303,1.1901449576323985e-05
41.300000000000004,49.98955586454447,49.98955577319889,138.73113190432858,-0.0014358089557911563,0.0,62.28621697619303,1.1856187094938949e-05
41.32,49.98955610110345,49.989556009958314,138.73112849361183,-0.0014310289051528955,0.0,62.28621697619303,1.1811018097808067e-05
41.34,49.98955633676023,49.989556245814775,138.73112509032757,-0.0014262647681109472,0.0,62.28621697619303,1.1765942575835017e-05
41.36,49.98955657151666,49.98955648077014,138.73112169444792,-0.0014215164916862603,0.0,62.28621697619303,1.172096051906534e-05
41.38,49.98955680537461,49.989556714826286,138.73111830594522,-0.0014167840230761596,0.0,62.28621697619303,1.1676071916686425e-05
41.4,49.98955703833597,49.989556947985086,138.7311149247919,-0.0014120673096537592,0.0,62.28621697619303,1.1631276757027525e-05
41.42,49.989557270402585,49.98955718024841,138.73111155096058,-0.0014073662989673769,0.0,62.28621697619303,1.1586575028246259e-05
41.44,49.989557501576336,49.98955741161813,138.731108184424,-0.001402680938739951,0.0,62.28621697619303,1.1541966716783962e-05
41.46,49.98955773185909,49.98955764209612,138.73110482515497,-0.0013980111768684591,0.0,62.28621697619303,1.1497451809081969e-05
41.480000000000004,49.98955796125271,49.989557871684255,138.73110147312656,-0.0013933569614233384,0.0,62.28621697619303,1.1453030290895098e-05
41.5,49.989558189759066,49.98955810038439,138.73109812831188,-0.0013887182406479087,0.0,62.28621697619303,1.1408702145918625e-05
41.52,49.98955841738003,49.98955832819842,138.73109479068424,-0.0013840949629577957,0.0,62.28621697619303,1.1364467358705969e-05
41.54,49.989558644117466,49.989558555128205,138.73109146021704,-0.0013794870769403592,0.0,62.28621697619303,1.1320325911922634e-05
41.56,49.98955886997324,49.9895587811756,138.73108813688384,-0.00137489453135412,0.0,62.28621697619303,1.1276277788234122e-05
41.58,49.98955909494921,49.9895590063425,138.7310848206583,-0.0013703172751281904,0.0,62.28621697619303,1.1232322969276166e-05
41.6,49.98955931904725,49.98955923063076,138.7310815115143,-0.0013657552573617063,0.0,62.28621697619303,1.1188461435483094e-05
41.62,49.989559542269234,49.98955945404226,138.73107820942573,-0.001361208427323261,0.0,62.28621697619303,1.114469316694598e-05
41.64,49.98955976461701,49.98955967657885,138.7310749143667,-0.0013566767344503415,0.0,62.28621697619303,1.1101018143412641e-05
41.660000000000004,49.98955998609246,49.98955989824241,138.73107162631146,-0.0013521601283487663,0.0,62.28621697619303,1.1057436343086232e-05
41.68,49.98956020669743,49.98956011903481,138.73106834523432,-0.001347658558792124,0.0,62.28621697619303,1.1013947744169915e-05
41.7,49.9895604264338,49.989560338957915,138.73106507110978,-0.001343171975721215,0.0,62.28621697619303,1.0970552323493814e-05
41.72,49.98956064530342,49.98956055801359,138.73106180391247,-0.0013387003292434964,0.0,62.28621697619303,1.0927250058059686e-05
41.74,49.989560863308164,49.9895607762037,138.7310585436171,-0.0013342435696325255,0.0,62.28621697619303,1.088404092263812e-05
41.76,49.98956108044988,49.98956099353012,138.73105529019855,-0.0013298016473274072,0.0,62.28621697619303,1.0840924893029466e-05
41.78,49.98956129673045,49.9895612099947,138.73105204363185,-0.0013253745129322432,0.0,62.28621697619303,1.079790194280291e-05
41.800000000000004,49.98956151215172,49.98956142559932,138.7310488038921,-0.001320962117215582,0.0,62.28621697619303,1.0754972046042522e-05
41.82,49.98956172671556,49.989561640345826,138.73104557095454,-0.001316564411109873,0.0,62.28621697619303,1.0712135175116082e-05
41.84,49.98956194042381,49.9895618542361,138.7310423447946,-0.0013121813457109186,0.0,62.28621697619303,1.0669391302734632e-05
41.86,49.98956215327836,49.989562067272,138.73103912538772,-0.0013078128722773322,0.0,62.28621697619303,1.0626740399549668e-05
41.88,49.989562365281046,49.989562279455384,138.7310359127096,-0.0013034589422299952,0.0,62.28621697619303,1.0584182436555941e-05
41.9,49.98956257643374,49.98956249078811,138.73103270673593,-0.0012991195071515168,0.0,62.28621697619303,1.0541717383890063e-05
41.92,49.98956278673829,49.98956270127205,138.73102950744266,-0.001294794518785697,0.0,62.28621697619303,1.04993452108305e-05
41.94,49.989562996196554,49.989562910909065,138.73102631480577,-0.0012904839290369878,0.0,62.28621697619303,1.04570658859692e-05
41.96,49.989563204810395,49.989563119701,138.73102312880138,-0.0012861876899699597,0.0,62.28621697619303,1.0414879377211603e-05
41.980000000000004,49.98956341258167,49.989563327649726,138.73101994940572,-0.0012819057538087687,0.0,62.28621697619303,1.0372785651433374e-05
42.0,49.989563619512225,49.9895635347571,138.73101677659523,-0.0012776380729366242,0.0,62.28621697619303,1.0330784675853436e-05
42.02,49.989563825603916,49.98956374102498,138.73101361034634,-0.0012733845998952598,0.0,62.28621697619303,1.028887641597442e-05
42.04,49.98956403085861,49.98956394645522,138.7310104506357,-0.0012691452873844064,0.0,62.28621697619303,1.0247060837127335e-05
42.06,49.989564235278145,49.989564151049684,138.73100729744004,-0.001264920088261265,0.0,62.28621697619303,1.0205337903785046e-05
42.08,49.98956443886438,49.98956435481022,138.7310041507362,-0.0012607089555399826,0.0,62.28621697619303,1.016370757956227e-05
42.1,49.98956464161916,49.98956455773868,138.73100101050116,-0.001256511842391131,0.0,62.28621697619303,1.01221698279021e-05
42.12,49.98956484354435,49.98956475983693,138.73099787671202,-0.001252328702141184,0.0,62.28621697619303,1.0080724611217854e-05
42.14,49.989565044641786,49.98956496110681,138.730994749346,-0.0012481594882720005,0.0,62.28621697619303,1.0039371891922852e-05
42.160000000000004,49.98956524491333,49.98956516155018,138.73099162838037,-0.0012440041544203055,0.0,62.28621697619303,9.998111630542497e-06
42.18,49.98956544436082,49.9895653611689,138.73098851379268,-0.0012398626543771755,0.0,62.28621697619303,9.956943788288706e-06
42.2,49.98956564298611,49.9895655599648,138.7309854055604,-0.0012357349420875235,0.0,62.28621697619303,9.915868324485485e-06
42.22,49.98956584079104,49.98956575793975,138.73098230366125,-0.0012316209716495888,0.0,62.28621697619303,9.874885198971719e-06
42.24,49.989566037777465,49.98956595509559,138.730979208073,-0.001227520697314425,0.0,62.28621697619303,9.833994369870013e-06
42.26,49.98956623394722,49.989566151434175,138.73097611877358,-0.001223434073485391,0.0,62.28621697619303,9.793195795474597e-06
42.28,49.989566429302165,49.989566346957346,138.730973035741,-0.0012193610547176457,0.0,62.28621697619303,9.7524894328783e-06
42.300000000000004,49.989566623844134,49.989566541666946,138.73096995895338,-0.001215301595717641,0.0,62.28621697619303,9.711875239173953e-06
42.32,49.98956681757497,49.98956673556483,138.730966888389,-0.0012112556513426188,0.0,62.28621697619303,9.671353170252985e-06
42.34,49.989567010496515,49.98956692865284,138.73096382402616,-0.001207223176600109,0.0,62.28621697619303,9.63092318149194e-06
42.36,49.98956720261061,49.98956712093282,138.7309607658434,-0.0012032041266474285,0.0,62.28621697619303,9.590585227924101e-06
42.38,49.989567393919096,49.989567312406614,138.73095771381924,-0.0011991984567911833,0.0,62.28621697619303,9.550339263724612e-06
42.4,49.98956758442381,49.98956750307605,138.7309546679324,-0.001195206122486772,0.0,62.28621697619303,9.510185242038845e-06
42.42,49.9895677741266,49.989567692943,138.7309516281617,-0.0011912270793378887,0.0,62.28621697619303,9.470123116698683e-06
42.44,49.98956796302929,49.989567882009275,138.73094859448605,-0.0011872612830960306,0.0,62.28621697619303,9.430152839476468e-06
42.46,49.98956815113372,49.98956807027673,138.73094556688446,-0.001183308689660006,0.0,62.28621697619303,9.390274362316169e-06
42.480000000000004,49.98956833844173,49.9895682577472,138.73094254533603,-0.0011793692550754432,0.0,62.28621697619303,9.35048763630361e-06
42.5,49.98956852495515,49.989568444422524,138.73093952982006,-0.0011754429355343018,0.0,62.28621697619303,9.310792612524622e-06
42.52,49.98956871067582,49.989568630304525,138.73093652031585,-0.0011715296873743863,0.0,62.28621697619303,9.271189240177112e-06
42.54,49.989568895605565,49.98956881539506,138.73093351680288,-0.0011676294670788599,0.0,62.28621697619303,9.231677469317136e-06
42.56,49.98956907974622,49.98956899969595,138.7309305192607,-0.0011637422312757604,0.0,62.28621697619303,9.192257247941203e-06
42.58,49.98956926309961,49.98956918320902,138.73092752766897,-0.0011598679367375185,0.0,62.28621697619303,9.152928525075594e-06
42.6,49.98956944566757,49.98956936593613,138.73092454200747,-0.0011560065403804765,0.0,62.28621697619303,9.113691247858677e-06
42.62,49.98956962745193,49.98956954787908,138.73092156225607,-0.0011521579992644095,0.0,62.28621697619303,9.074545363600447e-06
42.64,49.98956980845451,49.989569729039715,138.73091858839476,-0.0011483222705920486,0.0,62.28621697619303,9.035490818237869e-06
42.660000000000004,49.98956998867715,49.98956990941987,138.73091562040364,-0.0011444993117086032,0.0,62.28621697619303,8.996527558222796e-06
42.68,49.98957016812165,49.989570089021356,138.73091265826284,-0.0011406890801012877,0.0,62.28621697619303,8.95765552846242e-06
42.7,49.98957034678986,49.98957026784601,138.73090970195273,-0.00113689153339885,0.0,62.28621697619303,8.918874673692307e-06
42.72,49.98957052468359,49.989570445895666,138.73090675145363,-0.0011331066293710976,0.0,62.28621697619303,8.880184938133138e-06
42.74,49.989570701804666,49.989570623172135,138.73090380674606,-0.0011293343259284308,0.0,62.28621697619303,8.841586265319073e-06
42.76,49.9895708781549,49.98957079967724,138.73090086781065,-0.0011255745811213722,0.0,62.28621697619303,8.803078598441022e-06
42.78,49.98957105373612,49.98957097541281,138.73089793462808,-0.0011218273531401017,0.0,62.28621697619303,8.764661880346634e-06
42.800000000000004,49.98957122855015,49.98957115038066,138.73089500717913,-0.0011180926003139912,0.0,62.28621697619303,8.726336051995641e-06
42.82,49.989571402598784,49.98957132458262,138.73089208544474,-0.001114370281111141,0.0,62.28621697619303,8.688101055549181e-06
42.84,49.989571575883865,49.9895714980205,138.73088916940583,-0.0011106603541379183,0.0,62.28621697619303,8.64995683128047e-06
42.86,49.98957174840719,49.98957167069612,138.7308862590436,-0.0011069627781384967,0.0,62.28621697619303,8.61190331963436e-06
42.88,49.989571920170576,49.98957184261129,138.73088335433914,-0.0011032775119943973,0.0,62.28621697619303,8.57394046036918e-06
42.9,49.989572091175845,49.989572013767834,138.73088045527382,-0.0010996045147240315,0.0,62.28621697619303,8.536068192213494e-06
42.92,49.9895722614248,49.989572184167564,138.730877561829,-0.0010959437454822456,0.0,62.28621697619303,8.498286454754007e-06
42.94,49.98957243091924,49.989572353812285,138.7308746739862,-0.001092295163559866,0.0,62.28621697619303,8.460595185346248e-06
42.96,49.989572599660995,49.98957252270382,138.73087179172694,-0.001088658728383247,0.0,62.28621697619303,8.422994321689008e-06
42.980000000000004,49.98957276765186,49.989572690843964,138.73086891503297,-0.0010850343995138195,0.0,62.28621697619303,8.385483801137817e-06
43.0,49.98957293489364,49.98957285823454,138.73086604388604,-0.001081422136647641,0.0,62.28621697619303,8.348063559675181e-06
43.02,49.989573101388146,49.98957302487735,138.730863178268,-0.0010778218996149477,0.0,62.28621697619303,8.310733533798485e-06
43.04,49.989573267137175,49.989573190774195,138.73086031816084,-0.001074233648379708,0.0,62.28621697619303,8.273493658117202e-06
43.06,49.989573432142535,49.989573355926886,138.7308574635466,-0.0010706573430391765,0.0,62.28621697619303,8.236343868957094e-06
43.08,49.989573596406025,49.98957352033723,138.7308546144075,-0.0010670929438234514,0.0,62.28621697619303,8.199284099554602e-06
43.1,49.98957375992944,49.98957368400702,138.73085177072568,-0.0010635404110950313,0.0,62.28621697619303,8.162314284004314e-06
43.12,49.98957392271459,49.98957384693806,138.73084893248358,-0.0010599997053483746,0.0,62.28621697619303,8.12543435622919e-06
43.14,49.98957408476326,49.98957400913215,138.73084609966355,-0.0010564707872094605,0.0,62.28621697619303,8.088644248607525e-06
43.160000000000004,49.989574246077254,49.989574170591084,138.73084327224817,-0.001052953617435351,0.0,62.28621697619303,8.05194389403251e-06
43.18,49.989574406658356,49.98957433131667,138.73084045022006,-0.0010494481569137543,0.0,62.28621697619303,8.015333224024298e-06
43.2,49.98957456650837,49.98957449131069,138.73083763356186,-0.0010459543666625902,0.0,62.28621697619303,7.97881216975979e-06
43.22,49.989574725629076,49.98957465057495,138.73083482225644,-0.0010424722078295565,0.0,62.28621697619303,7.942380662759145e-06
43.24,49.989574884022275,49.98957480911123,138.73083201628668,-0.0010390016416916964,0.0,62.28621697619303,7.906038633169485e-06
43.26,49.98957504168975,49.98957496692133,138.7308292156355,-0.0010355426296549692,0.0,62.28621697619303,7.869786010623056e-06
43.28,49.98957519863329,49.98957512400704,138.73082642028604,-0.0010320951332538197,0.0,62.28621697619303,7.833622724923725e-06
43.300000000000004,49.98957535485468,49.98957528037014,138.7308236302214,-0.0010286591141507508,0.0,62.28621697619303,7.797548705017219e-06
43.32,49.98957551035571,49.98957543601242,138.73082084542486,-0.0010252345341358981,0.0,62.28621697619303,7.761563879162751e-06
43.34,49.98957566513815,49.98957559093568,138.7308180658797,-0.0010218213551266035,0.0,62.28621697619303,7.725668174933016e-06
43.36,49.989575819203786,49.989575745141686,138.7308152915694,-0.0010184195391669934,0.0,62.28621697619303,7.689861520587226e-06
43.38,49.989575972554405,49.98957589863222,138.73081252247744,-0.0010150290484275553,0.0,62.28621697619303,7.654143843183192e-06
43.4,49.98957612519178,49.989576051409074,138.73080975858738,-0.001011649845204717,0.0,62.28621697619303,7.618515068748955e-06
43.42,49.9895762771177,49.989576203474016,138.73080699988296,-0.0010082818919204288,0.0,62.28621697619303,7.58297512348418e-06
43.44,49.989576428333926,49.989576354828834,138.7308042463479,-0.001004925151121744,0.0,62.28621697619303,7.547523933245278e-06
43.46,49.98957657884223,49.989576505475306,138.73080149796607,-0.0010015795854804036,0.0,62.28621697619303,7.512161423202145e-06
43.480000000000004,49.989576728644394,49.9895766554152,138.73079875472138,-0.00099824515779242,0.0,62.28621697619303,7.476887517838161e-06
43.5,49.989576877742195,49.989576804650284,138.73079601659788,-0.0009949218309776649,0.0,62.28621697619303,7.441702141636707e-06
43.52,49.98957702613738,49.98957695318234,138.7307932835796,-0.000991609568079455,0.0,62.28621697619303,7.406605217879763e-06
43.54,49.98957717383175,49.98957710101314,138.73079055565083,-0.000988308332264143,0.0,62.28621697619303,7.371596670535824e-06
43.56,49.98957732082704,49.98957724814444,138.73078783279578,-0.000985018086820706,0.0,62.28621697619303,7.336676422028726e-06
43.58,49.98957746712503,49.98957739457802,138.7307851149988,-0.0009817387951603393,0.0,62.28621697619303,7.301844395297192e-06
43.6,49.98957761272748,49.98957754031564,138.73078240224436,-0.000978470420816048,0.0,62.28621697619303,7.267100512078544e-06
43.62,49.989577757636155,49.989577685359066,138.7307796945169,-0.0009752129274422421,0.0,62.28621697619303,7.232444694110103e-06
43.64,49.98957790185281,49.989577829710065,138.73077699180112,-0.0009719662788143319,0.0,62.28621697619303,7.197876862271048e-06
43.660000000000004,49.98957804537921,49.98957797337039,138.7307742940816,-0.000968730438828326,0.0,62.28621697619303,7.163396937097301e-06
43.68,49.989578188217116,49.9895781163418,138.73077160134315,-0.000965505371500429,0.0,62.28621697619303,7.1290048391247825e-06
43.7,49.98957833036827,49.98957825862605,138.7307689135706,-0.0009622910409666416,0.0,62.28621697619303,7.094700488031269e-06
43.72,49.989578471834434,49.98957840022491,138.73076623074888,-0.000959087411482362,0.0,62.28621697619303,7.060483803322911e-06
43.74,49.98957861261736,49.98957854114012,138.73076355286295,-0.0009558944474219881,0.0,62.28621697619303,7.0263547038193425e-06
43.76,49.9895787527188,49.989578681373445,138.73076087989793,-0.0009527121132785214,0.0,62.28621697619303,6.9923131081685685e-06
43.78,49.98957889214049,49.989578820926624,138.73075821183892,-0.0009495403736631723,0.0,62.28621697619303,6.958358934503709e-06
43.800000000000004,49.9895790308842,49.98957895980141,138.73075554867123,-0.0009463791933049663,0.0,62.28621697619303,6.9244921004429975e-06
43.82,49.989579168951664,49.98957909799957,138.7307528903801,-0.0009432285370503523,0.0,62.28621697619303,6.8907125234330386e-06
43.84,49.98957930634462,49.98957923552282,138.730750236951,-0.0009400883698628109,0.0,62.28621697619303,6.857020120748809e-06
43.86,49.98957944306482,49.989579372372916,138.7307475883693,-0.0009369586568224654,0.0,62.28621697619303,6.823414808120626e-06
43.88,49.98957957911401,49.989579508551614,138.7307449446206,-0.0009338393631256934,0.0,62.28621697619303,6.789896501622067e-06
43.9,49.98957971449391,49.98957964406063,138.73074230569048,-0.0009307304540847393,0.0,62.28621697619303,6.756465117498333e-06
43.92,49.989579849206265,49.98957977890173,138.73073967156466,-0.000927631895127329,0.0,62.28621697619303,6.723120570449973e-06
43.94,49.98957998325282,49.98957991307664,138.73073704222892,-0.0009245436517962856,0.0,62.28621697619303,6.6898627755207875e-06
43.96,49.9895801166353,49.989580046587086,138.7307344176691,-0.0009214656897491456,0.0,62.28621697619303,6.656691647239696e-06
43.980000000000004,49.98958024935544,49.98958017943482,138.7307317978711,-0.0009183979747577777,0.0,62.28621697619303,6.623607099620729e-06
44.0,49.989580381414974,49.98958031162156,138.7307291828209,-0.0009153404727080017,0.0,62.28621697619303,6.590609046506288e-06
44.02,49.98958051281562,49.989580443149045,138.7307265725046,-0.000912293149599209,0.0,62.28621697619303,6.557697400880634e-06
44.04,49.98958064355912,49.989580574019,138.73072396690836,-0.0009092559715439853,0.0,62.28621697619303,6.5248720758996545e-06
44.06,49.98958077364719,49.989580704233155,138.73072136601832,-0.0009062289047677328,0.0,62.28621697619303,6.492132983689464e-06
44.08,49.98958090308155,49.989580833793234,138.73071876982084,-0.0009032119156082951,0.0,62.28621697619303,6.459480036891066e-06
44.1,49.989581031863935,49.98958096270096,138.7307161783022,-0.0009002049705155831,0.0,62.28621697619303,6.426913146772431e-06
44.12,49.98958115999605,49.98958109095807,138.7307135914489,-0.0008972080360512012,0.0,62.28621697619303,6.39443222494479e-06
44.14,49.98958128747962,49.98958121856626,138.73071100924744,-0.0008942210788880764,0.0,62.28621697619303,6.362037182504487e-06
44.160000000000004,49.98958141431636,49.989581345527256,138.73070843168435,-0.0008912440658100866,0.0,62.28621697619303,6.329727929689721e-06
44.18,49.989581540508,49.98958147184278,138.73070585874626,-0.0008882769637116921,0.0,62.28621697619303,6.29750437708195e-06
44.2,49.989581666056225,49.989581597514544,138.73070329041997,-0.000885319739597567,0.0,62.28621697619303,6.2653664342328606e-06
44.22,49.98958179096277,49.989581722544266,138.7307007266922,-0.0008823723605822326,0.0,62.28621697619303,6.233314011037395e-06
44.24,49.98958191522932,49.989581846933646,138.73069816754978,-0.0008794347938896911,0.0,62.28621697619303,6.201347016360725e-06
44.26,49.98958203885761,49.989581970684405,138.73069561297967,-0.0008765070068530621,0.0,62.28621697619303,6.16946535889639e-06
44.28,49.98958216184933,49.98958209379824,138.7306930629689,-0.0008735889669142184,0.0,62.28621697619303,6.137668947681193e-06
44.300000000000004,49.989582284206186,49.989582216276865,138.73069051750448,-0.0008706806416234245,0.0,62.28621697619303,6.105957690378902e-06
44.32,49.98958240592988,49.989582338121984,138.73068797657353,-0.0008677819986389753,0.0,62.28621697619303,6.074331494653287e-06
44.34,49.98958252702211,49.989582459335296,138.7306854401633,-0.0008648930057268369,0.0,62.28621697619303,6.0427902679964906e-06
44.36,49.98958264748458,49.98958257991849,138.73068290826103,-0.000862013630760288,0.0,62.28621697619303,6.011333917557396e-06
44.38,49.98958276731898,49.98958269987329,138.730680380854,-0.0008591438417195624,0.0,62.28621697619303,5.979962349798373e-06
44.4,49.98958288652701,49.98958281920137,138.7306778579297,-0.0008562836066914932,0.0,62.28621697619303,5.94867547118179e-06
44.42,49.989583005110354,49.98958293790442,138.7306753394755,-0.0008534328938691576,0.0,62.28621697619303,5.917473187483503e-06
44.44,49.989583123070716,49.98958305598416,138.73067282547905,-0.000850591671551524,0.0,62.28621697619303,5.8863554046509945e-06
44.46,49.98958324040978,49.989583173442256,138.73067031592782,-0.0008477599081430984,0.0,62.28621697619303,5.855322027945233e-06
44.480000000000004,49.98958335712922,49.989583290280414,138.73066781080956,-0.0008449375721535737,0.0,62.28621697619303,5.824372961769043e-06
44.5,49.98958347323074,49.9895834065003,138.73066531011196,-0.0008421246321974791,0.0,62.28621697619303,5.793508111898281e-06
44.52,49.98958358871601,49.98958352210362,138.73066281382282,-0.0008393210569938319,0.0,62.28621697619303,5.76272738153437e-06
44.54,49.98958370358672,49.989583637092046,138.73066032193,-0.0008365268153657886,0.0,62.28621697619303,5.732030675595021e-06
44.56,49.98958381784454,49.98958375146726,138.73065783442144,-0.0008337418762402987,0.0,62.28621697619303,5.70141789728166e-06
44.58,49.989583931491154,49.98958386523094,138.73065535128507,-0.0008309662086477594,0.0,62.28621697619303,5.670888949624081e-06
44.6,49.989584044528236,49.98958397838477,138.73065287250898,-0.0008281997817216707,0.0,62.28621697619303,5.640443736338595e-06
44.62,49.98958415695746,49.98958409093042,138.73065039808128,-0.0008254425646982926,0.0,62.28621697619303,5.610082159596854e-06
44.64,49.9895842687805,49.98958420286956,138.73064792799013,-0.0008226945269163026,0.0,62.28621697619303,5.57980412174214e-06
44.660000000000004,49.98958437999902,49.98958431420387,138.73064546222378,-0.0008199556378164551,0.0,62.28621697619303,5.5496095252893625e-06
44.68,49.98958449061469,49.989584424935,138.73064300077053,-0.0008172258669412411,0.0,62.28621697619303,5.519498271895287e-06
44.7,49.98958460062917,49.989584535064644,138.7306405436187,-0.0008145051839345501,0.0,62.28621697619303,5.489470262530165e-06
44.72,49.98958471004414,49.98958464459445,138.73063809075677,-0.0008117935585413321,0.0,62.28621697619303,5.459525399194021e-06
44.74,49.989584818861246,49.98958475352609,138.7306356421732,-0.0008090909606072614,0.0,62.28621697619303,5.429663582170592e-06
44.76,49.98958492708215,49.98958486186122,138.73063319785655,-0.0008063973600784008,0.0,62.28621697619303,5.39988471208687e-06
44.78,49.98958503470852,49.989584969601495,138.73063075779535,-0.0008037127270008682,0.0,62.28621697619303,5.370188688883338e-06
44.800000000000004,49.989585141742,49.98958507674858,138.73062832197834,-0.0008010370315205026,0.0,62.28621697619303,5.340575413186987e-06
44.82,49.98958524818424,49.989585183304136,138.7306258903942,-0.0007983702438825329,0.0,62.28621697619303,5.311044783908526e-06
44.84,49.989585354036905,49.989585289269804,138.73062346303178,-0.0007957123344312464,0.0,62.28621697619303,5.281596700645177e-06
44.86,49.989585459301644,49.989585394647236,138.73062103987985,-0.0007930632736096594,0.0,62.28621697619303,5.252231062650905e-06
44.88,49.98958556398009,49.989585499438085,138.73061862092732,-0.0007904230319591885,0.0,62.28621697619303,5.222947768149901e-06
44.9,49.98958566807391,49.989585603644,138.73061620616318,-0.0007877915801193227,0.0,62.28621697619303,5.193746716567761e-06
44.92,49.98958577158473,49.98958570726663,138.73061379557643,-0.0007851688888272971,0.0,62.28621697619303,5.164627805442161e-06
44.94,49.98958587451419,49.98958581030761,138.73061138915614,-0.0007825549289177676,0.0,62.28621697619303,5.135590932482408e-06
44.96,49.98958597686395,49.989585912768575,138.73060898689147,-0.0007799496713224865,0.0,62.28621697619303,5.106635995912696e-06
44.980000000000004,49.989586078635625,49.98958601465118,138.73060658877156,-0.0007773530870699792,0.0,62.28621697619303,5.0777628927558155e-06
45.0,49.989586179830866,49.98958611595705,138.7306041947857,-0.0007747651472852218,0.0,62.28621697619303,5.048971520034558e-06
45.02,49.9895862804513,49.989586216687826,138.7306018049232,-0.0007721858231893205,0.0,62.28621697619303,5.020261774943346e-06
45.04,49.98958638049855,49.98958631684514,138.73059941917342,-0.0007696150860991913,0.0,62.28621697619303,4.991633553475198e-06
45.06,49.98958647997426,49.989586416430626,138.7305970375257,-0.0007670529074272408,0.0,62.28621697619303,4.96308675213802e-06
45.08,49.98958657888005,49.9895865154459,138.7305946599696,-0.0007644992586810488,0.0,62.28621697619303,4.934621266753204e-06
45.1,49.989586677217545,49.989586613892605,138.73059228649464,-0.0007619541114630508,0.0,62.28621697619303,4.906236993485397e-06
45.12,49.98958677498837,49.98958671177235,138.73058991709036,-0.0007594174374702232,0.0,62.28621697619303,4.877933827126218e-06
45.14,49.98958687219414,49.98958680908677,138.7305875517464,-0.0007568892084937675,0.0,62.28621697619303,4.849711663325432e-06
45.160000000000004,49.989586968836484,49.98958690583747,138.73058519045247,-0.0007543693964187969,0.0,62.28621697619303,4.821570397389542e-06
45.18,49.98958706491701,49.989587002026084,138.73058283319833,-0.0007518579732240245,0.0,62.28621697619303,4.7935099229087665e-06
45.2,49.98958716043733,49.98958709765422,138.73058047997375,-0.00074935491098145,0.0,62.28621697619303,4.76553013536124e-06
45.22,49.98958725539907,49.989587192723505,138.7305781307686,-0.0007468601818560512,0.0,62.28621697619303,4.737630928508809e-06
45.24,49.98958734980383,49.98958728723553,138.7305757855728,-0.0007443737581054725,0.0,62.28621697619303,4.709812195941692e-06
45.26,49.98958744365322,49.98958738119191,138.7305734443763,-0.000741895612079718,0.0,62.28621697619303,4.682073831936621e-06
45.28,49.98958753694884,49.98958747459426,138.73057110716908,-0.0007394257162208429,0.0,62.28621697619303,4.6544157295689305e-06
45.300000000000004,49.98958762969231,49.98958756744418,138.73056877394123,-0.0007369640430626472,0.0,62.28621697619303,4.626837782257209e-06
45.32,49.989587721885215,49.989587659743286,138.7305664446829,-0.0007345105652303714,0.0,62.28621697619303,4.59933988273353e-06
45.34,49.98958781352916,49.989587751493154,138.7305641193842,-0.0007320652554403901,0.0,62.28621697619303,4.571921923386713e-06
45.36,49.98958790462575,49.98958784269541,138.73056179803538,-0.0007296280864999106,0.0,62.28621697619303,4.544583797463718e-06
45.38,49.98958799517657,49.98958793335162,138.7305594806267,-0.0007271990313066692,0.0,62.28621697619303,4.517325396666849e-06
45.4,49.98958808518322,49.98958802346341,138.73055716714853,-0.0007247780628486304,0.0,62.28621697619303,4.490146612698407e-06
45.42,49.98958817464729,49.989588113032354,138.7305548575912,-0.000722365154203686,0.0,62.28621697619303,4.463047337775582e-06
45.44,49.98958826357036,49.98958820206005,138.7305525519451,-0.0007199602785393565,0.0,62.28621697619303,4.436027463085791e-06
45.46,49.98958835195403,49.98958829054808,138.73055025020074,-0.0007175634091124917,0.0,62.28621697619303,4.409086880159708e-06
45.480000000000004,49.989588439799874,49.98958837849803,138.73054795234867,-0.0007151745192689742,0.0,62.28621697619303,4.38222548001312e-06
45.5,49.98958852710948,49.98958846591149,138.73054565837944,-0.0007127935824434229,0.0,62.28621697619303,4.3554431536618165e-06
45.52,49.98958861388443,49.98958855279003,138.7305433682837,-0.000710420572158897,0.0,62.28621697619303,4.328739791435071e-06
45.54,49.9895887001263,49.98958863913524,138.73054108205204,-0.0007080554620266018,0.0,62.28621697619303,4.302115283833784e-06
45.56,49.98958878583666,49.989588724948696,138.7305387996753,-0.0007056982257455959,0.0,62.28621697619303,4.2755695210156016e-06
45.58,49.989588871017084,49.98958881023197,138.73053652114413,-0.0007033488371024975,0.0,62.28621697619303,4.249102392623282e-06
45.6,49.989588955669156,49.98958889498664,138.73053424644942,-0.0007010072699711939,0.0,62.28621697619303,4.222713789157727e-06
45.62,49.98958903979443,49.98958897921427,138.730531975582,-0.0006986734983125509,0.0,62.28621697619303,4.196403599060295e-06
45.64,49.98958912339448,49.98958906291642,138.73052970853283,-0.0006963474961741226,0.0,62.28621697619303,4.1701717124886315e-06
45.660000000000004,49.989589206470875,49.98958914609467,138.7305274452928,-0.0006940292376898632,0.0,62.28621697619303,4.144018017884092e-06
45.68,49.98958928902517,49.98958922875059,138.73052518585303,-0.0006917186970798395,0.0,62.28621697619303,4.117942405061066e-06
45.7,49.98958937105892,49.98958931088572,138.73052293020444,-0.000689415848649944,0.0,62.28621697619303,4.0919447619460255e-06
45.72,49.989589452573696,49.989589392501635,138.73052067833822,-0.0006871206667916093,0.0,62.28621697619303,4.066024977323584e-06
45.74,49.98958953357105,49.989589473599885,138.73051843024547,-0.0006848331259815231,0.0,62.28621697619303,4.040182939120215e-06
45.76,49.989589614052534,49.989589554182025,138.73051618591745,-0.0006825532007813445,0.0,62.28621697619303,4.014418535948904e-06
45.78,49.9895896940197,49.98958963424961,138.7305139453453,-0.0006802808658374214,0.0,62.28621697619303,3.988731655392866e-06
45.800000000000004,49.989589773474094,49.98958971380419,138.73051170852042,-0.000678016095880508,0.0,62.28621697619303,3.963122185378573e-06
45.82,49.98958985241726,49.98958979284732,138.73050947543408,-0.0006757588657254845,0.0,62.28621697619303,3.937590012802725e-06
45.84,49.989589930850755,49.98958987138054,138.73050724607762,-0.000673509150271076,0.0,62.28621697619303,3.912135025591792e-06
45.86,49.98959000877611,49.98958994940538,138.7305050204425,-0.0006712669244995744,0.0,62.28621697619303,3.886757110299219e-06
45.88,49.98959008619487,49.9895900269234,138.7305027985202,-0.0006690321634765597,0.0,62.28621697619303,3.861456154164962e-06
45.9,49.98959016310857,49.98959010393613,138.7305005803022,-0.0006668048423506227,0.0,62.28621697619303,3.836232044085721e-06
45.92,49.98959023951875,49.98959018044511,138.73049836578008,-0.000664584936353089,0.0,62.28621697619303,3.811084666443309e-06
45.94,49.98959031542694,49.989590256451876,138.73049615494543,-0.0006623724207977428,0.0,62.28621697619303,3.786013907619541e-06
45.96,49.98959039083467,49.989590331957956,138.73049394778985,-0.0006601672710805536,0.0,62.28621697619303,3.761019653824601e-06
45.980000000000004,49.98959046574347,49.989590406964886,138.73049174430508,-0.0006579694626794014,0.0,62.28621697619303,3.7361017904105315e-06
46.0,49.98959054015487,49.98959048147418,138.73048954448285,-0.0006557789711538044,0.0,62.28621697619303,3.7112602042740313e-06
46.02,49.98959061407039,49.98959055548738,138.73048734831485,-0.0006535957721446476,0.0,62.28621697619303,3.6864947800806285e-06
46.04,49.98959068749154,49.989590629005995,138.73048515579302,-0.0006514198413739114,0.0,62.28621697619303,3.661805404212136e-06
46.06,49.989590760419865,49.989590702031556,138.73048296690908,-0.0006492511546444018,0.0,62.28621697619303,3.6371919613340813e-06
46.08,49.98959083285687,49.98959077456558,138.73048078165502,-0.0006470896878394817,0.0,62.28621697619303,3.612654336455248e-06
46.1,49.98959090480406,49.98959084660957,138.73047860002274,-0.000644935416922802,0.0,62.28621697619303,3.5881924149276786e-06
46.12,49.98959097626296,49.989590918165064,138.73047642200424,-0.0006427883179380348,0.0,62.28621697619303,3.5638060814168995e-06
46.14,49.98959104723508,49.98959098923355,138.73047424759153,-0.0006406483670086069,0.0,62.28621697619303,3.5394952211033237e-06
46.160000000000004,49.98959111772192,49.98959105981655,138.7304720767767,-0.0006385155403374341,0.0,62.28621697619303,3.5152597176227064e-06
46.18,49.989591187725,49.98959112991557,138.7304699095518,-0.0006363898142066567,0.0,62.28621697619303,3.4910994551256884e-06
46.2,49.989591257245806,49.9895911995321,138.730467745909,-0.000634271164977376,0.0,62.28621697619303,3.4670143182777964e-06
46.22,49.98959132628585,49.98959126866767,138.7304655858405,-0.0006321595690893911,0.0,62.28621697619303,3.4430041912296717e-06
46.24,49.98959139484663,49.98959133732375,138.73046342933853,-0.0006300550030609369,0.0,62.28621697619303,3.4190689572738114e-06
46.26,49.98959146292963,49.989591405501855,138.73046127639532,-0.0006279574434884231,0.0,62.28621697619303,3.395208500389228e-06
46.28,49.98959153053636,49.98959147320348,138.7304591270032,-0.0006258668670461738,0.0,62.28621697619303,3.371422703868419e-06
46.300000000000004,49.98959159766831,49.98959154043012,138.73045698115453,-0.0006237832504861685,0.0,62.28621697619303,3.3477114513471394e-06
46.32,49.98959166432696,49.98959160718325,138.73045483884164,-0.0006217065706377831,0.0,62.28621697619303,3.324074625774629e-06
46.34,49.98959173051381,49.989591673464375,138.73045270005701,-0.0006196368044075325,0.0,62.28621697619303,3.300512110271756e-06
46.36,49.98959179623033,49.989591739274964,138.73045056479307,-0.0006175739287788135,0.0,62.28621697619303,3.2770237876161336e-06
46.38,49.98959186147801,49.989591804616516,138.73044843304234,-0.0006155179208116493,0.0,62.28621697619303,3.253609541100258e-06
46.4,49.989591926258335,49.98959186949051,138.73044630479734,-0.000613468757642434,0.0,62.28621697619303,3.2302692526435977e-06
46.42,49.98959199057277,49.98959193389842,138.73044418005063,-0.0006114264164836786,0.0,62.28621697619303,3.207002805195393e-06
46.44,49.9895920544228,49.98959199784172,138.73044205879486,-0.0006093908746237576,0.0,62.28621697619303,3.18381008084674e-06
46.46,49.9895921178099,49.989592061321886,138.73043994102267,-0.0006073621094266563,0.0,62.28621697619303,3.1606909620319934e-06
46.480000000000004,49.989592180735535,49.9895921243404,138.73043782672676,-0.0006053400983317189,0.0,62.28621697619303,3.137645330670621e-06
46.5,49.98959224320117,49.98959218689871,138.73043571589983,-0.000603324818853398,0.0,62.28621697619303,3.1146730685104624e-06
46.52,49.989592305208284,49.989592248998306,138.73043360853467,-0.0006013162485810044,0.0,62.28621697619303,3.0917740576426143e-06
46.54,49.98959236675833,49.98959231064064,138.7304315046241,-0.0005993143651784577,0.0,62.28621697619303,3.068948179814916e-06
46.56,49.98959242785276,49.98959237182717,138.7304294041609,-0.0005973191463840382,0.0,62.28621697619303,3.0461953162603204e-06
46.58,49.98959248849306,49.98959243255936,138.73042730713797,-0.0005953305700101395,0.0,62.28621697619303,3.023515348726668e-06
46.6,49.98959254868066,49.98959249283868,138.73042521354824,-0.0005933486139430211,0.0,62.28621697619303,3.000908157932025e-06
46.62,49.989592608417034,49.989592552666565,138.73042312338464,-0.0005913732561425632,0.0,62.28621697619303,2.97837362579586e-06
46.64,49.98959266770361,49.98959261204448,138.73042103664017,-0.0005894044746420209,0.0,62.28621697619303,2.9559116328646116e-06
46.660000000000004,49.989592726541865,49.98959267097388,138.7304189533078,-0.0005874422475477805,0.0,62.28621697619303,2.9335220600279757e-06
46.68,49.98959278493323,49.98959272945619,138.73041687338062,-0.0005854865530391161,0.0,62.28621697619303,2.9112047880040198e-06
46.7,49.98959284287915,49.98959278749288,138.7304147968517,-0.000583537369367946,0.0,62.28621697619303,2.8889596976824392e-06
46.72,49.98959290038106,49.98959284508538,138.73041272371418,-0.0005815946748585924,0.0,62.28621697619303,2.866786669438045e-06
46.74,49.98959295744042,49.98959290223514,138.7304106539612,-0.0005796584479075388,0.0,62.28621697619303,2.844685583817275e-06
46.76,49.989593014058656,49.98959295894359,138.730408587586,-0.0005777286669831908,0.0,62.28621697619303,2.822656321366568e-06
46.78,49.9895930702372,49.989593015212165,138.73040652458172,-0.0005758053106256364,0.0,62.28621697619303,2.8006987619458476e-06
46.800000000000004,49.98959312597749,49.9895930710423,138.7304044649417,-0.0005738883574464069,0.0,62.28621697619303,2.7788127857582957e-06
46.82,49.98959318128095,49.98959312643543,138.7304024086592,-0.0005719777861282398,0.0,62.28621697619303,2.756998272663836e-06
46.84,49.98959323614902,49.98959318139298,138.7304003557275,-0.000570073575424841,0.0,62.28621697619303,2.7352551025223918e-06
46.86,49.98959329058311,49.98959323591639,138.73039830614005,-0.0005681757041606494,0.0,62.28621697619303,2.7135831553655165e-06
46.88,49.98959334458465,49.98959329000706,138.7303962598902,-0.0005662841512306004,0.0,62.28621697619303,2.6919823107098765e-06
46.9,49.989593398155066,49.98959334366643,138.73039421697138,-0.000564398895599892,0.0,62.28621697619303,2.6704524482437667e-06
46.92,49.98959345129576,49.989593396895906,138.73039217737704,-0.0005625199163037506,0.0,62.28621697619303,2.6489934473122253e-06
46.94,49.98959350400817,49.98959344969691,138.7303901411007,-0.0005606471924471979,0.0,62.28621697619303,2.627605187088661e-06
46.96,49.98959355629369,49.98959350207086,138.73038810813588,-0.0005587807032048183,0.0,62.28621697619303,2.6062875476046267e-06
46.980000000000004,49.98959360815374,49.989593554019166,138.73038607847613,-0.000556920427820528,0.0,62.28621697619303,2.5850404071753883e-06
47.0,49.98959365958973,49.98959360554324,138.73038405211503,-0.0005550663456073431,0.0,62.28621697619303,2.5638636453176122e-06
47.02,49.98959371060307,49.98959365664448,138.7303820290462,-0.0005532184359471505,0.0,62.28621697619303,2.5427571403465644e-06
47.04,49.989593761195145,49.989593707324296,138.7303800092633,-0.0005513766782904783,0.0,62.28621697619303,2.5217207719505395e-06
47.06,49.98959381136737,49.98959375758409,138.73037799276005,-0.0005495410521562672,0.0,62.28621697619303,2.5007544186164328e-06
47.08,49.98959386112114,49.98959380742526,138.7303759795301,-0.0005477115371316429,0.0,62.28621697619303,2.4798579593460242e-06
47.1,49.98959391045786,49.989593856849204,138.73037396956727,-0.0005458881128716887,0.0,62.28621697619303,2.459031272111322e-06
47.12,49.989593959378915,49.98959390585732,138.73037196286526,-0.00054407075909922,0.0,62.28621697619303,2.43827423557085e-06
47.14,49.98959400788569,49.989593954450996,138.73036995941794,-0.0005422594556045581,0.0,62.28621697619303,2.4175867283831313e-06
47.160000000000004,49.989594055979595,49.98959400263162,138.7303679592191,-0.0005404541822453059,0.0,62.28621697619303,2.396968629378317e-06
47.18,49.989594103662,49.98959405040059,138.73036596226268,-0.0005386549189461236,0.0,62.28621697619303,2.37641981601353e-06
47.2,49.989594150934295,49.98959409775928,138.73036396854252,-0.0005368616456985055,0.0,62.28621697619303,2.355940166604036e-06
47.22,49.98959419779786,49.98959414470907,138.73036197805257,-0.0005350743425605578,0.0,62.28621697619303,2.3355295598083584e-06
47.24,49.98959424425407,49.98959419125136,138.73035999078678,-0.0005332929896567767,0.0,62.28621697619303,2.3151878732552477e-06
47.26,49.98959429030431,49.98959423738751,138.73035800673915,-0.0005315175671778271,0.0,62.28621697619303,2.294914984745084e-06
47.28,49.989594335949946,49.9895942831189,138.73035602590372,-0.0005297480553803224,0.0,62.28621697619303,2.2747107724215045e-06
47.300000000000004,49.98959438119236,49.9895943284469,138.73035404827448,-0.0005279844345866055,0.0,62.28621697619303,2.2545751142565173e-06
47.32,49.989594426032916,49.989594373372874,138.73035207384558,-0.0005262266851845294,0.0,62.28621697619303,2.234507887707245e-06
47.34,49.98959447047298,49.98959441789821,138.73035010261106,-0.0005244747876272391,0.0,62.28621697619303,2.2145089705740675e-06
47.36,49.98959451451392,49.98959446202426,138.7303481345651,-0.0005227287224329544,0.0,62.28621697619303,2.194578240314107e-06
47.38,49.989594558157094,49.989594505752386,138.73034616970185,-0.0005209884701847531,0.0,62.28621697619303,2.1747155743844853e-06
47.4,49.989594601403866,49.989594549083954,138.73034420801548,-0.0005192540115303557,0.0,62.28621697619303,2.1549208505855835e-06
47.42,49.98959464425559,49.98959459202032,138.73034224950024,-0.0005175253271819094,0.0,62.28621697619303,2.1351939460312654e-06
47.44,49.98959468671362,49.98959463456284,138.73034029415038,-0.0005158023979157739,0.0,62.28621697619303,2.1155347381786536e-06
47.46,49.989594728779316,49.98959467671286,138.73033834196013,-0.0005140852045723076,0.0,62.28621697619303,2.095943104484871e-06
47.480000000000004,49.98959477045402,49.98959471847174,138.73033639292387,-0.0005123737280556549,0.0,62.28621697619303,2.0764189215488965e-06
47.5,49.98959481173908,49.989594759840834,138.73033444703586,-0.0005106679493335331,0.0,62.28621697619303,2.056962066827852e-06
47.52,49.98959485263585,49.98959480082147,138.7303325042905,-0.0005089678494370214,0.0,62.28621697619303,2.0375724174356028e-06
47.54,49.989594893145664,49.989594841415,138.7303305646821,-0.0005072734094603498,0.0,62.28621697619303,2.0182498503143854e-06
47.56,49.989594933269856,49.98959488162277,138.7303286282052,-0.0005055846105606887,0.0,62.28621697619303,1.998994242921322e-06
47.58,49.98959497300978,49.98959492144611,138.73032669485417,-0.0005039014339579394,0.0,62.28621697619303,1.9798054718553916e-06
47.6,49.989595012366756,49.98959496088636,138.73032476462345,-0.0005022238609345256,0.0,62.28621697619303,1.9606834135439442e-06
47.62,49.98959505134213,49.989594999944856,138.7303228375076,-0.0005005518728351848,0.0,62.28621697619303,1.9416279456157313e-06
47.64,49.989595089937225,49.98959503862292,138.7303209135011,-0.0004988854510667609,0.0,62.28621697619303,1.922638944154846e-06
47.660000000000004,49.98959512815337,49.98959507692189,138.73031899259846,-0.0004972245770979975,0.0,62.28621697619303,1.9037162864467816e-06
47.68,49.98959516599188,49.98959511484309,138.7303170747943,-0.0004955692324593326,0.0,62.28621697619303,1.884859848575631e-06
47.7,49.989595203454094,49.989595152387835,138.7303151600832,-0.0004939193987426914,0.0,62.28621697619303,1.8660695071403735e-06
47.72,49.98959524054133,49.98959518955746,138.73031324845977,-0.0004922750576012835,0.0,62.28621697619303,1.847345139254874e-06
47.74,49.9895952772549,49.98959522635327,138.73031133991867,-0.0004906361907493977,0.0,62.28621697619303,1.8286866210032253e-06
47.76,49.98959531359612,49.9895952627766,138.7303094344546,-0.0004890027799621993,0.0,62.28621697619303,1.8100938291560351e-06
47.78,49.9895953495663,49.98959529882874,138.73030753206223,-0.0004873748070755268,0.0,62.28621697619303,1.7915666397973965e-06
47.800000000000004,49.98959538516676,49.989595334511016,138.73030563273628,-0.0004857522539856905,0.0,62.28621697619303,1.7731049298695458e-06
47.82,49.9895954203988,49.989595369824734,138.7303037364715,-0.0004841351026492709,0.0,62.28621697619303,1.754708575799833e-06
47.84,49.98959545526373,49.9895954047712,138.73030184326268,-0.000482523335082918,0.0,62.28621697619303,1.7363774531574656e-06
47.86,49.989595489762856,49.98959543935172,138.7302999531046,-0.0004809169333631517,0.0,62.28621697619303,1.7181114387130509e-06
47.88,49.98959552389747,49.98959547356759,138.7302980659921,-0.00047931587962616185,0.0,62.28621697619303,1.6999104085506816e-06
47.9,49.98959555766888,49.989595507420105,138.73029618191998,-0.00047772015606761,0.0,62.28621697619303,1.6817742390977084e-06
47.92,49.98959559107836,49.98959554091058,138.73029430088317,-0.00047612974494243163,0.0,62.28621697619303,1.6637028062665956e-06
47.94,49.98959562412723,49.98959557404029,138.73029242287652,-0.00047454462856463825,0.0,62.28621697619303,1.6456959866563218e-06
47.96,49.989595656816775,49.98959560681053,138.73029054789498,-0.00047296478930712105,0.0,62.28621697619303,1.6277536563509803e-06
47.980000000000004,49.989595689148274,49.98959563922259,138.73028867593348,-0.000471390209601455,0.0,62.28621697619303,1.6098756909197778e-06
48.0,49.98959572112302,49.98959567127777,138.73028680698698,-0.00046982087193770305,0.0,62.28621697619303,1.5920619669616933e-06
48.02,49.98959575274228,49.98959570297733,138.73028494105046,-0.00046825675886422207,0.0,62.28621697619303,1.5743123600459336e-06
48.04,49.98959578400736,49.98959573432257,138.73028307811896,-0.00046669785298746806,0.0,62.28621697619303,1.5566267464282208e-06
48.06,49.989595814919525,49.98959576531477,138.73028121818749,-0.0004651441369718033,0.0,62.28621697619303,1.5390050025359046e-06
48.08,49.98959584548005,49.98959579595518,138.73027936125106,-0.0004635955935393031,0.0,62.28621697619303,1.5214470032516775e-06
48.1,49.98959587569021,49.98959582624511,138.73027750730483,-0.0004620522054695642,0.0,62.28621697619303,1.5039526256894045e-06
48.120000000000005,49.989595905551276,49.98959585618581,138.7302756563439,-0.0004605139555995126,0.0,62.28621697619303,1.4865217450750351e-06
48.14,49.98959593506452,49.98959588577855,138.73027380836334,-0.00045898082682321347,0.0,62.28621697619303,1.4691542373210337e-06
48.160000000000004,49.989595964231206,49.989595915024594,138.73027196335832,-0.00045745280209168025,0.0,62.28621697619303,1.4518499786831217e-06
48.18,49.98959599305259,49.989595943925224,138.730270121324,-0.0004559298644126854,0.0,62.28621697619303,1.4346088450737634e-06
48.2,49.98959602152994,49.98959597248168,138.73026828225562,-0.00045441199685057143,0.0,62.28621697619303,1.417430711890537e-06
48.22,49.98959604966452,49.98959600069524,138.73026644614833,-0.00045289918252606256,0.0,62.28621697619303,1.4003154553891644e-06
48.24,49.98959607745758,49.98959602856714,138.7302646129974,-0.00045139140461607685,0.0,62.28621697619303,1.3832629509672238e-06
48.26,49.98959610491036,49.989596056098655,138.73026278279804,-0.00044988864635353933,0.0,62.28621697619303,1.366273075052065e-06
48.28,49.98959613202413,49.98959608329102,138.7302609555456,-0.00044839089102719545,0.0,62.28621697619303,1.3493457030412666e-06
48.300000000000004,49.98959615880014,49.98959611014549,138.73025913123533,-0.0004468981219814251,0.0,62.28621697619303,1.3324807106756643e-06
48.32,49.98959618523962,49.989596136663316,138.73025730986257,-0.0004454103226160577,0.0,62.28621697619303,1.315677973867722e-06
48.34,49.98959621134382,49.98959616284574,138.73025549142264,-0.00044392747638618744,0.0,62.28621697619303,1.2989373685299042e-06
48.36,49.98959623711399,49.989596188694,138.73025367591092,-0.0004424495668019893,0.0,62.28621697619303,1.2822587705746751e-06
48.38,49.989596262551366,49.98959621420934,138.7302518633228,-0.00044097657742853553,0.0,62.28621697619303,1.2656420552279844e-06
48.4,49.98959628765717,49.989596239392995,138.73025005365363,-0.0004395084918856132,0.0,62.28621697619303,1.2490870985739248e-06
48.42,49.98959631243265,49.989596264246195,138.7302482468989,-0.00043804529384754186,0.0,62.28621697619303,1.2325937765249607e-06
48.44,49.98959633687903,49.98959628877017,138.730246443054,-0.00043658696704299195,0.0,62.28621697619303,1.2161619643070416e-06
48.46,49.989596360997545,49.989596312966164,138.73024464211446,-0.00043513349525480384,0.0,62.28621697619303,1.1997915385191464e-06
48.480000000000004,49.989596384789415,49.98959633683539,138.7302428440757,-0.00043368486231980783,0.0,62.28621697619303,1.1834823740439674e-06
48.5,49.98959640825587,49.989596360379075,138.73024104893324,-0.0004322410521286438,0.0,62.28621697619303,1.1672343473088549e-06
48.52,49.98959643139812,49.98959638359844,138.73023925668258,-0.0004308020486255826,0.0,62.28621697619303,1.1510473333681298e-06
48.54,49.9895964542174,49.989596406494705,138.73023746731934,-0.00042936783580834733,0.0,62.28621697619303,1.1349212088207709e-06
48.56,49.98959647671491,49.989596429069096,138.730235680839,-0.00042793839772793543,0.0,62.28621697619303,1.118855848892728e-06
48.58,49.98959649889187,49.98959645132281,138.73023389723718,-0.0004265137184884411,0.0,62.28621697619303,1.102851129496465e-06
48.6,49.9895965207495,49.98959647325707,138.73023211650948,-0.00042509378224687874,0.0,62.28621697619303,1.0869069267160754e-06
48.620000000000005,49.98959654228899,49.98959649487309,138.73023033865152,-0.00042367857321300677,0.0,62.28621697619303,1.0710231157775082e-06
48.64,49.98959656351157,49.989596516172064,138.73022856365893,-0.00042226807564915204,0.0,62.28621697619303,1.0551995727648566e-06
48.660000000000004,49.98959658441842,49.9895965371552,138.73022679152737,-0.0004208622738700347,0.0,62.28621697619303,1.0394361735905846e-06
48.68,49.98959660501076,49.98959655782371,138.7302250222525,-0.00041946115224259374,0.0,62.28621697619303,1.0237327938238995e-06
48.7,49.98959662528978,49.98959657817878,138.73022325583005,-0.00041806469518581354,0.0,62.28621697619303,1.008089309548894e-06
48.72,49.989596645256675,49.98959659822161,138.73022149225574,-0.00041667288717055,0.0,62.28621697619303,9.925055966780325e-07
48.74,49.989596664912646,49.9895966179534,138.73021973152524,-0.00041528571271935846,0.0,62.28621697619303,9.769815307805219e-07
48.76,49.98959668425888,49.989596637375335,138.73021797363435,-0.000413903156406321,0.0,62.28621697619303,9.615169879404549e-07
48.78,49.989596703296556,49.989596656488615,138.73021621857882,-0.00041252520285687546,0.0,62.28621697619303,9.461118438986671e-07
48.800000000000004,49.98959672202688,49.989596675294415,138.73021446635445,-0.0004111518367476439,0.0,62.28621697619303,9.307659745676231e-07
48.82,49.98959674045102,49.98959669379392,138.73021271695703,-0.00040978304280626276,0.0,62.28621697619303,9.15479255859787e-07
48.84,49.98959675857017,49.98959671198833,138.73021097038236,-0.00040841880581121264,0.0,62.28621697619303,9.002515638592516e-07
48.86,49.9895967763855,49.9895967298788,138.73020922662636,-0.00040705911059164915,0.0,62.28621697619303,8.850827748217387e-07
48.88,49.98959679389819,49.989596747466514,138.7302074856848,-0.0004057039420272343,0.0,62.28621697619303,8.699727641448265e-07
48.9,49.98959681110941,49.989596764752655,138.73020574755358,-0.0004043532850479681,0.0,62.28621697619303,8.549214079126078e-07
48.92,49.98959682802033,49.98959678173839,138.7302040122286,-0.00040300712463402135,0.0,62.28621697619303,8.39928582552433e-07
48.94,49.98959684463214,49.98959679842489,138.73020227970576,-0.00040166544581556805,0.0,62.28621697619303,8.249941639767665e-07
48.96,49.98959686094597,49.98959681481332,138.730200549981,-0.0004003282336726196,0.0,62.28621697619303,8.101180277548149e-07
48.980000000000004,49.98959687696302,49.989596830904844,138.73019882305024,-0.0003989954733348585,0.0,62.28621697619303,7.953000508288148e-07
49.0,49.98959689268443,49.98959684670063,138.73019709890946,-0.0003976671499814729,0.0,62.28621697619303,7.805401085963442e-07
49.02,49.989596908111366,49.98959686220183,138.7301953775546,-0.00039634324884099226,0.0,62.28621697619303,7.65838077828011e-07
49.04,49.98959692324499,49.9895968774096,138.7301936589817,-0.00039502375519112235,0.0,62.28621697619303,7.511938344362793e-07
49.06,49.98959693808644,49.9895968923251,138.73019194318675,-0.00039370865435858223,0.0,62.28621697619303,7.366072548484995e-07
49.08,49.98959695263689,49.98959690694949,138.73019023016576,-0.0003923979317189407,0.0,62.28621697619303,7.220782148055072e-07
49.1,49.989596966897466,49.989596921283905,138.73018851991475,-0.0003910915726964537,0.0,62.28621697619303,7.076065910779099e-07
49.120000000000005,49.98959698086933,49.989596935329494,138.73018681242985,-0.0003897895627639025,0.0,62.28621697619303,6.931922599214293e-07
49.14,49.989596994553615,49.98959694908741,138.7301851077071,-0.00038849188744243164,0.0,62.28621697619303,6.788350977634158e-07
49.160000000000004,49.98959700795148,49.989596962558785,138.73018340574254,-0.00038719853230138846,0.0,62.28621697619303,6.645349806879622e-07
49.18,49.98959702106405,49.98959697574477,138.7301817065323,-0.00038590948295816227,0.0,62.28621697619303,6.502917851224189e-07
49.2,49.989597033892466,49.9895969886465,138.73018001007256,-0.00038462472507802455,0.0,62.28621697619303,6.361053881806508e-07
49.22,49.989597046437865,49.989597001265096,138.7301783163594,-0.00038334424437396945,0.0,62.28621697619303,6.219756657751225e-07
49.24,49.98959705870138,49.98959701360171,138.73017662538896,-0.00038206802660655507,0.0,62.28621697619303,6.079024946764412e-07
49.26,49.98959707068413,49.98959702565746,138.73017493715744,-0.00038079605758374493,0.0,62.28621697619303,5.938857514835862e-07
49.28,49.98959708238725,49.98959703743348,138.730173251661,-0.00037952832316075035,0.0,62.28621697619303,5.799253124522789e-07
49.300000000000004,49.98959709381187,49.98959704893088,138.73017156889583,-0.0003782648092398729,0.0,62.28621697619303,5.66021054524756e-07
49.32,49.989597104959095,49.98959706015081,138.73016988885817,-0.0003770055017703479,0.0,62.28621697619303,5.521728544716247e-07
49.34,49.989597115830065,49.989597071094366,138.73016821154422,-0.000375750386748188,0.0,62.28621697619303,5.38380589063493e-07
49.36,49.989597126425885,49.98959708176267,138.73016653695024,-0.0003744994502160275,0.0,62.28621697619303,5.24644134727711e-07
49.38,49.98959713674767,49.98959709215684,138.73016486507248,-0.0003732526782629671,0.0,62.28621697619303,5.109633687497727e-07
49.4,49.989597146796534,49.989597102278,138.73016319590718,-0.00037201005702441913,0.0,62.28621697619303,4.97338168071914e-07
49.42,49.98959715657359,49.98959711212724,138.73016152945067,-0.0003707715726819537,0.0,62.28621697619303,4.837684089498569e-07
49.44,49.98959716607994,49.98959712170568,138.7301598656992,-0.0003695372114631447,0.0,62.28621697619303,4.702539690123523e-07
49.46,49.98959717531669,49.98959713101442,138.73015820464914,-0.0003683069596414166,0.0,62.28621697619303,4.5679472520163655e-07
49.480000000000004,49.989597184284946,49.98959714005457,138.73015654629677,-0.0003670808035358923,0.0,62.28621697619303,4.433905541166887e-07
49.5,49.98959719298581,49.98959714882722,138.73015489063846,-0.00036585872951124036,0.0,62.28621697619303,4.3004133355788843e-07
49.52,49.98959720142037,49.98959715733348,138.73015323767055,-0.0003646407239775237,0.0,62.28621697619303,4.167469402958434e-07
49.54,49.989597209589725,49.98959716557443,138.73015158738943,-0.00036342677339004864,0.0,62.28621697619303,4.0350725178767603e-07
49.56,49.989597217494975,49.989597173551175,138.73014993979143,-0.00036221686424921386,0.0,62.28621697619303,3.903221451472513e-07
49.58,49.989597225137196,49.989597181264806,138.730148294873,-0.00036101098310036055,0.0,62.28621697619303,3.7719149783169163e-07
49.6,49.98959723251749,49.9895971887164,138.73014665263054,-0.0003598091165336228,0.0,62.28621697619303,3.6411518712649073e-07
49.620000000000005,49.989597239636936,49.98959719590705,138.73014501306045,-0.00035861125118377837,0.0,62.28621697619303,3.5109309031714225e-07
49.64,49.98959724649661,49.98959720283784,138.73014337615916,-0.0003574173737301,0.0,62.28621697619303,3.381250855472833e-07
49.660000000000004,49.9895972530976,49.98959720950985,138.73014174192318,-0.0003562274708962076,0.0,62.28621697619303,3.25211049930779e-07
49.68,49.989597259440984,49.989597215924164,138.7301401103489,-0.00035504152944992016,0.0,62.28621697619303,3.1235086109638035e-07
49.7,49.98959726552784,49.98959722208185,138.73013848143285,-0.00035385953620310903,0.0,62.28621697619303,2.995443968444671e-07
49.72,49.98959727135923,49.98959722798397,138.73013685517148,-0.0003526814780115508,0.0,62.28621697619303,2.867915348037902e-07
49.74,49.98959727693624,49.98959723363162,138.73013523156132,-0.00035150734177478174,0.0,62.28621697619303,2.740921527747296e-07
49.76,49.98959728225992,49.98959723902585,138.73013361059887,-0.00035033711443595164,0.0,62.28621697619303,2.614461289009223e-07
49.78,49.98959728733135,49.98959724416773,138.73013199228063,-0.00034917078298167867,0.0,62.28621697619303,2.4885334046786193e-07
49.800000000000004,49.989597292151586,49.989597249058335,138.7301303766032,-0.0003480083344419048,0.0,62.28621697619303,2.3631366613407175e-07
49.82,49.9895972967217,49.98959725369871,138.73012876356307,-0.00034684975588975166,0.0,62.28621697619303,2.238269835283028e-07
49.84,49.98959730104273,49.989597258089915,138.73012715315684,-0.0003456950344413764,0.0,62.28621697619303,2.1139317096582082e-07
49.86,49.98959730511575,49.98959726223302,138.7301255453811,-0.0003445441572558287,0.0,62.28621697619303,1.9901210659026295e-07
49.88,49.9895973089418,49.98959726612907,138.7301239402324,-0.0003433971115349081,0.0,62.28621697619303,1.8668366871689496e-07
49.9,49.989597312521944,49.98959726977911,138.73012233770737,-0.0003422538845230214,0.0,62.28621697619303,1.7440773548935396e-07
49.92,49.989597315857225,49.9895972731842,138.7301207378026,-0.00034111446350704085,0.0,62.28621697619303,1.6218418573779177e-07
49.94,49.98959731894868,49.98959727634538,138.73011914051472,-0.00033997883581616303,0.0,62.28621697619303,1.5001289726258813e-07
49.96,49.98959732179737,49.9895972792637,138.73011754584036,-0.00033884698882176765,0.0,62.28621697619303,1.3789374940878093e-07
49.980000000000004,49.98959732440433,49.98959728194019,138.7301159537762,-0.00033771890993727715,0.0,62.28621697619303,1.258266196334925e-07
50.0,49.989597326770586,49.989597284375904,138.73011436431887,-0.00033659458661801714,0.0,62.28621697619303,1.1381138779664681e-07
50.02,49.98959732889719,49.989597286571865,138.73011277746505,-0.00033547400636107616,0.0,62.28621697619303,1.0184793221350961e-07
50.04,49.98959733078517,49.98959728852912,138.73011119321143,-0.00033435715670516737,0.0,62.28621697619303,8.993613119934668e-08
50.06,49.98959733243556,49.98959729024869,138.73010961155467,-0.0003332440252304895,0.0,62.28621697619303,7.807586427082457e-08
50.08,49.98959733384939,49.989597291731606,138.73010803249153,-0.0003321345995585888,0.0,62.28621697619303,6.626700991483776e-08
50.1,49.989597335027675,49.98959729297891,138.7301064560187,-0.00033102886735222176,0.0,62.28621697619303,5.4509447819681455e-08
50.120000000000005,49.98959733597146,49.9895972939916,138.73010488213288,-0.0003299268163152174,0.0,62.28621697619303,4.2803056472250125e-08
50.14,49.98959733668175,49.989597294770725,138.73010331083086,-0.0003288284341923409,0.0,62.28621697619303,3.114771521758164e-08
50.160000000000004,49.989597337159566,49.98959729531729,138.73010174210933,-0.0003277337087691572,0.0,62.28621697619303,1.9543303229085178e-08
50.18,49.98959733740593,49.98959729563231,138.7301001759651,-0.00032664262787189514,0.0,62.28621697619303,7.989700195055969e-09
50.2,49.98959733742186,49.989597295716806,138.73009861239495,-0.00032555517936731196,0.0,62.28621697619303,-3.5132147110968053e-09
50.22,49.989597337208366,49.98959729557179,138.7300970513956,-0.0003244713511625586,0.0,62.28621697619303,-1.4965561801077918e-08
50.24,49.98959733676645,49.98959729519828,138.7300954929639,-0.00032339113120504533,0.0,62.28621697619303,-2.6367461729849504e-08
50.26,49.98959733609713,49.98959729459727,138.73009393709663,-0.0003223145074823072,0.0,62.28621697619303,-3.771903480911634e-08
50.28,49.9895973352014,49.98959729376977,138.7300923837906,-0.000321241468021871,0.0,62.28621697619303,-4.902040117895452e-08
50.300000000000004,49.98959733408027,49.98959729271678,138.73009083304265,-0.00032017200089112194,0.0,62.28621697619303,-6.027168115106882e-08
50.32,49.989597332734746,49.98959729143931,138.73008928484958,-0.0003191060941971708,0.0,62.28621697619303,-7.147299469390665e-08
50.34,49.98959733116582,49.98959728993835,138.73008773920827,-0.00031804373608672174,0.0,62.28621697619303,-8.26244619475441e-08
50.36,49.989597329374476,49.989597288214895,138.73008619611556,-0.00031698491474594075,0.0,62.28621697619303,-9.372620270879993e-08
50.38,49.98959732736172,49.98959728626995,138.7300846555683,-0.00031592961840032384,0.0,62.28621697619303,-1.0477833677449284e-07
50.4,49.98959732512855,49.98959728410449,138.73008311756342,-0.00031487783531456657,0.0,62.28621697619303,-1.1578098428469895e-07
50.42,49.989597322675934,49.98959728171951,138.73008158209774,-0.00031382955379243314,0.0,62.28621697619303,-1.2673426434972226e-07
50.44,49.98959732000487,49.989597279116005,138.73008004916818,-0.00031278476217662653,0.0,62.28621697619303,-1.3763829693801018e-07
50.46,49.98959731711634,49.989597276294944,138.73007851877162,-0.0003117434488486589,0.0,62.28621697619303,-1.4849320133149544e-07
50.480000000000004,49.98959731401133,49.98959727325732,138.73007699090505,-0.0003107056022287222,0.0,62.28621697619303,-1.5929909698373939e-07
50.5,49.989597310690804,49.9895972700041,138.73007546556528,-0.00030967121077555963,0.0,62.28621697619303,-1.7005610334830336e-07
50.52,49.989597307155755,49.989597266536265,138.73007394274936,-0.0003086402629863372,0.0,62.28621697619303,-1.8076433919223408e-07
50.54,49.98959730340715,49.9895972628548,138.73007242245413,-0.0003076127473965157,0.0,62.28621697619303,-1.9142392414072155e-07
50.56,49.989597299445954,49.989597258960664,138.73007090467658,-0.0003065886525797233,0.0,62.28621697619303,-2.0203497730406984e-07
50.58,49.98959729527315,49.989597254854836,138.7300693894137,-0.0003055679671476285,0.0,62.28621697619303,-2.1259761727769686e-07
50.6,49.98959729088969,49.989597250538274,138.73006787666242,-0.0003045506797498136,0.0,62.28621697619303,-2.2311196317190665e-07
50.620000000000005,49.98959728629655,49.98959724601195,138.73006636641975,-0.00030353677907364834,0.0,62.28621697619303,-2.3357813375374586e-07
50.64,49.98959728149469,49.98959724127681,138.73006485868262,-0.00030252625384416396,0.0,62.28621697619303,-2.439962476186325e-07
50.660000000000004,49.98959727648506,49.98959723633384,138.73006335344812,-0.0003015190928239281,0.0,62.28621697619303,-2.543664230187271e-07
50.68,49.98959727126863,49.98959723118398,138.73006185071318,-0.0003005152848129197,0.0,62.28621697619303,-2.646887787210764e-07
50.7,49.98959726584634,49.98959722582819,138.73006035047484,-0.0002995148186484043,0.0,62.28621697619303,-2.749634333210983e-07
50.72,49.98959726021916,49.98959722026742,138.7300588527301,-0.00029851768320481037,0.0,62.28621697619303,-2.8519050472769617e-07
50.74,49.98959725438803,49.98959721450263,138.73005735747603,-0.0002975238673936052,0.0,62.28621697619303,-2.9537011170791653e-07
50.76,49.9895972483539,49.989597208534754,138.73005586470964,-0.0002965333601631715,0.0,62.28621697619303,-3.055023721706627e-07
50.78,49.98959724211772,49.98959720236474,138.73005437442802,-0.0002955461504986848,0.0,62.28621697619303,-3.155874035099519e-07
50.800000000000004,49.98959723568042,49.98959719599355,138.7300528866282,-0.00029456222742199086,0.0,62.28621697619303,-3.25625324321202e-07
50.82,49.98959722904296,49.98959718942209,138.7300514013072,-0.0002935815799914835,0.0,62.28621697619303,-3.3561625217005906e-07
50.84,49.98959722220626,49.98959718265134,138.73004991846216,-0.0002926041973019831,0.0,62.28621697619303,-3.4556030479379753e-07
50.86,49.989597215171266,49.9895971756822,138.73004843809017,-0.00029163006848461514,0.0,62.28621697619303,-3.554575995864347e-07
50.88,49.98959720793891,49.98959716851563,138.73004696018828,-0.0002906591827066895,0.0,62.28621697619303,-3.6530825428524507e-07
50.9,49.98959720051012,49.989597161152545,138.7300454847536,-0.00028969152917157983,0.0,62.28621697619303,-3.7511238611261727e-07
50.92,49.989597192885824,49.98959715359388,138.7300440117832,-0.0002887270971186036,0.0,62.28621697619303,-3.8487011263419703e-07
50.94,49.989597185066955,49.98959714584056,138.7300425412743,-0.00028776587582290237,0.0,62.28621697619303,-3.945815507291157e-07
50.96,49.989597177054435,49.98959713789352,138.73004107322393,-0.00028680785459532266,0.0,62.28621697619303,-4.042468176197617e-07
50.980000000000004,49.98959716884919,49.98959712975367,138.73003960762924,-0.00028585302278229697,0.0,62.28621697619303,-4.1386603035689493e-07
51.0,49.98959716045213,49.98959712142193,138.73003814448737,-0.0002849013697657253,0.0,62.28621697619303,-4.234393058196466e-07
51.02,49.98959715186418,49.989597112899226,138.73003668379548,-0.00028395288496285703,0.0,62.28621697619303,-4.3296676088714773e-07
51.04,49.98959714308625,49.989597104186466,138.7300352255507,-0.00028300755782617343,0.0,62.28621697619303,-4.424485119236436e-07
51.06,49.98959713411926,49.98959709528456,138.73003376975024,-0.0002820653778432702,0.0,62.28621697619303,-4.5188467546500797e-07
51.08,49.989597124964114,49.98959708619443,138.7300323163912,-0.0002811263345367406,0.0,62.28621697619303,-4.612753685620007e-07
51.1,49.98959711562171,49.98959707691697,138.73003086547084,-0.0002801904174640589,0.0,62.28621697619303,-4.706207070639809e-07
51.120000000000005,49.98959710609298,49.989597067453104,138.73002941698627,-0.0002792576162174643,0.0,62.28621697619303,-4.79920807163565e-07
51.14,49.98959709637881,49.98959705780372,138.73002797093469,-0.0002783279204238453,0.0,62.28621697619303,-4.89175785224998e-07
51.160000000000004,49.989597086480096,49.989597047969724,138.73002652731336,-0.0002774013197446242,0.0,62.28621697619303,-4.983857567543819e-07
51.18,49.98959707639775,49.98959703795202,138.7300250861194,-0.0002764778038756422,0.0,62.28621697619303,-5.075508386308478e-07
51.2,49.98959706613265,49.98959702775149,138.7300236473501,-0.00027555736254704464,0.0,62.28621697619303,-5.166711458456112e-07
51.22,49.98959705568572,49.98959701736904,138.73002221100262,-0.000274639985523167,0.0,62.28621697619303,-5.257467944196601e-07
51.24,49.98959704505782,49.98959700680557,138.73002077707423,-0.0002737256626024212,0.0,62.28621697619303,-5.347778995158386e-07
51.26,49.98959703424986,49.98959699606195,138.73001934556217,-0.0002728143836171818,0.0,62.28621697619303,-5.437645771551347e-07
51.28,49.989597023262725,49.98959698513908,138.73001791646362,-0.0002719061384336731,0.0,62.28621697619303,-5.527069426720214e-07
51.300000000000004,49.989597012097285,49.98959697403784,138.7300164897759,-0.00027100091695185643,0.0,62.28621697619303,-5.616051110577145e-07
51.32,49.98959700075444,49.989596962759116,138.73001506549622,-0.00027009870910531795,0.0,62.28621697619303,-5.704591973034294e-07
51.34,49.98959698923506,49.98959695130378,138.73001364362185,-0.0002691995048611566,0.0,62.28621697619303,-5.792693165720108e-07
51.36,49.98959697754003,49.98959693967272,138.73001222415004,-0.00026830329421987243,0.0,62.28621697619303,-5.880355840263028e-07
51.38,49.989596965670216,49.98959692786681,138.73001080707812,-0.0002674100672152557,0.0,62.28621697619303,-5.967581141426352e-07
51.4,49.9895969536265,49.98959691588693,138.7300093924033,-0.00026651981391427577,0.0,62.28621697619303,-6.05437021740595e-07
51.42,49.98959694140975,49.98959690373394,138.73000798012293,-0.00026563252441697064,0.0,62.28621697619303,-6.140724212965118e-07
51.44,49.989596929020834,49.9895968914087,138.73000657023428,-0.00026474818885633723,0.0,62.28621697619303,-6.226644272867153e-07
51.46,49.98959691646062,49.9895968789121,138.73000516273464,-0.000263866797398221,0.0,62.28621697619303,-6.312131540159064e-07
51.480000000000004,49.98959690372997,49.989596866244995,138.73000375762132,-0.0002629883402412072,0.0,62.28621697619303,-6.397187156171574e-07
51.5,49.989596890829745,49.98959685340824,138.73000235489167,-0.00026211280761651164,0.0,62.28621697619303,-6.48181226566798e-07
51.52,49.98959687776081,49.989596840402704,138.73000095454293,-0.00026124018978787214,0.0,62.28621697619303,-6.566008004830145e-07
51.54,49.98959686452402,49.989596827229235,138.7299995565725,-0.0002603704770514401,0.0,62.28621697619303,-6.649775511556217e-07
51.56,49.989596851120226,49.989596813888696,138.72999816097766,-0.0002595036597356724,0.0,62.28621697619303,-6.733115925460634e-07
51.58,49.98959683755028,49.98959680038194,138.7299967677558,-0.0002586397282012246,0.0,62.28621697619303,-6.816030375860108e-07
51.6,49.98959682381504,49.98959678670981,138.72999537690424,-0.000257778672840843,0.0,62.28621697619303,-6.898520007517939e-07
51.620000000000005,49.989596809915355,49.98959677287316,138.72999398842032,-0.0002569204840792581,0.0,62.28621697619303,-6.980585948034554e-07
51.64,49.989596795852066,49.98959675887284,138.7299926023014,-0.00025606515237307817,0.0,62.28621697619303,-7.062229331875528e-07
51.660000000000004,49.98959678162601,49.989596744709694,138.72999121854485,-0.0002552126682106829,0.0,62.28621697619303,-7.143451290073864e-07
51.68,49.98959676723804,49.989596730384555,138.72998983714803,-0.0002543630221121178,0.0,62.28621697619303,-7.224252951946278e-07
51.7,49.98959675268899,49.989596715898266,138.7299884581083,-0.0002535162046289889,0.0,62.28621697619303,-7.304635446809482e-07
51.72,49.9895967379797,49.98959670125166,138.72998708142305,-0.00025267220634435746,0.0,62.28621697619303,-7.384599898831336e-07
51.74,49.989596723111,49.98959668644558,138.72998570708967,-0.0002518310178726352,0.0,62.28621697619303,-7.464147442477411e-07
51.76,49.989596708083724,49.989596671480854,138.72998433510554,-0.0002509926298594802,0.0,62.28621697619303,-7.543279193334131e-07
51.78,49.98959669289871,49.989596656358316,138.72998296546808,-0.0002501570329816925,0.0,62.28621697619303,-7.621996284150783e-07
51.800000000000004,49.98959667755677,49.98959664107879,138.72998159817467,-0.0002493242179471111,0.0,62.28621697619303,-7.700299828797503e-07
51.82,49.989596662058744,49.98959662564311,138.7299802332227,-0.00024849417549450964,0.0,62.28621697619303,-7.77819095315843e-07
51.84,49.989596646405445,49.98959661005208,138.7299788706096,-0.0002476668963934944,0.0,62.28621697619303,-7.855670777968848e-07
51.86,49.9895966305977,49.98959659430654,138.72997751033282,-0.00024684237144440084,0.0,62.28621697619303,-7.932740420531463e-07
51.88,49.98959661463633,49.98959657840731,138.72997615238972,-0.00024602059147819184,0.0,62.28621697619303,-8.009400998148983e-07
51.9,49.98959659852215,49.989596562355196,138.72997479677778,-0.0002452015473563556,0.0,62.28621697619303,-8.085653628124116e-07
51.92,49.98959658225597,49.98959654615101,138.7299734434944,-0.0002443852299708038,0.0,62.28621697619303,-8.161499422610709e-07
51.94,49.98959656583861,49.98959652979558,138.72997209253703,-0.00024357163024377063,0.0,62.28621697619303,-8.236939497195183e-07
51.96,49.98959654927087,49.989596513289705,138.72997074390312,-0.00024276073912771166,0.0,62.28621697619303,-8.311974965747672e-07
51.980000000000004,49.98959653255357,49.98959649663419,138.72996939759008,-0.00024195254760520324,0.0,62.28621697619303,-8.38660693698945e-07
52.0,49.98959651568751,49.989596479829856,138.72996805359543,-0.00024114704668884223,0.0,62.28621697619303,-8.46083651964179e-07
52.02,49.989596498673485,49.989596462877486,138.72996671191657,-0.00024034422742114615,0.0,62.28621697619303,-8.534664824142253e-07
52.04,49.98959648151231,49.9895964457779,138.729965372551,-0.00023954408087445344,0.0,62.28621697619303,-8.608092959212112e-07
52.06,49.98959646420477,49.98959642853189,138.72996403549615,-0.00023874659815082425,0.0,62.28621697619303,-8.681122028423783e-07
52.08,49.98959644675168,49.98959641114025,138.72996270074952,-0.00023795177038194143,0.0,62.28621697619303,-8.753753137065962e-07
52.1,49.98959642915382,49.98959639360377,138.72996136830855,-0.00023715958872901202,0.0,62.28621697619303,-8.825987390427351e-07
52.120000000000005,49.98959641141199,49.989596375923256,138.7299600381708,-0.00023637004438266886,0.0,62.28621697619303,-8.897825886931503e-07
52.14,49.989596393526966,49.98959635809949,138.72995871033368,-0.0002355831285628727,0.0,62.28621697619303,-8.969269728434545e-07
52.160000000000004,49.98959637549955,49.98959634013326,138.7299573847947,-0.00023479883251881442,0.0,62.28621697619303,-9.040320015076316e-07
52.18,49.98959635733053,49.989596322025356,138.72995606155135,-0.00023401714752881793,0.0,62.28621697619303,-9.110977843564081e-07
52.2,49.98959633902068,49.98959630377656,138.72995474060116,-0.00023323806490024306,0.0,62.28621697619303,-9.181244312321394e-07
52.22,49.98959632057078,49.98959628538765,138.72995342194162,-0.00023246157596938888,0.0,62.28621697619303,-9.251120512906662e-07
52.24,49.98959630198162,49.98959626685941,138.72995210557025,-0.00023168767210139738,0.0,62.28621697619303,-9.320607543743434e-07
52.26,49.989596283253974,49.989596248192605,138.72995079148455,-0.0002309163446901575,0.0,62.28621697619303,-9.38970649124126e-07
52.28,49.98959626438861,49.98959622938803,138.72994947968203,-0.0002301475851582093,0.0,62.28621697619303,-9.458418455539976e-07
52.300000000000004,49.98959624538631,49.98959621044644,138.72994817016024,-0.00022938138495664872,0.0,62.28621697619303,-9.526744516183982e-07
52.32,49.98959622624783,49.989596191368626,138.72994686291668,-0.00022861773556503238,0.0,62.28621697619303,-9.59468576644797e-07
52.34,49.98959620697395,49.98959617215533,138.7299455579489,-0.000227856628491283,0.0,62.28621697619303,-9.662243297890345e-07
52.36,49.98959618756544,49.98959615280734,138.7299442552544,-0.00022709805527159477,0.0,62.28621697619303,-9.729418190055506e-07
52.38,49.98959616802305,49.989596133325406,138.72994295483076,-0.00022634200747033932,0.0,62.28621697619303,-9.796211529352997e-07
52.4,49.98959614834755,49.9895961137103,138.7299416566755,-0.00022558847667997198,0.0,62.28621697619303,-9.862624402192366e-07
52.42,49.9895961285397,49.989596093962774,138.72994036078614,-0.00022483745452093814,0.0,62.28621697619303,-9.928657884685433e-07
52.44,49.98959610860026,49.98959607408359,138.72993906716033,-0.0002240889326415802,0.0,62.28621697619303,-9.994313059809174e-07
52.46,49.98959608852998,49.9895960540735,138.72993777579552,-0.0002233429027180446,0.0,62.28621697619303,-1.0059591003675412e-06
52.480000000000004,49.98959606832961,49.98959603393327,138.72993648668933,-0.00022259935645418935,0.0,62.28621697619303,-1.0124492799261117e-06
52.5,49.9895960479999,49.98959601366363,138.72993519983928,-0.00022185828558149166,0.0,62.28621697619303,-1.0189019517529253e-06
52.52,49.989596027541616,49.98959599326534,138.72993391524295,-0.00022111968185895608,0.0,62.28621697619303,-1.0253172236307935e-06
52.54,49.98959600695549,49.989595972739146,138.72993263289794,-0.00022038353707302285,0.0,62.28621697619303,-1.0316952026560124e-06
52.56,49.989595986242264,49.98959595208579,138.72993135280183,-0.00021964984303747645,0.0,62.28621697619303,-1.038035996096507e-06
52.58,49.98959596540269,49.98959593130603,138.7299300749521,-0.00021891859159335473,0.0,62.28621697619303,-1.0443397115634601e-06
52.6,49.989595944437504,49.98959591040058,138.72992879934645,-0.0002181897746088581,0.0,62.28621697619303,-1.0506064549517672e-06
52.620000000000005,49.989595923347444,49.9895958893702,138.72992752598242,-0.00021746338397925908,0.0,62.28621697619303,-1.0568363335293532e-06
52.64,49.989595902133246,49.989595868215616,138.72992625485762,-0.00021673941162681223,0.0,62.28621697619303,-1.063029454220886e-06
52.660000000000004,49.98959588079565,49.98959584693756,138.72992498596957,-0.00021601784950066425,0.0,62.28621697619303,-1.069185922921261e-06
52.68,49.989595859335374,49.98959582553677,138.72992371931596,-0.00021529868957676448,0.0,62.28621697619303,-1.075305846211889e-06
52.7,49.98959583775316,49.98959580401397,138.72992245489434,-0.0002145819238577757,0.0,62.28621697619303,-1.0813893305025512e-06
52.72,49.98959581604972,49.989595782369896,138.7299211927023,-0.00021386754437298524,0.0,62.28621697619303,-1.0874364813448862e-06
52.74,49.9895957942258,49.98959576060527,138.72991993273752,-0.0002131555431782162,0.0,62.28621697619303,-1.093447404977047e-06
52.76,49.98959577228211,49.98959573872081,138.72991867499752,-0.00021244591235573923,0.0,62.28621697619303,-1.0994222074655579e-06
52.78,49.98959575021937,49.98959571671724,138.72991741948,-0.0002117386440141844,0.0,62.28621697619303,-1.1053609940187997e-06
52.800000000000004,49.98959572803831,49.98959569459527,138.72991616618248,-0.00021103373028845355,0.0,62.28621697619303,-1.111263870016782e-06
52.82,49.98959570573964,49.98959567235564,138.72991491510263,-0.00021033116333963266,0.0,62.28621697619303,-1.1171309413544005e-06
52.84,49.989595683324076,49.98959564999905,138.72991366623808,-0.00020963093535490487,0.0,62.28621697619303,-1.1229623127251502e-06
52.86,49.989595660792325,49.989595627526214,138.72991241958647,-0.00020893303854746347,0.0,62.28621697619303,-1.1287580891657832e-06
52.88,49.989595638145104,49.98959560493784,138.7299111751454,-0.00020823746515642535,0.0,62.28621697619303,-1.1345183763995665e-06
52.9,49.989595615383124,49.98959558223464,138.72990993291248,-0.00020754420744674467,0.0,62.28621697619303,-1.140243278090223e-06
52.92,49.98959559250708,49.989595559417324,138.7299086928854,-0.00020685325770912689,0.0,62.28621697619303,-1.1459328994461334e-06
52.94,49.98959556951769,49.98959553648659,138.7299074550618,-0.00020616460825994304,0.0,62.28621697619303,-1.151587344474278e-06
52.96,49.98959554641564,49.98959551344314,138.7299062194393,-0.00020547825144114418,0.0,62.28621697619303,-1.1572067180397804e-06
52.980000000000004,49.98959552320165,49.989595490287684,138.72990498601553,-0.00020479417962017638,0.0,62.28621697619303,-1.1627911241496206e-06
53.0,49.9895954998764,49.98959546702091,138.72990375478815,-0.00020411238518989569,0.0,62.28621697619303,-1.1683406664675218e-06
53.02,49.9895954764406,49.989595443643516,138.72990252575482,-0.00020343286056848374,0.0,62.28621697619303,-1.1738554495153496e-06
53.04,49.98959545289494,49.9895954201562,138.7299012989132,-0.0002027555981993632,0.0,62.28621697619303,-1.1793355764419413e-06
53.06,49.9895954292401,49.98959539655964,138.72990007426097,-0.00020208059055111391,0.0,62.28621697619303,-1.184781151082648e-06
53.08,49.989595405476784,49.98959537285455,138.7298988517957,-0.00020140783011738915,0.0,62.28621697619303,-1.1901922769295642e-06
53.1,49.989595381605675,49.9895953490416,138.72989763151514,-0.00020073730941683199,0.0,62.28621697619303,-1.1955690569598976e-06
53.120000000000005,49.98959535762746,49.989595325121485,138.72989641341695,-0.00020006902099299224,0.0,62.28621697619303,-1.200911594322485e-06
53.14,49.98959533354282,49.98959530109488,138.72989519749873,-0.00019940295741424348,0.0,62.28621697619303,-1.206219992509421e-06
53.160000000000004,49.98959530935244,49.98959527696247,138.72989398375825,-0.00019873911127370048,0.0,62.28621697619303,-1.211494353983027e-06
53.18,49.98959528505699,49.98959525272493,138.72989277219307,-0.00019807747518913675,0.0,62.28621697619303,-1.2167347815488829e-06
53.2,49.98959526065716,49.98959522838295,138.72989156280096,-0.00019741804180290243,0.0,62.28621697619303,-1.2219413776693104e-06
53.22,49.98959523615362,49.9895952039372,138.72989035557958,-0.00019676080378184258,0.0,62.28621697619303,-1.227114244635003e-06
53.24,49.98959521154704,49.989595179388346,138.72988915052656,-0.00019610575381721562,0.0,62.28621697619303,-1.2322534852515402e-06
53.26,49.9895951868381,49.98959515473707,138.72988794763967,-0.00019545288462461186,0.0,62.28621697619303,-1.2373592009514717e-06
53.28,49.989595162027456,49.98959512998403,138.72988674691652,-0.00019480218894387278,0.0,62.28621697619303,-1.2424314938538623e-06
53.300000000000004,49.98959513711579,49.9895951051299,138.72988554835482,-0.00019415365953901007,0.0,62.28621697619303,-1.2474704659061483e-06
53.32,49.98959511210376,49.98959508017535,138.72988435195228,-0.0001935072891981253,0.0,62.28621697619303,-1.2524762187125078e-06
53.34,49.989595086992026,49.989595055121036,138.72988315770658,-0.00019286307073332963,0.0,62.28621697619303,-1.257448853705491e-06
53.36,49.98959506178125,49.98959502996762,138.72988196561545,-0.00019222099698066396,0.0,62.28621697619303,-1.2623884719743909e-06
53.38,49.989595036472096,49.98959500471576,138.72988077567655,-0.0001915810608000192,0.0,62.28621697619303,-1.267295174951757e-06
53.4,49.98959501106522,49.98959497936611,138.72987958788758,-0.00019094325507505684,0.0,62.28621697619303,-1.2721690637268817e-06
53.42,49.98959498556127,49.98959495391934,138.72987840224627,-0.00019030757271312992,0.0,62.28621697619303,-1.2770102390458008e-06
53.44,49.989594959960904,49.989594928376086,138.7298772187503,-0.00018967400664520408,0.0,62.28621697619303,-1.281818801654549e-06
53.46,49.98959493426478,49.98959490273701,138.7298760373974,-0.00018904254982577903,0.0,62.28621697619303,-1.2865948526424195e-06
53.480000000000004,49.989594908473535,49.98959487700276,138.72987485818527,-0.00018841319523281002,0.0,62.28621697619303,-1.2913384913824176e-06
53.5,49.989594882587824,49.989594851173976,138.72987368111166,-0.00018778593586763002,0.0,62.28621697619303,-1.2960498186205787e-06
53.52,49.989594856608285,49.98959482525131,138.72987250617422,-0.00018716076475487162,0.0,62.28621697619303,-1.3007289347596806e-06
53.54,49.98959483053557,49.9895947992354,138.7298713333707,-0.00018653767494238962,0.0,62.28621697619303,-1.305375939344358e-06
53.56,49.98959480437031,49.98959477312689,138.72987016269883,-0.0001859166595011837,0.0,62.28621697619303,-1.3099909327773887e-06
53.58,49.98959477811316,49.98959474692642,138.72986899415633,-0.00018529771152532137,0.0,62.28621697619303,-1.314574014088521e-06
53.6,49.98959475176474,49.98959472063463,138.7298678277409,-0.00018468082413186112,0.0,62.28621697619303,-1.3191252831656467e-06
53.620000000000005,49.98959472532569,49.98959469425214,138.72986666345028,-0.00018406599046077597,0.0,62.28621697619303,-1.3236448385236285e-06
53.64,49.989594698796644,49.989594667779606,138.72986550128223,-0.00018345320367487707,0.0,62.28621697619303,-1.3281327803936155e-06
53.660000000000004,49.989594672178235,49.989594641217636,138.72986434123445,-0.00018284245695973774,0.0,62.28621697619303,-1.3325892071188411e-06
53.68,49.98959464547109,49.989594614566876,138.72986318330464,-0.0001822337435236177,0.0,62.28621697619303,-1.3370142180723114e-06
53.7,49.98959461867583,49.989594587827945,138.7298620274906,-0.0001816270565973875,0.0,62.28621697619303,-1.3414079117688888e-06
53.72,49.98959459179309,49.98959456100147,138.72986087379002,-0.00018102238943445325,0.0,62.28621697619303,-1.3457703867234356e-06
53.74,49.9895945648235,49.98959453408808,138.72985972220067,-0.0001804197353106817,0.0,62.28621697619303,-1.3501017414508143e-06
53.76,49.98959453776766,49.989594507088384,138.72985857272027,-0.00017981908752432528,0.0,62.28621697619303,-1.3544020741226298e-06
53.78,49.989594510626205,49.98959448000301,138.72985742534655,-0.00017922043939594772,0.0,62.28621697619303,-1.3586714830821158e-06
53.800000000000004,49.98959448339974,49.98959445283257,138.72985628007726,-0.00017862378426834969,0.0,62.28621697619303,-1.3629100659859916e-06
53.82,49.989594456088895,49.989594425577685,138.72985513691017,-0.0001780291155064948,0.0,62.28621697619303,-1.3671179204909759e-06
53.84,49.989594428694275,49.98959439823897,138.729853995843,-0.00017743642649743584,0.0,62.28621697619303,-1.371295144597045e-06
53.86,49.989594401216486,49.98959437081703,138.72985285687352,-0.00017684571065024123,0.0,62.28621697619303,-1.3754418356176607e-06
53.88,49.98959437365615,49.989594343312476,138.7298517199995,-0.00017625696139592168,0.0,62.28621697619303,-1.379558090694656e-06
53.9,49.98959434601387,49.98959431572592,138.72985058521863,-0.00017567017218735723,0.0,62.28621697619303,-1.3836440073131212e-06
53.92,49.989594318290244,49.98959428805796,138.7298494525287,-0.0001750853364992243,0.0,62.28621697619303,-1.387699682100003e-06
53.94,49.98959429048588,49.989594260309204,138.72984832192748,-0.00017450244782792325,0.0,62.28621697619303,-1.3917252121971348e-06
53.96,49.98959426260139,49.98959423248025,138.7298471934127,-0.00017392149969150609,0.0,62.28621697619303,-1.3957206945747203e-06
53.980000000000004,49.98959423463736,49.98959420457171,138.72984606698213,-0.00017334248562960426,0.0,62.28621697619303,-1.3996862250015634e-06
54.0,49.9895942065944,49.98959417658417,138.72984494263352,-0.00017276539920335686,0.0,62.28621697619303,-1.403621900619497e-06
54.02,49.989594178473084,49.98959414851822,138.7298438203647,-0.0001721902339953391,0.0,62.28621697619303,-1.4075278170256959e-06
54.04,49.98959415027403,49.98959412037448,138.72984270017332,-0.0001716169836094908,0.0,62.28621697619303,-1.4114040706754784e-06
54.06,49.98959412199782,49.98959409215351,138.72984158205725,-0.0001710456416710454,0.0,62.28621697619303,-1.4152507571660191e-06
54.08,49.989594093645046,49.989594063855925,138.7298404660142,-0.00017047620182645908,0.0,62.28621697619303,-1.4190679724377504e-06
54.1,49.98959406521629,49.9895940354823,138.72983935204195,-0.00016990865774333986,0.0,62.28621697619303,-1.4228558120878472e-06
54.120000000000005,49.98959403671215,49.989594007033226,138.72983824013826,-0.00016934300311037754,0.0,62.28621697619303,-1.4266143713702268e-06
54.14,49.989594008133196,49.98959397850928,138.72983713030095,-0.00016877923163727322,0.0,62.28621697619303,-1.4303437453671783e-06
54.160000000000004,49.98959397948002,49.98959394991106,138.72983602252776,-0.00016821733705466957,0.0,62.28621697619303,-1.434044029675876e-06
54.18,49.9895939507532,49.989593921239134,138.72983491681643,-0.00016765731311408084,0.0,62.28621697619303,-1.4377153193786091e-06
54.2,49.98959392195332,49.989593892494085,138.72983381316482,-0.00016709915358782378,0.0,62.28621697619303,-1.4413577085278942e-06
54.22,49.98959389308095,49.9895938636765,138.72983271157062,-0.00016654285226894798,0.0,62.28621697619303,-1.4449712920343916e-06
54.24,49.98959386413667,49.98959383478692,138.72983161203166,-0.00016598840297116707,0.0,62.28621697619303,-1.4485561642938751e-06
54.26,49.98959383512105,49.98959380582596,138.7298305145457,-0.00016543579952878984,0.0,62.28621697619303,-1.4521124200453762e-06
54.28,49.98959380603466,49.989593776794166,138.72982941911056,-0.00016488503579665178,0.0,62.28621697619303,-1.4556401529981543e-06
54.300000000000004,49.989593776878074,49.98959374769212,138.729828325724,-0.00016433610565004663,0.0,62.28621697619303,-1.4591394573763548e-06
54.32,49.98959374765185,49.989593718520375,138.72982723438378,-0.00016378900298465827,0.0,62.28621697619303,-1.4626104267176083e-06
54.34,49.989593718356566,49.98959368927951,138.7298261450877,-0.00016324372171649295,0.0,62.28621697619303,-1.466053154902803e-06
54.36,49.98959368899278,49.98959365997008,138.72982505783355,-0.00016270025578181155,0.0,62.28621697619303,-1.4694677354695695e-06
54.38,49.989593659561045,49.98959363059265,138.72982397261916,-0.0001621585991370621,0.0,62.28621697619303,-1.472854261612281e-06
54.4,49.98959363006193,49.98959360114779,138.72982288944223,-0.0001616187457588127,0.0,62.28621697619303,-1.4762128263536823e-06
54.42,49.989593600496,49.989593571636036,138.72982180830064,-0.00016108068964368447,0.0,62.28621697619303,-1.4795435228881465e-06
54.44,49.9895935708638,49.98959354205796,138.72982072919214,-0.00016054442480828473,0.0,62.28621697619303,-1.4828464444100473e-06
54.46,49.98959354116589,49.98959351241412,138.72981965211451,-0.00016000994528914063,0.0,62.28621697619303,-1.4861216832556143e-06
54.480000000000004,49.989593511402816,49.989593482705054,138.7298185770656,-0.00015947724514263264,0.0,62.28621697619303,-1.4893693321043346e-06
54.5,49.989593481575135,49.989593452931324,138.72981750404313,-0.00015894631844492858,0.0,62.28621697619303,-1.4925894827775524e-06
54.52,49.98959345168339,49.989593423093474,138.72981643304496,-0.0001584171592919177,0.0,62.28621697619303,-1.4957822282980123e-06
54.54,49.98959342172814,49.98959339319205,138.72981536406886,-0.00015788976179914504,0.0,62.28621697619303,-1.4989476601438006e-06
54.56,49.98959339170992,49.989593363227605,138.72981429711263,-0.00015736412010174596,0.0,62.28621697619303,-1.5020858704795189e-06
54.58,49.98959336162927,49.98959333320067,138.72981323217408,-0.000156840228354381,0.0,62.28621697619303,-1.5051969512981394e-06
54.6,49.98959333148674,49.9895933031118,138.72981216925098,-0.00015631808073117076,0.0,62.28621697619303,-1.5082809935628627e-06
54.620000000000005,49.98959330128286,49.98959327296152,138.72981110834115,-0.0001557976714256312,0.0,62.28621697619303,-1.511338089095033e-06
54.64,49.98959327101818,49.98959324275038,138.72981004944242,-0.00015527899465060907,0.0,62.28621697619303,-1.51436832885785e-06
54.660000000000004,49.989593240693225,49.989593212478916,138.7298089925526,-0.0001547620446382175,0.0,62.28621697619303,-1.5173718043294008e-06
54.68,49.98959321030854,49.98959318214765,138.72980793766942,-0.00015424681563977195,0.0,62.28621697619303,-1.5203486059579997e-06
54.7,49.98959317986465,49.98959315175713,138.72980688479075,-0.00015373330192572612,0.0,62.28621697619303,-1.5232988245352186e-06
54.72,49.989593149362086,49.98959312130787,138.72980583391438,-0.0001532214977856084,0.0,62.28621697619303,-1.5262225513675152e-06
54.74,49.98959311880137,49.98959309080041,138.72980478503814,-0.00015271139752795834,0.0,62.28621697619303,-1.5291198760450605e-06
54.76,49.98959308818305,49.98959306023528,138.7298037381598,-0.0001522029954802632,0.0,62.28621697619303,-1.5319908890161688e-06
54.78,49.989593057507626,49.98959302961299,138.72980269327718,-0.00015169628598889513,0.0,62.28621697619303,-1.534835680729155e-06
54.800000000000004,49.989593026775644,49.98959299893408,138.7298016503881,-0.0001511912634190481,0.0,62.28621697619303,-1.5376543409458182e-06
54.82,49.98959299598761,49.98959296819906,138.7298006094904,-0.00015068792215467534,0.0,62.28621697619303,-1.54044695925633e-06
54.84,49.98959296514404,49.98959293740846,138.72979957058186,-0.00015018625659842677,0.0,62.28621697619303,-1.5432136252508612e-06
54.86,49.98959293424547,49.989592906562784,138.7297985336603,-0.0001496862611715869,0.0,62.28621697619303,-1.5459544286912112e-06
54.88,49.989592903292404,49.98959287566256,138.7297974987235,-0.0001491879303140127,0.0,62.28621697619303,-1.5486694588242944e-06
54.9,49.98959287228536,49.9895928447083,138.72979646576934,-0.00014869125848407182,0.0,62.28621697619303,-1.5513588045537664e-06
54.92,49.98959284122485,49.98959281370052,138.72979543479562,-0.00014819624015858092,0.0,62.28621697619303,-1.5540225549549125e-06
54.94,49.989592810111375,49.98959278263972,138.7297944058001,-0.00014770286983274423,0.0,62.28621697619303,-1.556660798931389e-06
54.96,49.98959277894546,49.98959275152641,138.72979337878067,-0.0001472111420200925,0.0,62.28621697619303,-1.559273624871966e-06
54.980000000000004,49.989592747727606,49.98959272036111,138.72979235373512,-0.00014672105125242176,0.0,62.28621697619303,-1.5618611211654142e-06
55.0,49.98959271645831,49.98959268914432,138.72979133066124,-0.00014623259207973262,0.0,62.28621697619303,-1.5644233765437607e-06
55.02,49.98959268513809,49.98959265787653,138.7297903095569,-0.00014574575907016964,0.0,62.28621697619303,-1.5669604792241475e-06
55.04,49.989592653767446,49.98959262655826,138.7297892904199,-0.00014526054680996103,0.0,62.28621697619303,-1.5694725163939438e-06
55.06,49.98959262234687,49.989592595190004,138.72978827324806,-0.0001447769499033583,0.0,62.28621697619303,-1.5719595764419202e-06
55.08,49.98959259087686,49.98959256377226,138.7297872580392,-0.00014429496297257638,0.0,62.28621697619303,-1.5744217472419606e-06
55.1,49.98959255935792,49.98959253230552,138.72978624479117,-0.00014381458065773365,0.0,62.28621697619303,-1.5768591154665486e-06
55.120000000000005,49.98959252779054,49.989592500790295,138.72978523350173,-0.00014333579761679252,0.0,62.28621697619303,-1.5792717693328258e-06
55.14,49.98959249617521,49.98959246922706,138.72978422416878,-0.0001428586085254999,0.0,62.28621697619303,-1.5816597955132757e-06
55.160000000000004,49.98959246451244,49.98959243761632,138.72978321679008,-0.00014238300807732808,0.0,62.28621697619303,-1.5840232811952678e-06
55.18,49.989592432802695,49.98959240595855,138.7297822113635,-0.00014190899098341566,0.0,62.28621697619303,-1.5863623130512855e-06
55.2,49.98959240104648,49.98959237425425,138.72978120788684,-0.0001414365519725088,0.0,62.28621697619303,-1.5886769780970696e-06
55.22,49.98959236924427,49.989592342503904,138.72978020635796,-0.00014096568579090242,0.0,62.28621697619303,-1.5909673624902176e-06
55.24,49.98959233739656,49.98959231070799,138.72977920677465,-0.00014049638720238205,0.0,62.28621697619303,-1.5932335522166986e-06
55.26,49.98959230550383,49.989592278867,138.7297782091348,-0.00014002865098816541,0.0,62.28621697619303,-1.595475634120624e-06
55.28,49.98959227356655,49.98959224698141,138.72977721343614,-0.00013956247194684443,0.0,62.28621697619303,-1.597693693673077e-06
55.300000000000004,49.989592241585214,49.9895922150517,138.72977621967658,-0.0001390978448943274,0.0,62.28621697619303,-1.5998878173749123e-06
55.32,49.98959220956029,49.98959218307835,138.7297752278539,-0.00013863476466378138,0.0,62.28621697619303,-1.602058090525584e-06
55.34,49.989592177492256,49.989592151061835,138.72977423796598,-0.0001381732261055746,0.0,62.28621697619303,-1.6042045987678034e-06
55.36,49.98959214538159,49.98959211900262,138.72977325001062,-0.00013771322408721932,0.0,62.28621697619303,-1.6063274272293958e-06
55.38,49.98959211322877,49.9895920869012,138.72977226398567,-0.00013725475349331476,0.0,62.28621697619303,-1.6084266606949292e-06
55.4,49.98959208103425,49.98959205475802,138.72977127988895,-0.00013679780922549014,0.0,62.28621697619303,-1.6105023851503724e-06
55.42,49.989592048798514,49.98959202257357,138.7297702977183,-0.00013634238620234798,0.0,62.28621697619303,-1.6125546848654074e-06
55.44,49.989592016522025,49.9895919903483,138.7297693174715,-0.00013588847935940772,0.0,62.28621697619303,-1.6145836447962308e-06
55.46,49.98959198420524,49.98959195808269,138.72976833914646,-0.00013543608364904923,0.0,62.28621697619303,-1.6165893492125245e-06
55.480000000000004,49.98959195184864,49.9895919257772,138.72976736274097,-0.00013498519404045678,0.0,62.28621697619303,-1.6185718827272279e-06
55.5,49.98959191945267,49.989591893432284,138.72976638825293,-0.00013453580551956313,0.0,62.28621697619303,-1.6205313294383942e-06
55.52,49.9895918870178,49.98959186104841,138.72976541568008,-0.00013408791308899365,0.0,62.28621697619303,-1.6224677731008194e-06
55.54,49.98959185454449,49.98959182862604,138.7297644450203,-0.00013364151176801085,0.0,62.28621697619303,-1.6243812979841852e-06
55.56,49.9895918220332,49.98959179616563,138.72976347627144,-0.00013319659659245895,0.0,62.28621697619303,-1.6262719875000304e-06
55.58,49.98959178948437,49.989591763667626,138.72976250943134,-0.00013275316261470867,0.0,62.28621697619303,-1.6281399254031508e-06
55.6,49.98959175689847,49.98959173113249,138.72976154449782,-0.00013231120490360225,0.0,62.28621697619303,-1.6299851949334563e-06
55.620000000000005,49.98959172427595,49.98959169856068,138.7297605814687,-0.00013187071854439854,0.0,62.28621697619303,-1.6318078793308569e-06
55.64,49.98959169161726,49.98959166595263,138.72975962034184,-0.00013143169863871846,0.0,62.28621697619303,-1.6336080618352622e-06
55.660000000000004,49.98959165892283,49.98959163330881,138.72975866111508,-0.00013099414030449038,0.0,62.28621697619303,-1.635385825171696e-06
55.68,49.989591626193146,49.98959160062965,138.72975770378628,-0.000130558038675896,0.0,62.28621697619303,-1.637141251893554e-06
55.7,49.98959159342862,49.9895915679156,138.72975674835322,-0.00013012338890331613,0.0,62.28621697619303,-1.638874424897488e-06
55.72,49.989591560629705,49.989591535167115,138.72975579481377,-0.00012969018615327673,0.0,62.28621697619303,-1.6405854260503786e-06
55.74,49.989591527796854,49.98959150238463,138.7297548431658,-0.00012925842560839525,0.0,62.28621697619303,-1.64227433807725e-06
55.76,49.989591494930494,49.98959146956858,138.72975389340712,-0.000128828102467327,0.0,62.28621697619303,-1.6439412426733537e-06
55.78,49.98959146203107,49.98959143671941,138.72975294553558,-0.0001283992119447118,0.0,62.28621697619303,-1.6455862218771986e-06
55.800000000000004,49.98959142909903,49.98959140383755,138.729751999549,-0.0001279717492711207,0.0,62.28621697619303,-1.647209357727294e-06
55.82,49.98959139613479,49.98959137092345,138.72975105544523,-0.00012754570969300308,0.0,62.28621697619303,-1.6488107314040058e-06
55.84,49.98959136313879,49.98959133797753,138.72975011322217,-0.0001271210884726336,0.0,62.28621697619303,-1.6503904240876996e-06
55.86,49.98959133011147,49.98959130500023,138.72974917287758,-0.00012669788088805965,0.0,62.28621697619303,-1.6519485176452554e-06
55.88,49.989591297053266,49.98959127199199,138.72974823440933,-0.00012627608223304878,0.0,62.28621697619303,-1.6534850925705248e-06
55.9,49.98959126396459,49.98959123895322,138.72974729781527,-0.00012585568781703642,0.0,62.28621697619303,-1.655000230043873e-06
55.92,49.98959123084588,49.98959120588436,138.72974636309323,-0.00012543669296507363,0.0,62.28621697619303,-1.65649401073078e-06
55.94,49.98959119769756,49.98959117278583,138.72974543024108,-0.00012501909301777518,0.0,62.28621697619303,-1.6579665151250966e-06
55.96,49.98959116452006,49.98959113965806,138.72974449925664,-0.00012460288333126777,0.0,62.28621697619303,-1.6594178238923027e-06
55.980000000000004,49.98959113131379,49.98959110650147,138.72974357013777,-0.00012418805927713828,0.0,62.28621697619303,-1.660848017011363e-06
56.0,49.98959109807918,49.98959107331648,138.72974264288231,-0.00012377461624238232,0.0,62.28621697619303,-1.662257174632871e-06
56.02,49.98959106481665,49.98959104010352,138.7297417174881,-0.0001233625496293531,0.0,62.28621697619303,-1.663645376735792e-06
56.04,49.98959103152662,49.989591006862995,138.729740793953,-0.00012295185485571006,0.0,62.28621697619303,-1.6650127029558335e-06
56.06,49.9895909982095,49.98959097359533,138.72973987227482,-0.0001225425273543681,0.0,62.28621697619303,-1.666359232928703e-06
56.08,49.98959096486571,49.98959094030093,138.72973895245144,-0.0001221345625734467,0.0,62.28621697619303,-1.6676850459468505e-06
56.1,49.98959093149566,49.98959090698021,138.7297380344807,-0.0001217279559762193,0.0,62.28621697619303,-1.668990221131098e-06
56.120000000000005,49.98959089809977,49.989590873633595,138.72973711836042,-0.00012132270304106283,0.0,62.28621697619303,-1.6702748381171528e-06
56.14,49.98959086467844,49.989590840261485,138.72973620408845,-0.00012091879926140754,0.0,62.28621697619303,-1.6715389758542078e-06
56.160000000000004,49.989590831232086,49.98959080686429,138.72973529166268,-0.0001205162401456868,0.0,62.28621697619303,-1.6727827120900551e-06
56.18,49.9895907977611,49.989590773442416,138.72973438108093,-0.00012011502121728713,0.0,62.28621697619303,-1.6740061264604024e-06
56.2,49.98959076426591,49.989590739996274,138.72973347234102,-0.00011971513801449847,0.0,62.28621697619303,-1.6752092968846703e-06
56.22,49.989590730746905,49.98959070652626,138.72973256544086,-0.00011931658609046455,0.0,62.28621697619303,-1.676392302140423e-06
56.24,49.98959069720449,49.98959067303278,138.72973166037823,-0.00011891936101313347,0.0,62.28621697619303,-1.6775552194605667e-06
56.26,49.98959066363907,49.98959063951624,138.72973075715103,-0.0001185234583652083,0.0,62.28621697619303,-1.6786981272794082e-06
56.28,49.98959063005104,49.98959060597702,138.72972985575706,-0.00011812887374409809,0.0,62.28621697619303,-1.6798211035163682e-06
56.300000000000004,49.9895905964408,49.989590572415544,138.7297289561942,-0.00011773560276186886,0.0,62.28621697619303,-1.6809242254043527e-06
56.32,49.989590562808736,49.989590538832196,138.72972805846032,-0.00011734364104519481,0.0,62.28621697619303,-1.6820075705195252e-06
56.34,49.989590529155265,49.98959050522736,138.72972716255322,-0.00011695298423530964,0.0,62.28621697619303,-1.6830712162664207e-06
56.36,49.989590495480755,49.98959047160145,138.72972626847076,-0.00011656362798795816,0.0,62.28621697619303,-1.6841152393630587e-06
56.38,49.98959046178562,49.989590437954845,138.7297253762108,-0.00011617556797334791,0.0,62.28621697619303,-1.6851397170423457e-06
56.4,49.98959042807023,49.98959040428794,138.72972448577121,-0.00011578879987610106,0.0,62.28621697619303,-1.686144726708816e-06
56.42,49.98959039433498,49.98959037060111,138.72972359714979,-0.00011540331939520642,0.0,62.28621697619303,-1.687130344050718e-06
56.44,49.989590360580266,49.98959033689476,138.72972271034442,-0.00011501912224397154,0.0,62.28621697619303,-1.6880966457860718e-06
56.46,49.989590326806464,49.989590303169265,138.72972182535295,-0.00011463620414997516,0.0,62.28621697619303,-1.6890437081180107e-06
56.480000000000004,49.98959029301396,49.98959026942501,138.7297209421732,-0.00011425456085501957,0.0,62.28621697619303,-1.689971607421298e-06
56.5,49.98959025920314,49.98959023566238,138.72972006080306,-0.00011387418811508335,0.0,62.28621697619303,-1.6908804197274387e-06
56.52,49.98959022537438,49.989590201881754,138.72971918124037,-0.00011349508170027415,0.0,62.28621697619303,-1.6917702203814234e-06
56.54,49.98959019152806,49.98959016808352,138.72971830348297,-0.00011311723739478162,0.0,62.28621697619303,-1.692641085243129e-06
56.56,49.98959015766456,49.989590134268035,138.7297174275287,-0.00011274065099683056,0.0,62.28621697619303,-1.6934930900008029e-06
56.58,49.989590123784254,49.98959010043569,138.72971655337543,-0.00011236531831863425,0.0,62.28621697619303,-1.6943263093129214e-06
56.6,49.989590089887514,49.989590066586864,138.729715681021,-0.00011199123518634775,0.0,62.28621697619303,-1.695140819039361e-06
56.620000000000005,49.98959005597472,49.98959003272192,138.7297148104633,-0.00011161839744002157,0.0,62.28621697619303,-1.6959366934953402e-06
56.64,49.989590022046244,49.98958999884123,138.72971394170008,-0.00011124680093355541,0.0,62.28621697619303,-1.696714008369107e-06
56.660000000000004,49.98958998810245,49.989589964945175,138.7297130747293,-0.00011087644153465202,0.0,62.28621697619303,-1.6974728376326223e-06
56.68,49.98958995414371,49.98958993103411,138.72971220954872,-0.00011050731512477128,0.0,62.28621697619303,-1.6982132562876197e-06
56.7,49.98958992017039,49.98958989710842,138.72971134615628,-0.00011013941759908439,0.0,62.28621697619303,-1.698935337791174e-06
56.72,49.989589886182856,49.98958986316845,138.72971048454977,-0.0001097727448664282,0.0,62.28621697619303,-1.699639157316647e-06
56.74,49.989589852181474,49.98958982921457,138.72970962472704,-0.00010940729284925975,0.0,62.28621697619303,-1.7003247879778568e-06
56.76,49.98958981816661,49.989589795247156,138.729708766686,-0.0001090430574836109,0.0,62.28621697619303,-1.7009923039183932e-06
56.78,49.989589784138616,49.98958976126656,138.72970791042445,-0.00010868003471904313,0.0,62.28621697619303,-1.701641779110217e-06
56.800000000000004,49.989589750097856,49.989589727273135,138.72970705594025,-0.00010831822051860258,0.0,62.28621697619303,-1.7022732863238887e-06
56.82,49.98958971604469,49.98958969326725,138.72970620323125,-0.00010795761085877502,0.0,62.28621697619303,-1.7028868995313694e-06
56.84,49.98958968197948,49.98958965924926,138.7297053522953,-0.0001075982017294412,0.0,62.28621697619303,-1.7034826916748486e-06
56.86,49.98958964790257,49.98958962521952,138.72970450313028,-0.00010723998913383225,0.0,62.28621697619303,-1.7040607362114008e-06
56.88,49.989589613814324,49.98958959117838,138.729703655734,-0.00010688296908848518,0.0,62.28621697619303,-1.7046211053967006e-06
56.9,49.989589579715094,49.9895895571262,138.72970281010433,-0.0001065271376231987,0.0,62.28621697619303,-1.7051638723445658e-06
56.92,49.98958954560522,49.98958952306332,138.72970196623913,-0.00010617249078098891,0.0,62.28621697619303,-1.7056891089674132e-06
56.94,49.989589511485065,49.989589488990106,138.72970112413626,-0.00010581902461804542,0.0,62.28621697619303,-1.706196888207432e-06
56.96,49.98958947735497,49.98958945490689,138.72970028379353,-0.00010546673520368744,0.0,62.28621697619303,-1.7066872824919253e-06
56.980000000000004,49.98958944321528,49.98958942081403,138.72969944520884,-0.00010511561862032006,0.0,62.28621697619303,-1.7071603632184238e-06
57.0,49.98958940906635,49.98958938671186,138.72969860837998,-0.00010476567096339074,0.0,62.28621697619303,-1.7076162024709733e-06
57.02,49.98958937490852,49.98958935260074,138.72969777330488,-0.00010441688834134586,0.0,62.28621697619303,-1.708054871990362e-06
57.04,49.98958934074212,49.989589318481,138.72969693998135,-0.0001040692668755874,0.0,62.28621697619303,-1.7084764433457498e-06
57.06,49.98958930656751,49.98958928435298,138.72969610840724,-0.00010372280270042985,0.0,62.28621697619303,-1.7088809879346672e-06
57.08,49.98958927238502,49.98958925021703,138.72969527858044,-0.0001033774919630573,0.0,62.28621697619303,-1.7092685766397594e-06
57.1,49.98958923819499,49.98958921607348,138.72969445049876,-0.00010303333082348039,0.0,62.28621697619303,-1.7096392808585571e-06
57.120000000000005,49.98958920399775,49.989589181922675,138.72969362416006,-0.00010269031545449383,0.0,62.28621697619303,-1.7099931714737055e-06
57.14,49.989589169793646,49.98958914776494,138.7296927995622,-0.00010234844204163373,0.0,62.28621697619303,-1.7103303190245918e-06
57.160000000000004,49.98958913558301,49.98958911360061,138.72969197670304,-0.00010200770678313513,0.0,62.28621697619303,-1.7106507943938614e-06
57.18,49.98958910136617,49.989589079430026,138.7296911555804,-0.00010166810588988985,0.0,62.28621697619303,-1.7109546679492726e-06
57.2,49.989589067143456,49.98958904525351,138.72969033619222,-0.0001013296355854043,0.0,62.28621697619303,-1.7112420095436984e-06
57.22,49.989589032915205,49.9895890110714,138.72968951853625,-0.00010099229210575743,0.0,62.28621697619303,-1.7115128897165267e-06
57.24,49.98958899868174,49.989588976884015,138.72968870261036,-0.00010065607169955894,0.0,62.28621697619303,-1.711767378149001e-06
57.26,49.98958896444339,49.9895889426917,138.72968788841246,-0.00010032097062790753,0.0,62.28621697619303,-1.712005544522366e-06
57.28,49.98958893020048,49.98958890849475,138.72968707594038,-9.998698516434938e-05,0.0,62.28621697619303,-1.7122274588611227e-06
57.300000000000004,49.98958889595334,49.98958887429352,138.72968626519193,-9.96541115948366e-05,0.0,62.28621697619303,-1.7124331903316295e-06
57.32,49.98958886170228,49.98958884008832,138.72968545616504,-9.932234621768603e-05,0.0,62.28621697619303,-1.7126228077569872e-06
57.34,49.989588827447626,49.989588805879464,138.72968464885747,-9.899168534353804e-05,0.0,62.28621697619303,-1.7127963813333257e-06
57.36,49.989588793189704,49.989588771667286,138.72968384326717,-9.86621252953155e-05,0.0,62.28621697619303,-1.7129539788539738e-06
57.38,49.989588758928825,49.989588737452095,138.72968303939192,-9.833366240818288e-05,0.0,62.28621697619303,-1.7130956698285471e-06
57.4,49.98958872466532,49.98958870323421,138.7296822372296,-9.800629302950551e-05,0.0,62.28621697619303,-1.7132215225652601e-06
57.42,49.989588690399486,49.98958866901395,138.72968143677807,-9.768001351880896e-05,0.0,62.28621697619303,-1.713331606230471e-06
57.44,49.98958865613165,49.98958863479163,138.72968063803518,-9.735482024773856e-05,0.0,62.28621697619303,-1.713425988274251e-06
57.46,49.98958862186212,49.98958860056756,138.72967984099876,-9.703070960001903e-05,0.0,62.28621697619303,-1.7135047371764436e-06
57.480000000000004,49.989588587591214,49.98958856634205,138.7296790456667,-9.670767797141429e-05,0.0,62.28621697619303,-1.7135679210736347e-06
57.5,49.98958855331924,49.98958853211541,138.72967825203682,-9.638572176968739e-05,0.0,62.28621697619303,-1.7136156075875242e-06
57.52,49.98958851904649,49.98958849788796,138.729677460107,-9.606483741456051e-05,0.0,62.28621697619303,-1.7136478645114408e-06
57.54,49.9895884847733,49.98958846365999,138.72967666987512,-9.574502133767524e-05,0.0,62.28621697619303,-1.7136647591238273e-06
57.56,49.989588450499966,49.98958842943183,138.72967588133898,-9.542626998255274e-05,0.0,62.28621697619303,-1.7136663587031262e-06
57.58,49.98958841622678,49.98958839520376,138.72967509449643,-9.510857980455437e-05,0.0,62.28621697619303,-1.7136527308710375e-06
57.6,49.989588381954064,49.9895883609761,138.72967430934537,-9.479194727084216e-05,0.0,62.28621697619303,-1.7136239423911175e-06
57.620000000000005,49.98958834768211,49.98958832674915,138.7296735258836,-9.447636886033957e-05,0.0,62.28621697619303,-1.7135800603701806e-06
57.64,49.98958831341122,49.98958829252321,138.72967274410905,-9.416184106369229e-05,0.0,62.28621697619303,-1.713521151571783e-06
57.660000000000004,49.9895882791417,49.989588258298575,138.7296719640195,-9.384836038322927e-05,0.0,62.28621697619303,-1.7134472820729668e-06
57.68,49.989588244873836,49.98958822407555,138.72967118561283,-9.353592333292378e-05,0.0,62.28621697619303,-1.7133585184656596e-06
57.7,49.98958821060794,49.989588189854416,138.7296704088869,-9.32245264383547e-05,0.0,62.28621697619303,-1.713254927170161e-06
57.72,49.9895881763443,49.989588155635495,138.72966963383953,-9.291416623666778e-05,0.0,62.28621697619303,-1.7131365742635124e-06
57.74,49.98958814208321,49.98958812141906,138.72966886046865,-9.260483927653726e-05,0.0,62.28621697619303,-1.7130035254794987e-06
57.76,49.98958810782496,49.98958808720542,138.72966808877206,-9.22965421181274e-05,0.0,62.28621697619303,-1.7128558465519043e-06
57.78,49.98958807356985,49.989588052994854,138.7296673187476,-9.198927133305424e-05,0.0,62.28621697619303,-1.7126936030428848e-06
57.800000000000004,49.989588039318164,49.98958801878766,138.72966655039318,-9.168302350434751e-05,0.0,62.28621697619303,-1.7125168605145963e-06
57.82,49.989588005070196,49.98958798458412,138.7296657837066,-9.137779522641261e-05,0.0,62.28621697619303,-1.7123256840143082e-06
57.84,49.98958797082623,49.989587950384525,138.72966501868575,-9.107358310499274e-05,0.0,62.28621697619303,-1.7121201392758053e-06
57.86,49.98958793658655,49.989587916189166,138.72966425532843,-9.077038375713115e-05,0.0,62.28621697619303,-1.7119002908314713e-06
57.88,49.989587902351445,49.989587881998325,138.72966349363256,-9.04681938111335e-05,0.0,62.28621697619303,-1.7116662033853186e-06
57.9,49.989587868121205,49.98958784781229,138.72966273359597,-9.016700990653046e-05,0.0,62.28621697619303,-1.7114179416413596e-06
57.92,49.9895878338961,49.98958781363134,138.72966197521652,-8.98668286940402e-05,0.0,62.28621697619303,-1.711155570131978e-06
57.94,49.98958779967643,49.989587779455746,138.72966121849205,-8.956764683553123e-05,0.0,62.28621697619303,-1.7108791532179285e-06
57.96,49.98958776546245,49.98958774528581,138.72966046342043,-8.926946100398527e-05,0.0,62.28621697619303,-1.7105887552599669e-06
57.980000000000004,49.98958773125446,49.98958771112179,138.7296597099995,-8.897226788346028e-05,0.0,62.28621697619303,-1.7102844397607041e-06
58.0,49.98958769705273,49.98958767696398,138.7296589582271,-8.867606416905351e-05,0.0,62.28621697619303,-1.7099662712525245e-06
58.02,49.989587662857524,49.989587642812644,138.72965820810114,-8.83808465668648e-05,0.0,62.28621697619303,-1.7096343127231532e-06
58.04,49.98958762866914,49.98958760866807,138.72965745961943,-8.808661179395994e-05,0.0,62.28621697619303,-1.7092886283617169e-06
58.06,49.98958759448784,49.98958757453051,138.72965671277984,-8.779335657833418e-05,0.0,62.28621697619303,-1.708929281155941e-06
58.08,49.98958756031389,49.98958754040026,138.72965596758021,-8.750107765887579e-05,0.0,62.28621697619303,-1.7085563344368086e-06
58.1,49.989587526147574,49.98958750627758,138.72965522401842,-8.720977178532986e-05,0.0,62.28621697619303,-1.708169851192045e-06
58.120000000000005,49.989587491989155,49.98958747216274,138.72965448209231,-8.691943571826212e-05,0.0,62.28621697619303,-1.7077698944093764e-06
58.14,49.98958745783891,49.989587438056006,138.72965374179972,-8.66300662290229e-05,0.0,62.28621697619303,-1.7073565267332705e-06
58.160000000000004,49.98958742369709,49.98958740395766,138.72965300313854,-8.634166009971133e-05,0.0,62.28621697619303,-1.706929810808196e-06
58.18,49.98958738956397,49.98958736986795,138.7296522661066,-8.60542141231394e-05,0.0,62.28621697619303,-1.706489809621878e-06
58.2,49.989587355439824,49.98958733578715,138.72965153070174,-8.576772510279636e-05,0.0,62.28621697619303,-1.7060365844457555e-06
58.22,49.9895873213249,49.98958730171552,138.72965079692187,-8.548218985281326e-05,0.0,62.28621697619303,-1.705570197924297e-06
58.24,49.989587287219464,49.98958726765333,138.72965006476483,-8.519760519792738e-05,0.0,62.28621697619303,-1.7050907123587131e-06
58.26,49.98958725312379,49.98958723360083,138.7296493342284,-8.491396797344702e-05,0.0,62.28621697619303,-1.704598189020443e-06
58.28,49.98958721903812,49.98958719955829,138.72964860531056,-8.463127502521626e-05,0.0,62.28621697619303,-1.7040926898674396e-06
58.300000000000004,49.98958718496273,49.98958716552596,138.72964787800905,-8.43495232095799e-05,0.0,62.28621697619303,-1.703574276342771e-06
58.32,49.98958715089787,49.9895871315041,138.7296471523218,-8.406870939334849e-05,0.0,62.28621697619303,-1.703043009546247e-06
58.34,49.989587116843786,49.98958709749298,138.72964642824664,-8.37888304537635e-05,0.0,62.28621697619303,-1.7024989512641924e-06
58.36,49.989587082800746,49.989587063492834,138.72964570578142,-8.350988327846262e-05,0.0,62.28621697619303,-1.7019421619099028e-06
58.38,49.989587048769,49.98958702950393,138.72964498492402,-8.32318647654451e-05,0.0,62.28621697619303,-1.7013727029264457e-06
58.4,49.98958701474881,49.989586995526516,138.72964426567228,-8.295477182303725e-05,0.0,62.28621697619303,-1.7007906345554878e-06
58.42,49.989586980740405,49.98958696156084,138.72964354802403,-8.267860136985814e-05,0.0,62.28621697619303,-1.7001960180684676e-06
58.44,49.989586946744055,49.98958692760716,138.72964283197717,-8.24033503347852e-05,0.0,62.28621697619303,-1.6995889130205375e-06
58.46,49.989586912760004,49.98958689366572,138.72964211752952,-8.212901565692022e-05,0.0,62.28621697619303,-1.6989693799966215e-06
58.480000000000004,49.989586878788494,49.98958685973676,138.72964140467897,-8.185559428555521e-05,0.0,62.28621697619303,-1.6983374792383862e-06
58.5,49.98958684482977,49.98958682582054,138.72964069342336,-8.15830831801385e-05,0.0,62.28621697619303,-1.6976932708158696e-06
58.52,49.9895868108841,49.989586791917304,138.72963998376056,-8.13114793102409e-05,0.0,62.28621697619303,-1.697036814284224e-06
58.54,49.9895867769517,49.98958675802729,138.7296392756884,-8.104077965552209e-05,0.0,62.28621697619303,-1.6963681693702299e-06
58.56,49.98958674303283,49.98958672415075,138.72963856920478,-8.077098120569693e-05,0.0,62.28621697619303,-1.6956873954574105e-06
58.58,49.98958670912772,49.98958669028791,138.7296378643075,-8.050208096050207e-05,0.0,62.28621697619303,-1.6949945522725466e-06
58.6,49.98958667523662,49.98958665643902,138.72963716099446,-8.023407592966249e-05,0.0,62.28621697619303,-1.6942896986842757e-06
58.620000000000005,49.98958664135977,49.98958662260433,138.72963645926347,-7.996696313285832e-05,0.0,62.28621697619303,-1.693572893561235e-06
58.64,49.9895866074974,49.98958658878406,138.72963575911245,-7.97007395996917e-05,0.0,62.28621697619303,-1.6928441962869474e-06
58.660000000000004,49.98958657364976,49.98958655497846,138.72963506053924,-7.94354023696537e-05,0.0,62.28621697619303,-1.6921036652151647e-06
58.68,49.98958653981707,49.98958652118775,138.72963436354166,-7.917094849209146e-05,0.0,62.28621697619303,-1.6913513588712665e-06
58.7,49.989586505999576,49.98958648741219,138.72963366811763,-7.89073750261753e-05,0.0,62.28621697619303,-1.6905873357806328e-06
58.72,49.9895864721975,49.989586453651995,138.72963297426494,-7.864467904086607e-05,0.0,62.28621697619303,-1.6898116542970149e-06
58.74,49.989586438411095,49.9895864199074,138.7296322819815,-7.838285761488258e-05,0.0,62.28621697619303,-1.6890243724309068e-06
58.76,49.989586404640576,49.98958638617864,138.72963159126516,-7.812190783666903e-05,0.0,62.28621697619303,-1.6882255480211734e-06
58.78,49.98958637088617,49.98958635246594,138.72963090211374,-7.786182680436272e-05,0.0,62.28621697619303,-1.687415239421566e-06
58.800000000000004,49.989586337148125,49.98958631876953,138.72963021452514,-7.76026116257617e-05,0.0,62.28621697619303,-1.6865935036128067e-06
58.82,49.98958630342665,49.98958628508965,138.7296295284972,-7.734425941829267e-05,0.0,62.28621697619303,-1.6857603984337604e-06
58.84,49.989586269721975,49.98958625142651,138.7296288440278,-7.708676730897894e-05,0.0,62.28621697619303,-1.6849159812084065e-06
58.86,49.989586236034334,49.98958621778034,138.72962816111476,-7.683013243440838e-05,0.0,62.28621697619303,-1.6840603096039813e-06
58.88,49.98958620236395,49.98958618415138,138.72962747975595,-7.657435194070168e-05,0.0,62.28621697619303,-1.6831934400863209e-06
58.9,49.989586168711035,49.98958615053982,138.72962679994927,-7.631942298348058e-05,0.0,62.28621697619303,-1.6823154291212605e-06
58.92,49.989586135075825,49.989586116945915,138.72962612169255,-7.606534272783622e-05,0.0,62.28621697619303,-1.6814263345476658e-06
58.94,49.989586101458535,49.98958608336987,138.7296254449836,-7.581210834829763e-05,0.0,62.28621697619303,-1.6805262126597438e-06
58.96,49.989586067859385,49.98958604981191,138.72962476982036,-7.555971702880032e-05,0.0,62.28621697619303,-1.6796151195800728e-06
58.980000000000004,49.98958603427859,49.98958601627225,138.72962409620067,-7.530816596265495e-05,0.0,62.28621697619303,-1.6786931114312313e-06
59.0,49.98958600071637,49.98958598275111,138.7296234241224,-7.505745235251615e-05,0.0,62.28621697619303,-1.6777602445074261e-06
59.02,49.98958596717294,49.989585949248706,138.72962275358336,-7.480757341035132e-05,0.0,62.28621697619303,-1.6768165752744934e-06
59.04,49.98958593364853,49.98958591576525,138.72962208458142,-7.455852635740975e-05,0.0,62.28621697619303,-1.6758621596833826e-06
59.06,49.98958590014333,49.98958588230096,138.72962141711446,-7.431030842419165e-05,0.0,62.28621697619303,-1.6748970524836428e-06
59.08,49.98958586665757,49.98958584885605,138.72962075118036,-7.406291685041733e-05,0.0,62.28621697619303,-1.6739213103127383e-06
59.1,49.989585833191455,49.98958581543073,138.72962008677695,-7.381634888499659e-05,0.0,62.28621697619303,-1.672934987576961e-06
59.120000000000005,49.9895857997452,49.98958578202521,138.7296194239021,-7.357060178599804e-05,0.0,62.28621697619303,-1.6719381402272603e-06
59.14,49.98958576631901,49.989585748639705,138.72961876255368,-7.332567282061866e-05,0.0,62.28621697619303,-1.6709308230131854e-06
59.160000000000004,49.9895857329131,49.989585715274416,138.72961810272955,-7.308155926515337e-05,0.0,62.28621697619303,-1.6699130911991712e-06
59.18,49.98958569952767,49.989585681929555,138.72961744442756,-7.283825840496475e-05,0.0,62.28621697619303,-1.6688849991915094e-06
59.2,49.98958566616294,49.98958564860533,138.72961678764557,-7.259576753445294e-05,0.0,62.28621697619303,-1.6678466022546348e-06
59.22,49.9895856328191,49.98958561530194,138.72961613238147,-7.23540839570254e-05,0.0,62.28621697619303,-1.6667979542799531e-06
59.24,49.98958559949636,49.9895855820196,138.72961547863306,-7.211320498506707e-05,0.0,62.28621697619303,-1.6657391098453845e-06
59.26,49.989585566194926,49.989585548758505,138.7296148263983,-7.187312793991034e-05,0.0,62.28621697619303,-1.6646701230139634e-06
59.28,49.989585532914994,49.989585515518854,138.72961417567493,-7.163385015180541e-05,0.0,62.28621697619303,-1.66359104836361e-06
59.300000000000004,49.98958549965677,49.98958548230086,138.72961352646092,-7.139536895989048e-05,0.0,62.28621697619303,-1.6625019392708438e-06
59.32,49.98958546642045,49.989585449104716,138.7296128787541,-7.115768171216221e-05,0.0,62.28621697619303,-1.6614028496270703e-06
59.34,49.989585433206244,49.98958541593061,138.7296122325523,-7.092078576544626e-05,0.0,62.28621697619303,-1.6602938331520665e-06
59.36,49.98958540001434,49.98958538277876,138.72961158785344,-7.068467848536784e-05,0.0,62.28621697619303,-1.659174943050723e-06
59.38,49.989585366844935,49.98958534964936,138.72961094465535,-7.044935724632245e-05,0.0,62.28621697619303,-1.6580462330428172e-06
59.4,49.98958533369822,49.989585316542595,138.72961030295588,-7.021481943144666e-05,0.0,62.28621697619303,-1.6569077558183535e-06
59.42,49.989585300574404,49.98958528345866,138.72960966275292,-6.998106243258904e-05,0.0,62.28621697619303,-1.6557595650971088e-06
59.44,49.98958526747367,49.98958525039776,138.72960902404432,-6.974808365028109e-05,0.0,62.28621697619303,-1.6546017132258306e-06
59.46,49.989585234396216,49.98958521736007,138.72960838682798,-6.951588049370845e-05,0.0,62.28621697619303,-1.6534342528945238e-06
59.480000000000004,49.98958520134223,49.989585184345806,138.72960775110172,-6.928445038068195e-05,0.0,62.28621697619303,-1.6522572369648217e-06
59.5,49.989585168311905,49.989585151355136,138.72960711686343,-6.905379073760901e-05,0.0,62.28621697619303,-1.6510707177834717e-06
59.52,49.989585135305425,49.989585118388256,138.72960648411097,-6.882389899946495e-05,0.0,62.28621697619303,-1.649874747525593e-06
59.54,49.98958510232298,49.98958508544536,138.7296058528422,-6.859477260976451e-05,0.0,62.28621697619303,-1.6486693785379325e-06
59.56,49.989585069364765,49.989585052526635,138.729605223055,-6.83664090205334e-05,0.0,62.28621697619303,-1.6474546631672378e-06
59.58,49.98958503643095,49.98958501963226,138.72960459474723,-6.813880569227995e-05,0.0,62.28621697619303,-1.6462306522155985e-06
59.6,49.98958500352174,49.989584986762424,138.72960396791674,-6.791196009396686e-05,0.0,62.28621697619303,-1.6449973983730191e-06
59.620000000000005,49.98958497063731,49.98958495391731,138.7296033425614,-6.768586970298316e-05,0.0,62.28621697619303,-1.6437549531281038e-06
59.64,49.98958493777784,49.989584921097105,138.72960271867913,-6.746053200511603e-05,0.0,62.28621697619303,-1.6425033671113132e-06
59.660000000000004,49.98958490494352,49.98958488830199,138.72960209626774,-6.723594449452289e-05,0.0,62.28621697619303,-1.641242692497766e-06
59.68,49.98958487213452,49.989584855532144,138.7296014753251,-6.701210467370354e-05,0.0,62.28621697619303,-1.63997298026118e-06
59.7,49.98958483935103,49.98958482278775,138.72960085584907,-6.678901005347239e-05,0.0,62.28621697619303,-1.6386942813752737e-06
59.72,49.98958480659323,49.98958479006898,138.7296002378376,-6.656665815293074e-05,0.0,62.28621697619303,-1.6374066459556214e-06
59.74,49.98958477386129,49.98958475737602,138.72959962128846,-6.634504649943923e-05,0.0,62.28621697619303,-1.6361101256624559e-06
59.76,49.98958474115539,49.98958472470904,138.72959900619958,-6.612417262859034e-05,0.0,62.28621697619303,-1.634804770439723e-06
59.78,49.989584708475704,49.98958469206823,138.7295983925688,-6.5904034084181e-05,0.0,62.28621697619303,-1.633490631089512e-06
59.800000000000004,49.989584675822414,49.98958465945375,138.72959778039402,-6.568462841818522e-05,0.0,62.28621697619303,-1.6321677577273979e-06
59.82,49.98958464319569,49.98958462686578,138.72959716967307,-6.546595319072694e-05,0.0,62.28621697619303,-1.6308362004689546e-06
59.84,49.989584610595706,49.98958459430449,138.72959656040382,-6.524800597005283e-05,0.0,62.28621697619303,-1.6294960092581287e-06
59.86,49.98958457802264,49.98958456177006,138.7295959525842,-6.503078433250528e-05,0.0,62.28621697619303,-1.6281472340388656e-06
59.88,49.98958454547664,49.98958452926265,138.72959534621202,-6.481428586249545e-05,0.0,62.28621697619303,-1.6267899244118544e-06
59.9,49.989584512957904,49.98958449678244,138.72959474128518,-6.459850815247642e-05,0.0,62.28621697619303,-1.6254241299777832e-06
59.92,49.98958448046658,49.989584464329596,138.72959413780154,-6.438344880291636e-05,0.0,62.28621697619303,-1.6240499003373406e-06
59.94,49.98958444800286,49.989584431904284,138.729593535759,-6.416910542227196e-05,0.0,62.28621697619303,-1.6226672844047008e-06
59.96,49.98958441556688,49.98958439950667,138.7295929351554,-6.395547562696166e-05,0.0,62.28621697619303,-1.6212763316089231e-06
59.980000000000004,49.989584383158835,49.98958436713692,138.72959233598863,-6.374255704133934e-05,0.0,62.28621697619303,-1.6198770910358106e-06
60.0,49.98958435077888,49.989584334795204,138.72959173825654,-6.353034729766774e-05,0.0,62.28621697619303,-1.6184696107413935e-06
