t_s,f_city_hz,f_national_hz,tie_import_mw,governor_mw,ffr_mw,shed_mw,rocof_hz_s
0.0,49.994265174812945,50.0,0.0,0.0,0.0,0.0,-1.1469650374104774
0.02,49.971384963481626,50.0,0.0,0.0,0.0,0.0,-1.1422403219097474
0.04,49.94859900305213,50.0,0.0,0.0,0.0,0.0,-1.137535069021944
0.06,49.92590690527488,50.0,0.0,0.0,0.0,0.0,-1.1328491985743443
0.08,49.90330828349961,50.0,0.0,0.0,0.0,0.0,-1.1281826307244842
0.1,49.88080275266881,50.0,0.0,0.0,0.0,0.0,-1.123535285958795
0.12,49.85838992931111,50.0,0.0,0.0,0.0,0.0,-1.1189070850912506
0.14,49.836069431534824,50.0,0.0,0.0,0.0,0.0,-1.1142979492620169
0.16,49.81384087902137,50.0,0.0,0.0,0.0,0.0,-1.1097077999361091
0.18,49.79170389301884,50.0,0.0,0.0,0.0,0.0,-1.1051365589020528
0.2,49.769658096335505,50.0,0.0,0.0,0.0,0.0,-1.1005841482705514
0.22,49.74770311333342,50.0,0.0,0.0,0.0,0.0,-1.09605049047316
0.24,49.72583856992202,50.0,0.0,0.0,0.0,0.0,-1.0915355082609624
0.26,49.70406409355172,50.0,0.0,0.0,0.0,0.0,-1.0870391247032551
0.28,49.68237931320761,50.0,0.0,0.0,0.0,0.0,-1.0825612631862374
0.3,49.66078385940308,50.0,0.0,0.0,0.0,0.0,-1.078101847411705
0.32,49.639277364173594,50.0,0.0,0.0,0.0,0.0,-1.07366080139575
0.34,49.617859461070324,50.0,0.0,0.0,0.0,0.0,-1.069238049467467
0.36,49.59652978515402,50.0,0.0,0.0,0.0,0.0,-1.0648335162676628
0.38,49.57528797298868,50.0,0.0,0.0,0.0,0.0,-1.0604471267475732
0.4,49.554133662635465,50.0,0.0,0.0,0.0,0.0,-1.0560788061675839
0.42,49.53306649364643,50.0,0.0,0.0,0.0,0.0,-1.051728480095956
0.44,49.51208610705846,50.0,0.0,0.0,0.0,0.0,-1.0473960744075603
0.46,49.491192145387096,50.0,0.0,0.0,0.0,0.0,-1.0430815152826112
0.48,49.47038425262051,50.0,0.0,0.0,0.0,0.0,-1.0387847292054115
0.5,49.44966207421338,50.0,0.0,0.0,0.0,0.0,-1.0345056429630977
0.52,49.42902525708085,50.0,0.0,0.0,0.0,0.0,-1.0302441836443939
0.54,49.40847344959258,50.0,0.0,0.0,0.0,0.0,-1.0260002786383695
0.56,49.388006301566655,50.0,0.0,0.0,0.0,0.0,-1.0217738556332008
0.58,49.36762346426371,50.0,0.0,0.0,0.0,0.0,-1.0175648426149402
0.6,49.34732459038093,50.0,0.0,0.0,0.0,0.0,-1.0133731678662878
0.62,49.32710933404616,50.0,0.0,0.0,0.0,0.0,-1.0091987599653711
0.64,49.306977350812005,50.0,0.0,0.0,0.0,0.0,-1.0050415477845267
0.66,49.28692829764994,50.0,0.0,0.0,0.0,0.0,-1.0009014604890885
0.68,49.26696183294452,50.0,0.0,0.0,0.0,0.0,-0.9967784275361813
0.7000000000000001,49.25051569830473,50.0,0.0,0.0,0.0,45.65772653318162,-0.3050560152219881
0.72,49.244430293895256,50.0,0.0,0.0,0.0,45.65772653318162,-0.3037993920149161
0.74,49.238369957211134,50.0,0.0,0.0,0.0,45.65772653318162,-0.30254794524038686
0.76,49.23233458499038,50.0,0.0,0.0,0.0,45.65772653318162,-0.3013016535750206
0.78,49.226324074396416,50.0,0.0,0.0,0.0,45.65772653318162,-0.30006049578327537
0.8,49.22033832301623,50.0,0.0,0.0,0.0,45.65772653318162,-0.29882445071708513
0.8200000000000001,49.21437722885872,50.0,0.0,0.0,0.0,45.65772653318162,-0.2975934973154996
0.84,49.208440690352916,50.0,0.0,0.0,0.0,45.65772653318162,-0.29636761460432526
0.86,49.20252860634622,50.0,0.0,0.0,0.0,45.65772653318162,-0.29514678169576797
0.88,49.19664087610276,50.0,0.0,0.0,0.0,45.65772653318162,-0.2939309777880771
0.9,49.19077739930159,50.0,0.0,0.0,0.0,45.65772653318162,-0.2927201821651911
0.92,49.184938076035024,50.0,0.0,0.0,0.0,45.65772653318162,-0.29151437419638426
0.9400000000000001,49.17912280680695,50.0,0.0,0.0,0.0,45.65772653318162,-0.29031353333591586
0.96,49.17333149253109,50.0,0.0,0.0,0.0,45.65772653318162,-0.2891176391226793
0.98,49.16756403452934,50.0,0.0,0.0,0.0,45.65772653318162,-0.287926671179854
1.0,49.16182033453009,50.0,0.0,0.0,0.0,45.65772653318162,-0.28674060921455796
1.02,49.15953837648379,50.0,0.0,0.0,0.0,91.31545306636325,0.4020569304340285
1.04,49.16755880189825,50.0,0.0,0.0,0.0,91.31545306636325,0.4004007294606438
1.06,49.17554618861752,50.0,0.0,0.0,0.0,91.31545306636325,0.39875135090830593
1.08,49.183500672738525,50.0,0.0,0.0,0.0,91.31545306636325,0.39710876667328265
1.1,49.19142238979759,50.0,0.0,0.0,0.0,91.31545306636325,0.39547294876760974
1.12,49.199311474772706,50.0,0.0,0.0,0.0,91.31545306636325,0.3938438693186143
1.1400000000000001,49.20716806208586,50.0,0.0,0.0,0.0,91.31545306636325,0.39222150056844024
1.16,49.21499228560531,50.0,0.0,0.0,0.0,91.31545306636325,0.39060581487357454
1.18,49.222784278647865,50.0,0.0,0.0,0.0,91.31545306636325,0.3889967847043769
1.2,49.230544173981144,50.0,0.0,0.0,0.0,91.31545306636325,0.38739438264461035
1.22,49.238272103825885,50.0,0.0,0.0,0.0,91.31545306636325,0.38579858139097406
1.24,49.24596819985814,50.0,0.0,0.0,0.0,91.31545306636325,0.3842093537526383
1.26,49.253632593211556,50.0,0.0,0.0,0.0,91.31545306636325,0.38262667265078115
1.28,49.261265414479595,50.0,0.0,0.0,0.0,91.31545306636325,0.3810505111181269
1.3,49.26886679371778,50.0,0.0,0.0,0.0,91.31545306636325,0.37948084229848655
1.32,49.27643686044586,50.0,0.0,0.0,0.0,91.31545306636325,0.37791763944630063
1.34,49.28397574365008,50.0,0.0,0.0,0.0,91.31545306636325,0.3763608759261829
1.36,49.29148357178534,50.0,0.0,0.0,0.0,91.31545306636325,0.3748105252124669
1.3800000000000001,49.298960472777395,50.0,0.0,0.0,0.0,91.31545306636325,0.3732665608887538
1.4000000000000001,49.306406574025026,50.0,0.0,0.0,0.0,91.31545306636325,0.37172895664746247
1.42,49.313822002402226,50.0,0.0,0.0,0.0,91.31545306636325,0.3701976862893811
1.44,49.32120688426034,50.0,0.0,0.0,0.0,91.31545306636325,0.3686727237232207
1.46,49.32856134543025,50.0,0.0,0.0,0.0,91.31545306636325,0.3671540429651707
1.48,49.33588551122449,50.0,0.0,0.0,0.0,91.31545306636325,0.36564161813845625
1.5,49.34317950643939,50.0,0.0,0.0,0.0,91.31545306636325,0.36413542347289696
1.52,49.350443455357215,50.0,0.0,0.0,0.0,91.31545306636325,0.36263543330446824
1.54,49.35767748174826,50.0,0.0,0.0,0.0,91.31545306636325,0.3611416220748638
1.56,49.36488170887297,50.0,0.0,0.0,0.0,91.31545306636325,0.35965396433106017
1.58,49.372056259484054,50.0,0.0,0.0,0.0,91.31545306636325,0.35817243472488286
1.6,49.37920125582855,50.0,0.0,0.0,0.0,91.31545306636325,0.3566970080125748
1.62,49.38631681964992,50.0,0.0,0.0,0.0,91.31545306636325,0.3552276590543661
1.6400000000000001,49.39340307219014,50.0,0.0,0.0,0.0,91.31545306636325,0.3537643628140453
1.6600000000000001,49.40046013419174,50.0,0.0,0.0,0.0,91.31545306636325,0.35230709435853336
1.68,49.407488125899874,50.0,0.0,0.0,0.0,91.31545306636325,0.3508558288574586
1.7,49.41448716706438,50.0,0.0,0.0,0.0,91.31545306636325,0.34941054158273327
1.72,49.421457376941795,50.0,0.0,0.0,0.0,91.31545306636325,0.3479712079081328
1.74,49.42839887429739,50.0,0.0,0.0,0.0,91.31545306636325,0.3465378033088758
1.76,49.43531177740724,50.0,0.0,0.0,0.0,91.31545306636325,0.3451103033612062
1.78,49.44219620406017,50.0,0.0,0.0,0.0,91.31545306636325,0.3436886837419774
1.8,49.44905227155979,50.0,0.0,0.0,0.0,91.31545306636325,0.34227292022823746
1.82,49.45588009672654,50.0,0.0,0.0,0.0,91.31545306636325,0.3408629886968166
1.84,49.4626797958996,50.0,0.0,0.0,0.0,91.31545306636325,0.339458865123916
1.86,49.46945148493893,50.0,0.0,0.0,0.0,91.31545306636325,0.33806052558469846
1.8800000000000001,49.47619527922721,50.0,0.0,0.0,0.0,91.31545306636325,0.3366679462528812
1.9000000000000001,49.482911293671854,50.0,0.0,0.0,0.0,91.31545306636325,0.33528110340032913
1.92,49.48959964270691,50.0,0.0,0.0,0.0,91.31545306636325,0.3338999733966511
1.94,49.49626044029502,50.0,0.0,0.0,0.0,91.31545306636325,0.332524532708797
1.96,49.50289379992942,50.0,0.0,0.0,0.0,91.31545306636325,0.3311547579006571
1.98,49.5094998346358,50.0,0.0,0.0,0.0,91.31545306636325,0.32979062563266215
2.0,49.51607865697427,50.0,0.0,0.0,0.0,91.31545306636325,0.32843211266138633
2.02,49.522630379041274,50.0,0.0,0.0,0.0,91.31545306636325,0.3270791958391508
2.04,49.529155112471486,50.0,0.0,0.0,0.0,91.31545306636325,0.32573185211362937
2.06,49.53565296843973,50.0,0.0,0.0,0.0,91.31545306636325,0.32439005852745584
2.08,49.54212405766285,50.0,0.0,0.0,0.0,91.31545306636325,0.32305379221783265
2.1,49.548568490401635,50.0,0.0,0.0,0.0,91.31545306636325,0.3217230304161415
2.12,49.55498637646266,50.0,0.0,0.0,0.0,91.31545306636325,0.32039775044755525
2.14,49.56137782520016,50.0,0.0,0.0,0.0,91.31545306636325,0.31907792973065163
2.16,49.567742945517935,50.0,0.0,0.0,0.0,91.31545306636325,0.3177635457770284
2.18,49.574081845871156,50.0,0.0,0.0,0.0,91.31545306636325,0.3164545761909204
2.2,49.580394634268224,50.0,0.0,0.0,0.0,91.31545306636325,0.31515099866881763
2.22,49.58668141827264,50.0,0.0,0.0,0.0,91.31545306636325,0.3138527909990853
2.24,49.59294230500481,50.0,0.0,0.0,0.0,91.31545306636325,0.3125599310615858
2.2600000000000002,49.59917740114387,50.0,0.0,0.0,0.0,91.31545306636325,0.311272396827301
2.2800000000000002,49.60538681292951,50.0,0.0,0.0,0.0,91.31545306636325,0.3099901663579577
2.3000000000000003,49.61157064616379,50.0,0.0,0.0,0.0,91.31545306636325,0.30871321780565314
2.32,49.61772900621295,50.0,0.0,0.0,0.0,91.31545306636325,0.30744152941248326
2.34,49.62386199800916,50.0,0.0,0.0,0.0,91.31545306636325,0.30617507951017175
2.36,49.62996972605237,50.0,0.0,0.0,0.0,91.31545306636325,0.30491384651970077
2.38,49.63605229441205,50.0,0.0,0.0,0.0,91.31545306636325,0.3036578089509434
2.4,49.64210980672899,50.0,0.0,0.0,0.0,91.31545306636325,0.3024069454022974
2.42,49.64814236621701,50.0,0.0,0.0,0.0,91.31545306636325,0.3011612345603206
2.44,49.65415007566481,50.0,0.0,0.0,0.0,91.31545306636325,0.29992065519936767
2.46,49.660133037437625,50.0,0.0,0.0,0.0,91.31545306636325,0.29868518618122847
2.48,49.666091353479054,50.0,0.0,0.0,0.0,91.31545306636325,0.2974548064547681
2.5,49.672025125312736,50.0,0.0,0.0,0.0,91.31545306636325,0.2962294950555676
2.52,49.6779344540441,50.0,0.0,0.0,0.0,91.31545306636325,0.29500923110556765
2.54,49.6838194403621,50.0,0.0,0.0,0.0,91.31545306636325,0.293793993812712
2.56,49.68968018454092,50.0,0.0,0.0,0.0,91.31545306636325,0.2925837624705935
2.58,49.695516786441665,50.0,0.0,0.0,0.0,91.31545306636325,0.29137851645810153
2.6,49.7013293455141,50.0,0.0,0.0,0.0,91.31545306636325,0.2901782352390704
2.62,49.70711796079832,50.0,0.0,0.0,0.0,91.31545306636325,0.2889828983619291
2.64,49.71288273092644,50.0,0.0,0.0,0.0,91.31545306636325,0.2877924854593536
2.66,49.718623754124266,50.0,0.0,0.0,0.0,91.31545306636325,0.2866069762479192
2.68,49.724341128213005,50.0,0.0,0.0,0.0,91.31545306636325,0.2854263505277551
2.7,49.73003495061089,50.0,0.0,0.0,0.0,91.31545306636325,0.28425058818220017
2.72,49.73570531833487,50.0,0.0,0.0,0.0,91.31545306636325,0.28307966917746036
2.74,49.74135232800223,50.0,0.0,0.0,0.0,91.31545306636325,0.28191357356226726
2.7600000000000002,49.74697607583227,50.0,0.0,0.0,0.0,91.31545306636325,0.2807522814675379
2.7800000000000002,49.75257665764794,50.0,0.0,0.0,0.0,91.31545306636325,0.2795957731060366
2.8000000000000003,49.75815416887745,50.0,0.0,0.0,0.0,91.31545306636325,0.27844402877203744
2.82,49.76370870455591,50.0,0.0,0.0,0.0,91.31545306636325,0.27729702884098895
2.84,49.76924035932697,50.0,0.0,0.0,0.0,91.31545306636325,0.27615475376917925
2.86,49.774749227444396,50.0,0.0,0.0,0.0,91.31545306636325,0.2750171840934032
2.88,49.780235402773684,50.0,0.0,0.0,0.0,91.31545306636325,0.2738843004306311
2.9,49.78569897879369,50.0,0.0,0.0,0.0,91.31545306636325,0.2727560834776779
2.92,49.791140048598194,50.0,0.0,0.0,0.0,91.31545306636325,0.27163251401087457
2.94,49.79655870489748,50.0,0.0,0.0,0.0,91.31545306636325,0.2705135728857406
2.96,49.80195504001994,50.0,0.0,0.0,0.0,91.31545306636325,0.26939924103665774
2.98,49.80732914591364,50.0,0.0,0.0,0.0,91.31545306636325,0.26828949947654496
3.0,49.81268111414788,50.0,0.0,0.0,0.0,91.31545306636325,0.2671843292965352
3.02,49.818011035914736,50.0,0.0,0.0,0.0,91.31545306636325,0.26608371166565303
3.04,49.823319002030665,50.0,0.0,0.0,0.0,91.31545306636325,0.2649876278304938
3.06,49.82860510293801,50.0,0.0,0.0,0.0,91.31545306636325,0.26389605911490416
3.08,49.83386942870655,50.0,0.0,0.0,0.0,91.31545306636325,0.26280898691966387
3.1,49.83911206903503,50.0,0.0,0.0,0.0,91.31545306636325,0.2617263927221687
3.12,49.84433311325273,50.0,0.0,0.0,0.0,91.31545306636325,0.260648258076115
3.14,49.84953265032091,50.0,0.0,0.0,0.0,91.31545306636325,0.2595745646111854
3.16,49.854710768834394,50.0,0.0,0.0,0.0,91.31545306636325,0.2585052940327355
3.18,49.859867557023065,50.0,0.0,0.0,0.0,91.31545306636325,0.25744042812148277
3.2,49.865003102753334,50.0,0.0,0.0,0.0,91.31545306636325,0.2563799487331954
3.22,49.87011749352968,50.0,0.0,0.0,0.0,91.31545306636325,0.2553238377983836
3.24,49.87521081649613,50.0,0.0,0.0,0.0,91.31545306636325,0.2542720773219916
3.2600000000000002,49.880283158437706,50.0,0.0,0.0,0.0,91.31545306636325,0.25322464938309097
3.2800000000000002,49.88533460578196,50.0,0.0,0.0,0.0,91.31545306636325,0.2521815361345753
3.3000000000000003,49.89036524460043,50.0,0.0,0.0,0.0,91.31545306636325,0.2511427198028561
3.3200000000000003,49.89537516061006,50.0,0.0,0.0,0.0,91.31545306636325,0.25010818268756013
3.34,49.90036443917474,50.0,0.0,0.0,0.0,91.31545306636325,0.24907790716122744
3.36,49.905333165306686,50.0,0.0,0.0,0.0,91.31545306636325,0.24805187566901138
3.38,49.91028142366794,50.0,0.0,0.0,0.0,91.31545306636325,0.2470300707283791
3.4,49.915209298571796,50.0,0.0,0.0,0.0,91.31545306636325,0.2460124749288142
3.42,49.92011687398423,50.0,0.0,0.0,0.0,91.31545306636325,0.24499907093151949
3.44,49.92500423352532,50.0,0.0,0.0,0.0,91.31545306636325,0.24398984146912195
3.46,49.929871460470714,50.0,0.0,0.0,0.0,91.31545306636325,0.24298476934537838
3.48,49.934718637753,50.0,0.0,0.0,0.0,91.31545306636325,0.24198383743488242
3.5,49.93954584796315,50.0,0.0,0.0,0.0,91.31545306636325,0.24098702868277266
3.52,49.94435317335192,50.0,0.0,0.0,0.0,91.31545306636325,0.23999432610444218
3.54,49.94914069583123,50.0,0.0,0.0,0.0,91.31545306636325,0.23900571278524904
3.56,49.9539084969756,50.0,0.0,0.0,0.0,91.31545306636325,0.23802117188022814
3.58,49.958656658023514,50.0,0.0,0.0,0.0,91.31545306636325,0.2370406866138042
3.6,49.9633852598788,50.0,0.0,0.0,0.0,91.31545306636325,0.23606424027950582
3.62,49.96809438311202,50.0,0.0,0.0,0.0,91.31545306636325,0.23509181623968095
3.64,49.97278410796184,50.0,0.0,0.0,0.0,91.31545306636325,0.23412339792521336
3.66,49.97745451433642,50.0,0.0,0.0,0.0,91.31545306636325,0.23315896883524023
3.68,49.982105681814716,50.0,0.0,0.0,0.0,91.31545306636325,0.23219851253687113
3.7,49.98673768964789,50.0,0.0,0.0,0.0,91.31545306636325,0.231242012664908
3.72,49.99135061676064,50.0,0.0,0.0,0.0,91.31545306636325,0.2302894529215661
3.74,49.995944541752564,50.0,0.0,0.0,0.0,91.31545306636325,0.22934081707619666
3.7600000000000002,50.000519542899454,50.0,0.0,0.0,0.0,91.31545306636325,0.22839608896500999
3.7800000000000002,50.00507562881778,50.0,0.0,-0.0010694226509702165,0.0,91.31545306636325,0.22744626184743755
3.8000000000000003,50.009612379010484,50.0,0.0,-0.00431601723990368,0.0,91.31545306636325,0.22646866978326527
3.8200000000000003,50.014129220237734,50.0,0.0,-0.009723162638326559,0.0,91.31545306636325,0.22546255391219505
3.84,50.01862558664436,50.0,0.0,-0.01727401956811475,0.0,91.31545306636325,0.22442828413139632
3.86,50.02310091979464,50.0,0.0,-0.02695153487427823,0.0,91.31545306636325,0.22336623204641648
3.88,50.02755466870552,50.0,0.0,-0.03873844579990047,0.0,91.31545306636325,0.22227677089986875
3.9,50.03198628987848,50.0,0.0,-0.05261728426254214,0.0,91.31545306636325,0.22116027550038767
3.92,50.03639524732998,50.0,0.0,-0.06857038113142298,0.0,91.31545306636325,0.22001712215186553
3.94,50.04078101262047,50.0,0.0,-0.08657987050470076,0.0,91.31545306636325,0.2188476885829753
3.96,50.045143064882026,50.0,0.0,-0.10662769398617132,0.0,91.31545306636325,0.2176523538769883
3.98,50.049480890844556,50.0,0.0,-0.12869560496071877,0.0,91.31545306636325,0.21643149840190049
4.0,50.053793984860626,50.0,0.0,-0.1527651728678499,0.0,91.31545306636325,0.21518550374087006
4.0200000000000005,50.058081848928886,50.0,0.0,-0.1788177874726524,0.0,91.31545306636325,0.2139147526229797
4.04,50.062343992716144,50.0,0.0,-0.20683466313352147,0.0,91.31545306636325,0.21261962885432872
4.0600000000000005,50.066579933578055,50.0,0.0,-0.2367968430660051,0.0,91.31545306636325,0.21130051724946664
4.08,50.07078919657841,50.0,0.0,-0.2686852036021232,0.0,91.31545306636325,0.20995780356317345
4.1,50.0749713145071,50.0,0.0,-0.3024804584445222,0.0,91.31545306636325,0.2085918744225964
4.12,50.079125827896746,50.0,0.0,-0.33816316291483045,0.0,91.31545306636325,0.2072031172597522
4.14,50.08325228503792,50.0,0.0,-0.3757137181955881,0.0,91.31545306636325,0.20579192024440013
4.16,50.087350241993086,50.0,0.0,-0.41511237556512814,0.0,91.31545306636325,0.2043586722172962
4.18,50.091419262609186,50.0,0.0,-0.4563392406247926,0.0,91.31545306636325,0.20290376262383514
4.2,50.09545891852889,50.0,0.0,-0.49937427751787256,0.0,91.31545306636325,0.20142758144808776
4.22,50.0994687892006,50.0,0.0,-0.5441973131396682,0.0,91.31545306636325,0.19993051914724083
4.24,50.10344846188702,50.0,0.0,-0.590788041338069,0.0,91.31545306636325,0.1984129665864484
4.26,50.10739753167259,50.0,0.0,-0.6391260271040611,0.0,91.31545306636325,0.19687531497409982
4.28,50.111315601469464,50.0,0.0,-0.6891907107515749,0.0,91.31545306636325,0.19531795579751263
4.3,50.115202282022366,50.0,0.0,-0.740961412086092,0.0,91.31545306636325,0.19374128075905797
4.32,50.11905719191204,50.0,0.0,-0.794417334561436,0.0,91.31545306636325,0.19214568171272337
4.34,50.12287995755753,50.0,0.0,-0.8495375694241786,0.0,91.31545306636325,0.19053155060112215
4.36,50.12667021321713,50.0,0.0,-0.9063010998450979,0.0,91.31545306636325,0.18889927939295423
4.38,50.13042760098819,50.0,0.0,-0.9646868050371333,0.0,91.31545306636325,0.1872492600209256
4.4,50.13415177080556,50.0,0.0,-1.024673464359286,0.0,91.31545306636325,0.18558188432013273
4.42,50.13784238043892,50.0,0.0,-1.0862397614059207,0.0,91.31545306636325,0.18389754396691896
4.44,50.14149909548882,50.0,0.0,-1.1493642880809314,0.0,91.31545306636325,0.1821966304182075
4.46,50.14512158938155,50.0,0.0,-1.214025548656241,0.0,91.31545306636325,0.18047953485131785
4.48,50.148709543362806,50.0,0.0,-1.2802019638141082,0.0,91.31545306636325,0.1787466481042728
4.5,50.152262646490136,50.0,0.0,-1.3478718746727232,0.0,91.31545306636325,0.1769983606165998
4.5200000000000005,50.15578059562428,50.0,0.0,-1.4170135467945821,0.0,91.31545306636325,0.17523506237063252
4.54,50.15926309541925,50.0,0.0,-1.4876051741771337,0.0,91.31545306636325,0.17345714283332075
4.5600000000000005,50.16270985831133,50.0,0.0,-1.5596248832251973,0.0,91.31545306636325,0.17166499089855106
4.58,50.1661206045069,50.0,0.0,-1.6330507367046638,0.0,91.31545306636325,0.16985899482998393
4.6000000000000005,50.169495061969116,50.0,0.0,-1.7078607376769914,0.0,91.31545306636325,0.16803954220441564
4.62,50.17283296640346,50.0,0.0,-1.7840328334140156,0.0,91.31545306636325,0.16620701985566538
4.64,50.1761340612422,50.0,0.0,-1.8615449192926046,0.0,91.31545306636325,0.16436181381899534
4.66,50.179398097627725,50.0,0.0,-1.940374842668692,0.0,91.31545306636325,0.16250430927606946
4.68,50.182624834394794,50.0,0.0,-2.0205004067302275,0.0,91.31545306636325,0.1606348905004529
4.7,50.18581403805169,50.0,0.0,-2.101899374328595,0.0,91.31545306636325,0.15875394080365832
4.72,50.18896548276032,50.0,0.0,-2.1845494717880496,0.0,91.31545306636325,0.15686184248174306
4.74,50.19207895031523,50.0,0.0,-2.2684283926927384,0.0,91.31545306636325,0.15495897676246284
4.76,50.19515423012161,50.0,0.0,-2.353513801650871,0.0,91.31545306636325,0.15304572375298378
4.78,50.19819111917222,50.0,0.0,-2.4397833380356104,0.0,91.31545306636325,0.15112246238815902
4.8,50.20118942202329,50.0,0.0,-2.5272146197022782,0.0,91.31545306636325,0.14918957037937317
4.82,50.20414895076944,50.0,0.0,-2.6157852466814457,0.0,91.31545306636325,0.14724742416395756
4.84,50.20706952501755,50.0,0.0,-2.705472804847519,0.0,91.31545306636325,0.14529639885518258
4.86,50.2099509718597,50.0,0.0,-2.7962548695624174,0.0,91.31545306636325,0.1433368681928267
4.88,50.21279312584504,50.0,0.0,-2.8881090092939474,0.0,91.31545306636325,0.14136920449433035
4.9,50.21559582895077,50.0,0.0,-2.981012789208501,0.0,91.31545306636325,0.1393937786065351
4.92,50.218358930552114,50.0,0.0,-3.0749437747376844,0.0,91.31545306636325,0.13741095985801044
4.94,50.22108228739138,50.0,0.0,-3.1698795351185245,0.0,91.31545306636325,0.13542111601197604
4.96,50.22376576354608,50.0,0.0,-3.2657976469068752,0.0,91.31545306636325,0.13342461321981686
4.98,50.22640923039607,50.0,0.0,-3.362675697463677,0.0,91.31545306636325,0.1314218159751981
5.0,50.229012566589894,50.0,0.0,-3.4604912884137122,0.0,91.31545306636325,0.12941308706878024
5.0200000000000005,50.23157565801011,50.0,0.0,-3.559222039076523,0.0,91.31545306636325,0.12739878754354
5.04,50.23409839773782,50.0,0.0,-3.658845589869145,0.0,91.31545306636325,0.1253792766506953
5.0600000000000005,50.23658068601626,50.0,0.0,-3.7593396056803363,0.0,91.31545306636325,0.12335491180624142
5.08,50.23902243021361,50.0,0.0,-3.860681779215978,0.0,91.31545306636325,0.12132604854809705
5.1000000000000005,50.24142354478484,50.0,0.0,-3.96284983431533,0.0,91.31545306636325,0.1192930404938642
5.12,50.243783951232814,50.0,0.0,-4.065821529237835,0.0,91.31545306636325,0.11725623929920471
5.14,50.24610357806855,50.0,0.0,-4.169574659920166,0.0,91.31545306636325,0.11521599461683334
5.16,50.24838236077064,50.0,0.0,-4.274087063203235,0.0,91.31545306636325,0.11317265405613171
5.18,50.25062024174388,50.0,0.0,-4.379336620028858,0.0,91.31545306636325,0.11112656314338187
5.2,50.25281717027712,50.0,0.0,-4.485301258605808,0.0,91.31545306636325,0.10907806528262509
5.22,50.25497310250035,50.0,0.0,-4.5919589575449855,0.0,91.31545306636325,0.10702750171714401
5.24,50.257088001340996,50.0,0.0,-4.699287748963431,0.0,91.31545306636325,0.1049752114915711
5.26,50.25916183647949,50.0,0.0,-4.807265721556914,0.0,91.31545306636325,0.10292153141462476
5.28,50.26119458430409,50.0,0.0,-4.915871023640877,0.0,91.31545306636325,0.10086679602247489
5.3,50.26318622786496,50.0,0.0,-5.025081866159444,0.0,91.31545306636325,0.0988113375427364
5.32,50.2651367568276,50.0,0.0,-5.134876525662292,0.0,91.31545306636325,0.09675548585909627
5.34,50.26704616742548,50.0,0.0,-5.245233347249129,0.0,91.31545306636325,0.09469956847656925
5.36,50.26891446241207,50.0,0.0,-5.3561307474815765,0.0,91.31545306636325,0.09264391048738964
5.38,50.27074165101216,50.0,0.0,-5.467547217262209,0.0,91.31545306636325,0.09058883453753365
5.4,50.27252774887252,50.0,0.0,-5.579461324680562,0.0,91.31545306636325,0.0885346607938767
5.42,50.27427277801192,50.0,0.0,-5.6918517178259,0.0,91.31545306636325,0.0864817069119855
5.44,50.2759767667705,50.0,0.0,-5.804697127566532,0.0,91.31545306636325,0.08443028800454438
5.46,50.277639749758535,50.0,0.0,-5.917976370295504,0.0,91.31545306636325,0.0823807166104171
5.48,50.27926176780456,50.0,0.0,-6.031668350642466,0.0,91.31545306636325,0.08033330266434346
5.5,50.28084286790295,50.0,0.0,-6.145752064151544,0.0,91.31545306636325,0.07828835346727149
5.5200000000000005,50.282383103160825,50.0,0.0,-6.260206599925046,0.0,91.31545306636325,0.07624617365732583
5.54,50.28388253274451,50.0,0.0,-6.375011143232835,0.0,91.31545306636325,0.07420706518140953
5.5600000000000005,50.285341221825284,50.0,0.0,-6.4901449780872165,0.0,91.31545306636325,0.07217132726744328
5.58,50.286759241524734,50.0,0.0,-6.605587489783174,0.0,91.31545306636325,0.07013925639723612
5.6000000000000005,50.28813666885945,50.0,0.0,-6.721318167403829,0.0,91.31545306636325,0.06811114627999434
5.62,50.289473586685276,50.0,0.0,-6.83731660629097,0.0,91.31545306636325,0.06608728782646094
5.64,50.29077008364099,50.0,0.0,-6.95356251048053,0.0,91.31545306636325,0.06406796912368905
5.66,50.292026254091574,50.0,0.0,-7.070035695102878,0.0,91.31545306636325,0.062053475410450025
5.68,50.2932421980709,50.0,0.0,-7.186716088747816,0.0,91.31545306636325,0.06004408905326958
5.7,50.29441802122402,50.0,0.0,-7.303583735794157,0.0,91.31545306636325,0.05804008952309752
5.72,50.29555383474896,50.0,0.0,-7.42061879870379,0.0,91.31545306636325,0.05604175337260604
5.74,50.29664975533808,50.0,0.0,-7.537801560280132,0.0,91.31545306636325,0.05404935421411714
5.76,50.297705905118995,50.0,0.0,-7.6551124258908505,0.0,91.31545306636325,0.05206316269815724
5.78,50.29872241159508,50.0,0.0,-7.772531925654821,0.0,91.31545306636325,0.05008344649263863
5.8,50.299699407585564,50.0,0.0,-7.890040716593173,0.0,91.31545306636325,0.04811047026266562
5.82,50.30063703116523,50.0,0.0,-8.007619584744406,0.0,91.31545306636325,0.046144495650963735
5.84,50.30153542560373,50.0,0.0,-8.12524944724348,0.0,91.31545306636325,0.04418578125893206
5.86,50.30239473930452,50.0,0.0,-8.242911354364816,0.0,91.31545306636325,0.04223458262831435
5.88,50.30321512574346,50.0,0.0,-8.360586491529183,0.0,91.31545306636325,0.04029115222349078
5.9,50.30399674340703,50.0,0.0,-8.478256181274368,0.0,91.31545306636325,0.0383557394143846
5.92,50.30473975573027,50.0,0.0,-8.595901885189633,0.0,91.31545306636325,0.036428590459985595
5.94,50.30544433103431,50.0,0.0,-8.713505205813911,0.0,91.31545306636325,0.03450994849248509
5.96,50.306110642463686,50.0,0.0,-8.831047888497684,0.0,91.31545306636325,0.032600053502023496
5.98,50.30673886792331,50.0,0.0,-8.948511823228557,0.0,91.31545306636325,0.03069914232204586
6.0,50.30732919001513,50.0,0.0,-9.065879046420466,0.0,91.31545306636325,0.028807448615263874
6.0200000000000005,50.30788179597459,50.0,0.0,-9.183131742666555,0.0,91.31545306636325,0.026925202860223676
6.04,50.30839687760674,50.0,0.0,-9.30025224645567,0.0,91.31545306636325,0.025052632338474216
6.0600000000000005,50.308874631222174,50.0,0.0,-9.417223043852488,0.0,91.31545306636325,0.02318996112233737
6.08,50.309315257572685,50.0,0.0,-9.534026774141285,0.0,91.31545306636325,0.021337410063272094
6.1000000000000005,50.30971896178673,50.0,0.0,-9.650646231433356,0.0,91.31545306636325,0.019495196780836686
6.12,50.310085953304615,50.0,0.0,-9.767064366238092,0.0,91.31545306636325,0.017663535652241165
6.140000000000001,50.31041644581358,50.0,0.0,-9.883264286997731,0.0,91.31545306636325,0.01584263780248798
6.16,50.3107106571826,50.0,0.0,-9.999229261585834,0.0,91.31545306636325,0.014032711095101924
6.18,50.310968809397046,50.0,0.0,-10.114942718769484,0.0,91.31545306636325,0.012233960123440505
6.2,50.311191128493206,50.0,0.0,-10.230388249635286,0.0,91.31545306636325,0.01044658620258748
6.22,50.3113778444926,50.0,0.0,-10.345549608979164,0.0,91.31545306636325,0.00867078736182224
6.24,50.31152919133618,50.0,0.0,-10.460410716660041,0.0,91.31545306636325,0.0069067583376644474
6.26,50.311645406818414,50.0,0.0,-10.574955658917435,0.0,91.31545306636325,0.005154690567490218
6.28,50.3117267325212,50.0,0.0,-10.689168689653048,0.0,91.31545306636325,0.0034147721837153935
6.3,50.31177341374773,50.0,0.0,-10.803034231676383,0.0,91.31545306636325,0.0016871880085456816
6.32,50.31178569945619,50.0,0.0,-10.916536877914497,0.0,91.31545306636325,-2.78804507146987e-05
6.34,50.311763842193436,50.0,0.0,-11.029661392585925,0.0,91.31545306636325,-0.001730255005793203
6.36,50.31170809802858,50.0,0.0,-11.142392712338877,0.0,91.31545306636325,-0.0034197607910261153
6.38,50.31161872648646,50.0,0.0,-11.254715947353807,0.0,91.31545306636325,-0.005096226266384988
6.4,50.31149599048112,50.0,0.0,-11.3666163824104,0.0,91.31545306636325,-0.006759483219955277
6.42,50.31134015624924,50.0,0.0,-11.478079477919113,0.0,91.31545306636325,-0.008409366769869359
6.44,50.311151493283454,50.0,0.0,-11.58909087091735,0.0,91.31545306636325,-0.010045715365703152
6.46,50.3109302742658,50.0,0.0,-11.699636376030375,0.0,91.31545306636325,-0.011668370789332737
6.48,50.310676775000985,50.0,0.0,-11.809701986397085,0.0,91.31545306636325,-0.013277178155260876
6.5,50.3103912743498,50.0,0.0,-11.919273874560744,0.0,91.31545306636325,-0.01487198591041404
6.5200000000000005,50.310074054162406,50.0,0.0,-12.028338393324788,0.0,91.31545306636325,-0.016452645833414617
6.54,50.30972539921181,50.0,0.0,-12.136882076573862,0.0,91.31545306636325,-0.018019013033332632
6.5600000000000005,50.30934559712718,50.0,0.0,-12.244891640060173,0.0,91.31545306636325,-0.019570945947921758
6.58,50.30893493832738,50.0,0.0,-12.352353982155313,0.0,91.31545306636325,-0.02110830634134133
6.6000000000000005,50.30849371595443,50.0,0.0,-12.459256184567694,0.0,91.31545306636325,-0.0226309593013707
6.62,50.30802222580707,50.0,0.0,-12.565585513025717,0.0,91.31545306636325,-0.024138773236119952
6.640000000000001,50.30752076627443,50.0,0.0,-12.671329417926838,0.0,91.31545306636325,-0.02563161987023934
6.66,50.30698963826974,50.0,0.0,-12.776475534952674,0.0,91.31545306636325,-0.027109374240635406
6.68,50.306429145164124,50.0,0.0,-12.881011685650304,0.0,91.31545306636325,-0.028571914691692634
6.7,50.30583959272055,50.0,0.0,-12.984925877979919,0.0,91.31545306636325,-0.030019122870011464
6.72,50.30522128902783,50.0,0.0,-13.088206306828996,0.0,91.31545306636325,-0.03145088371866187
6.74,50.304574544434765,50.0,0.0,-13.19084135449314,0.0,91.31545306636325,-0.03286708547095964
6.76,50.30389967148445,50.0,0.0,-13.292819591123793,0.0,91.31545306636325,-0.034267619643768524
6.78,50.30319698484869,50.0,0.0,-13.39412977514297,0.0,91.31545306636325,-0.03565238103033515
6.8,50.30246680126252,50.0,0.0,-13.494760853625179,0.0,91.31545306636325,-0.03702126769265798
6.82,50.301709439458975,50.0,0.0,-13.594701962646761,0.0,91.31545306636325,-0.03837418095339659
6.84,50.30092522010399,50.0,0.0,-13.69394242760278,0.0,91.31545306636325,-0.03971102538732823
6.86,50.30011446573143,50.0,0.0,-13.792471763491685,0.0,91.31545306636325,-0.041031708812350756
6.88,50.299277500678386,50.0,0.0,-13.890279675167937,0.0,91.31545306636325,-0.04233614228004312
6.9,50.29841465102057,50.0,0.0,-13.987356057562776,0.0,91.31545306636325,-0.04362424006578333
6.92,50.29752624450804,50.0,0.0,-14.083690995873352,0.0,91.31545306636325,-0.04489591965843086
6.94,50.296612610501,50.0,0.0,-14.179274765720422,0.0,91.31545306636325,-0.046151101749579045
6.96,50.29567407990593,50.0,0.0,-14.274097833274794,0.0,91.31545306636325,-0.04738971022237933
6.98,50.29471098511185,50.0,0.0,-14.368150855352782,0.0,91.31545306636325,-0.04861167213994632
7.0,50.293723659926926,50.0,0.0,-14.461424679480817,0.0,91.31545306636325,-0.049816917733345685
7.0200000000000005,50.292712439515235,50.0,0.0,-14.553910343929502,0.0,91.31545306636325,-0.05100538038916999
7.04,50.291677660333804,50.0,0.0,-14.645599077717272,0.0,91.31545306636325,-0.05217699663670979
7.0600000000000005,50.29061966006994,50.0,0.0,-14.736482300583928,0.0,91.31545306636325,-0.05333170613472224
7.08,50.28953877757883,50.0,0.0,-14.826551622934247,0.0,91.31545306636325,-0.054469451657804493
7.1000000000000005,50.288435352821324,50.0,0.0,-14.91579884575191,0.0,91.31545306636325,-0.055590179082373826
7.12,50.28730972680217,50.0,0.0,-15.004215960483965,0.0,91.31545306636325,-0.056693837372265424
7.140000000000001,50.28616224150841,50.0,0.0,-15.091795148896084,0.0,91.31545306636325,-0.057780378563945446
7.16,50.28499323984807,50.0,0.0,-15.178528782898848,0.0,91.31545306636325,-0.058849757751351005
7.18,50.283803065589304,50.0,0.0,-15.264409424345269,0.0,91.31545306636325,-0.059901933070358
7.2,50.28259206329965,50.0,0.0,-15.349429824799852,0.0,91.31545306636325,-0.06093686568288449
7.22,50.2813605782858,50.0,0.0,-15.433582925279387,0.0,91.31545306636325,-0.061954519760633986
7.24,50.28010895653354,50.0,0.0,-15.516861855965766,0.0,91.31545306636325,-0.06295486246848256
7.26,50.27883754464815,50.0,0.0,-15.599259935891046,0.0,91.31545306636325,-0.06393786394751778
7.28,50.27754668979506,50.0,0.0,-15.680770672595022,0.0,91.31545306636325,-0.0649034972977328
7.3,50.27623673964091,50.0,0.0,-15.761387761755588,0.0,91.31545306636325,-0.06585173856038047
7.32,50.27490804229495,50.0,0.0,-15.841105086792103,0.0,91.31545306636325,-0.06678256669999451
7.34,50.273560946250804,50.0,0.0,-15.919916718442073,0.0,91.31545306636325,-0.06769596358608253
7.36,50.27219580032858,50.0,0.0,-15.997816914311374,0.0,91.31545306636325,-0.06859191397449411
7.38,50.270812953617416,50.0,0.0,-16.074800118398308,0.0,91.31545306636325,-0.06947040548847284
7.4,50.26941275541833,50.0,0.0,-16.150860960591736,0.0,91.31545306636325,-0.07033142859939538
7.42,50.267995555187554,50.0,0.0,-16.225994256143604,0.0,91.31545306636325,-0.07117497660720198
7.44,50.26656170248015,50.0,0.0,-16.30019500511607,0.0,91.31545306636325,-0.07200104562052749
7.46,50.26511154689415,50.0,0.0,-16.37345839180356,0.0,91.31545306636325,-0.072809634536534
7.48,50.263645438014976,50.0,0.0,-16.445779784130014,0.0,91.31545306636325,-0.0736007450204534
7.5,50.262163725360395,50.0,0.0,-16.517154733021595,0.0,91.31545306636325,-0.0743743814848435
7.5200000000000005,50.26066675832582,50.0,0.0,-16.58757897175515,0.0,91.31545306636325,-0.07513055106856512
7.54,50.259154886130005,50.0,0.0,-16.65704841528267,0.0,91.31545306636325,-0.0758692636154828
7.5600000000000005,50.257628457761285,50.0,0.0,-16.725559159532132,0.0,91.31545306636325,-0.07659053165289711
7.58,50.256087821924126,50.0,0.0,-16.79310748068486,0.0,91.31545306636325,-0.0772943703697122
7.6000000000000005,50.25453332698619,50.0,0.0,-16.859689834429826,0.0,91.31545306636325,-0.07798079759434513
7.62,50.252965320925824,50.0,0.0,-16.92530285519511,0.0,91.31545306636325,-0.07864983377238144
7.640000000000001,50.25138415127999,50.0,0.0,-16.989943355356814,0.0,91.31545306636325,-0.07930150194398318
7.66,50.249790165092676,50.0,0.0,-17.05360832442576,0.0,91.31545306636325,-0.07993582772105423
7.68,50.24818370886373,50.0,0.0,-17.116294928212216,0.0,91.31545306636325,-0.08055283926416806
7.7,50.24656512849817,50.0,0.0,-17.178000507968967,0.0,91.31545306636325,-0.08115256725926574
7.72,50.24493476925601,50.0,0.0,-17.238722579513045,0.0,91.31545306636325,-0.08173504489412468
7.74,50.243292975702495,50.0,0.0,-17.298458832326364,0.0,91.31545306636325,-0.08230030783460845
7.76,50.24164009165881,50.0,0.0,-17.357207128635622,0.0,91.31545306636325,-0.08284839420070168
7.78,50.23997646015336,50.0,0.0,-17.414965502471716,0.0,91.31545306636325,-0.08337934454233185
7.8,50.23830242337342,50.0,0.0,-17.471732158708996,0.0,91.31545306636325,-0.08389320181498937
7.82,50.236618322617375,50.0,0.0,-17.527505472084655,0.0,91.31545306636325,-0.08439001135514727
7.84,50.234924498247366,50.0,0.0,-17.58228398619855,0.0,91.31545306636325,-0.08486982085548567
7.86,50.23322128964252,50.0,0.0,-17.636066412493772,0.0,91.31545306636325,-0.08533268033992863
7.88,50.23150903515262,50.0,0.0,-17.68885162921824,0.0,91.31545306636325,-0.08577864213849867
7.9,50.22978807205228,50.0,0.0,-17.740638680367667,0.0,91.31545306636325,-0.08620776086199006
7.92,50.22805873649569,50.0,0.0,-17.79142677461014,0.0,91.31545306636325,-0.08662009337647318
7.94,50.22632136347179,50.0,0.0,-17.841215284192707,0.0,91.31545306636325,-0.0870156987776284
7.96,50.224576286760026,50.0,0.0,-17.89000374383017,0.0,91.31545306636325,-0.08739463836491944
7.98,50.222823838886605,50.0,0.0,-17.937791849576506,0.0,91.31545306636325,-0.08775697561560959
8.0,50.221064351081225,50.0,0.0,-17.984579457679104,0.0,91.31545306636325,-0.08810277615862598
8.02,50.21929815323441,50.0,0.0,-18.030366583416253,0.0,91.31545306636325,-0.08843210774827784
8.040000000000001,50.21752557385533,50.0,0.0,-18.07515339991805,0.0,91.31545306636325,-0.08874504023783314
8.06,50.21574694003013,50.0,0.0,-18.118940236971184,0.0,91.31545306636325,-0.08904164555296076
8.08,50.213962577380826,50.0,0.0,-18.161727579807753,0.0,91.31545306636325,-0.08932199766503945
8.1,50.21217281002475,50.0,0.0,-18.203516067878564,0.0,91.31545306636325,-0.08958617256434372
8.120000000000001,50.21037796053445,50.0,0.0,-18.244306493611123,0.0,91.31545306636325,-0.08983424823310791
8.14,50.208578349898254,50.0,0.0,-18.284099801152667,0.0,91.31545306636325,-0.0900663046184761
8.16,50.20677429748128,50.0,0.0,-18.322897085098557,0.0,91.31545306636325,-0.09028242360534022
8.18,50.204966120987024,50.0,0.0,-18.360699589206302,0.0,91.31545306636325,-0.09048268898907581
8.2,50.20315413641948,50.0,0.0,-18.39750870509556,0.0,91.31545306636325,-0.09066718644817486
8.22,50.201338658045835,50.0,0.0,-18.43332597093442,0.0,91.31545306636325,-0.09083600351678583
8.24,50.19951999835972,50.0,0.0,-18.468153070112244,0.0,91.31545306636325,-0.09098922955716393
8.26,50.197698468044955,50.0,0.0,-18.501991829899406,0.0,91.31545306636325,-0.0911269557320349
8.28,50.195874375939894,50.0,0.0,-18.534844220094257,0.0,91.31545306636325,-0.0912492749768808
8.3,50.194048029002346,50.0,0.0,-18.566712351657557,0.0,91.31545306636325,-0.09135628197215019
8.32,50.19221973227499,50.0,0.0,-18.597598475334745,0.0,91.31545306636325,-0.09144807311539802
8.34,50.190389788851405,50.0,0.0,-18.627504980266334,0.0,91.31545306636325,-0.09152474649336087
8.36,50.188558499842614,50.0,0.0,-18.65643439258672,0.0,91.31545306636325,-0.09158640185397338
8.38,50.186726164344236,50.0,0.0,-18.684389374011765,0.0,91.31545306636325,-0.09163314057832668
8.4,50.18489307940415,50.0,0.0,-18.711372720415365,0.0,91.31545306636325,-0.09166506565257937
8.42,50.183059539990765,50.0,0.0,-18.73738736039541,0.0,91.31545306636325,-0.09168228163981999
8.44,50.18122583896183,50.0,0.0,-18.7624363538294,0.0,91.31545306636325,-0.09168489465189225
8.46,50.179392267033776,50.0,0.0,-18.786522890420017,0.0,91.31545306636325,-0.09167301232118046
8.48,50.17755911275173,50.0,0.0,-18.809650288230912,0.0,91.31545306636325,-0.09164674377236602
8.5,50.175726662459944,50.0,0.0,-18.831821992213143,0.0,91.31545306636325,-0.09160619959415682
8.52,50.17389520027294,50.0,0.0,-18.85304157272242,0.0,91.31545306636325,-0.09155149181099427
8.540000000000001,50.17206500804708,50.0,0.0,-18.87331272402753,0.0,91.31545306636325,-0.09148273385474266
8.56,50.17023636535283,50.0,0.0,-18.892639262810256,0.0,91.31545306636325,-0.09140004053636755
8.58,50.16840954944749,50.0,0.0,-18.911025126657048,0.0,91.31545306636325,-0.091303528017603
8.6,50.16658483524857,50.0,0.0,-18.92847437254276,0.0,91.31545306636325,-0.09119331378261826
8.620000000000001,50.16476249530766,50.0,0.0,-18.944991175306782,0.0,91.31545306636325,-0.09106951660968293
8.64,50.16294279978493,50.0,0.0,-18.96057982612181,0.0,91.31545306636325,-0.09093225654283929
8.66,50.16112601642415,50.0,0.0,-18.975244730955577,0.0,91.31545306636325,-0.09078165486358246
8.68,50.159312410528294,50.0,0.0,-18.988990409025885,0.0,91.31545306636325,-0.09061783406255607
8.700000000000001,50.157502244935735,50.0,0.0,-19.00182149124912,0.0,91.31545306636325,-0.09044091781126659
8.72,50.155695779996954,50.0,0.0,-19.013742718682654,0.0,91.31545306636325,-0.09025103093381959
8.74,50.153893273551844,50.0,0.0,-19.02475894096137,0.0,91.31545306636325,-0.09004829937868318
8.76,50.152094980907606,50.0,0.0,-19.034875114728628,0.0,91.31545306636325,-0.08983285019048398
8.78,50.150301154817136,50.0,0.0,-19.044096302061906,0.0,91.31545306636325,-0.08960481148183713
8.8,50.148512045458034,50.0,0.0,-19.052427668893483,0.0,91.31545306636325,-0.0893643124052178
8.82,50.14672790041217,50.0,0.0,-19.059874483426373,0.0,91.31545306636325,-0.08911148312487435
8.84,50.144948964645785,50.0,0.0,-19.066442114545882,0.0,91.31545306636325,-0.0888464547887926
8.86,50.143175480490164,50.0,0.0,-19.072136030226957,0.0,91.31545306636325,-0.088569359500709
8.88,50.14140768762289,50.0,0.0,-19.07696179593773,0.0,91.31545306636325,-0.08828033029218309
8.9,50.1396458230496,50.0,0.0,-19.08092507303945,0.0,91.31545306636325,-0.08797950109472631
8.92,50.13789012108637,50.0,0.0,-19.08403161718312,0.0,91.31545306636325,-0.08766700671199998
8.94,50.13614081334261,50.0,0.0,-19.08628727670311,0.0,91.31545306636325,-0.08734298279207575
8.96,50.134398128704504,50.0,0.0,-19.08769799100804,0.0,91.31545306636325,-0.08700756579977213
8.98,50.13266229331903,50.0,0.0,-19.08826978896913,0.0,91.31545306636325,-0.08666089298906496
9.0,50.130933530578545,50.0,0.0,-19.088008787306432,0.0,91.31545306636325,-0.08630310237557802
9.02,50.12921206110585,50.0,0.0,-19.086921188973076,0.0,91.31545306636325,-0.08593433270915592
9.040000000000001,50.127498102739864,50.0,0.0,-19.085013281537865,0.0,91.31545306636325,-0.08555472344652501
9.06,50.125791870521866,50.0,0.0,-19.082291435566486,0.0,91.31545306636325,-0.08516441472404496
9.08,50.124093576682185,50.0,0.0,-19.078762103001587,0.0,91.31545306636325,-0.0847635473305538
9.1,50.122403430627514,50.0,0.0,-19.074431815541995,0.0,91.31545306636325,-0.08435226268031165
9.120000000000001,50.12072163892875,50.0,0.0,-19.06930718302134,0.0,91.31545306636325,-0.08393070278604593
9.14,50.11904840530934,50.0,0.0,-19.063394891786317,0.0,91.31545306636325,-0.08349901023210039
9.16,50.11738393063419,50.0,0.0,-19.056701703074882,0.0,91.31545306636325,-0.08305732814769394
9.18,50.11572841289911,50.0,0.0,-19.04923445139464,0.0,91.31545306636325,-0.08260580018029105
9.200000000000001,50.11408204722076,50.0,0.0,-19.041000042901615,0.0,91.31545306636325,-0.08214457046908577
9.22,50.11244502582717,50.0,0.0,-19.03200545377976,0.0,91.31545306636325,-0.08167378361860729
9.24,50.11081753804875,50.0,0.0,-19.02225772862134,0.0,91.31545306636325,-0.08119358467244382
9.26,50.10919977030983,50.0,0.0,-19.01176397880856,0.0,91.31545306636325,-0.0807041190870946
9.28,50.10759190612073,50.0,0.0,-19.000531380896568,0.0,91.31545306636325,-0.0802055327059482
9.3,50.10599412607036,50.0,0.0,-18.988567174998167,0.0,91.31545306636325,-0.07969797173339364
9.32,50.10440660781931,50.0,0.0,-18.975878663170427,0.0,91.31545306636325,-0.07918158270906488
9.34,50.10282952609345,50.0,0.0,-18.962473207803452,0.0,91.31545306636325,-0.07865651248222306
9.36,50.1012630526781,50.0,0.0,-18.948358230011568,0.0,91.31545306636325,-0.07812290818628077
9.38,50.09970735641262,50.0,0.0,-18.933541208027087,0.0,91.31545306636325,-0.07758091721346808
9.4,50.09816260318557,50.0,0.0,-18.918029675597,0.0,91.31545306636325,-0.07703068718964697
9.42,50.09662895593035,50.0,0.0,-18.901831220382736,0.0,91.31545306636325,-0.07647236594927281
9.44,50.09510657462132,50.0,0.0,-18.88495348236324,0.0,91.31545306636325,-0.07590610151051143
9.46,50.09359561627047,50.0,0.0,-18.867404152241637,0.0,91.31545306636325,-0.07533204205050772
9.48,50.092096234924526,50.0,0.0,-18.849190969855634,0.0,91.31545306636325,-0.0747503358808155
9.5,50.09060858166256,50.0,0.0,-18.830321722591975,0.0,91.31545306636325,-0.07416113142298492
9.52,50.0891328045941,50.0,0.0,-18.810804243805073,0.0,91.31545306636325,-0.07356457718431554
9.540000000000001,50.08766904885775,50.0,0.0,-18.7906464112401,0.0,91.31545306636325,-0.0729608217337735
9.56,50.08621745662018,50.0,0.0,-18.769856145460764,0.0,91.31545306636325,-0.07235001367807836
9.58,50.084778167075754,50.0,0.0,-18.74844140828192,0.0,91.31545306636325,-0.07173230163796081
9.6,50.08335131644648,50.0,0.0,-18.72641020120728,0.0,91.31545306636325,-0.07110783422459256
9.620000000000001,50.08193703798253,50.0,0.0,-18.70377056387241,0.0,91.31545306636325,-0.07047676001619345
9.64,50.080535461963166,50.0,0.0,-18.680530572493243,0.0,91.31545306636325,-0.06983922753481663
9.66,50.07914671569818,50.0,0.0,-18.65669833832027,0.0,91.31545306636325,-0.0691953852233138
9.68,50.07777092352973,50.0,0.0,-18.632282006098663,0.0,91.31545306636325,-0.06854538142248431
9.700000000000001,50.07640820683469,50.0,0.0,-18.607289752534488,0.0,91.31545306636325,-0.06788936434840848
9.72,50.07505868402742,50.0,0.0,-18.581729784767212,0.0,91.31545306636325,-0.06722748206996874
9.74,50.07372247056298,50.0,0.0,-18.55561033884873,0.0,91.31545306636325,-0.06655988248656006
9.76,50.072399678940805,50.0,0.0,-18.528939678229055,0.0,91.31545306636325,-0.06588671330599313
9.78,50.071090418708806,50.0,0.0,-18.5017260922489,0.0,91.31545306636325,-0.06520812202258977
9.8,50.069794796467924,50.0,0.0,-18.47397789463935,0.0,91.31545306636325,-0.06452425589547488
9.82,50.06851291587708,50.0,0.0,-18.445703422028707,0.0,91.31545306636325,-0.06383526192706643
9.84,50.067244877658595,50.0,0.0,-18.416911032456866,0.0,91.31545306636325,-0.06314128684176434
9.86,50.06599077960401,50.0,0.0,-18.387609103897233,0.0,91.31545306636325,-0.06244247706484161
9.88,50.06475071658031,50.0,0.0,-18.35780603278645,0.0,91.31545306636325,-0.06173897870153872
9.9,50.06352478053664,50.0,0.0,-18.327510232562084,0.0,91.31545306636325,-0.06103093751636272
9.92,50.06231306051131,50.0,0.0,-18.296730132208474,0.0,91.31545306636325,-0.0603184989125942
9.94,50.061115642639294,50.0,0.0,-18.265474174810837,0.0,91.31545306636325,-0.05960180791200189
9.96,50.059932610160146,50.0,0.0,-18.23375081611789,0.0,91.31545306636325,-0.058881009134768465
9.98,50.058764043426244,50.0,0.0,-18.201568523113067,0.0,91.31545306636325,-0.058156246779627795
10.0,50.05761001991146,50.0,0.0,-18.168935772594576,0.0,91.31545306636325,-0.05742766460421598
10.02,50.05647061422025,50.0,0.0,-18.13586104976438,0.0,91.31545306636325,-0.056695405905637195
10.040000000000001,50.055345898097116,50.0,0.0,-18.102352846826292,0.0,91.31545306636325,-0.05595961350124541
10.06,50.05423594043638,50.0,0.0,-18.068419661593364,0.0,91.31545306636325,-0.05522042970964616
10.08,50.05314080729245,50.0,0.0,-18.034069996104662,0.0,91.31545306636325,-0.054477996331914774
10.1,50.052060561890386,50.0,0.0,-17.999312355251632,0.0,91.31545306636325,-0.05373245463303712
10.120000000000001,50.05099526463685,50.0,0.0,-17.964155245414172,0.0,91.31545306636325,-0.05298394532357293
10.14,50.049944973131424,50.0,0.0,-17.928607173106542,0.0,91.31545306636325,-0.05223260854154
10.16,50.048909742178274,50.0,0.0,-17.89267664363331,0.0,91.31545306636325,-0.05147858383452427
10.18,50.04788962379819,50.0,0.0,-17.856372159755377,0.0,91.31545306636325,-0.05072201014201598
10.200000000000001,50.04688466724097,50.0,0.0,-17.819702220366352,0.0,91.31545306636325,-0.04996302577797136
10.22,50.04589491899814,50.0,0.0,-17.78267531917925,0.0,91.31545306636325,-0.04920176841360327
10.24,50.044920422816006,50.0,0.0,-17.745299943423777,0.0,91.31545306636325,-0.04843837506039884
10.26,50.0439612197091,50.0,0.0,-17.707584572554254,0.0,91.31545306636325,-0.047672982053369346
10.28,50.043017347973866,50.0,0.0,-17.66953767696834,0.0,91.31545306636325,-0.0469057250345293
10.3,50.04208884320278,50.0,0.0,-17.631167716736666,0.0,91.31545306636325,-0.04613673893660647
10.32,50.04117573829866,50.0,0.0,-17.59248314034348,0.0,91.31545306636325,-0.04536615796698689
10.34,50.04027806348947,50.0,0.0,-17.55349238343846,0.0,91.31545306636325,-0.04459411559189062
10.36,50.03939584634323,50.0,0.0,-17.51420386759979,0.0,91.31545306636325,-0.04382074452078342
10.38,50.03852911178344,50.0,0.0,-17.474625999108575,0.0,91.31545306636325,-0.04304617669102201
10.4,50.03767788210465,50.0,0.0,-17.434767167734798,0.0,91.31545306636325,-0.04227054325273557
10.42,50.03684217698842,50.0,0.0,-17.394635745534803,0.0,91.31545306636325,-0.041493974553942985
10.44,50.036022013519535,50.0,0.0,-17.35424008566052,0.0,91.31545306636325,-0.04071660012590742
10.46,50.0352174062025,50.0,0.0,-17.313588521180463,0.0,91.31545306636325,-0.03993854866872783
10.48,50.0344283669784,50.0,0.0,-17.272689363912626,0.0,91.31545306636325,-0.03915994803716754
10.5,50.033654905241924,50.0,0.0,-17.231550903269365,0.0,91.31545306636325,-0.0383809252267233
10.52,50.03289702785873,50.0,0.0,-17.190181405114377,0.0,91.31545306636325,-0.03760160635992973
10.540000000000001,50.03215473918311,50.0,0.0,-17.148589110631846,0.0,91.31545306636325,-0.03682211667290709
10.56,50.03142804107585,50.0,0.0,-17.106782235207838,0.0,91.31545306636325,-0.036042580502144955
10.58,50.030716932922374,50.0,0.0,-17.064768967324078,0.0,91.31545306636325,-0.035263121271527385
10.6,50.03002141165121,50.0,0.0,-17.022557467464136,0.0,91.31545306636325,-0.03448386147959795
10.620000000000001,50.02934147175259,50.0,0.0,-16.98015586703213,0.0,91.31545306636325,-0.03370492268706524
10.64,50.0286771052974,50.0,0.0,-16.937572267284022,0.0,91.31545306636325,-0.032926425504547926
10.66,50.02802830195632,50.0,0.0,-16.89481473827159,0.0,91.31545306636325,-0.03214848958056276
10.68,50.02739504901922,50.0,0.0,-16.85189131779912,0.0,91.31545306636325,-0.03137123358974995
10.700000000000001,50.02677733141477,50.0,0.0,-16.80881001039294,0.0,91.31545306636325,-0.030594775221342994
10.72,50.0261751317303,50.0,0.0,-16.76557878628379,0.0,91.31545306636325,-0.029819231167877026
10.74,50.02558843023186,50.0,0.0,-16.722205580402175,0.0,91.31545306636325,-0.029044717114138106
10.76,50.02501720488455,50.0,0.0,-16.67869829138671,0.0,91.31545306636325,-0.028271347726355534
10.78,50.02446143137295,50.0,0.0,-16.63506478060553,0.0,91.31545306636325,-0.027499236641632244
10.8,50.0239210831219,50.0,0.0,-16.591312871190816,0.0,91.31545306636325,-0.02672849645761751
10.82,50.02339613131739,50.0,0.0,-16.547450347086535,0.0,91.31545306636325,-0.025959238722420435
10.84,50.022886544927665,50.0,0.0,-16.50348495210936,0.0,91.31545306636325,-0.02519157392476207
10.86,50.02239229072457,50.0,0.0,-16.45942438902293,0.0,91.31545306636325,-0.024425611484368944
10.88,50.02191333330497,50.0,0.0,-16.415276318625402,0.0,91.31545306636325,-0.02366145974260722
10.9,50.02144963511254,50.0,0.0,-16.371048358850402,0.0,91.31545306636325,-0.02289922595335422
10.92,50.021001156459526,50.0,0.0,-16.32674808388137,0.0,91.31545306636325,-0.022139016274111127
10.94,50.02056785554885,50.0,0.0,-16.282383023279408,0.0,91.31545306636325,-0.02138093575735323
10.96,50.02014968849626,50.0,0.0,-16.237960661124575,0.0,91.31545306636325,-0.020625088342119843
10.98,50.019746609352765,50.0,0.0,-16.19348843517075,0.0,91.31545306636325,-0.01987157684584163
11.0,50.01935857012711,50.0,0.0,-16.148973736014064,0.0,91.31545306636325,-0.01912050295640424
11.02,50.01898552080849,50.0,0.0,-16.104423906274913,0.0,91.31545306636325,-0.018371967224452484
11.040000000000001,50.018627409389396,50.0,0.0,-16.059846239793604,0.0,91.31545306636325,-0.01762606905592648
11.06,50.018284181888575,50.0,0.0,-16.01524798083965,0.0,91.31545306636325,-0.016882906704837518
11.08,50.017955782374166,50.0,0.0,-15.970636323334764,0.0,91.31545306636325,-0.01614257726627733
11.1,50.01764215298698,50.0,0.0,-15.926018410089526,0.0,91.31545306636325,-0.015405176669662582
11.120000000000001,50.01734323396388,50.0,0.0,-15.881401332053773,0.0,91.31545306636325,-0.014670799672213191
11.14,50.01705896366129,50.0,0.0,-15.836792127580733,0.0,91.31545306636325,-0.013939539852664343
11.16,50.01678927857889,50.0,0.0,-15.792197781704896,0.0,91.31545306636325,-0.013211489605210637
11.18,50.0165341133833,50.0,0.0,-15.747625225433657,0.0,91.31545306636325,-0.012486740133682454
11.200000000000001,50.01629340093206,50.0,0.0,-15.703081335052724,0.0,91.31545306636325,-0.011765381445953151
11.22,50.016067072297496,50.0,0.0,-15.658572931445308,0.0,91.31545306636325,-0.011047502348576802
11.24,50.01585505679094,50.0,0.0,-15.614106779425093,0.0,91.31545306636325,-0.010333190441654427
11.26,50.01565728198681,50.0,0.0,-15.569689587083003,0.0,91.31545306636325,-0.00962253211392975
11.28,50.01547367374697,50.0,0.0,-15.525328005147745,0.0,91.31545306636325,-0.008915612538111758
11.3,50.015304156245065,50.0,0.0,-15.481028626360152,0.0,91.31545306636325,-0.008212515666424251
11.32,50.015148651991,50.0,0.0,-15.436797984861306,0.0,91.31545306636325,-0.007513324226381007
11.34,50.01500708185548,50.0,0.0,-15.392642555594438,0.0,91.31545306636325,-0.006818119716784977
11.36,50.01487936509465,50.0,0.0,-15.348568753720608,0.0,91.31545306636325,-0.00612698240395252
11.38,50.014765419374754,50.0,0.0,-15.304582934048135,0.0,91.31545306636325,-0.005439991318157913
11.4,50.01466516079693,50.0,0.0,-15.26069139047579,0.0,91.31545306636325,-0.004757224250301912
11.42,50.01457850392202,50.0,0.0,-15.216900355449711,0.0,91.31545306636325,-0.00407875774879854
11.44,50.01450536179546,50.0,0.0,-15.173215999434063,0.0,91.31545306636325,-0.003404667116682194
11.46,50.014445645972216,50.0,0.0,-15.12964443039537,0.0,91.31545306636325,-0.0027350264089324406
11.48,50.014399266541794,50.0,0.0,-15.08619169330055,0.0,91.31545306636325,-0.002069908430015622
11.5,50.01436613215327,50.0,0.0,-15.04286376962862,0.0,91.31545306636325,-0.0014093847316423679
11.52,50.01434615004035,50.0,0.0,-14.999666576895999,0.0,91.31545306636325,-0.0007535256107396945
11.540000000000001,50.01433922604652,50.0,0.0,-14.956605968195472,0.0,91.31545306636325,-0.00010240010763468268
11.56,50.01434526465018,50.0,0.0,-14.913687731748697,0.0,91.31545306636325,0.0005439239955475219
11.58,50.01436416898983,50.0,0.0,-14.870917590472283,0.0,91.31545306636325,0.0011853801762775926
11.6,50.01439584088927,50.0,0.0,-14.828301201557393,0.0,91.31545306636325,0.0018219031728048173
11.620000000000001,50.014440180882865,50.0,0.0,-14.78584415606283,0.0,91.31545306636325,0.002453428985133294
11.64,50.01449708824072,50.0,0.0,-14.743551978521555,0.0,91.31545306636325,0.0030798948757915323
11.66,50.014566460994,50.0,0.0,-14.70143012656067,0.0,91.31545306636325,0.003701239370396098
11.68,50.01464819596018,50.0,0.0,-14.659483990534719,0.0,91.31545306636325,0.004317402258012915
11.700000000000001,50.0147421887683,50.0,0.0,-14.617718893172361,0.0,91.31545306636325,0.004928324591315797
11.72,50.01484833388426,50.0,0.0,-14.576140089236327,0.0,91.31545306636325,0.005533948686544088
11.74,50.01496652463606,50.0,0.0,-14.534752765196615,0.0,91.31545306636325,0.006134218123261548
11.76,50.01509665323909,50.0,0.0,-14.493562038916892,0.0,91.31545306636325,0.006729077743917483
11.78,50.01523861082136,50.0,0.0,-14.452572959354049,0.0,91.31545306636325,0.007318473653211193
11.8,50.01539228744877,50.0,0.0,-14.411790506270858,0.0,91.31545306636325,0.007902353217262632
11.82,50.01555757215026,50.0,0.0,-14.371219589961678,0.0,91.31545306636325,0.008480665062589912
11.84,50.015734352943056,50.0,0.0,-14.33086505099116,0.0,91.31545306636325,0.009053359074894204
11.86,50.01592251685784,50.0,0.0,-14.2907316599459,0.0,91.31545306636325,0.009620386397656893
11.88,50.01612194996385,50.0,0.0,-14.250824117198963,0.0,91.31545306636325,0.010181699430546361
11.9,50.01633253739401,50.0,0.0,-14.211147052687252,0.0,91.31545306636325,0.01073725182763985
11.92,50.016554163369975,50.0,0.0,-14.171705025701637,0.0,91.31545306636325,0.011286998495459492
11.94,50.01678671122717,50.0,0.0,-14.132502524689794,0.0,91.31545306636325,0.011830895590825823
11.96,50.017030063439755,50.0,0.0,-14.093543967071687,0.0,91.31545306636325,0.012368900518528644
11.98,50.017284101645565,50.0,0.0,-14.054833699067622,0.0,91.31545306636325,0.012900971928819898
12.0,50.01754870667098,50.0,0.0,-14.016375995538832,0.0,91.31545306636325,0.013427069714726032
12.02,50.01782375855572,50.0,0.0,-13.978175059840497,0.0,91.31545306636325,0.013947155009186583
12.040000000000001,50.01810913657767,50.0,0.0,-13.940235023687135,0.0,91.31545306636325,0.01446119018201632
12.06,50.01840471927751,50.0,0.0,-13.902559947030316,0.0,91.31545306636325,0.014969138836695017
12.08,50.01871038448337,50.0,0.0,-13.865153817948599,0.0,91.31545306636325,0.015470965806986725
12.1,50.01902600933541,50.0,0.0,-13.828020552549638,0.0,91.31545306636325,0.01596663715338981
12.120000000000001,50.0193514703103,50.0,0.0,-13.791163994884377,0.0,91.31545306636325,0.016456120159418282
12.14,50.01968664324559,50.0,0.0,-13.754587916873243,0.0,91.31545306636325,0.01693938332771936
12.16,50.02003140336412,50.0,0.0,-13.718296018244292,0.0,91.31545306636325,0.01741639637602542
12.18,50.02038562529821,50.0,0.0,-13.682291926483202,0.0,91.31545306636325,0.017887130232946295
12.200000000000001,50.02074918311383,50.0,0.0,-13.646579196795042,0.0,91.31545306636325,0.018351557033599232
12.22,50.021121950334695,50.0,0.0,-13.611161312077735,0.0,91.31545306636325,0.0188096501150818
12.24,50.02150379996624,50.0,0.0,-13.576041682907142,0.0,91.31545306636325,0.019261384011789114
12.26,50.02189460451949,50.0,0.0,-13.541223647533664,0.0,91.31545306636325,0.019706734450574886
12.280000000000001,50.02229423603487,50.0,0.0,-13.506710471890292,0.0,91.31545306636325,0.020145678345762117
12.3,50.02270256610586,50.0,0.0,-13.472505349612026,0.0,91.31545306636325,0.020578193794001456
12.32,50.023119465902624,50.0,0.0,-13.43861140206655,0.0,91.31545306636325,0.02100426006898237
12.34,50.02354480619543,50.0,0.0,-13.4050316783961,0.0,91.31545306636325,0.02142385761599576
12.36,50.02397845737804,50.0,0.0,-13.371769155570417,0.0,91.31545306636325,0.021836968046354047
12.38,50.02442028949097,50.0,0.0,-13.338826738450722,0.0,91.31545306636325,0.022243574131666912
12.4,50.024870172244576,50.0,0.0,-13.306207259864573,0.0,91.31545306636325,0.02264365979797626
12.42,50.02532797504213,50.0,0.0,-13.273913480691567,0.0,91.31545306636325,0.023037210119753862
12.44,50.025793567002665,50.0,0.0,-13.241948089959765,0.0,91.31545306636325,0.023424211313759095
12.46,50.02626681698378,50.0,0.0,-13.210313704952735,0.0,91.31545306636325,0.023804650732765022
12.48,50.02674759360423,50.0,0.0,-13.179012871327137,0.0,91.31545306636325,0.024178516859149544
12.5,50.02723576526648,50.0,0.0,-13.14804806324075,0.0,91.31545306636325,0.02454579929835615
12.52,50.027731200179076,50.0,0.0,-13.117421683490845,0.0,91.31545306636325,0.02490648877222579
12.540000000000001,50.02823376637888,50.0,0.0,-13.087136063662777,0.0,91.31545306636325,0.025260577112201574
12.56,50.02874333175317,50.0,0.0,-13.057193464288762,0.0,91.31545306636325,0.02560805725240921
12.58,50.029259764061614,50.0,0.0,-13.027596075016659,0.0,91.31545306636325,0.025948923222613284
12.6,50.02978293095809,50.0,0.0,-12.998346014788712,0.0,91.31545306636325,0.02628317014105436
12.620000000000001,50.03031270001239,50.0,0.0,-12.969445332030139,0.0,91.31545306636325,0.026610794207165438
12.64,50.03084893873169,50.0,0.0,-12.940896004847446,0.0,91.31545306636325,0.026931792694173066
12.66,50.031391514582,50.0,0.0,-12.912699941236385,0.0,91.31545306636325,0.027246163941583225
12.68,50.031940295009356,50.0,0.0,-12.884858979299441,0.0,91.31545306636325,0.027553907347553065
12.700000000000001,50.032495147460914,50.0,0.0,-12.857374887472744,0.0,91.31545306636325,0.027855023361154908
12.72,50.03305593940585,50.0,0.0,-12.830249364762304,0.0,91.31545306636325,0.028149513474527977
12.74,50.03362253835613,50.0,0.0,-12.803484040989458,0.0,91.31545306636325,0.0284373802149271
12.76,50.03419481188713,50.0,0.0,-12.777080477045422,0.0,91.31545306636325,0.028718627136663587
12.780000000000001,50.03477262765807,50.0,0.0,-12.75104016515485,0.0,91.31545306636325,0.028993258812945788
12.8,50.03535585343225,50.0,0.0,-12.725364529148283,0.0,91.31545306636325,0.029261280827618148
12.82,50.035944357097215,50.0,0.0,-12.700054924743377,0.0,91.31545306636325,0.029522699766802524
12.84,50.036538006684644,50.0,0.0,-12.675112639834799,0.0,91.31545306636325,0.029777523210441574
12.86,50.037136670390176,50.0,0.0,-12.650538894792705,0.0,91.31545306636325,0.0300257597237497
12.88,50.03774021659295,50.0,0.0,-12.626334842769651,0.0,91.31545306636325,0.030267418848571172
12.9,50.03834851387506,50.0,0.0,-12.602501570015864,0.0,91.31545306636325,0.030502511094646686
12.92,50.0389614310408,50.0,0.0,-12.579040096202723,0.0,91.31545306636325,0.03073104793079289
12.94,50.039578837135736,50.0,0.0,-12.55595137475438,0.0,91.31545306636325,0.030953041775996344
12.96,50.040200601465585,50.0,0.0,-12.533236293187375,0.0,91.31545306636325,0.031168505990421813
12.98,50.04082659361494,50.0,0.0,-12.51089567345814,0.0,91.31545306636325,0.03137745486633914
13.0,50.041456683465775,50.0,0.0,-12.488930272318296,0.0,91.31545306636325,0.031579903618970895
13.02,50.04209074121583,50.0,0.0,-12.467340781677612,0.0,91.31545306636325,0.03177586837726035
13.040000000000001,50.04272863739671,50.0,0.0,-12.446127828974504,0.0,91.31545306636325,0.03196536617456575
13.06,50.04337024289194,50.0,0.0,-12.425291977553993,0.0,91.31545306636325,0.03214841493927734
13.08,50.04401542895463,50.0,0.0,-12.404833727052969,0.0,91.31545306636325,0.03232503348536678
13.1,50.0446640672252,50.0,0.0,-12.384753513792672,0.0,91.31545306636325,0.032495241502862704
13.120000000000001,50.04531602974867,50.0,0.0,-12.365051711178266,0.0,91.31545306636325,0.032659059548260407
13.14,50.04597118899194,50.0,0.0,-12.345728630105382,0.0,91.31545306636325,0.03281650903486603
13.16,50.04662941786078,50.0,0.0,-12.326784519373536,0.0,91.31545306636325,0.03296761222307547
13.18,50.04729058971663,50.0,0.0,-12.308219566106272,0.0,91.31545306636325,0.0331123922105931
13.200000000000001,50.047954578393266,50.0,0.0,-12.290033896177965,0.0,91.31545306636325,0.03325087292258837
13.22,50.04862125821318,50.0,0.0,-12.272227574647106,0.0,91.31545306636325,0.0333830791017977
13.24,50.04929050400386,50.0,0.0,-12.254800606196005,0.0,91.31545306636325,0.03350903629856781
13.26,50.04996219111375,50.0,0.0,-12.237752935576756,0.0,91.31545306636325,0.033628770860846174
13.280000000000001,50.05063619542814,50.0,0.0,-12.22108444806338,0.0,91.31545306636325,0.03374230992412047
13.3,50.051312393384755,50.0,0.0,-12.204794969910004,0.0,91.31545306636325,0.033849681401306474
13.32,50.05199066198918,50.0,0.0,-12.18888426881498,0.0,91.31545306636325,0.03395091397258916
13.34,50.05267087883009,50.0,0.0,-12.173352054390795,0.0,91.31545306636325,0.034046037075218034
13.36,50.053352922094255,50.0,0.0,-12.158197978639693,0.0,91.31545306636325,0.03413508089325689
13.38,50.054036670581354,50.0,0.0,-12.143421636434867,0.0,91.31545306636325,0.034218076347293326
13.4,50.05472200371855,50.0,0.0,-12.129022566007116,0.0,91.31545306636325,0.034295055084107254
13.42,50.05540880157493,50.0,0.0,-12.115000249436836,0.0,91.31545306636325,0.0343660494663013
13.44,50.056096944875655,50.0,0.0,-12.101354113151244,0.0,91.31545306636325,0.03443109256189386
13.46,50.05678631501596,50.0,0.0,-12.088083528426708,0.0,91.31545306636325,0.034490218133880396
13.48,50.057476794074894,50.0,0.0,-12.075187811896063,0.0,91.31545306636325,0.034543460629759375
13.5,50.05816826482892,50.0,0.0,-12.062666226060808,0.0,91.31545306636325,0.03459085517102985
13.52,50.05886061076522,50.0,0.0,-12.050517979808056,0.0,91.31545306636325,0.034632437542657935
13.540000000000001,50.05955371609487,50.0,0.0,-12.03874222893213,0.0,91.31545306636325,0.0346682441825198
13.56,50.060247465765734,50.0,0.0,-12.027338076660667,0.0,91.31545306636325,0.034698312170815836
13.58,50.060941745475205,50.0,0.0,-12.016304574185162,0.0,91.31545306636325,0.03472267921946512
13.6,50.061636441682694,50.0,0.0,-12.005640721195752,0.0,91.31545306636325,0.0347413836614765
13.620000000000001,50.06233144162191,50.0,0.0,-11.995345466420225,0.0,91.31545306636325,0.034754464440300815
13.64,50.06302663331295,50.0,0.0,-11.985417708167057,0.0,91.31545306636325,0.03476196109916617
13.66,50.06372190557417,50.0,0.0,-11.975856294872404,0.0,91.31545306636325,0.034763913770395845
13.68,50.06441714803378,50.0,0.0,-11.966660025650917,0.0,91.31545306636325,0.03476036316471469
13.700000000000001,50.06511225114138,50.0,0.0,-11.957827650850268,0.0,91.31545306636325,0.03475135056054032
13.72,50.065807106179044,50.0,0.0,-11.949357872609276,0.0,91.31545306636325,0.03473691779326674
13.74,50.06650160527246,50.0,0.0,-11.941249345419516,0.0,91.31545306636325,0.03471710724453702
13.76,50.067195641401625,50.0,0.0,-11.933500676690286,0.0,91.31545306636325,0.034691961831510895
13.780000000000001,50.067889108411464,50.0,0.0,-11.926110427316843,0.0,91.31545306636325,0.03466152499612608
13.8,50.06858190102219,50.0,0.0,-11.91907711225177,0.0,91.31545306636325,0.03462584069435606
13.82,50.069273914839435,50.0,0.0,-11.912399201079367,0.0,91.31545306636325,0.03458495338546819
13.84,50.069965046364196,50.0,0.0,-11.906075118592959,0.0,91.31545306636325,0.03453890802127851
13.86,50.070655193002544,50.0,0.0,-11.900103245375009,0.0,91.31545306636325,0.034487750035410734
13.88,50.07134425307512,50.0,0.0,-11.894481918379906,0.0,91.31545306636325,0.034431525332558464
13.9,50.07203212582644,50.0,0.0,-11.889209431519346,0.0,91.31545306636325,0.03437028027775178
13.92,50.07271871143395,50.0,0.0,-11.884284036250165,0.0,91.31545306636325,0.03430406168563017
13.94,50.073403911016904,50.0,0.0,-11.879703942164532,0.0,91.31545306636325,0.03423291680972507
13.96,50.07408762664498,50.0,0.0,-11.875467317582387,0.0,91.31545306636325,0.03415689333175167
13.98,50.07476976134674,50.0,0.0,-11.871572290146,0.0,91.31545306636325,0.03407603935091204
14.0,50.07545021911781,50.0,0.0,-11.86801694741657,0.0,91.31545306636325,0.033990403373212845
14.02,50.076128904928936,50.0,0.0,-11.864799337472732,0.0,91.31545306636325,0.033900034300795696
14.040000000000001,50.07680572473372,50.0,0.0,-11.861917469510862,0.0,91.31545306636325,0.03380498142128615
14.06,50.07748058547621,50.0,0.0,-11.85936931444709,0.0,91.31545306636325,0.033705294397158476
14.08,50.078153395098305,50.0,0.0,-11.857152805520894,0.0,91.31545306636325,0.03360102325512304
14.1,50.07882406254684,50.0,0.0,-11.855265838900184,0.0,91.31545306636325,0.033492218375530014
14.120000000000001,50.0794924977806,50.0,0.0,-11.853706274287765,0.0,91.31545306636325,0.03337893048180099
14.14,50.08015861177697,50.0,0.0,-11.852471935529053,0.0,91.31545306636325,0.03326121062988015
14.16,50.08082231653853,50.0,0.0,-11.85156061122098,0.0,91.31545306636325,0.03313911019771393
14.18,50.08148352509931,50.0,0.0,-11.850970055321943,0.0,91.31545306636325,0.03301268087475571
14.200000000000001,50.08214215153091,50.0,0.0,-11.850697987762704,0.0,91.31545306636325,0.032881974651500785
14.22,50.08279811094839,50.0,0.0,-11.850742095058171,0.0,91.31545306636325,0.032747043809049435
14.24,50.08345131951596,50.0,0.0,-11.851100030919891,0.0,91.31545306636325,0.03260794090870284
14.26,50.08410169445243,50.0,0.0,-11.85176941686922,0.0,91.31545306636325,0.032464718781590296
14.280000000000001,50.08474915403651,50.0,0.0,-11.852747842851018,0.0,91.31545306636325,0.03231743051833287
14.3,50.085393617611835,50.0,0.0,-11.85403286784782,0.0,91.31545306636325,0.03216612945873902
14.32,50.086035005591846,50.0,0.0,-11.855622020494298,0.0,91.31545306636325,0.03201086918154083
14.34,50.086673239464446,50.0,0.0,-11.857512799692024,0.0,91.31545306636325,0.03185170349416568
14.36,50.08730824179641,50.0,0.0,-11.859702675224355,0.0,91.31545306636325,0.031688686422549586
14.38,50.08793993623767,50.0,0.0,-11.86218908837135,0.0,91.31545306636325,0.03152187220098953
14.4,50.08856824752532,50.0,0.0,-11.864969452524672,0.0,91.31545306636325,0.03135131526203887
14.42,50.08919310148751,50.0,0.0,-11.868041153802315,0.0,91.31545306636325,0.03117707022644718
14.44,50.089814425047,50.0,0.0,-11.871401551663102,0.0,91.31545306636325,0.030999191893142788
14.46,50.090432146224686,50.0,0.0,-11.875047979520845,0.0,91.31545306636325,0.030817735229262535
14.48,50.09104619414278,50.0,0.0,-11.878977745358071,0.0,91.31545306636325,0.030632755360228855
14.5,50.09165649902787,50.0,0.0,-11.883188132339225,0.0,91.31545306636325,0.030444307559874987
14.52,50.09226299221378,50.0,0.0,-11.887676399423245,0.0,91.31545306636325,0.030252447240618964
14.540000000000001,50.09286560614421,50.0,0.0,-11.892439781975444,0.0,91.31545306636325,0.030057229943690655
14.56,50.09346427437517,50.0,0.0,-11.89747549237857,0.0,91.31545306636325,0.029858711329408358
14.58,50.09405893157728,50.0,0.0,-11.902780720642992,0.0,91.31545306636325,0.02965694716750923
14.6,50.09464951353781,50.0,0.0,-11.90835263501589,0.0,91.31545306636325,0.029451993327535637
14.620000000000001,50.09523595716256,50.0,0.0,-11.91418838258938,0.0,91.31545306636325,0.02924390576927455
14.64,50.095818200477545,50.0,0.0,-11.92028508990748,0.0,91.31545306636325,0.02903274053325425
14.66,50.096396182630514,50.0,0.0,-11.926639863571829,0.0,91.31545306636325,0.028818553731299903
14.68,50.096969843892225,50.0,0.0,-11.933249790846064,0.0,91.31545306636325,0.028601401537145067
14.700000000000001,50.09753912565759,50.0,0.0,-11.9401119402588,0.0,91.31545306636325,0.028381340177106074
14.72,50.0981039704466,50.0,0.0,-11.947223362205081,0.0,91.31545306636325,0.028158425920814006
14.74,50.09866432190508,50.0,0.0,-11.954581089546267,0.0,91.31545306636325,0.027932715072010766
14.76,50.099220124805264,50.0,0.0,-11.962182138208231,0.0,91.31545306636325,0.027704263959406936
14.780000000000001,50.09977132504615,50.0,0.0,-11.970023507777821,0.0,91.31545306636325,0.027473128927603202
14.8,50.10031786965376,50.0,0.0,-11.978102182097478,0.0,91.31545306636325,0.027239366328076085
14.82,50.10085970678111,50.0,0.0,-11.986415129857944,0.0,91.31545306636325,0.027003032510230895
14.84,50.10139678570808,50.0,0.0,-11.994959305188974,0.0,91.31545306636325,0.026764183812519195
14.86,50.101929056841115,50.0,0.0,-12.003731648247983,0.0,91.31545306636325,0.026522876553625015
14.88,50.10245647171265,50.0,0.0,-12.012729085806535,0.0,91.31545306636325,0.026279167023719307
14.9,50.1029789829805,50.0,0.0,-12.021948531834617,0.0,91.31545306636325,0.02603311147578242
14.92,50.10349654442698,50.0,0.0,-12.031386888082597,0.0,91.31545306636325,0.025784766116998686
14.94,50.10400911095786,50.0,0.0,-12.041041044660817,0.0,91.31545306636325,0.025534187100220145
14.96,50.10451663860122,50.0,0.0,-12.050907880616736,0.0,91.31545306636325,0.02528143051550233
14.98,50.10501908450605,50.0,0.0,-12.060984264509539,0.0,91.31545306636325,0.025026552381713852
15.0,50.105516406940744,50.0,0.0,-12.071267054982163,0.0,91.31545306636325,0.02476960863821745
15.02,50.1060085652914,50.0,0.0,-12.081753101330644,0.0,91.31545306636325,0.02451065513662666
15.040000000000001,50.10649552005995,50.0,0.0,-12.092439244070745,0.0,91.31545306636325,0.02424974763263624
15.06,50.10697723286217,50.0,0.0,-12.10332231550175,0.0,91.31545306636325,0.02398694177792877
15.08,50.107453666425464,50.0,0.0,-12.114399140267412,0.0,91.31545306636325,0.023722293112157962
15.1,50.10792478458656,50.0,0.0,-12.125666535913952,0.0,91.31545306636325,0.023455857055007932
15.120000000000001,50.108390552288974,50.0,0.0,-12.137121313445032,0.0,91.31545306636325,0.023187688898330498
15.14,50.10885093558039,50.0,0.0,-12.148760277873679,0.0,91.31545306636325,0.022917843798361474
15.16,50.109305901609844,50.0,0.0,-12.16058022877106,0.0,91.31545306636325,0.022646376768015983
15.18,50.10975541862473,50.0,0.0,-12.17257796081205,0.0,91.31545306636325,0.022373342669261505
15.200000000000001,50.11019945596773,50.0,0.0,-12.184750264317556,0.0,91.31545306636325,0.022098796205574034
15.22,50.110637984073534,50.0,0.0,-12.197093925793489,0.0,91.31545306636325,0.021822791914472946
15.24,50.11107097446543,50.0,0.0,-12.209605728466377,0.0,91.31545306636325,0.02154538416013817
15.26,50.11149839975171,50.0,0.0,-12.222282452815515,0.0,91.31545306636325,0.021266627126109182
15.280000000000001,50.11192023362205,50.0,0.0,-12.235120877101615,0.0,91.31545306636325,0.020986574808066972
15.3,50.11233645084358,50.0,0.0,-12.248117777891903,0.0,91.31545306636325,0.02070528100669777
15.32,50.11274702725694,50.0,0.0,-12.26126993058159,0.0,91.31545306636325,0.020422799320642237
15.34,50.11315193977213,50.0,0.0,-12.274574109911676,0.0,91.31545306636325,0.02013918313952708
15.36,50.11355116636427,50.0,0.0,-12.28802709048301,0.0,91.31545306636325,0.019854485637082434
15.38,50.113944686069175,50.0,0.0,-12.30162564726659,0.0,91.31545306636325,0.019568759764342965
15.4,50.114332478978824,50.0,0.0,-12.31536655611003,0.0,91.31545306636325,0.019282058242935714
15.42,50.11471452623668,50.0,0.0,-12.329246594240107,0.0,91.31545306636325,0.018994433558453722
15.44,50.11509081003291,50.0,0.0,-12.34326254076142,0.0,91.31545306636325,0.01870593795391444
15.46,50.11546131359944,50.0,0.0,-12.357411177151027,0.0,91.31545306636325,0.018416623423306418
15.48,50.11582602120487,50.0,0.0,-12.37168928774906,0.0,91.31545306636325,0.018126541705223043
15.5,50.11618491814932,50.0,0.0,-12.38609366024526,0.0,91.31545306636325,0.017835744276582965
15.52,50.11653799075914,50.0,0.0,-12.400621086161385,0.0,91.31545306636325,0.01754428234643776
15.540000000000001,50.1168852263814,50.0,0.0,-12.415268361329437,0.0,91.31545306636325,0.017252206849869566
15.56,50.11722661337841,50.0,0.0,-12.430032286365668,0.0,91.31545306636325,0.016959568441975492
15.58,50.11756214112202,50.0,0.0,-12.444909667140339,0.0,91.31545306636325,0.016666417491941667
15.6,50.117891799987795,50.0,0.0,-12.459897315243152,0.0,91.31545306636325,0.016372804077205875
15.620000000000001,50.118215581349176,50.0,0.0,-12.474992048444362,0.0,91.31545306636325,0.016078777977708767
15.64,50.1185334775714,50.0,0.0,-12.490190691151467,0.0,91.31545306636325,0.01578438867023603
15.66,50.11884548200539,50.0,0.0,-12.505490074861507,0.0,91.31545306636325,0.015489685322850128
15.68,50.119151588981524,50.0,0.0,-12.520887038608873,0.0,91.31545306636325,0.015194716789409727
15.700000000000001,50.11945179380325,50.0,0.0,-12.53637842940862,0.0,91.31545306636325,0.014899531604182231
15.72,50.119746092740684,50.0,0.0,-12.551961102695243,0.0,91.31545306636325,0.01460417797654556
15.74,50.120034483023964,50.0,0.0,-12.56763192275687,0.0,91.31545306636325,0.0143087037857789
15.76,50.120316962836675,50.0,0.0,-12.583387763164856,0.0,91.31545306636325,0.014013156575946898
15.780000000000001,50.120593531309005,50.0,0.0,-12.599225507198717,0.0,91.31545306636325,0.013717583550872263
15.8,50.120864188510936,50.0,0.0,-12.615142048266403,0.0,91.31545306636325,0.013422031569200849
15.82,50.12112893544524,50.0,0.0,-12.63113429031985,0.0,91.31545306636325,0.013126547139556329
15.84,50.121387774040436,50.0,0.0,-12.647199148265804,0.0,91.31545306636325,0.012831176415787675
15.860000000000001,50.12164070714364,50.0,0.0,-12.663333548371863,0.0,91.31545306636325,0.012535965192306096
15.88,50.121887738513315,50.0,0.0,-12.679534428667735,0.0,91.31545306636325,0.012240958899514274
15.9,50.12212887281192,50.0,0.0,-12.695798739341653,0.0,91.31545306636325,0.011946202599327512
15.92,50.1223641155985,50.0,0.0,-12.712123443131954,0.0,91.31545306636325,0.011651740980783627
15.94,50.122593473321196,50.0,0.0,-12.72850551571377,0.0,91.31545306636325,0.011357618355747418
15.96,50.1228169533096,50.0,0.0,-12.744941946080822,0.0,91.31545306636325,0.01106387865470465
15.98,50.123034563767106,50.0,0.0,-12.761429736922274,0.0,91.31545306636325,0.010770565422646641
16.0,50.123246313763154,50.0,0.0,-12.777965904994648,0.0,91.31545306636325,0.01047772181504897
16.02,50.12345221322538,50.0,0.0,-12.794547481488769,0.0,91.31545306636325,0.010185390593938285
16.04,50.123652272931686,50.0,0.0,-12.811171512391692,0.0,91.31545306636325,0.009893614124051864
16.06,50.123846504502275,50.0,0.0,-12.827835058843654,0.0,91.31545306636325,0.009602434369089054
16.080000000000002,50.12403492039157,50.0,0.0,-12.844535197489954,0.0,91.31545306636325,0.009311892888051865
16.1,50.124217533880085,50.0,0.0,-12.86126902082781,0.0,91.31545306636325,0.00902203083167862
16.12,50.12439435906618,50.0,0.0,-12.878033637548127,0.0,91.31545306636325,0.008732888938966074
16.14,50.124565410857834,50.0,0.0,-12.89482617287219,0.0,91.31545306636325,0.008444507533784642
16.16,50.12473070496427,50.0,0.0,-12.911643768883257,0.0,91.31545306636325,0.008156926521583053
16.18,50.12489025788757,50.0,0.0,-12.928483584853028,0.0,91.31545306636325,0.007870185386182832
16.2,50.12504408691416,50.0,0.0,-12.945342797562995,0.0,91.31545306636325,0.0075843231866650805
16.22,50.12519221010632,50.0,0.0,-12.962218601620638,0.0,91.31545306636325,0.007299378554344212
16.240000000000002,50.12533464629358,50.0,0.0,-12.979108209770477,0.0,91.31545306636325,0.007015389689835338
16.26,50.12547141506407,50.0,0.0,-12.996008853199957,0.0,91.31545306636325,0.006732394360208795
16.28,50.1256025367558,50.0,0.0,-13.01291778184015,0.0,91.31545306636325,0.006450429896234323
16.3,50.12572803244792,50.0,0.0,-13.029832264661286,0.0,91.31545306636325,0.006169533189715724
16.32,50.12584792395189,50.0,0.0,-13.046749589963081,0.0,91.31545306636325,0.005889740690913997
16.34,50.12596223380265,50.0,0.0,-13.063667065659867,0.0,91.31545306636325,0.005611088406058311
16.36,50.12607098524968,50.0,0.0,-13.08058201956052,0.0,91.31545306636325,0.0053336118949474974
16.38,50.12617420224803,50.0,0.0,-13.097491799643167,0.0,91.31545306636325,0.00505734626863777
16.4,50.12627190944937,50.0,0.0,-13.114393774324686,0.0,91.31545306636325,0.00478232618721966
16.42,50.12636413219288,50.0,0.0,-13.131285332724982,0.0,91.31545306636325,0.00450858585768164
16.44,50.12645089649622,50.0,0.0,-13.148163884926031,0.0,91.31545306636325,0.00423615903186254
16.46,50.126532229046354,50.0,0.0,-13.165026862225709,0.0,91.31545306636325,0.003965079004489658
16.48,50.126608157190425,50.0,0.0,-13.181871717386388,0.0,91.31545306636325,0.0036953786113034883
16.5,50.126678708926526,50.0,0.0,-13.198695924878301,0.0,91.31545306636325,0.0034270902272702033
16.52,50.12674391289446,50.0,0.0,-13.215496981117683,0.0,91.31545306636325,0.003160245764878495
16.54,50.126803798366495,50.0,0.0,-13.232272404699687,0.0,91.31545306636325,0.002894876672523316
16.56,50.12685839523805,50.0,0.0,-13.249019736626064,0.0,91.31545306636325,0.00263101393297345
16.580000000000002,50.12690773401836,50.0,0.0,-13.265736540527636,0.0,91.31545306636325,0.0023686880619261117
16.6,50.126951845821104,50.0,0.0,-13.282420402881543,0.0,91.31545306636325,0.002107929106642817
16.62,50.12699076235507,50.0,0.0,-13.299068933223268,0.0,91.31545306636325,0.0018487666446730293
16.64,50.12702451591468,50.0,0.0,-13.315679764353462,0.0,91.31545306636325,0.0015912297826583563
16.66,50.12705313937061,50.0,0.0,-13.33225055253957,0.0,91.31545306636325,0.0013353471552211586
16.68,50.12707666616031,50.0,0.0,-13.348778977712243,0.0,91.31545306636325,0.001081146923936553
16.7,50.12709513027854,50.0,0.0,-13.365262743656574,0.0,91.31545306636325,0.0008286567763851849
16.72,50.12710856626788,50.0,0.0,-13.381699578198157,0.0,91.31545306636325,0.0005779039252891365
16.740000000000002,50.127117009209215,50.0,0.0,-13.398087233383956,0.0,91.31545306636325,0.0003289151077286017
16.76,50.12712049471221,50.0,0.0,-13.41442348565802,0.0,91.31545306636325,8.171658443996705e-05
16.78,50.127119058905805,50.0,0.0,-13.430706136032057,0.0,91.31545306636325,-0.0001636658608065615
16.8,50.12711273842863,50.0,0.0,-13.44693301025086,0.0,91.31545306636325,-0.00040720692174908864
16.82,50.12710157041947,50.0,0.0,-13.463101958952583,0.0,91.31545306636325,-0.0006488817700955984
16.84,50.127085592507704,50.0,0.0,-13.479210857823936,0.0,91.31545306636325,-0.0008886660559091813
16.86,50.12706484280372,50.0,0.0,-13.495257607750258,0.0,91.31545306636325,-0.00112653590791161
16.88,50.127039359889345,50.0,0.0,-13.511240134960493,0.0,91.31545306636325,-0.0013624679337121226
16.9,50.12700918280827,50.0,0.0,-13.527156391167113,0.0,91.31545306636325,-0.0015964392199574761
16.92,50.12697435105647,50.0,0.0,-13.543004353700965,0.0,91.31545306636325,-0.0018284273324042518
16.94,50.12693490457259,50.0,0.0,-13.558782025641086,0.0,91.31545306636325,-0.002058410315917982
16.96,50.126890883728436,50.0,0.0,-13.574487435939487,0.0,91.31545306636325,-0.002286366694392814
16.98,50.126842329319295,50.0,0.0,-13.59011863954092,0.0,91.31545306636325,-0.0025122754705999076
17.0,50.12678928255446,50.0,0.0,-13.605673717497679,0.0,91.31545306636325,-0.0027361161259577957
17.02,50.12673178504759,50.0,0.0,-13.621150777079404,0.0,91.31545306636325,-0.0029578686202321354
17.04,50.126669878807185,50.0,0.0,-13.63654795187795,0.0,91.31545306636325,-0.0031775133911595517
17.06,50.126603606227015,50.0,0.0,-13.65186340190732,0.0,91.31545306636325,-0.003395031354000583
17.080000000000002,50.12653301007658,50.0,0.0,-13.667095313698676,0.0,91.31545306636325,-0.003610403901019028
17.1,50.12645813349159,50.0,0.0,-13.682241900390473,0.0,91.31545306636325,-0.0038236129008918833
17.12,50.12637901996442,50.0,0.0,-13.697301401813727,0.0,91.31545306636325,-0.004034640698045576
17.14,50.12629571333462,50.0,0.0,-13.712272084572428,0.0,91.31545306636325,-0.00424347011192494
17.16,50.12620825777943,50.0,0.0,-13.727152242119129,0.0,91.31545306636325,-0.004450084436190528
17.18,50.1261166978043,50.0,0.0,-13.741940194825755,0.0,91.31545306636325,-0.004654467437848117
17.2,50.126021078233414,50.0,0.0,-13.756634290049618,0.0,91.31545306636325,-0.004856603356309152
17.22,50.125921444200294,50.0,0.0,-13.77123290219469,0.0,91.31545306636325,-0.005056476902384106
17.240000000000002,50.12581784113835,50.0,0.0,-13.78573443276815,0.0,91.31545306636325,-0.005254073257208604
17.26,50.125710314771524,50.0,0.0,-13.800137310432243,0.0,91.31545306636325,-0.005449378071103247
17.28,50.12559891110487,50.0,0.0,-13.81443999105146,0.0,91.31545306636325,-0.005642377462368513
17.3,50.12548367641527,50.0,0.0,-13.828640957735066,0.0,91.31545306636325,-0.00583305801601231
17.32,50.125364657242066,50.0,0.0,-13.842738720875031,0.0,91.31545306636325,-0.006021406782417221
17.34,50.125241900377794,50.0,0.0,-13.856731818179359,0.0,91.31545306636325,-0.006207411275940193
17.36,50.12511545285893,50.0,0.0,-13.870618814700855,0.0,91.31545306636325,-0.00639105947345146
17.38,50.12498536195663,50.0,0.0,-13.88439830286137,0.0,91.31545306636325,-0.006572339812811122
17.400000000000002,50.12485167516757,50.0,0.0,-13.898068902471552,0.0,91.31545306636325,-0.006751241191283713
17.42,50.124714440204734,50.0,0.0,-13.911629260746102,0.0,91.31545306636325,-0.006927752963891841
17.44,50.12457370498832,50.0,0.0,-13.925078052314618,0.0,91.31545306636325,-0.007101864941710479
17.46,50.124429517636614,50.0,0.0,-13.938413979228013,0.0,91.31545306636325,-0.0072735673901011206
17.48,50.12428192645692,50.0,0.0,-13.95163577096056,0.0,91.31545306636325,-0.007442851026888087
17.5,50.124130979936595,50.0,0.0,-13.964742184407593,0.0,91.31545306636325,-0.007609707020475416
17.52,50.12397672673398,50.0,0.0,-13.977732003878895,0.0,91.31545306636325,-0.007774126987908278
17.54,50.123819215669485,50.0,0.0,-13.99060404108781,0.0,91.31545306636325,-0.007936102992877218
17.56,50.12365849571671,50.0,0.0,-14.003357135136103,0.0,91.31545306636325,-0.008095627543665822
17.580000000000002,50.12349461599354,50.0,0.0,-14.015990152494613,0.0,91.31545306636325,-0.008252693591044713
17.6,50.12332762575335,50.0,0.0,-14.02850198697972,0.0,91.31545306636325,-0.00840729452611094
17.62,50.123157574376194,50.0,0.0,-14.040891559725681,0.0,91.31545306636325,-0.008559424178072372
17.64,50.1229845113601,50.0,0.0,-14.053157819152844,0.0,91.31545306636325,-0.008709076811981612
17.66,50.12280848631238,50.0,0.0,-14.065299740931795,0.0,91.31545306636325,-0.008856247126416627
17.68,50.122629548940964,50.0,0.0,-14.077316327943478,0.0,91.31545306636325,-0.009000930251109186
17.7,50.12244774904584,50.0,0.0,-14.089206610235296,0.0,91.31545306636325,-0.009143121744525359
17.72,50.12226313651049,50.0,0.0,-14.10096964497325,0.0,91.31545306636325,-0.00928281759139317
17.740000000000002,50.122075761293395,50.0,0.0,-14.112604516390167,0.0,91.31545306636325,-0.009420014200183803
17.76,50.1218856734196,50.0,0.0,-14.124110335730025,0.0,91.31545306636325,-0.009554708400542709
17.78,50.12169292297233,50.0,0.0,-14.13548624118842,0.0,91.31545306636325,-0.009686897440674235
17.8,50.121497560084634,50.0,0.0,-14.146731397849228,0.0,91.31545306636325,-0.00981657898467999
17.82,50.12129963493111,50.0,0.0,-14.157844997617488,0.0,91.31545306636325,-0.009943751109848967
17.84,50.12109919771968,50.0,0.0,-14.168826259148544,0.0,91.31545306636325,-0.010068412303905188
17.86,50.120896298683405,50.0,0.0,-14.179674427773493,0.0,91.31545306636325,-0.010190561462209875
17.88,50.120690988072376,50.0,0.0,-14.19038877542097,0.0,91.31545306636325,-0.010310197884918692
17.900000000000002,50.120483316145666,50.0,0.0,-14.200968600535298,0.0,91.31545306636325,-0.010427321274098162
17.92,50.12027333316329,50.0,0.0,-14.211413227991088,0.0,91.31545306636325,-0.010541931730798832
17.94,50.12006108937831,50.0,0.0,-14.221722009004274,0.0,91.31545306636325,-0.010654029752087254
17.96,50.11984663502892,50.0,0.0,-14.231894321039652,0.0,91.31545306636325,-0.010763616228037655
17.98,50.119630020330625,50.0,0.0,-14.24192956771496,0.0,91.31545306636325,-0.010870692438682576
18.0,50.1194112954685,50.0,0.0,-14.25182717870154,0.0,91.31545306636325,-0.010975260050927537
18.02,50.11919051058949,50.0,0.0,-14.261586609621624,0.0,91.31545306636325,-0.011077321115423543
18.04,50.11896771579474,50.0,0.0,-14.271207341942272,0.0,91.31545306636325,-0.011176878063404555
18.06,50.11874296113205,50.0,0.0,-14.280688882866029,0.0,91.31545306636325,-0.011273933703488663
18.080000000000002,50.118516296588396,50.0,0.0,-14.290030765218308,0.0,91.31545306636325,-0.011368491218441351
18.1,50.118287772082425,50.0,0.0,-14.299232547331586,0.0,91.31545306636325,-0.011460554161905083
18.12,50.118057437457125,50.0,0.0,-14.308293812926404,0.0,91.31545306636325,-0.01155012645509428
18.14,50.1178253424725,50.0,0.0,-14.317214170989262,0.0,91.31545306636325,-0.01163721238345627
18.16,50.11759153679833,50.0,0.0,-14.325993255647406,0.0,91.31545306636325,-0.011721816593300695
18.18,50.11735607000699,50.0,0.0,-14.334630726040587,0.0,91.31545306636325,-0.01180394408839424
18.2,50.11711899156636,50.0,0.0,-14.34312626618982,0.0,91.31545306636325,-0.011883600226527612
18.22,50.116880350832766,50.0,0.0,-14.35147958486318,0.0,91.31545306636325,-0.011960790716049543
18.240000000000002,50.11664019704403,50.0,0.0,-14.35969041543868,0.0,91.31545306636325,-0.012035521612371123
18.26,50.11639857931255,50.0,0.0,-14.367758515764285,0.0,91.31545306636325,-0.01210779931444303
18.28,50.11615554661853,50.0,0.0,-14.375683668015098,0.0,91.31545306636325,-0.012177630561202659
18.3,50.115911147803125,50.0,0.0,-14.383465678547758,0.0,91.31545306636325,-0.01224502242799458
18.32,50.11566543156187,50.0,0.0,-14.3911043777521,0.0,91.31545306636325,-0.012309982322964796
18.34,50.115418446438,50.0,0.0,-14.398599619900118,0.0,91.31545306636325,-0.012372517983428954
18.36,50.115170240815914,50.0,0.0,-14.405951282992268,0.0,91.31545306636325,-0.012432637472214358
18.38,50.11492086291474,50.0,0.0,-14.413159268601177,0.0,91.31545306636325,-0.01249034917397935
18.400000000000002,50.11467036078192,50.0,0.0,-14.420223501712767,0.0,91.31545306636325,-0.012545661791507566
18.42,50.11441878228693,50.0,0.0,-14.427143930564876,0.0,91.31545306636325,-0.012598584341981044
18.44,50.11416617511498,50.0,0.0,-14.433920526483385,0.0,91.31545306636325,-0.012649126153229424
18.46,50.11391258676091,50.0,0.0,-14.440553283715934,0.0,91.31545306636325,-0.012697296859959515
18.48,50.11365806452305,50.0,0.0,-14.447042219263222,0.0,91.31545306636325,-0.012743106399962604
18.5,50.11340265549724,50.0,0.0,-14.453387372707985,0.0,91.31545306636325,-0.012786565010304233
18.52,50.11314640657087,50.0,0.0,-14.45958880604166,0.0,91.31545306636325,-0.012827683223492327
18.54,50.11288936441704,50.0,0.0,-14.465646603488807,0.0,91.31545306636325,-0.012866471863628968
18.56,50.112631575488756,50.0,0.0,-14.471560871329308,0.0,91.31545306636325,-0.012902942042543934
18.580000000000002,50.11237308601324,50.0,0.0,-14.477331737718394,0.0,91.31545306636325,-0.012937105155911188
18.6,50.112113941986294,50.0,0.0,-14.482959352504578,0.0,91.31545306636325,-0.012968972879349753
18.62,50.11185418916674,50.0,0.0,-14.488443887045468,0.0,91.31545306636325,-0.012998557164508621
18.64,50.11159387307097,50.0,0.0,-14.493785534021594,0.0,91.31545306636325,-0.013025870235137824
18.66,50.11133303896756,50.0,0.0,-14.498984507248199,0.0,91.31545306636325,-0.01305092458314519
18.68,50.1110717318719,50.0,0.0,-14.504041041485118,0.0,91.31545306636325,-0.013073732964639382
18.7,50.11080999654103,50.0,0.0,-14.508955392244753,0.0,91.31545306636325,-0.013094308395962342
18.72,50.110547877468434,50.0,0.0,-14.513727835598164,0.0,91.31545306636325,-0.013112664149707057
18.740000000000002,50.110285418879,50.0,0.0,-14.5183586679794,0.0,91.31545306636325,-0.013128813750726994
18.76,50.110022664724006,50.0,0.0,-14.52284820598801,0.0,91.31545306636325,-0.013142770972134794
18.78,50.109759658676204,50.0,0.0,-14.527196786189862,0.0,91.31545306636325,-0.013154549831289462
18.8,50.10949644412499,50.0,0.0,-14.531404764916278,0.0,91.31545306636325,-0.01316416458577682
18.82,50.109233064171654,50.0,0.0,-14.535472518061528,0.0,91.31545306636325,-0.013171629729381051
18.84,50.10896956162469,50.0,0.0,-14.539400440878742,0.0,91.31545306636325,-0.013176959988048723
18.86,50.10870597899523,50.0,0.0,-14.543188947774269,0.0,91.31545306636325,-0.013180170315845488
18.88,50.10844235849252,50.0,0.0,-14.546838472100532,0.0,91.31545306636325,-0.013181275890907646
18.900000000000002,50.10817874201947,50.0,0.0,-14.550349465947432,0.0,91.31545306636325,-0.013180292111387968
18.92,50.10791517116832,50.0,0.0,-14.553722399932335,0.0,91.31545306636325,-0.013177234591395935
18.94,50.1076516872164,50.0,0.0,-14.556957762988675,0.0,91.31545306636325,-0.013172119156935344
18.96,50.10738833112189,50.0,0.0,-14.560056062153253,0.0,91.31545306636325,-0.013164961841837628
18.98,50.107125143519745,50.0,0.0,-14.563017822352224,0.0,91.31545306636325,-0.01315577888369231
19.0,50.106862164717676,50.0,0.0,-14.565843586185869,0.0,91.31545306636325,-0.013144586719775852
19.02,50.106599434692185,50.0,0.0,-14.56853391371215,0.0,91.31545306636325,-0.013131401982979274
19.04,50.106336993084724,50.0,0.0,-14.571089382229118,0.0,91.31545306636325,-0.013116241497734023
19.06,50.1060748791979,50.0,0.0,-14.573510586056212,0.0,91.31545306636325,-0.013099122275938976
19.080000000000002,50.10581313199178,50.0,0.0,-14.575798136314473,0.0,91.31545306636325,-0.013080061512887152
19.1,50.10555179008029,50.0,0.0,-14.577952660705753,0.0,91.31545306636325,-0.013059076583194237
19.12,50.10529089172767,50.0,0.0,-14.579974803290924,0.0,91.31545306636325,-0.01303618503672763
19.14,50.10503047484499,50.0,0.0,-14.581865224267158,0.0,91.31545306636325,-0.013011404594540114
19.16,50.10477057698682,50.0,0.0,-14.583624599744292,0.0,91.31545306636325,-0.012984753144804623
19.18,50.10451123534794,50.0,0.0,-14.58525362152034,0.0,91.31545306636325,-0.012956248738752993
19.2,50.10425248676008,50.0,0.0,-14.586752996856204,0.0,91.31545306636325,-0.012925909586620286
19.22,50.10399436768884,50.0,0.0,-14.588123448249585,0.0,91.31545306636325,-0.0128937540535926
19.240000000000002,50.103736914230616,50.0,0.0,-14.589365713208183,0.0,91.31545306636325,-0.012859800655761724
19.26,50.10348016210965,50.0,0.0,-14.590480544022192,0.0,91.31545306636325,-0.01282406805608363
19.28,50.10322414667511,50.0,0.0,-14.591468707536153,0.0,91.31545306636325,-0.01278657506034683
19.3,50.10296890289835,50.0,0.0,-14.592330984920187,0.0,91.31545306636325,-0.012747340613145496
19.32,50.10271446537009,50.0,0.0,-14.59306817144067,0.0,91.31545306636325,-0.012706383793861352
19.34,50.102460868297854,50.0,0.0,-14.593681076230371,0.0,91.31545306636325,-0.012663723812654138
19.36,50.102208145503376,50.0,0.0,-14.594170522058098,0.0,91.31545306636325,-0.012619380006460547
19.38,50.10195633042008,50.0,0.0,-14.594537345097915,0.0,91.31545306636325,-0.012573371835004211
19.400000000000002,50.10170545609073,50.0,0.0,-14.594782394697924,0.0,91.31545306636325,-0.012525718876813662
19.42,50.10145555516507,50.0,0.0,-14.594906533148698,0.0,91.31545306636325,-0.01247644082525215
19.44,50.101206659897585,50.0,0.0,-14.59491063545137,0.0,91.31545306636325,-0.012425557484559356
19.46,50.10095880214533,50.0,0.0,-14.594795589085441,0.0,91.31545306636325,-0.01237308876590385
19.48,50.10071201336585,50.0,0.0,-14.594562293776331,0.0,91.31545306636325,-0.012319054683447739
19.5,50.10046632461515,50.0,0.0,-14.594211661262715,0.0,91.31545306636325,-0.012263475350424984
19.52,50.100221766545786,50.0,0.0,-14.593744615063688,0.0,91.31545306636325,-0.012206370975233072
19.54,50.099978369404994,50.0,0.0,-14.593162090245787,0.0,91.31545306636325,-0.012147761857537812
19.56,50.09973616303292,50.0,0.0,-14.592465033189919,0.0,91.31545306636325,-0.012087668384392878
19.580000000000002,50.09949517686092,50.0,0.0,-14.59165440135823,0.0,91.31545306636325,-0.0120261110263745
19.6,50.09925543990993,50.0,0.0,-14.590731163060937,0.0,91.31545306636325,-0.01196311033373185
19.62,50.09901698078894,50.0,0.0,-14.589696297223183,0.0,91.31545306636325,-0.011898686932552024
19.64,50.0987798276935,50.0,0.0,-14.588550793151937,0.0,91.31545306636325,-0.01183286152094314
19.66,50.09854400840434,50.0,0.0,-14.587295650302977,0.0,91.31545306636325,-0.011765654865233184
19.68,50.098309550286054,50.0,0.0,-14.585931878048008,0.0,91.31545306636325,-0.011697087796186015
19.7,50.09807648028587,50.0,0.0,-14.584460495441917,0.0,91.31545306636325,-0.011627181205236339
19.72,50.09784482493244,50.0,0.0,-14.582882530990233,0.0,91.31545306636325,-0.011555956040742171
19.740000000000002,50.09761461033481,50.0,0.0,-14.581199022416817,0.0,91.31545306636325,-0.011483433304255691
19.76,50.09738586218135,50.0,0.0,-14.579411016431814,0.0,91.31545306636325,-0.011409634046814575
19.78,50.097158605738834,50.0,0.0,-14.577519568499897,0.0,91.31545306636325,-0.011334579365251217
19.8,50.09693286585157,50.0,0.0,-14.575525742608848,0.0,91.31545306636325,-0.011258290398523512
19.82,50.096708666940614,50.0,0.0,-14.573430611038509,0.0,91.31545306636325,-0.01118078832406572
19.84,50.09648603300301,50.0,0.0,-14.571235254130121,0.0,91.31545306636325,-0.011102094354159655
19.86,50.096264987611164,50.0,0.0,-14.568940760056122,0.0,91.31545306636325,-0.011022229732327698
19.88,50.096045553912276,50.0,0.0,-14.566548224590381,0.0,91.31545306636325,-0.010941215729748132
19.900000000000002,50.0958277546278,50.0,0.0,-14.564058750878944,0.0,91.31545306636325,-0.010859073641691001
19.92,50.09561161205302,50.0,0.0,-14.561473449211324,0.0,91.31545306636325,-0.010775824783978944
19.94,50.0953971480567,50.0,0.0,-14.55879343679234,0.0,91.31545306636325,-0.010691490489468332
19.96,50.09518438408076,50.0,0.0,-14.556019837514564,0.0,91.31545306636325,-0.010606092104555844
19.98,50.09497334114007,50.0,0.0,-14.553153781731375,0.0,91.31545306636325,-0.010519650985707295
20.0,50.09476403982228,50.0,0.0,-14.550196406030707,0.0,91.31545306636325,-0.010432188496011699
20.02,50.09455650028772,50.0,0.0,-14.547148853009448,0.0,91.31545306636325,-0.010343726001759338
20.04,50.09435074226941,50.0,0.0,-14.544012271048588,0.0,91.31545306636325,-0.010254284869043982
20.06,50.094146785073086,50.0,0.0,-14.540787814089104,0.0,91.31545306636325,-0.010163886460391253
20.080000000000002,50.093944647577295,50.0,0.0,-14.53747664140863,0.0,91.31545306636325,-0.010072552131412693
20.1,50.09374434823361,50.0,0.0,-14.534079917398929,0.0,91.31545306636325,-0.009980303227483582
20.12,50.09354590506686,50.0,0.0,-14.530598811344216,0.0,91.31545306636325,-0.009887161080450116
20.14,50.09334933567545,50.0,0.0,-14.527034497200344,0.0,91.31545306636325,-0.009793147005360336
20.16,50.09315465723171,50.0,0.0,-14.523388153374881,0.0,91.31545306636325,-0.009698282297224185
20.18,50.09296188648236,50.0,0.0,-14.519660962508118,0.0,91.31545306636325,-0.009602588227797776
20.2,50.092771039749024,50.0,0.0,-14.51585411125502,0.0,91.31545306636325,-0.009506086042398628
20.22,50.09258213292877,50.0,0.0,-14.511968790068176,0.0,91.31545306636325,-0.009408796956745817
20.240000000000002,50.09239518149477,50.0,0.0,-14.508006192981725,0.0,91.31545306636325,-0.009310742153829349
20.26,50.09221020049697,50.0,0.0,-14.503967517396346,0.0,91.31545306636325,-0.009211942780808271
20.28,50.092027204562854,50.0,0.0,-14.499853963865286,0.0,91.31545306636325,-0.009112419945936685
20.3,50.09184620789826,50.0,0.0,-14.495666735881485,0.0,91.31545306636325,-0.009012194715518724
20.32,50.09166722428826,50.0,0.0,-14.491407039665804,0.0,91.31545306636325,-0.008911288110892058
20.34,50.09149026709809,50.0,0.0,-14.487076083956396,0.0,91.31545306636325,-0.008809721105443497
20.36,50.09131534927416,50.0,0.0,-14.482675079799233,0.0,91.31545306636325,-0.008707514621650337
20.38,50.091142483345095,50.0,0.0,-14.47820524033982,0.0,91.31545306636325,-0.008604689528154444
20.400000000000002,50.09097168142285,50.0,0.0,-14.473667780616125,0.0,91.31545306636325,-0.008501266636866088
20.42,50.09080295520387,50.0,0.0,-14.469063917352726,0.0,91.31545306636325,-0.008397266700096826
20.44,50.09063631597035,50.0,0.0,-14.464394868756232,0.0,91.31545306636325,-0.008292710407724481
20.46,50.090471774591485,50.0,0.0,-14.459661854311976,0.0,91.31545306636325,-0.008187618384388185
20.48,50.090309341524836,50.0,0.0,-14.454866094582007,0.0,91.31545306636325,-0.008082011186714642
20.5,50.09014902681769,50.0,0.0,-14.450008811004416,0.0,91.31545306636325,-0.007975909300576102
20.52,50.08999084010856,50.0,0.0,-14.445091225694,0.0,91.31545306636325,-0.00786933313837844
20.54,50.089834790628636,50.0,0.0,-14.440114561244295,0.0,91.31545306636325,-0.007762303036382854
20.56,50.08968088720337,50.0,0.0,-14.435080040531004,0.0,91.31545306636325,-0.007654839252057816
20.580000000000002,50.08952913825408,50.0,0.0,-14.429988886516831,0.0,91.31545306636325,-0.007546961961463733
20.6,50.08937955179961,50.0,0.0,-14.424842322057746,0.0,91.31545306636325,-0.0074386912566699725
20.62,50.089232135458026,50.0,0.0,-14.419641569710693,0.0,91.31545306636325,-0.007330047143203437
20.64,50.08908689644842,50.0,0.0,-14.414387851542783,0.0,91.31545306636325,-0.007221049537530342
20.66,50.088943841592666,50.0,0.0,-14.40908238894196,0.0,91.31545306636325,-0.007111718264571203
20.68,50.088802977317336,50.0,0.0,-14.403726402429184,0.0,91.31545306636325,-0.007002073055247449
20.7,50.08866430965556,50.0,0.0,-14.39832111147215,0.0,91.31545306636325,-0.006892133544061397
20.72,50.088527844249036,50.0,0.0,-14.392867734300525,0.0,91.31545306636325,-0.006781919266710618
20.740000000000002,50.088393586349994,50.0,0.0,-14.387367487722775,0.0,91.31545306636325,-0.006671449657733224
20.76,50.08826154082326,50.0,0.0,-14.381821586944556,0.0,91.31545306636325,-0.00656074404818874
20.78,50.08813171214836,50.0,0.0,-14.376231245388697,0.0,91.31545306636325,-0.0064498216633711745
20.8,50.08800410442167,50.0,0.0,-14.370597674516821,0.0,91.31545306636325,-0.006338701620556101
20.82,50.08787872135858,50.0,0.0,-14.364922083652571,0.0,91.31545306636325,-0.006227402926781994
20.84,50.087755566295755,50.0,0.0,-14.35920567980649,0.0,91.31545306636325,-0.006115944476663796
20.86,50.08763464219339,50.0,0.0,-14.35344966750256,0.0,91.31545306636325,-0.006004345050242427
20.88,50.08751595163754,50.0,0.0,-14.34765524860642,0.0,91.31545306636325,-0.00589262331086727
20.900000000000002,50.08739949684246,50.0,0.0,-14.341823622155284,0.0,91.31545306636325,-0.005780797803111996
20.92,50.08728527965304,50.0,0.0,-14.335955984189537,0.0,91.31545306636325,-0.005668886950726496
20.94,50.0871733015472,50.0,0.0,-14.330053527586077,0.0,91.31545306636325,-0.005556909054621001
20.96,50.08706356363844,50.0,0.0,-14.324117441893375,0.0,91.31545306636325,-0.005444882290886048
20.98,50.08695606667828,50.0,0.0,-14.318148913168288,0.0,91.31545306636325,-0.005332824708846261
21.0,50.08685081105888,50.0,0.0,-14.312149123814631,0.0,91.31545306636325,-0.005220754229147387
21.02,50.08674779681562,50.0,0.0,-14.306119252423507,0.0,91.31545306636325,-0.005108688641880614
21.04,50.08664702362971,50.0,0.0,-14.30006047361544,0.0,91.31545306636325,-0.004996645604738464
21.06,50.0865484908309,50.0,0.0,-14.293973957884287,0.0,91.31545306636325,-0.0048846426412063665
21.080000000000002,50.086452197400156,50.0,0.0,-14.287860871442964,0.0,91.31545306636325,-0.004772697138790198
21.1,50.08635814197242,50.0,0.0,-14.281722376070995,0.0,91.31545306636325,-0.004660826347274976
21.12,50.086266322839364,50.0,0.0,-14.275559628963874,0.0,91.31545306636325,-0.004549047377022426
21.14,50.08617673795224,50.0,0.0,-14.269373782584275,0.0,91.31545306636325,-0.004437377197299643
21.16,50.08608938492468,50.0,0.0,-14.26316598451511,0.0,91.31545306636325,-0.004325832634644387
21.18,50.08600426103559,50.0,0.0,-14.256937377314442,0.0,91.31545306636325,-0.004214430371263805
21.2,50.08592136323204,50.0,0.0,-14.250689098372268,0.0,91.31545306636325,-0.004103186943469011
21.22,50.08584068813223,50.0,0.0,-14.24442227976917,0.0,91.31545306636325,-0.003992118740143281
21.240000000000002,50.085762232028436,50.0,0.0,-14.238138048136866,0.0,91.31545306636325,-0.003881242001245826
21.26,50.08568599089002,50.0,0.0,-14.231837524520632,0.0,91.31545306636325,-0.003770572816348412
21.28,50.08561196036644,50.0,0.0,-14.225521824243645,0.0,91.31545306636325,-0.0036601271232086113
21.3,50.08554013579031,50.0,0.0,-14.219192056773208,0.0,91.31545306636325,-0.003549920706376454
21.32,50.08547051218049,50.0,0.0,-14.212849325588921,0.0,91.31545306636325,-0.0034399691958354717
21.34,50.085403084245186,50.0,0.0,-14.20649472805275,0.0,91.31545306636325,-0.0033302880656794855
21.36,50.08533784638507,50.0,0.0,-14.200129355281021,0.0,91.31545306636325,-0.0032208926328208785
21.38,50.08527479269648,50.0,0.0,-14.193754292018367,0.0,91.31545306636325,-0.0031117980557375607
21.400000000000002,50.08521391697456,50.0,0.0,-14.187370616513595,0.0,91.31545306636325,-0.0030030193332500742
21.42,50.08515521271649,50.0,0.0,-14.180979400397513,0.0,91.31545306636325,-0.002894571303335575
21.44,50.08509867312471,50.0,0.0,-14.174581708562684,0.0,91.31545306636325,-0.0027864686419745107
21.46,50.085044291110194,50.0,0.0,-14.168178599045154,0.0,91.31545306636325,-0.002678725862033191
21.48,50.084992059295686,50.0,0.0,-14.161771122908132,0.0,91.31545306636325,-0.0025713573121777344
21.5,50.084941970019045,50.0,0.0,-14.155360324127628,0.0,91.31545306636325,-0.002464377175824482
21.52,50.084894015336516,50.0,0.0,-14.148947239480055,0.0,91.31545306636325,-0.0023577994701230245
21.54,50.084848187026104,50.0,0.0,-14.142532898431808,0.0,91.31545306636325,-0.0022516380449732094
21.56,50.08480447659091,50.0,0.0,-14.136118323030802,0.0,91.31545306636325,-0.0021459065820756086
21.580000000000002,50.08476287526252,50.0,0.0,-14.129704527799994,0.0,91.31545306636325,-0.0020406185940159407
21.6,50.08472337400439,50.0,0.0,-14.123292519632884,0.0,91.31545306636325,-0.0019357874233834219
21.62,50.084685963515255,50.0,0.0,-14.116883297690967,0.0,91.31545306636325,-0.0018314262419209418
21.64,50.08465063423256,50.0,0.0,-14.110477853303207,0.0,91.31545306636325,-0.0017275480497097493
21.66,50.084617376335906,50.0,0.0,-14.104077169867455,0.0,91.31545306636325,-0.0016241656743878259
21.68,50.08458617975051,50.0,0.0,-14.09768222275387,0.0,91.31545306636325,-0.0015212917703990398
21.7,50.084557034150656,50.0,0.0,-14.091293979210304,0.0,91.31545306636325,-0.0014189388182776746
21.72,50.084529928963214,50.0,0.0,-14.084913398269695,0.0,91.31545306636325,-0.001317119123964073
21.740000000000002,50.084504853371115,50.0,0.0,-14.078541430659415,0.0,91.31545306636325,-0.0012158448181535356
21.76,50.08448179631689,50.0,0.0,-14.072179018712623,0.0,91.31545306636325,-0.001115127855678116
21.78,50.084460746506146,50.0,0.0,-14.065827096281575,0.0,91.31545306636325,-0.0010149800149194886
21.8,50.084441692411175,50.0,0.0,-14.05948658865294,0.0,91.31545306636325,-0.0009154128972551753
21.82,50.08442462227443,50.0,0.0,-14.053158412465077,0.0,91.31545306636325,-0.0008164379265363287
21.84,50.084409524112125,50.0,0.0,-14.046843475627297,0.0,91.31545306636325,-0.000718066348598229
21.86,50.084396385717774,50.0,0.0,-14.0405426772411,0.0,91.31545306636325,-0.0006203092308005857
21.88,50.0843851946658,50.0,0.0,-14.034256907523387,0.0,91.31545306636325,-0.0005231774616017767
21.900000000000002,50.08437593831508,50.0,0.0,-14.02798704773163,0.0,91.31545306636325,-0.00042668175016218773
21.92,50.08436860381256,50.0,0.0,-14.021733970091036,0.0,91.31545306636325,-0.00033083262598125656
21.94,50.084363178096844,50.0,0.0,-14.015498537723646,0.0,91.31545306636325,-0.00023564043856312837
21.96,50.0843596479018,50.0,0.0,-14.009281604579423,0.0,91.31545306636325,-0.0001411153571148961
21.98,50.084357999760165,50.0,0.0,-14.003084015369273,0.0,91.31545306636325,-4.726737027538809e-05
22.0,50.084358220007175,50.0,0.0,-13.996906605500048,0.0,91.31545306636325,4.589371412698746e-05
22.02,50.084360294784155,50.0,0.0,-13.990750201011467,0.0,91.31545306636325,0.0001383582692843857
22.04,50.08436421004217,50.0,0.0,-13.984615618515015,0.0,91.31545306636325,0.00023011684958994632
22.06,50.08436995154563,50.0,0.0,-13.978503665134758,0.0,91.31545306636325,0.0003211601907884296
22.080000000000002,50.08437750487595,50.0,0.0,-13.972415138450103,0.0,91.31545306636325,0.00041147921009844436
22.1,50.084386855435135,50.0,0.0,-13.966350826440495,0.0,91.31545306636325,0.0005010650063016907
22.12,50.08439798844943,50.0,0.0,-13.960311507432024,0.0,91.31545306636325,0.0005899088598070486
22.14,50.084410888973,50.0,0.0,-13.954297950045968,0.0,91.31545306636325,0.0006780022326817074
22.16,50.08442554189147,50.0,0.0,-13.948310913149232,0.0,91.31545306636325,0.0007653367686567373
22.18,50.08444193192565,50.0,0.0,-13.942351145806711,0.0,91.31545306636325,0.0008519042931010257
22.2,50.08446004363511,50.0,0.0,-13.93641938723554,0.0,91.31545306636325,0.0009376968129692272
22.22,50.08447986142183,50.0,0.0,-13.930516366761243,0.0,91.31545306636325,0.0010227065167189551
22.240000000000002,50.08450136953383,50.0,0.0,-13.92464280377576,0.0,91.31545306636325,0.001106925774202678
22.26,50.084524552068785,50.0,0.0,-13.918799407697376,0.0,91.31545306636325,0.0011903471365290663
22.28,50.084549392977664,50.0,0.0,-13.91298687793249,0.0,91.31545306636325,0.0012729633358984278
22.3,50.084575876068335,50.0,0.0,-13.907205903839268,0.0,91.31545306636325,0.0013547672854112218
22.32,50.0846039850092,50.0,0.0,-13.90145716469315,0.0,91.31545306636325,0.0014357520788466382
22.34,50.08463370333278,50.0,0.0,-13.8957413296542,0.0,91.31545306636325,0.0015159109904181235
22.36,50.08466501443933,50.0,0.0,-13.890059057736288,0.0,91.31545306636325,0.0015952374744995644
22.38,50.08469790160046,50.0,0.0,-13.884410997778113,0.0,91.31545306636325,0.0016737251653248576
22.400000000000002,50.08473234796268,50.0,0.0,-13.878797788416046,0.0,91.31545306636325,0.0017513678766643082
22.42,50.08476833655104,50.0,0.0,-13.873220058058777,0.0,91.31545306636325,0.0018281596014707846
22.44,50.08480585027269,50.0,0.0,-13.86767842486378,0.0,91.31545306636325,0.001904094511503993
22.46,50.08484487192041,50.0,0.0,-13.86217349671554,0.0,91.31545306636325,0.0019791669569270537
22.48,50.08488538417625,50.0,0.0,-13.856705871205607,0.0,91.31545306636325,0.002053371465878672
22.5,50.084927369615016,50.0,0.0,-13.851276135614375,0.0,91.31545306636325,0.0021267027440205477
22.52,50.08497081070785,50.0,0.0,-13.84588486689467,0.0,91.31545306636325,0.002199155674059103
22.54,50.08501568982576,50.0,0.0,-13.84053263165705,0.0,91.31545306636325,0.0022707253152443973
22.56,50.08506198924313,50.0,0.0,-13.83521998615687,0.0,91.31545306636325,0.0023414069028433048
22.580000000000002,50.08510969114125,50.0,0.0,-13.829947476283078,0.0,91.31545306636325,0.002411195847589897
22.6,50.08515877761181,50.0,0.0,-13.824715637548715,0.0,91.31545306636325,0.002480087735112179
22.62,50.085209230660396,50.0,0.0,-13.819524995083142,0.0,91.31545306636325,0.0025480783253334694
22.64,50.08526103220996,50.0,0.0,-13.814376063625948,0.0,91.31545306636325,0.002615163551854608
22.66,50.08531416410428,50.0,0.0,-13.809269347522553,0.0,91.31545306636325,0.0026813395213086313
22.68,50.08536860811145,50.0,0.0,-13.804205340721484,0.0,91.31545306636325,0.0027466025126973246
22.7,50.085424345927265,50.0,0.0,-13.79918452677331,0.0,91.31545306636325,0.0028109489767017123
22.72,50.08548135917869,50.0,0.0,-13.794207378831226,0.0,91.31545306636325,0.0028743755349731038
22.740000000000002,50.08553962942723,50.0,0.0,-13.789274359653279,0.0,91.31545306636325,0.0029368789794014956
22.76,50.08559913817237,50.0,0.0,-13.784385921606207,0.0,91.31545306636325,0.0029984562713627565
22.78,50.085659866854925,50.0,0.0,-13.779542506670916,0.0,91.31545306636325,0.0030591045409433435
22.8,50.085721796860405,50.0,0.0,-13.774744546449524,0.0,91.31545306636325,0.0031188210861463625
22.82,50.08578490952238,50.0,0.0,-13.769992462174006,0.0,91.31545306636325,0.003177603372075078
22.84,50.0858491861258,50.0,0.0,-13.765286664716431,0.0,91.31545306636325,0.003235449030097107
22.86,50.0859146079103,50.0,0.0,-13.76062755460072,0.0,91.31545306636325,0.0032923558569879466
22.88,50.08598115607352,50.0,0.0,-13.756015522015984,0.0,91.31545306636325,0.0033483218140553292
22.900000000000002,50.08604881177438,50.0,0.0,-13.751450946831378,0.0,91.31545306636325,0.0034033450262439427
22.92,50.086117556136315,50.0,0.0,-13.746934198612482,0.0,91.31545306636325,0.0034574237812200854
22.94,50.08618737025055,50.0,0.0,-13.74246563663919,0.0,91.31545306636325,0.003510556528438727
22.96,50.08625823517931,50.0,0.0,-13.738045609925074,0.0,91.31545306636325,0.003562741878190509
22.98,50.08633013195901,50.0,0.0,-13.733674457238244,0.0,91.31545306636325,0.003613978600632327
23.0,50.08640304160349,50.0,0.0,-13.729352507123672,0.0,91.31545306636325,0.003664265624797786
23.02,50.08647694510711,50.0,0.0,-13.725080077926943,0.0,91.31545306636325,0.0037136020375905807
23.04,50.086551823447955,50.0,0.0,-13.720857477819466,0.0,91.31545306636325,0.0037619870827616956
23.06,50.08662765759092,50.0,0.0,-13.716685004825095,0.0,91.31545306636325,0.0038094201598671317
23.080000000000002,50.086704428490826,50.0,0.0,-13.712562946848145,0.0,91.31545306636325,0.003855900823210896
23.1,50.08678211709551,50.0,0.0,-13.708491581702814,0.0,91.31545306636325,0.0039014287807700994
23.12,50.08686070434889,50.0,0.0,-13.70447117714398,0.0,91.31545306636325,0.003946003893103149
23.14,50.08694017119396,50.0,0.0,-13.700501990899339,0.0,91.31545306636325,0.003989626172244683
23.16,50.08702049857585,50.0,0.0,-13.696584270702912,0.0,91.31545306636325,0.00403229578058113
23.18,50.08710166744482,50.0,0.0,-13.692718254329872,0.0,91.31545306636325,0.004074013029714006
23.2,50.0871836587592,50.0,0.0,-13.688904169632684,0.0,91.31545306636325,0.004114778379305701
23.22,50.08726645348834,50.0,0.0,-13.685142234578544,0.0,91.31545306636325,0.004154592435911812
23.240000000000002,50.08735003261557,50.0,0.0,-13.681432657288104,0.0,91.31545306636325,0.0041934559517991035
23.26,50.08743437714105,50.0,0.0,-13.677775636075472,0.0,91.31545306636325,0.0042313698237471335
23.28,50.087519468084686,50.0,0.0,-13.67417135948945,0.0,91.31545306636325,0.004268335091839269
23.3,50.08760528648896,50.0,0.0,-13.670620006356012,0.0,91.31545306636325,0.004304352938236836
23.32,50.08769181342175,50.0,0.0,-13.667121745822024,0.0,91.31545306636325,0.004339424685942103
23.34,50.087779029979146,50.0,0.0,-13.663676737400134,0.0,91.31545306636325,0.004373551797546496
23.36,50.087866917288224,50.0,0.0,-13.660285131014879,0.0,91.31545306636325,0.004406735873967709
23.38,50.087955456509796,50.0,0.0,-13.656947067049947,0.0,91.31545306636325,0.004438978653173014
23.400000000000002,50.088044628841125,50.0,0.0,-13.653662676396609,0.0,91.31545306636325,0.004470282008891145
23.42,50.08813441551863,50.0,0.0,-13.650432080503286,0.0,91.31545306636325,0.004500647949311149
23.44,50.08822479782058,50.0,0.0,-13.647255391426237,0.0,91.31545306636325,0.004530078615771796
23.46,50.08831575706969,50.0,0.0,-13.644132711881356,0.0,91.31545306636325,0.004558576281437414
23.48,50.08840727463579,50.0,0.0,-13.641064135297063,0.0,91.31545306636325,0.004586143349964005
23.5,50.0884993319384,50.0,0.0,-13.638049745868273,0.0,91.31545306636325,0.00461278235415393
23.52,50.08859191044929,50.0,0.0,-13.635089618611419,0.0,91.31545306636325,0.004638495954600388
23.54,50.088684991695025,50.0,0.0,-13.632183819420515,0.0,91.31545306636325,0.004663286938322685
23.56,50.08877855725949,50.0,0.0,-13.62933240512424,0.0,91.31545306636325,0.004687158217390052
23.580000000000002,50.08887258878632,50.0,0.0,-13.626535423544059,0.0,91.31545306636325,0.0047101128275361575
23.6,50.08896706798145,50.0,0.0,-13.623792913553293,0.0,91.31545306636325,0.004732153926766536
23.62,50.08906197661544,50.0,0.0,-13.621104905137203,0.0,91.31545306636325,0.004753284793953123
23.64,50.089157296525954,50.0,0.0,-13.618471419454009,0.0,91.31545306636325,0.004773508827424359
23.66,50.08925300962008,50.0,0.0,-13.615892468896858,0.0,91.31545306636325,0.00479282954354313
23.68,50.089349097876706,50.0,0.0,-13.613368057156729,0.0,91.31545306636325,0.004811250575279231
23.7,50.08944554334882,50.0,0.0,-13.61089817928622,0.0,91.31545306636325,0.004828775670772794
23.72,50.0895423281658,50.0,0.0,-13.608482821764257,0.0,91.31545306636325,0.004845408691890324
23.740000000000002,50.08963943453564,50.0,0.0,-13.606121962561657,0.0,91.31545306636325,0.004861153612773301
23.76,50.08973684474724,50.0,0.0,-13.60381557120756,0.0,91.31545306636325,0.004876014518380276
23.78,50.089834541172564,50.0,0.0,-13.601563608856697,0.0,91.31545306636325,0.004889995603022216
23.8,50.08993250626878,50.0,0.0,-13.59936602835748,0.0,91.31545306636325,0.0049031011688901865
23.82,50.090030722580465,50.0,0.0,-13.597222774320908,0.0,91.31545306636325,0.004915335624579264
23.84,50.090129172741676,50.0,0.0,-13.59513378319026,0.0,91.31545306636325,0.004926703483604224
23.86,50.090227839478025,50.0,0.0,-13.59309898331156,0.0,91.31545306636325,0.004937209362911283
23.88,50.090326705608746,50.0,0.0,-13.591118295004803,0.0,91.31545306636325,0.0049468579813827405
23.900000000000002,50.09042575404872,50.0,0.0,-13.589191630635915,0.0,91.31545306636325,0.004955654158339452
23.92,50.09052496781042,50.0,0.0,-13.587318894689442,0.0,91.31545306636325,0.004963602812034891
23.94,50.09062433000594,50.0,0.0,-13.585499983841945,0.0,91.31545306636325,0.004970708958148447
23.96,50.09072382384887,50.0,0.0,-13.58373478703608,0.0,91.31545306636325,0.004976977708271167
23.98,50.090823432656215,50.0,0.0,-13.582023185555357,0.0,91.31545306636325,0.004982414268389664
24.0,50.09092313985028,50.0,0.0,-13.580365053099554,0.0,91.31545306636325,0.004987023937366451
24.02,50.09102292896047,50.0,0.0,-13.578760255860768,0.0,91.31545306636325,0.004990812105414316
24.04,50.091122783625124,50.0,0.0,-13.57720865260009,0.0,91.31545306636325,0.004993784252571225
24.060000000000002,50.091222687593294,50.0,0.0,-13.575710094724883,0.0,91.31545306636325,0.004995945947170003
24.080000000000002,50.09132262472649,50.0,0.0,-13.574264426366657,0.0,91.31545306636325,0.004997302844304652
24.1,50.09142257900037,50.0,0.0,-13.572871484459508,0.0,91.31545306636325,0.0049978606842974544
24.12,50.09152253450648,50.0,0.0,-13.571531098819117,0.0,91.31545306636325,0.004997625291160635
24.14,50.091622475453846,50.0,0.0,-13.570243092222292,0.0,91.31545306636325,0.004996602571058401
24.16,50.091722386170645,50.0,0.0,-13.569007280487023,0.0,91.31545306636325,0.004994798510765868
24.18,50.09182225110577,50.0,0.0,-13.567823472553053,0.0,91.31545306636325,0.004992219176127961
24.2,50.0919220548304,50.0,0.0,-13.566691470562935,0.0,91.31545306636325,0.004988870710516746
24.22,50.092021782039545,50.0,0.0,-13.565611069943564,0.0,91.31545306636325,0.004984759333287412
24.240000000000002,50.092121417553535,50.0,0.0,-13.564582059488162,0.0,91.31545306636325,0.004979891338234227
24.26,50.09222094631948,50.0,0.0,-13.563604221438704,0.0,91.31545306636325,0.0049742730920466355
24.28,50.092320353412724,50.0,0.0,-13.562677331568779,0.0,91.31545306636325,0.004967911032763387
24.3,50.09241962403824,50.0,0.0,-13.561801159266848,0.0,91.31545306636325,0.004960811668229627
24.32,50.09251874353203,50.0,0.0,-13.560975467619894,0.0,91.31545306636325,0.0049529815745517885
24.34,50.092617697362435,50.0,0.0,-13.560200013497456,0.0,91.31545306636325,0.004944427394555198
24.36,50.09271647113148,50.0,0.0,-13.559474547636013,0.0,91.31545306636325,0.004935155836240583
24.38,50.09281505057614,50.0,0.0,-13.558798814723724,0.0,91.31545306636325,0.004925173671243719
24.400000000000002,50.09291342156962,50.0,0.0,-13.558172553485486,0.0,91.31545306636325,0.004914487733294367
24.42,50.093011570122535,50.0,0.0,-13.557595496768304,0.0,91.31545306636325,0.004903104916678806
24.44,50.09310948238414,50.0,0.0,-13.557067371626971,0.0,91.31545306636325,0.004891032174703303
24.46,50.09320714464348,50.0,0.0,-13.556587899410008,0.0,91.31545306636325,0.0048782765181584285
24.48,50.093304543330504,50.0,0.0,-13.556156795845887,0.0,91.31545306636325,0.004864845013788132
24.5,50.09340166501718,50.0,0.0,-13.555773771129486,0.0,91.31545306636325,0.004850744782759399
24.52,50.09349849641859,50.0,0.0,-13.555438530008804,0.0,91.31545306636325,0.004835982999135228
24.54,50.093595024393906,50.0,0.0,-13.555150771871864,0.0,91.31545306636325,0.004820566888350206
24.560000000000002,50.093691235947446,50.0,0.0,-13.554910190833839,0.0,91.31545306636325,0.004804503725690934
24.580000000000002,50.093787118229656,50.0,0.0,-13.554716475824366,0.0,91.31545306636325,0.004787800834776922
24.6,50.09388265853802,50.0,0.0,-13.554569310675017,0.0,91.31545306636325,0.004770465586047077
24.62,50.09397784431801,50.0,0.0,-13.554468374206946,0.0,91.31545306636325,0.0047525053952507355
24.64,50.09407266316397,50.0,0.0,-13.554413340318668,0.0,91.31545306636325,0.00473392772194
24.66,50.094167102819945,50.0,0.0,-13.55440387807397,0.0,91.31545306636325,0.0047147400679684965
24.68,50.094261151180554,50.0,0.0,-13.55443965178993,0.0,91.31545306636325,0.004694949975993963
24.7,50.094354796291746,50.0,0.0,-13.554520321125043,0.0,91.31545306636325,0.004674565027986153
24.72,50.094448026351586,50.0,0.0,-13.554645541167421,0.0,91.31545306636325,0.0046535928437370375
24.740000000000002,50.094540829711,50.0,0.0,-13.554814962523063,0.0,91.31545306636325,0.004632041079379716
24.76,50.094633194874476,50.0,0.0,-13.555028231404195,0.0,91.31545306636325,0.004609917425910197
24.78,50.09472511050072,50.0,0.0,-13.555284989717624,0.0,91.31545306636325,0.004587229607714049
24.8,50.094816565403356,50.0,0.0,-13.555584875153137,0.0,91.31545306636325,0.004563985381101589
24.82,50.0949075485515,50.0,0.0,-13.555927521271911,0.0,91.31545306636325,0.004540192532845559
24.84,50.09499804907037,50.0,0.0,-13.556312557594914,0.0,91.31545306636325,0.004515858878726923
24.86,50.09508805624185,50.0,0.0,-13.556739609691288,0.0,91.31545306636325,0.004490992262086655
24.88,50.09517755950502,50.0,0.0,-13.55720829926671,0.0,91.31545306636325,0.004465600552382003
24.900000000000002,50.09526654845665,50.0,0.0,-13.557718244251706,0.0,91.31545306636325,0.004439691643752352
24.92,50.095355012851705,50.0,0.0,-13.558269058889907,0.0,91.31545306636325,0.004413273453589664
24.94,50.09544294260375,50.0,0.0,-13.558860353826233,0.0,91.31545306636325,0.0043863539211154885
24.96,50.09553032778542,50.0,0.0,-13.559491736194994,0.0,91.31545306636325,0.004358941005967687
24.98,50.09561715862875,50.0,0.0,-13.560162809707894,0.0,91.31545306636325,0.004331042686790804
25.0,50.09570342552559,50.0,0.0,-13.560873174741923,0.0,91.31545306636325,0.004302666959837185
25.02,50.09578911902793,50.0,0.0,-13.561622428427128,0.0,91.31545306636325,0.004273821837573005
25.04,50.09587422984816,50.0,0.0,-13.562410164734246,0.0,91.31545306636325,0.004244515347294522
25.060000000000002,50.09595874885942,50.0,0.0,-13.563235974562183,0.0,91.31545306636325,0.004214755529749153
25.080000000000002,50.09604266709581,50.0,0.0,-13.564099445825333,0.0,91.31545306636325,0.004184550437768485
25.1,50.096125975752614,50.0,0.0,-13.565000163540729,0.0,91.31545306636325,0.004153908134905554
25.12,50.09620866618652,50.0,0.0,-13.565937709914996,0.0,91.31545306636325,0.004122836694083599
25.14,50.096290729915765,50.0,0.0,-13.56691166443112,0.0,91.31545306636325,0.004091344196251783
25.16,50.09637215862029,50.0,0.0,-13.567921603934977,0.0,91.31545306636325,0.004059438729049531
25.18,50.09645294414187,50.0,0.0,-13.568967102721675,0.0,91.31545306636325,0.004027128385480788
25.2,50.096533078484185,50.0,0.0,-13.570047732621626,0.0,91.31545306636325,0.003994421262595274
25.22,50.096612553812896,50.0,0.0,-13.571163063086392,0.0,91.31545306636325,0.003961325460182227
25.240000000000002,50.096691362455665,50.0,0.0,-13.57231266127426,0.0,91.31545306636325,0.0039278490794688375
25.26,50.0967694969022,50.0,0.0,-13.573496092135558,0.0,91.31545306636325,0.0038940002218326615
25.28,50.09684694980422,50.0,0.0,-13.57471291849767,0.0,91.31545306636325,0.0038597869875199166
25.3,50.096923713975414,50.0,0.0,-13.575962701149786,0.0,91.31545306636325,0.0038252174743752996
25.32,50.09699978239139,50.0,0.0,-13.577244998927299,0.0,91.31545306636325,0.0037902997765817017
25.34,50.097075148189596,50.0,0.0,-13.578559368795945,0.0,91.31545306636325,0.0037550419834089894
25.36,50.09714980466915,50.0,0.0,-13.579905365935577,0.0,91.31545306636325,0.003719452177972431
25.38,50.09722374529078,50.0,0.0,-13.581282543823603,0.0,91.31545306636325,0.0036835384360034483
25.400000000000002,50.09729696367661,50.0,0.0,-13.582690454318087,0.0,91.31545306636325,0.003647308824628078
25.42,50.09736945360998,50.0,0.0,-13.58412864774049,0.0,91.31545306636325,0.003610771401157237
25.44,50.09744120903524,50.0,0.0,-13.585596672958038,0.0,91.31545306636325,0.003573934211887355
25.46,50.097512224057525,50.0,0.0,-13.587094077465705,0.0,91.31545306636325,0.003536805290911047
25.48,50.09758249294248,50.0,0.0,-13.588620407467818,0.0,91.31545306636325,0.0034993926589395297
25.5,50.09765201011599,50.0,0.0,-13.59017520795925,0.0,91.31545306636325,0.0034617043221346184
25.52,50.09772077016386,50.0,0.0,-13.591758022806216,0.0,91.31545306636325,0.0034237482709527614
25.54,50.09778876783151,50.0,0.0,-13.593368394826634,0.0,91.31545306636325,0.003385532478999186
25.560000000000002,50.09785599802358,50.0,0.0,-13.595005865870068,0.0,91.31545306636325,0.003347064901894063
25.580000000000002,50.09792245580362,50.0,0.0,-13.596669976897232,0.0,91.31545306636325,0.0033083534761497177
25.6,50.09798813639364,50.0,0.0,-13.598360268059041,0.0,91.31545306636325,0.003269406118057377
25.62,50.098053035173706,50.0,0.0,-13.60007627877521,0.0,91.31545306636325,0.00323023072258923
25.64,50.09811714768152,50.0,0.0,-13.60181754781238,0.0,91.31545306636325,0.0031908351623077275
25.66,50.09818046961194,50.0,0.0,-13.603583613361778,0.0,91.31545306636325,0.003151227286289269
25.68,50.098242996816495,50.0,0.0,-13.605374013116384,0.0,91.31545306636325,0.003111414919058698
25.7,50.09830472530288,50.0,0.0,-13.607188284347615,0.0,91.31545306636325,0.0030714058595349945
25.72,50.09836565123446,50.0,0.0,-13.609025963981505,0.0,91.31545306636325,0.0030312078799903624
25.740000000000002,50.09842577092967,50.0,0.0,-13.610886588674369,0.0,91.31545306636325,0.0029908287250186697
25.76,50.09848508086151,50.0,0.0,-13.612769694887955,0.0,91.31545306636325,0.002950276110519061
25.78,50.098543577656905,50.0,0.0,-13.614674818964081,0.0,91.31545306636325,0.002909557722689533
25.8,50.09860125809613,50.0,0.0,-13.616601497198717,0.0,91.31545306636325,0.002868681217032529
25.82,50.09865811911218,50.0,0.0,-13.61854926591554,0.0,91.31545306636325,0.002827654217373646
25.84,50.09871415779012,50.0,0.0,-13.62051766153895,0.0,91.31545306636325,0.002786484314892698
25.86,50.09876937136641,50.0,0.0,-13.6225062206665,0.0,91.31545306636325,0.00274517906716625
25.88,50.09882375722824,50.0,0.0,-13.624514480140794,0.0,91.31545306636325,0.0027037459972232792
25.900000000000002,50.09887731291282,50.0,0.0,-13.626541977120798,0.0,91.31545306636325,0.0026621925926122152
25.92,50.098930036106644,50.0,0.0,-13.628588249152575,0.0,91.31545306636325,0.002620526304482945
25.94,50.09898192464479,50.0,0.0,-13.630652834239436,0.0,91.31545306636325,0.0025787545466774797
25.96,50.0990329765101,50.0,0.0,-13.632735270911505,0.0,91.31545306636325,0.002536884694837443
25.98,50.09908318983248,50.0,0.0,-13.634835098294678,0.0,91.31545306636325,0.00249492408552055
26.0,50.09913256288804,50.0,0.0,-13.636951856178987,0.0,91.31545306636325,0.002452880015332489
26.02,50.09918109409833,50.0,0.0,-13.639085085086345,0.0,91.31545306636325,0.002410759740070068
26.04,50.099228782029485,50.0,0.0,-13.641234326337672,0.0,91.31545306636325,0.0023685704738775197
26.060000000000002,50.0992756253914,50.0,0.0,-13.643399122119414,0.0,91.31545306636325,0.0023263193884160973
26.080000000000002,50.09932162303687,50.0,0.0,-13.645579015549417,0.0,91.31545306636325,0.002284013612045417
26.1,50.099366773960696,50.0,0.0,-13.647773550742171,0.0,91.31545306636325,0.0022416602290184625
26.12,50.09941107729881,50.0,0.0,-13.649982272873414,0.0,91.31545306636325,0.002199266278689701
26.14,50.09945453232735,50.0,0.0,-13.652204728244103,0.0,91.31545306636325,0.0021568387547360956
26.16,50.099497138461764,50.0,0.0,-13.65444046434371,0.0,91.31545306636325,0.002114384604390084
26.18,50.099538895255854,50.0,0.0,-13.656689029912874,0.0,91.31545306636325,0.0020719107276866103
26.2,50.099579802400804,50.0,0.0,-13.658949975005404,0.0,91.31545306636325,0.002029423976723095
26.22,50.099619859724264,50.0,0.0,-13.6612228510496,0.0,91.31545306636325,0.001986931154932707
26.240000000000002,50.09965906718931,50.0,0.0,-13.663507210908895,0.0,91.31545306636325,0.0019444390163687588
26.26,50.09969742489349,50.0,0.0,-13.665802608941855,0.0,91.31545306636325,0.0019019542650052742
26.28,50.09973493306779,50.0,0.0,-13.668108601061466,0.0,91.31545306636325,0.001859483554047933
26.3,50.099771592075626,50.0,0.0,-13.670424744793753,0.0,91.31545306636325,0.0018170334852598276
26.32,50.09980740241179,50.0,0.0,-13.672750599335705,0.0,91.31545306636325,0.0017746106082996043
26.34,50.099842364701416,50.0,0.0,-13.675085725612513,0.0,91.31545306636325,0.001732221420072804
26.36,50.09987647969891,50.0,0.0,-13.677429686334102,0.0,91.31545306636325,0.0016898723640963245
26.38,50.099909748286855,50.0,0.0,-13.679782046050976,0.0,91.31545306636325,0.0016475698298758004
26.400000000000002,50.09994217147497,50.0,0.0,-13.682142371209348,0.0,91.31545306636325,0.001605320152297696
26.42,50.09997375039897,50.0,0.0,-13.684510230205573,0.0,91.31545306636325,0.0015631296110311759
26.44,50.10000448631947,50.0,0.0,-13.68688519343986,0.0,91.31545306636325,0.0015210044299467445
26.46,50.10003438062085,50.0,0.0,-13.689266833369272,0.0,91.31545306636325,0.001478950776545872
26.48,50.10006343481013,50.0,0.0,-13.691654724560017,0.0,91.31545306636325,0.0014369747614044386
26.5,50.10009165051585,50.0,0.0,-13.694048443739012,0.0,91.31545306636325,0.0013950824376288038
26.52,50.10011902948684,50.0,0.0,-13.696447569844729,0.0,91.31545306636325,0.0013532798003253771
26.54,50.10014557359115,50.0,0.0,-13.698851684077306,0.0,91.31545306636325,0.0013115727860835247
26.560000000000002,50.1001712848148,50.0,0.0,-13.701260369947947,0.0,91.31545306636325,0.001269967272471076
26.580000000000002,50.100196165260606,50.0,0.0,-13.703673213327573,0.0,91.31545306636325,0.0012284690775427778
26.6,50.10022021714703,50.0,0.0,-13.706089802494748,0.0,91.31545306636325,0.0011870839593619128
26.62,50.100243442806914,50.0,0.0,-13.708509728182886,0.0,91.31545306636325,0.0011458176155360645
26.64,50.1002658446863,50.0,0.0,-13.71093258362669,0.0,91.31545306636325,0.0011046756827629012
26.66,50.1002874253432,50.0,0.0,-13.713357964607876,0.0,91.31545306636325,0.001063663736393012
26.68,50.100308187446345,50.0,0.0,-13.715785469500151,0.0,91.31545306636325,0.0010227872900020305
26.7,50.10032813377399,50.0,0.0,-13.718214699313446,0.0,91.31545306636325,0.000982051794977752
26.72,50.100347267212626,50.0,0.0,-13.720645257737399,0.0,91.31545306636325,0.00094146264011966
26.740000000000002,50.10036559075571,50.0,0.0,-13.72307675118412,0.0,91.31545306636325,0.0009010251512505326
26.76,50.100383107502445,50.0,0.0,-13.725508788830174,0.0,91.31545306636325,0.0008607445908423104
26.78,50.10039982065649,50.0,0.0,-13.72794098265784,0.0,91.31545306636325,0.0008206261576532849
26.8,50.10041573352468,50.0,0.0,-13.730372947495614,0.0,91.31545306636325,0.0007806749863794378
26.82,50.100430849515725,50.0,0.0,-13.73280430105797,0.0,91.31545306636325,0.0007408961473163447
26.84,50.10044517213893,50.0,0.0,-13.735234663984357,0.0,91.31545306636325,0.0007012946460370567
26.86,50.10045870500293,50.0,0.0,-13.737663659877466,0.0,91.31545306636325,0.0006618754230787799
26.88,50.10047145181432,50.0,0.0,-13.74009091534072,0.0,91.31545306636325,0.0006226433536453328
26.900000000000002,50.1004834163764,50.0,0.0,-13.742516060015033,0.0,91.31545306636325,0.0005836032473200661
26.92,50.10049460258782,50.0,0.0,-13.744938726614825,0.0,91.31545306636325,0.0005447598477921361
26.94,50.1005050144413,50.0,0.0,-13.747358550963247,0.0,91.31545306636325,0.0005061178325956324
26.96,50.10051465602227,50.0,0.0,-13.749775172026698,0.0,91.31545306636325,0.00046768181285921924
26.98,50.10052353150754,50.0,0.0,-13.752188231948567,0.0,91.31545306636325,0.00042945633307108616
27.0,50.100531645164,50.0,0.0,-13.754597376082225,0.0,91.31545306636325,0.00039144587085325125
27.02,50.100539001347215,50.0,0.0,-13.757002253023279,0.0,91.31545306636325,0.0003536548367497696
27.04,50.10054560450017,50.0,0.0,-13.759402514641048,0.0,91.31545306636325,0.0003160875740263215
27.060000000000002,50.10055145915182,50.0,0.0,-13.761797816109327,0.0,91.31545306636325,0.0002787483584832397
27.080000000000002,50.10055656991584,50.0,0.0,-13.764187815936374,0.0,91.31545306636325,0.00024164139827804833
27.1,50.10056094148918,50.0,0.0,-13.766572175994153,0.0,91.31545306636325,0.00020477083376262056
27.12,50.10056457865077,50.0,0.0,-13.768950561546832,0.0,91.31545306636325,0.00016814073733128573
27.14,50.10056748626013,50.0,0.0,-13.77132264127855,0.0,91.31545306636325,0.00013175511327980768
27.16,50.10056966925602,50.0,0.0,-13.773688087320405,0.0,91.31545306636325,9.56178976771003e-05
27.18,50.10057113265506,50.0,0.0,-13.776046575276732,0.0,91.31545306636325,5.973295824949022e-05
27.2,50.10057188155037,50.0,0.0,-13.778397784250616,0.0,91.31545306636325,2.4104094274814218e-05
27.22,50.10057192111021,50.0,0.0,-13.780741396868672,0.0,91.31545306636325,-1.1264963510642207e-05
27.240000000000002,50.10057125657657,50.0,0.0,-13.783077099305084,0.0,91.31545306636325,-4.6370552994334784e-05
27.26,50.10056989326386,50.0,0.0,-13.785404581304917,0.0,91.31545306636325,-8.120908075737778e-05
27.28,50.10056783655747,50.0,0.0,-13.787723536206666,0.0,91.31545306636325,-0.00011577702213452276
27.3,50.10056509191243,50.0,0.0,-13.7900336609641,0.0,91.31545306636325,-0.00015007092126129629
27.32,50.10056166485204,50.0,0.0,-13.792334656167355,0.0,91.31545306636325,-0.00018408739111028615
27.34,50.10055756096646,50.0,0.0,-13.794626226063302,0.0,91.31545306636325,-0.00021782311351759608
27.36,50.10055278591136,50.0,0.0,-13.796908078575187,0.0,91.31545306636325,-0.0002512748391966701
27.38,50.10054734540656,50.0,0.0,-13.799179925321553,0.0,91.31545306636325,-0.000284439387741302
27.400000000000002,50.10054124523458,50.0,0.0,-13.801441481634422,0.0,91.31545306636325,-0.0003173136476194792
27.42,50.10053449123935,50.0,0.0,-13.803692466576772,0.0,91.31545306636325,-0.0003498945761531411
27.44,50.10052708932477,50.0,0.0,-13.805932602959285,0.0,91.31545306636325,-0.0003821791994911825
27.46,50.10051904545337,50.0,0.0,-13.808161617356387,0.0,91.31545306636325,-0.00041416461256783377
27.48,50.1005103656449,50.0,0.0,-13.810379240121568,0.0,91.31545306636325,-0.0004458479790539315
27.5,50.100501055975016,50.0,0.0,-13.812585205401998,0.0,91.31545306636325,-0.00047722653129556166
27.52,50.10049112257384,50.0,0.0,-13.814779251152434,0.0,91.31545306636325,-0.0005082975702429555
27.54,50.10048057162462,50.0,0.0,-13.816961119148415,0.0,91.31545306636325,-0.0005390584653685067
27.560000000000002,50.10046940936238,50.0,0.0,-13.819130554998775,0.0,91.31545306636325,-0.0005695066545761978
27.580000000000002,50.100457642072506,50.0,0.0,-13.821287308157439,0.0,91.31545306636325,-0.0005996396440994235
27.6,50.100445276089424,50.0,0.0,-13.823431131934534,0.0,91.31545306636325,-0.0006294550083883124
27.62,50.1004323177952,50.0,0.0,-13.825561783506805,0.0,91.31545306636325,-0.0006589503899889904
27.64,50.10041877361823,50.0,0.0,-13.82767902392735,0.0,91.31545306636325,-0.000688123499412016
27.66,50.10040465003182,50.0,0.0,-13.829782618134665,0.0,91.31545306636325,-0.0007169721149902218
27.68,50.10038995355289,50.0,0.0,-13.831872334961009,0.0,91.31545306636325,-0.0007454940827279949
27.7,50.10037469074057,50.0,0.0,-13.833947947140091,0.0,91.31545306636325,-0.0007736873161410765
27.72,50.1003588681949,50.0,0.0,-13.836009231314094,0.0,91.31545306636325,-0.0008015497960861907
27.740000000000002,50.100342492555455,50.0,0.0,-13.838055968040011,0.0,91.31545306636325,-0.0008290795705812705
27.76,50.100325570500004,50.0,0.0,-13.84008794179534,0.0,91.31545306636325,-0.0008562747546175005
27.78,50.1003081087432,50.0,0.0,-13.842104940983104,0.0,91.31545306636325,-0.0008831335299605424
27.8,50.1002901140352,50.0,0.0,-13.844106757936201,0.0,91.31545306636325,-0.0009096541449445222
27.82,50.10027159316039,50.0,0.0,-13.846093188921133,0.0,91.31545306636325,-0.0009358349142548312
27.84,50.10025255293603,50.0,0.0,-13.848064034141062,0.0,91.31545306636325,-0.0009616742187048239
27.86,50.10023300021093,50.0,0.0,-13.850019097738231,0.0,91.31545306636325,-0.000987170505001016
27.88,50.10021294186415,50.0,0.0,-13.851958187795733,0.0,91.31545306636325,-0.0010123222855007207
27.900000000000002,50.1001923848037,50.0,0.0,-13.853881116338671,0.0,91.31545306636325,-0.0010371281379625138
27.92,50.100171335965186,50.0,0.0,-13.855787699334666,0.0,91.31545306636325,-0.0010615867052854175
27.94,50.100149802310575,50.0,0.0,-13.857677756693732,0.0,91.31545306636325,-0.001085696695242026
27.96,50.10012779082686,50.0,0.0,-13.859551112267559,0.0,91.31545306636325,-0.0011094568802022964
27.98,50.10010530852478,50.0,0.0,-13.861407593848142,0.0,91.31545306636325,-0.0011328660968492963
28.0,50.10008236243755,50.0,0.0,-13.863247033165834,0.0,91.31545306636325,-0.0011559232458877825
28.02,50.10005895961955,50.0,0.0,-13.865069265886765,0.0,91.31545306636325,-0.0011786272917426184
28.04,50.10003510714512,50.0,0.0,-13.866874131609674,0.0,91.31545306636325,-0.0012009772622527276
28.060000000000002,50.10001081210721,50.0,0.0,-13.86866147386213,0.0,91.31545306636325,-0.0012229722483536563
28.080000000000002,50.09998608161618,50.0,0.0,-13.870431140096178,0.0,91.31545306636325,-0.0012446114037552552
28.1,50.09996092279855,50.0,0.0,-13.872182981683379,0.0,91.31545306636325,-0.001265893944610437
28.12,50.09993534279573,50.0,0.0,-13.873916853909282,0.0,91.31545306636325,-0.0012868191491771884
28.14,50.09990934876279,50.0,0.0,-13.875632615967318,0.0,91.31545306636325,-0.0013073863574729623
28.16,50.09988294786723,50.0,0.0,-13.877330130952107,0.0,91.31545306636325,-0.001327594970921991
28.18,50.09985614728777,50.0,0.0,-13.879009265852217,0.0,91.31545306636325,-0.0013474444519950665
28.2,50.099828954213095,50.0,0.0,-13.880669891542354,0.0,91.31545306636325,-0.0013669343238430704
28.22,50.099801375840705,50.0,0.0,-13.882311882774998,0.0,91.31545306636325,-0.0013860641699233217
28.240000000000002,50.099773419375666,50.0,0.0,-13.883935118171479,0.0,91.31545306636325,-0.0014048336336190664
28.26,50.09974509202942,50.0,0.0,-13.885539480212525,0.0,91.31545306636325,-0.0014232424178524565
28.28,50.09971640101864,50.0,0.0,-13.887124855228265,0.0,91.31545306636325,-0.0014412902846907736
28.3,50.09968735356399,50.0,0.0,-13.888691133387676,0.0,91.31545306636325,-0.0014589770549463584
28.32,50.09965795688902,50.0,0.0,-13.890238208687544,0.0,91.31545306636325,-0.0014763026077711508
28.34,50.09962821821893,50.0,0.0,-13.891765978940866,0.0,91.31545306636325,-0.001493266880242231
28.36,50.09959814477951,50.0,0.0,-13.893274345764754,0.0,91.31545306636325,-0.0015098698669451746
28.38,50.0995677437959,50.0,0.0,-13.894763214567819,0.0,91.31545306636325,-0.00152611161954827
28.400000000000002,50.09953702249153,50.0,0.0,-13.896232494537058,0.0,91.31545306636325,-0.0015419922463724832
28.42,50.09950598808694,50.0,0.0,-13.89768209862423,0.0,91.31545306636325,-0.001557511911954883
28.44,50.09947464779868,50.0,0.0,-13.89911194353175,0.0,91.31545306636325,-0.0015726708366065613
28.46,50.09944300883822,50.0,0.0,-13.900521949698092,0.0,91.31545306636325,-0.0015874692959660058
28.48,50.099411078410824,50.0,0.0,-13.901912041282703,0.0,91.31545306636325,-0.0016019076205455178
28.5,50.09937886371445,50.0,0.0,-13.903282146150445,0.0,91.31545306636325,-0.0016159861952728932
28.52,50.09934637193869,50.0,0.0,-13.904632195855582,0.0,91.31545306636325,-0.0016297054590287934
28.54,50.0993136102637,50.0,0.0,-13.905962125625273,0.0,91.31545306636325,-0.0016430659041778988
28.560000000000002,50.09928058585912,50.0,0.0,-13.907271874342632,0.0,91.31545306636325,-0.0016560680760947179
28.580000000000002,50.09924730588301,50.0,0.0,-13.90856138452933,0.0,91.31545306636325,-0.0016687125726864529
28.6,50.09921377748085,50.0,0.0,-13.90983060232774,0.0,91.31545306636325,-0.0016810000439092705
28.62,50.09918000778445,50.0,0.0,-13.911079477482664,0.0,91.31545306636325,-0.0016929311912808062
28.64,50.09914600391095,50.0,0.0,-13.912307963322602,0.0,91.31545306636325,-0.0017045067673874038
28.66,50.099111772961834,50.0,0.0,-13.913516016740616,0.0,91.31545306636325,-0.0017157275753884524
28.68,50.09907732202186,50.0,0.0,-13.914703598174755,0.0,91.31545306636325,-0.001726594468514063
28.7,50.099042658158126,50.0,0.0,-13.915870671588076,0.0,91.31545306636325,-0.0017371083495613194
28.72,50.09900778841905,50.0,0.0,-13.917017204448253,0.0,91.31545306636325,-0.0017472701703836772
28.740000000000002,50.098972719833405,50.0,0.0,-13.918143167706779,0.0,91.31545306636325,-0.001757080931378826
28.76,50.098937459409356,50.0,0.0,-13.919248535777783,0.0,91.31545306636325,-0.0017665416809707472
28.78,50.09890201413351,50.0,0.0,-13.920333286516446,0.0,91.31545306636325,-0.0017756535150889963
28.8,50.09886639096996,50.0,0.0,-13.92139740119704,0.0,91.31545306636325,-0.001784417576644988
28.82,50.09883059685936,50.0,0.0,-13.922440864490584,0.0,91.31545306636325,-0.0017928350550023532
28.84,50.09879463871801,50.0,0.0,-13.923463664442137,0.0,91.31545306636325,-0.0018009071854475035
28.86,50.09875852343693,50.0,0.0,-13.924465792447712,0.0,91.31545306636325,-0.0018086352486525966
28.88,50.098722257880965,50.0,0.0,-13.92544724323086,0.0,91.31545306636325,-0.001816020570139614
28.900000000000002,50.09868584888789,50.0,0.0,-13.926408014818865,0.0,91.31545306636325,-0.0018230645197376718
28.92,50.09864930326754,50.0,0.0,-13.927348108518617,0.0,91.31545306636325,-0.0018297685110396141
28.94,50.09861262780095,50.0,0.0,-13.92826752889214,0.0,91.31545306636325,-0.0018361340008550167
28.96,50.098575829239465,50.0,0.0,-13.929166283731798,0.0,91.31545306636325,-0.0018421624886603497
28.98,50.098538914303916,50.0,0.0,-13.930044384035144,0.0,91.31545306636325,-0.0018478555160465005
29.0,50.09850188968379,50.0,0.0,-13.930901843979488,0.0,91.31545306636325,-0.0018532146661636268
29.02,50.0984647620364,50.0,0.0,-13.93173868089612,0.0,91.31545306636325,-0.0018582415631642674
29.04,50.098427537986055,50.0,0.0,-13.932554915244243,0.0,91.31545306636325,-0.001862937871642732
29.060000000000002,50.098390224123285,50.0,0.0,-13.933350570584599,0.0,91.31545306636325,-0.0018673052960736204
29.080000000000002,50.098352827004035,50.0,0.0,-13.9341256735528,0.0,91.31545306636325,-0.0018713455802475201
29.1,50.09831535314889,50.0,0.0,-13.934880253832377,0.0,91.31545306636325,-0.0018750605067049584
29.12,50.0982778090423,50.0,0.0,-13.935614344127531,0.0,91.31545306636325,-0.0018784518961675843
29.14,50.098240201131844,50.0,0.0,-13.936327980135637,0.0,91.31545306636325,-0.001881521606969283
29.16,50.09820253582745,50.0,0.0,-13.937021200519444,0.0,91.31545306636325,-0.001884271534483093
29.18,50.09816481950069,50.0,0.0,-13.937694046879042,0.0,91.31545306636325,-0.001886703610549348
29.2,50.09812705848406,50.0,0.0,-13.938346563723556,0.0,91.31545306636325,-0.0018888198029000229
29.22,50.09808925907025,50.0,0.0,-13.938978798442594,0.0,91.31545306636325,-0.0018906221145822061
29.240000000000002,50.09805142751146,50.0,0.0,-13.939590801277461,0.0,91.31545306636325,-0.0018921125833816145
29.26,50.09801357001868,50.0,0.0,-13.940182625292117,0.0,91.31545306636325,-0.0018932932812429424
29.28,50.09797569276108,50.0,0.0,-13.940754326343917,0.0,91.31545306636325,-0.0018941663136902347
29.3,50.09793780186529,50.0,0.0,-13.94130596305413,0.0,91.31545306636325,-0.001894733819245986
29.32,50.097899903414756,50.0,0.0,-13.941837596778228,0.0,91.31545306636325,-0.0018949979688492845
29.34,50.09786200344911,50.0,0.0,-13.942349291575967,0.0,91.31545306636325,-0.001894960965273492
29.36,50.09782410796354,50.0,0.0,-13.94284111418127,0.0,91.31545306636325,-0.0018946250425427521
29.38,50.09778622290816,50.0,0.0,-13.9433131339719,0.0,91.31545306636325,-0.0018939924653476722
29.400000000000002,50.09774835418744,50.0,0.0,-13.943765422938945,0.0,91.31545306636325,-0.0018930655284612715
29.42,50.09771050765955,50.0,0.0,-13.944198055656118,0.0,91.31545306636325,-0.0018918465561545668
29.44,50.09767268913583,50.0,0.0,-13.94461110924888,0.0,91.31545306636325,-0.0018903379016098692
29.46,50.09763490438021,50.0,0.0,-13.94500466336337,0.0,91.31545306636325,-0.0018885419463368935
29.48,50.097597159108616,50.0,0.0,-13.945378800135186,0.0,91.31545306636325,-0.0018864610995864071
29.5,50.09755945898848,50.0,0.0,-13.945733604157999,0.0,91.31545306636325,-0.00188409779776433
29.52,50.097521809638145,50.0,0.0,-13.946069162452007,0.0,91.31545306636325,-0.0018814545038469974
29.54,50.09748421662639,50.0,0.0,-13.946385564432248,0.0,91.31545306636325,-0.001878533706794736
29.560000000000002,50.09744668547188,50.0,0.0,-13.946682901876752,0.0,91.31545306636325,-0.0018753379209674572
29.580000000000002,50.0974092216427,50.0,0.0,-13.946961268894578,0.0,91.31545306636325,-0.0018718696855392295
29.6,50.09737183055583,50.0,0.0,-13.947220761893707,0.0,91.31545306636325,-0.0018681315639137728
29.62,50.097334517576684,50.0,0.0,-13.947461479548803,0.0,91.31545306636325,-0.0018641261431408377
29.64,50.097297288018666,50.0,0.0,-13.94768352276887,0.0,91.31545306636325,-0.0018598560333322636
29.66,50.097260147142684,50.0,0.0,-13.947886994664783,0.0,91.31545306636325,-0.0018553238670799557
29.68,50.09722310015672,50.0,0.0,-13.948072000516724,0.0,91.31545306636325,-0.0018505322988728785
29.7,50.097186152215386,50.0,0.0,-13.948238647741503,0.0,91.31545306636325,-0.0018454840045170782
29.72,50.09714930841954,50.0,0.0,-13.948387045859786,0.0,91.31545306636325,-0.0018401816805546877
29.740000000000002,50.09711257381584,50.0,0.0,-13.948517306463247,0.0,91.31545306636325,-0.001834628043684661
29.76,50.097075953396384,50.0,0.0,-13.94862954318162,0.0,91.31545306636325,-0.0018288258301857015
29.78,50.09703945209828,50.0,0.0,-13.948723871649678,0.0,91.31545306636325,-0.0018227777953383584
29.8,50.09700307480332,50.0,0.0,-13.94880040947415,0.0,91.31545306636325,-0.0018164867128494908
29.82,50.096966826337585,50.0,0.0,-13.948859276200542,0.0,91.31545306636325,-0.0018099553742786864
29.84,50.09693071147111,50.0,0.0,-13.948900593279935,0.0,91.31545306636325,-0.0018031865884646993
29.86,50.096894734917555,50.0,0.0,-13.948924484035711,0.0,91.31545306636325,-0.0017961831809542267
29.88,50.09685890133385,50.0,0.0,-13.948931073630213,0.0,91.31545306636325,-0.0017889479934330578
29.900000000000002,50.09682321531991,50.0,0.0,-13.948920489031396,0.0,91.31545306636325,-0.001781483883156371
29.92,50.096787681418306,50.0,0.0,-13.948892858979407,0.0,91.31545306636325,-0.0017737937223839062
29.94,50.096752304113984,50.0,0.0,-13.948848313953151,0.0,91.31545306636325,-0.0017658803978147155
29.96,50.09671708783399,50.0,0.0,-13.948786986136824,0.0,91.31545306636325,-0.001757746810024673
29.98,50.09668203694717,50.0,0.0,-13.948709009386427,0.0,91.31545306636325,-0.0017493958729058374
30.0,50.09664715576397,50.0,0.0,-13.948614519196264,0.0,91.31545306636325,-0.001740830513107748
30.02,50.09661244853611,50.0,0.0,-13.948503652665426,0.0,91.31545306636325,-0.0017320536694814044
30.04,50.096577919456415,50.0,0.0,-13.948376548464264,0.0,91.31545306636325,-0.001723068292524504
30.060000000000002,50.09654357265853,50.0,0.0,-13.948233346800883,0.0,91.31545306636325,-0.0017138773438293506
30.080000000000002,50.096509412216776,50.0,0.0,-13.948074189387613,0.0,91.31545306636325,-0.001704483795533744
30.1,50.09647544214587,50.0,0.0,-13.947899219407514,0.0,91.31545306636325,-0.001694890629773187
30.12,50.096441666400786,50.0,0.0,-13.947708581480887,0.0,91.31545306636325,-0.0016851008381358614
30.14,50.096408088876544,50.0,0.0,-13.947502421631798,0.0,91.31545306636325,-0.0016751174211213013
30.16,50.09637471340805,50.0,0.0,-13.947280887254646,0.0,91.31545306636325,-0.0016649433875995812
30.18,50.09634154376995,50.0,0.0,-13.947044127080744,0.0,91.31545306636325,-0.0016545817542753178
30.2,50.096308583676446,50.0,0.0,-13.946792291144957,0.0,91.31545306636325,-0.0016440355451526072
30.22,50.09627583678118,50.0,0.0,-13.94652553075235,0.0,91.31545306636325,-0.0016333077910040367
30.240000000000002,50.096243306677096,50.0,0.0,-13.946243998444917,0.0,91.31545306636325,-0.0016224015288417342
30.26,50.096210996896325,50.0,0.0,-13.945947847968332,0.0,91.31545306636325,-0.0016113198013920416
30.28,50.09617891091009,50.0,0.0,-13.94563723423878,0.0,91.31545306636325,-0.001600065656572824
30.3,50.09614705212858,50.0,0.0,-13.945312313309833,0.0,91.31545306636325,-0.0015886421469733171
30.32,50.0961154239009,50.0,0.0,-13.944973242339389,0.0,91.31545306636325,-0.0015770523293380638
30.34,50.09608402951494,50.0,0.0,-13.944620179556692,0.0,91.31545306636325,-0.0015652992640536269
30.36,50.09605287219739,50.0,0.0,-13.944253284229431,0.0,91.31545306636325,-0.0015533860146380296
30.38,50.096021955113585,50.0,0.0,-13.943872716630898,0.0,91.31545306636325,-0.0015413156472342375
30.400000000000002,50.09599128136755,50.0,0.0,-13.943478638007246,0.0,91.31545306636325,-0.0015290912301063875
30.42,50.0959608540019,50.0,0.0,-13.943071210544838,0.0,91.31545306636325,-0.0015167158331399664
30.44,50.095930675997856,50.0,0.0,-13.942650597337673,0.0,91.31545306636325,-0.0015041925273447426
30.46,50.09590075027519,50.0,0.0,-13.942216962354928,0.0,91.31545306636325,-0.0014915243843616232
30.48,50.095871079692245,50.0,0.0,-13.941770470408594,0.0,91.31545306636325,-0.0014787144759732956
30.5,50.095841667045946,50.0,0.0,-13.941311287121207,0.0,91.31545306636325,-0.0014657658736181279
30.52,50.095812515071785,50.0,0.0,-13.940839578893716,0.0,91.31545306636325,-0.0014526816479071714
30.54,50.095783626443854,50.0,0.0,-13.940355512873442,0.0,91.31545306636325,-0.0014394648681465372
30.560000000000002,50.09575500377489,50.0,0.0,-13.939859256922169,0.0,91.31545306636325,-0.0014261186018613582
30.580000000000002,50.09572664961631,50.0,0.0,-13.939350979584349,0.0,91.31545306636325,-0.0014126459143255056
30.6,50.095698566458246,50.0,0.0,-13.938830850055444,0.0,91.31545306636325,-0.0013990498680932996
30.62,50.095670756729625,50.0,0.0,-13.938299038150399,0.0,91.31545306636325,-0.0013853335225375886
30.64,50.09564322279823,50.0,0.0,-13.937755714272235,0.0,91.31545306636325,-0.0013714999333886803
30.66,50.09561596697078,50.0,0.0,-13.937201049380805,0.0,91.31545306636325,-0.0013575521522796775
30.68,50.095588991493024,50.0,0.0,-13.936635214961678,0.0,91.31545306636325,-0.0013434932262945038
30.7,50.09556229854982,50.0,0.0,-13.936058382995169,0.0,91.31545306636325,-0.0013293261975212505
30.72,50.09553589026526,50.0,0.0,-13.935470725925526,0.0,91.31545306636325,-0.001315054102608189
30.740000000000002,50.09550976870277,50.0,0.0,-13.93487241663028,0.0,91.31545306636325,-0.0013006799723243997
30.76,50.095483935865246,50.0,0.0,-13.934263628389733,0.0,91.31545306636325,-0.001286206831124986
30.78,50.09545839369517,50.0,0.0,-13.93364453485662,0.0,91.31545306636325,-0.0012716376967210892
30.8,50.09543314407476,50.0,0.0,-13.93301531002594,0.0,91.31545306636325,-0.0012569755796518634
30.82,50.09540818882613,50.0,0.0,-13.932376128204952,0.0,91.31545306636325,-0.0012422234828629083
30.84,50.09538352971141,50.0,0.0,-13.931727163983336,0.0,91.31545306636325,-0.0012273844012886347
30.86,50.095359168432964,50.0,0.0,-13.931068592203548,0.0,91.31545306636325,-0.0012124613214381853
30.88,50.09533510663352,50.0,0.0,-13.930400587931342,0.0,91.31545306636325,-0.0011974572209863363
30.900000000000002,50.09531134589636,50.0,0.0,-13.929723326426462,0.0,91.31545306636325,-0.0011823750683690472
30.92,50.09528788774554,50.0,0.0,-13.929036983113559,0.0,91.31545306636325,-0.0011672178223825944
30.94,50.095264733646054,50.0,0.0,-13.928341733553255,0.0,91.31545306636325,-0.0011519884317882404
30.96,50.09524188500403,50.0,0.0,-13.927637753413428,0.0,91.31545306636325,-0.001136689834920393
30.98,50.095219343167,50.0,0.0,-13.926925218440676,0.0,91.31545306636325,-0.0011213249593004775
31.0,50.095197109424056,50.0,0.0,-13.926204304431991,0.0,91.31545306636325,-0.0011058967212539278
31.02,50.09517518500613,50.0,0.0,-13.925475187206628,0.0,91.31545306636325,-0.0010904080255333536
31.04,50.095153571086186,50.0,0.0,-13.92473804257818,0.0,91.31545306636325,-0.0010748617649451043
31.060000000000002,50.095132268779494,50.0,0.0,-13.923993046326862,0.0,91.31545306636325,-0.0010592608199810926
31.080000000000002,50.095111279143886,50.0,0.0,-13.923240374171998,0.0,91.31545306636325,-0.0010436080584541462
31.1,50.09509060317998,50.0,0.0,-13.922480201744742,0.0,91.31545306636325,-0.0010279063351412154
31.12,50.09507024183147,50.0,0.0,-13.921712704560985,0.0,91.31545306636325,-0.0010121584914270382
31.14,50.09505019598541,50.0,0.0,-13.920938057994505,0.0,91.31545306636325,-0.0009963673549551856
31.16,50.09503046647245,50.0,0.0,-13.92015643725032,0.0,91.31545306636325,-0.0009805357392833913
31.18,50.095011054067164,50.0,0.0,-13.919368017338286,0.0,91.31545306636325,-0.0009646664435443046
31.2,50.094991959488326,50.0,0.0,-13.918572973046901,0.0,91.31545306636325,-0.0009487622521085541
31.220000000000002,50.09497318339922,50.0,0.0,-13.917771478917343,0.0,91.31545306636325,-0.0009328259342559756
31.240000000000002,50.09495472640791,50.0,0.0,-13.916963709217752,0.0,91.31545306636325,-0.0009168602438490953
31.26,50.09493658906761,50.0,0.0,-13.916149837917725,0.0,91.31545306636325,-0.0009008679190126336
31.28,50.09491877187695,50.0,0.0,-13.91533003866306,0.0,91.31545306636325,-0.0008848516818179773
31.3,50.094901275280336,50.0,0.0,-13.91450448475074,0.0,91.31545306636325,-0.0008688142379710767
31.32,50.09488409966825,50.0,0.0,-13.913673349104148,0.0,91.31545306636325,-0.0008527582765084756
31.34,50.09486724537763,50.0,0.0,-13.912836804248524,0.0,91.31545306636325,-0.0008366864694930863
31.36,50.094850712692164,50.0,0.0,-13.911995022286685,0.0,91.31545306636325,-0.0008206014717208469
31.38,50.09483450184268,50.0,0.0,-13.911148174874958,0.0,91.31545306636325,-0.0008045059204273075
31.400000000000002,50.09481861300748,50.0,0.0,-13.910296433199397,0.0,91.31545306636325,-0.0007884024350020263
31.42,50.094803046312705,50.0,0.0,-13.909439967952228,0.0,91.31545306636325,-0.0007722936167067159
31.44,50.09478780183269,50.0,0.0,-13.908578949308549,0.0,91.31545306636325,-0.0007561820483990694
31.46,50.094772879590344,50.0,0.0,-13.907713546903294,0.0,91.31545306636325,-0.0007400702942602362
31.48,50.09475827955756,50.0,0.0,-13.906843929808446,0.0,91.31545306636325,-0.0007239608995296609
31.5,50.094744001655535,50.0,0.0,-13.905970266510497,0.0,91.31545306636325,-0.0007078563902418321
31.52,50.09473004575519,50.0,0.0,-13.905092724888194,0.0,91.31545306636325,-0.0006917592729703598
31.54,50.09471641167758,50.0,0.0,-13.904211472190518,0.0,91.31545306636325,-0.0006756720345760448
31.560000000000002,50.094703099194255,50.0,0.0,-13.903326675014936,0.0,91.31545306636325,-0.0006595971419598779
31.580000000000002,50.094690108027685,50.0,0.0,-13.902438499285928,0.0,91.31545306636325,-0.0006435370418217199
31.6,50.09467743785166,50.0,0.0,-13.901547110233757,0.0,91.31545306636325,-0.000627494160423005
31.62,50.09466508829169,50.0,0.0,-13.900652672373527,0.0,91.31545306636325,-0.0006114709033546603
31.64,50.094653058925466,50.0,0.0,-13.899755349484487,0.0,91.31545306636325,-0.0005954696553113497
31.66,50.09464134928322,50.0,0.0,-13.898855304589633,0.0,91.31545306636325,-0.0005794927798681319
31.68,50.094629958848195,50.0,0.0,-13.897952699935555,0.0,91.31545306636325,-0.0005635426192646555
31.7,50.094618887057045,50.0,0.0,-13.89704769697256,0.0,91.31545306636325,-0.0005476214941924106
31.720000000000002,50.094608133300284,50.0,0.0,-13.896140456335079,0.0,91.31545306636325,-0.0005317317035883486
31.740000000000002,50.09459769692274,50.0,0.0,-13.895231137822341,0.0,91.31545306636325,-0.0005158755244324395
31.76,50.094587577223955,50.0,0.0,-13.894319900379319,0.0,91.31545306636325,-0.0005000552115511025
31.78,50.09457777345866,50.0,0.0,-13.893406902077958,0.0,91.31545306636325,-0.0004842729974242614
31.8,50.09456828483723,50.0,0.0,-13.892492300098672,0.0,91.31545306636325,-0.00046853109199940566
31.82,50.094559110526106,50.0,0.0,-13.891576250712129,0.0,91.31545306636325,-0.00045283168250809914
31.84,50.09455024964828,50.0,0.0,-13.890658909261303,0.0,91.31545306636325,-0.0004371769332896787
31.86,50.09454170128375,50.0,0.0,-13.88974043014382,0.0,91.31545306636325,-0.0004215689856184309
31.88,50.09453346446997,50.0,0.0,-13.888820966794562,0.0,91.31545306636325,-0.0004060099575364193
31.900000000000002,50.094525538202326,50.0,0.0,-13.887900671668575,0.0,91.31545306636325,-0.00039050194369041923
31.92,50.09451792143461,50.0,0.0,-13.886979696224243,0.0,91.31545306636325,-0.0003750470151750551
31.94,50.094510613079485,50.0,0.0,-13.886058190906748,0.0,91.31545306636325,-0.00035964721937980723
31.96,50.09450361200897,50.0,0.0,-13.885136305131818,0.0,91.31545306636325,-0.00034430457984093707
31.98,50.0944969170549,50.0,0.0,-13.884214187269746,0.0,91.31545306636325,-0.0003290210960980548
32.0,50.094490527009434,50.0,0.0,-13.883291984629704,0.0,91.31545306636325,-0.0003137987435570536
32.02,50.09448444062552,50.0,0.0,-13.882369843444332,0.0,91.31545306636325,-0.0002986394733561937
32.04,50.09447865661738,50.0,0.0,-13.881447908854618,0.0,91.31545306636325,-0.00028354521223741054
32.06,50.09447317366104,50.0,0.0,-13.88052632489506,0.0,91.31545306636325,-0.0002685178624226516
32.08,50.09446799039474,50.0,0.0,-13.8796052344791,0.0,91.31545306636325,-0.000253559301495872
32.1,50.09446310541951,50.0,0.0,-13.878684779384873,0.0,91.31545306636325,-0.00023867138228696934
32.12,50.094458517299636,50.0,0.0,-13.8777651002412,0.0,91.31545306636325,-0.00022385593276436276
32.14,50.09445422456314,50.0,0.0,-13.87684633651391,0.0,91.31545306636325,-0.00020911475592905047
32.160000000000004,50.0944502257023,50.0,0.0,-13.875928626492408,0.0,91.31545306636325,-0.00019444962971572615
32.18,50.09444651917416,50.0,0.0,-13.875012107276552,0.0,91.31545306636325,-0.00017986230689625657
32.2,50.094443103401034,50.0,0.0,-13.874096914763806,0.0,91.31545306636325,-0.00016535451498994735
32.22,50.09443997677096,50.0,0.0,-13.87318318363668,0.0,91.31545306636325,-0.00015092795617738038
32.24,50.094437137638295,50.0,0.0,-13.872271047350463,0.0,91.31545306636325,-0.00013658430721973542
32.26,50.09443458432415,50.0,0.0,-13.871360638121205,0.0,91.31545306636325,-0.00012232521938101745
32.28,50.09443231511695,50.0,0.0,-13.870452086914046,0.0,91.31545306636325,-0.00010815231835658799
32.3,50.094430328272914,50.0,0.0,-13.86954552343177,0.0,91.31545306636325,-9.406720420582583e-05
32.32,50.094428622016586,50.0,0.0,-13.868641076103671,0.0,91.31545306636325,-8.00714512889147e-05
32.34,50.09442719454134,50.0,0.0,-13.867738872074701,0.0,91.31545306636325,-6.616660820881399e-05
32.36,50.094426044009914,50.0,0.0,-13.866839037194898,0.0,91.31545306636325,-5.235419775624923e-05
32.38,50.09442516855489,50.0,0.0,-13.865941696009093,0.0,91.31545306636325,-3.863571686151431e-05
32.4,50.09442456627926,50.0,0.0,-13.865046971746905,0.0,91.31545306636325,-2.5012636549333616e-05
32.42,50.094424235256895,50.0,0.0,-13.864154986313014,0.0,91.31545306636325,-1.1486401896807309e-05
32.44,50.09442417353311,50.0,0.0,-13.863265860277725,0.0,91.31545306636325,1.9415680005140416e-06
32.46,50.094424379125165,50.0,0.0,-13.862379712867783,0.0,91.31545306636325,1.5269880062407635e-05
32.480000000000004,50.09442485002277,50.0,0.0,-13.861496661957517,0.0,91.31545306636325,2.849716725058368e-05
32.5,50.094425584188606,50.0,0.0,-13.860616824060214,0.0,91.31545306636325,4.162208859134797e-05
32.52,50.094426579558906,50.0,0.0,-13.859740314319799,0.0,91.31545306636325,5.4643329195783214e-05
32.54,50.094427834043884,50.0,0.0,-13.858867246502795,0.0,91.31545306636325,6.755960027325898e-05
32.56,50.09442934552834,50.0,0.0,-13.857997732990539,0.0,91.31545306636325,8.036963914207575e-05
32.58,50.09443111187212,50.0,0.0,-13.857131884771693,0.0,91.31545306636325,9.307220923604274e-05
32.6,50.09443313091069,50.0,0.0,-13.856269811435029,0.0,91.31545306636325,0.0001056661001062903
32.62,50.0944354004556,50.0,0.0,-13.855411621162473,0.0,91.31545306636325,0.00011815012741881873
32.64,50.094437918295085,50.0,0.0,-13.854557420722443,0.0,91.31545306636325,0.00013052313294843892
32.660000000000004,50.0944406821945,50.0,0.0,-13.85370731546345,0.0,91.31545306636325,0.0001427839845686432
32.68,50.094443689896906,50.0,0.0,-13.852861409307954,0.0,91.31545306636325,0.00015493157623770417
32.7,50.094446939123564,50.0,0.0,-13.85201980474653,0.0,91.31545306636325,0.00016696482797903844
32.72,50.094450427574465,50.0,0.0,-13.851182602832266,0.0,91.31545306636325,0.00017888268585994514
32.74,50.094454152928826,50.0,0.0,-13.850349903175447,0.0,91.31545306636325,0.0001906841219649139
32.76,50.094458112845665,50.0,0.0,-13.8495218039385,0.0,91.31545306636325,0.00020236813436575908
32.78,50.09446230496427,50.0,0.0,-13.84869840183122,0.0,91.31545306636325,0.00021393374708662095
32.8,50.094466726904706,50.0,0.0,-13.847879792106221,0.0,91.31545306636325,0.00022538001006755246
32.82,50.09447137626841,50.0,0.0,-13.847066068554716,0.0,91.31545306636325,0.00023670599912102322
32.84,50.09447625063862,50.0,0.0,-13.846257323502488,0.0,91.31545306636325,0.00024791081588815934
32.86,50.09448134758095,50.0,0.0,-13.845453647806174,0.0,91.31545306636325,0.0002589935877881279
32.88,50.094486664643874,50.0,0.0,-13.84465513084978,0.0,91.31545306636325,0.000269953467965572
32.9,50.09449219935926,50.0,0.0,-13.843861860541471,0.0,91.31545306636325,0.00028078963523443416
32.92,50.09449794924285,50.0,0.0,-13.843073923310605,0.0,91.31545306636325,0.000291501294017305
32.94,50.09450391179482,50.0,0.0,-13.842291404105035,0.0,91.31545306636325,0.0003020876742813855
32.96,50.09451008450025,50.0,0.0,-13.841514386388656,0.0,91.31545306636325,0.00031254803147128755
32.980000000000004,50.09451646482965,50.0,0.0,-13.840742952139196,0.0,91.31545306636325,0.00032288164643829153
33.0,50.09452305023947,50.0,0.0,-13.839977181846283,0.0,91.31545306636325,0.00033308782536579007
33.02,50.094529838172576,50.0,0.0,-13.83921715450974,0.0,91.31545306636325,0.00034316589969082383
33.04,50.09453682605881,50.0,0.0,-13.838462947638135,0.0,91.31545306636325,0.0003531152260239581
33.06,50.094544011315435,50.0,0.0,-13.837714637247581,0.0,91.31545306636325,0.0003629351860631267
33.08,50.09455139134767,50.0,0.0,-13.836972297860768,0.0,91.31545306636325,0.000372625186507359
33.1,50.09455896354919,50.0,0.0,-13.836236002506254,0.0,91.31545306636325,0.00038218465896386897
33.12,50.09456672530259,50.0,0.0,-13.835505822717987,0.0,91.31545306636325,0.0003916130598543853
33.14,50.09457467397993,50.0,0.0,-13.834781828535066,0.0,91.31545306636325,0.0004009098703174548
33.160000000000004,50.09458280694316,50.0,0.0,-13.834064088501748,0.0,91.31545306636325,0.000410074596107021
33.18,50.094591121544696,50.0,0.0,-13.83335266966768,0.0,91.31545306636325,0.00041910676748870213
33.2,50.09459961512784,50.0,0.0,-13.832647637588376,0.0,91.31545306636325,0.0004280059391321693
33.22,50.09460828502729,50.0,0.0,-13.83194905632592,0.0,91.31545306636325,0.0004367716900012246
33.24,50.094617128569645,50.0,0.0,-13.831256988449898,0.0,91.31545306636325,0.00044540362324091285
33.26,50.09462614307385,50.0,0.0,-13.83057149503857,0.0,91.31545306636325,0.00045390136606016226
33.28,50.09463532585169,50.0,0.0,-13.829892635680242,0.0,91.31545306636325,0.0004622645696138568
33.3,50.0946446742083,50.0,0.0,-13.829220468474906,0.0,91.31545306636325,0.00047049290887983184
33.32,50.094654185442565,50.0,0.0,-13.828555050036064,0.0,91.31545306636325,0.0004785860825344528
33.34,50.094663856847674,50.0,0.0,-13.82789643549279,0.0,91.31545306636325,0.0004865438128244442
33.36,50.094673685711555,50.0,0.0,-13.827244678492002,0.0,91.31545306636325,0.000494365845436445
33.38,50.09468366931732,50.0,0.0,-13.826599831200975,0.0,91.31545306636325,0.0005020519493645648
33.4,50.094693804943766,50.0,0.0,-13.825961944310038,0.0,91.31545306636325,0.00050960191677291
33.42,50.094704089865814,50.0,0.0,-13.825331067035501,0.0,91.31545306636325,0.0005170155628578287
33.44,50.09471452135497,50.0,0.0,-13.824707247122793,0.0,91.31545306636325,0.0005242927257070905
33.46,50.09472509667982,50.0,0.0,-13.824090530849803,0.0,91.31545306636325,0.0005314332661551622
33.480000000000004,50.09473581310639,50.0,0.0,-13.823480963030438,0.0,91.31545306636325,0.0005384370676373509
33.5,50.09474666789871,50.0,0.0,-13.822878587018367,0.0,91.31545306636325,0.0005453040360411641
33.52,50.09475765831919,50.0,0.0,-13.822283444710994,0.0,91.31545306636325,0.0005520340995548253
33.54,50.09476878162906,50.0,0.0,-13.821695576553608,0.0,91.31545306636325,0.0005586272085132397
33.56,50.09478003508886,50.0,0.0,-13.821115021543743,0.0,91.31545306636325,0.0005650833352426539
33.58,50.09479141595884,50.0,0.0,-13.820541817235735,0.0,91.31545306636325,0.0005714024739018835
33.6,50.094802921499394,50.0,0.0,-13.819975999745472,0.0,91.31545306636325,0.0005775846403221103
33.62,50.09481454897151,50.0,0.0,-13.819417603755324,0.0,91.31545306636325,0.0005836298718434152
33.64,50.094826295637205,50.0,0.0,-13.818866662519287,0.0,91.31545306636325,0.0005895382271503345
33.660000000000004,50.094838158759906,50.0,0.0,-13.818323207868291,0.0,91.31545306636325,0.0005953097861042369
33.68,50.094850135604915,50.0,0.0,-13.81778727021571,0.0,91.31545306636325,0.0006009446495742345
33.7,50.09486222343982,50.0,0.0,-13.817258878563045,0.0,91.31545306636325,0.0006064429392660252
33.72,50.09487441953489,50.0,0.0,-13.816738060505791,0.0,91.31545306636325,0.0006118047975478045
33.74,50.09488672116349,50.0,0.0,-13.816224842239485,0.0,91.31545306636325,0.0006170303872758335
33.76,50.094899125602524,50.0,0.0,-13.815719248565925,0.0,91.31545306636325,0.0006221198916164493
33.78,50.09491163013278,50.0,0.0,-13.815221302899563,0.0,91.31545306636325,0.0006270735138672881
33.8,50.09492423203938,50.0,0.0,-13.814731027274085,0.0,91.31545306636325,0.000631891477276089
33.82,50.094936928612164,50.0,0.0,-13.81424844234914,0.0,91.31545306636325,0.0006365740248576335
33.84,50.09494971714605,50.0,0.0,-13.813773567417236,0.0,91.31545306636325,0.000641121419209322
33.86,50.09496259494148,50.0,0.0,-13.813306420410829,0.0,91.31545306636325,0.0006455339423249503
33.88,50.09497555930476,50.0,0.0,-13.81284701790954,0.0,91.31545306636325,0.0006498118954064599
33.9,50.094988607548466,50.0,0.0,-13.812395375147547,0.0,91.31545306636325,0.000653955598674361
33.92,50.095001736991804,50.0,0.0,-13.811951506021142,0.0,91.31545306636325,0.0006579653911762988
33.94,50.09501494496101,50.0,0.0,-13.811515423096429,0.0,91.31545306636325,0.0006618416305945842
33.96,50.09502822878969,50.0,0.0,-13.811087137617186,0.0,91.31545306636325,0.0006655846930516637
33.980000000000004,50.0950415858192,50.0,0.0,-13.810666659512869,0.0,91.31545306636325,0.0006691949729138506
34.0,50.09505501339903,50.0,0.0,-13.810253997406772,0.0,91.31545306636325,0.0006726728825950164
34.02,50.09506850888712,50.0,0.0,-13.809849158624331,0.0,91.31545306636325,0.0006760188523568073
34.04,50.09508206965023,50.0,0.0,-13.809452149201567,0.0,91.31545306636325,0.0006792333301097039
34.06,50.09509569306433,50.0,0.0,-13.809062973893672,0.0,91.31545306636325,0.0006823167812112309
34.08,50.095109376514884,50.0,0.0,-13.80868163618374,0.0,91.31545306636325,0.0006852696882633188
34.1,50.09512311739723,50.0,0.0,-13.808308138291622,0.0,91.31545306636325,0.0006880925509087746
34.12,50.0951369131169,50.0,0.0,-13.807942481182929,0.0,91.31545306636325,0.0006907858856260479
34.14,50.09515076109,50.0,0.0,-13.807584664578156,0.0,91.31545306636325,0.0006933502255231077
34.160000000000004,50.09516465874345,50.0,0.0,-13.807234686961941,0.0,91.31545306636325,0.0006957861201306892
34.18,50.0951786035154,50.0,0.0,-13.80689254559244,0.0,91.31545306636325,0.0006980941351938104
34.2,50.09519259285551,50.0,0.0,-13.806558236510847,0.0,91.31545306636325,0.000700274852461608
34.22,50.09520662422527,50.0,0.0,-13.806231754551012,0.0,91.31545306636325,0.0007023288694788701
34.24,50.095220695098305,50.0,0.0,-13.805913093349199,0.0,91.31545306636325,0.0007042567993729
34.26,50.09523480296071,50.0,0.0,-13.805602245353944,0.0,91.31545306636325,0.0007060592706429282
34.28,50.09524894531134,50.0,0.0,-13.805299201836036,0.0,91.31545306636325,0.00070773692694594
34.300000000000004,50.09526311966211,50.0,0.0,-13.805003952898613,0.0,91.31545306636325,0.0007092904268844416
34.32,50.09527732353826,50.0,0.0,-13.804716487487365,0.0,91.31545306636325,0.0007107204437897472
34.34,50.095291554478734,50.0,0.0,-13.804436793400836,0.0,91.31545306636325,0.000712027665508945
34.36,50.095305810036365,50.0,0.0,-13.804164857300844,0.0,91.31545306636325,0.0007132127941869871
34.38,50.095320087778234,50.0,0.0,-13.803900664722992,0.0,91.31545306636325,0.000714276546051359
34.4,50.0953343852859,50.0,0.0,-13.803644200087295,0.0,91.31545306636325,0.000715219651194239
34.42,50.09534870015571,50.0,0.0,-13.80339544670888,0.0,91.31545306636325,0.0007160428533546764
34.44,50.09536302999905,50.0,0.0,-13.803154386808806,0.0,91.31545306636325,0.0007167469097002063
34.46,50.09537737244261,50.0,0.0,-13.802921001524961,0.0,91.31545306636325,0.0007173325906084692
34.480000000000004,50.09539172512865,50.0,0.0,-13.802695270923056,0.0,91.31545306636325,0.0007178006794463473
34.5,50.09540608571527,50.0,0.0,-13.802477174007704,0.0,91.31545306636325,0.0007181519723523367
34.52,50.09542045187663,50.0,0.0,-13.802266688733583,0.0,91.31545306636325,0.0007183872780142632
34.54,50.09543482130323,50.0,0.0,-13.802063792016694,0.0,91.31545306636325,0.0007185074174502865
34.56,50.09544919170215,50.0,0.0,-13.801868459745684,0.0,91.31545306636325,0.0007185132237871436
34.58,50.09546356079726,50.0,0.0,-13.801680666793253,0.0,91.31545306636325,0.0007184055420393112
34.6,50.0954779263295,50.0,0.0,-13.801500387027641,0.0,91.31545306636325,0.0007181852288878173
34.62,50.095492286057066,50.0,0.0,-13.801327593324183,0.0,91.31545306636325,0.0007178531524584674
34.64,50.095506637755676,50.0,0.0,-13.801162257576948,0.0,91.31545306636325,0.0007174101920996494
34.660000000000004,50.095520979218755,50.0,0.0,-13.80100435071042,0.0,91.31545306636325,0.0007168572381617671
34.68,50.09553530825769,50.0,0.0,-13.800853842691279,0.0,91.31545306636325,0.000716195191773691
34.7,50.095549622702,50.0,0.0,-13.800710702540211,0.0,91.31545306636325,0.0007154249646216496
34.72,50.095563920399584,50.0,0.0,-13.800574898343822,0.0,91.31545306636325,0.0007145474787272851
34.74,50.09557819921691,50.0,0.0,-13.800446397266569,0.0,91.31545306636325,0.0007135636662247635
34.76,50.09559245703919,50.0,0.0,-13.800325165562777,0.0,91.31545306636325,0.0007124744691395783
34.78,50.09560669177063,50.0,0.0,-13.800211168588692,0.0,91.31545306636325,0.0007112808391666239
34.800000000000004,50.095620901334556,50.0,0.0,-13.800104370814607,0.0,91.31545306636325,0.0007099837374478694
34.82,50.09563508367366,50.0,0.0,-13.800004735837016,0.0,91.31545306636325,0.0007085841343509467
34.84,50.09564923675015,50.0,0.0,-13.799912226390836,0.0,91.31545306636325,0.0007070830092478106
34.86,50.0956633585459,50.0,0.0,-13.799826804361656,0.0,91.31545306636325,0.000705481350293454
34.88,50.0956774470627,50.0,0.0,-13.79974843079805,0.0,91.31545306636325,0.0007037801542046355
34.9,50.095691500322346,50.0,0.0,-13.79967706592391,0.0,91.31545306636325,0.0007019804260394102
34.92,50.095705516366856,50.0,0.0,-13.799612669150834,0.0,91.31545306636325,0.0007000831789767898
34.94,50.095719493258606,50.0,0.0,-13.79955519909054,0.0,91.31545306636325,0.0006980894340965747
34.96,50.095733429080475,50.0,0.0,-13.79950461356732,0.0,91.31545306636325,0.0006960002201595999
34.980000000000004,50.09574732193603,50.0,0.0,-13.799460869630535,0.0,91.31545306636325,0.0006938165733886829
35.0,50.09576116994965,50.0,0.0,-13.79942392356711,0.0,91.31545306636325,0.0006915395372494223
35.02,50.095774971266664,50.0,0.0,-13.799393730914096,0.0,91.31545306636325,0.0006891701622325466
35.04,50.0957887240535,50.0,0.0,-13.799370246471227,0.0,91.31545306636325,0.0006867095056351805
35.06,50.09580242649781,50.0,0.0,-13.799353424313514,0.0,91.31545306636325,0.0006841586313441472
35.08,50.095816076808624,50.0,0.0,-13.799343217803864,0.0,91.31545306636325,0.0006815186096195022
35.1,50.09582967321642,50.0,0.0,-13.799339579605704,0.0,91.31545306636325,0.0006787905168776477
35.12,50.09584321397331,50.0,0.0,-13.799342461695636,0.0,91.31545306636325,0.0006759754354757999
35.14,50.09585669735311,50.0,0.0,-13.7993518153761,0.0,91.31545306636325,0.0006730744534984139
35.160000000000004,50.09587012165148,50.0,0.0,-13.79936759128805,0.0,91.31545306636325,0.0006700886645414798
35.18,50.095883485185986,50.0,0.0,-13.799389739423638,0.0,91.31545306636325,0.0006670191674998282
35.2,50.09589678629628,50.0,0.0,-13.799418209138919,0.0,91.31545306636325,0.0006638670663545156
35.22,50.09591002334412,50.0,0.0,-13.799452949166541,0.0,91.31545306636325,0.0006606334699603806
35.24,50.095923194713514,50.0,0.0,-13.799493907628467,0.0,91.31545306636325,0.0006573194918353725
35.26,50.0959362988108,50.0,0.0,-13.799541032048669,0.0,91.31545306636325,0.0006539262499503041
35.28,50.09594933406473,50.0,0.0,-13.79959426936585,0.0,91.31545306636325,0.0006504548665188129
35.300000000000004,50.09596229892652,50.0,0.0,-13.799653565946143,0.0,91.31545306636325,0.0006469064677893005
35.32,50.09597519187002,50.0,0.0,-13.799718867595823,0.0,91.31545306636325,0.0006432821838368266
35.34,50.09598801139166,50.0,0.0,-13.799790119574002,0.0,91.31545306636325,0.0006395831483571757
35.36,50.09600075601064,50.0,0.0,-13.799867266605323,0.0,91.31545306636325,0.0006358104984600547
35.38,50.096013424268904,50.0,0.0,-13.799950252892634,0.0,91.31545306636325,0.000631965374464822
35.4,50.09602601473127,50.0,0.0,-13.800039022129669,0.0,91.31545306636325,0.0006280489196971125
35.42,50.09603852598544,50.0,0.0,-13.800133517513698,0.0,91.31545306636325,0.0006240622802849848
35.44,50.096050956642074,50.0,0.0,-13.800233681758172,0.0,91.31545306636325,0.000620006604958021
35.46,50.09606330533484,50.0,0.0,-13.800339457105345,0.0,91.31545306636325,0.0006158830448471184
35.480000000000004,50.09607557072046,50.0,0.0,-13.800450785338882,0.0,91.31545306636325,0.0006116927532832888
35.5,50.096087751478734,50.0,0.0,-13.800567607796442,0.0,91.31545306636325,0.0006074368856016736
35.52,50.09609984631262,50.0,0.0,-13.800689865382244,0.0,91.31545306636325,0.0006031165989417943
35.54,50.096111853948194,50.0,0.0,-13.800817498579594,0.0,91.31545306636325,0.0005987330520535708
35.56,50.09612377313478,50.0,0.0,-13.800950447463414,0.0,91.31545306636325,0.000594287405101364
35.58,50.096135602644864,50.0,0.0,-13.801088651712707,0.0,91.31545306636325,0.0005897808194703252
35.6,50.096147341274225,50.0,0.0,-13.80123205062302,0.0,91.31545306636325,0.0005852144575743745
35.62,50.09615898784186,50.0,0.0,-13.801380583118862,0.0,91.31545306636325,0.0005805894826654332
35.64,50.09617054119007,50.0,0.0,-13.8015341877661,0.0,91.31545306636325,0.0005759070586421172
35.660000000000004,50.09618200018442,50.0,0.0,-13.801692802784299,0.0,91.31545306636325,0.0005711683498628958
35.68,50.096193363713766,50.0,0.0,-13.80185636605905,0.0,91.31545306636325,0.0005663745209576404
35.7,50.09620463069028,50.0,0.0,-13.802024815154246,0.0,91.31545306636325,0.0005615267366422989
35.72,50.0962158000494,50.0,0.0,-13.802198087324314,0.0,91.31545306636325,0.0005566261615345706
35.74,50.09622687074987,50.0,0.0,-13.802376119526418,0.0,91.31545306636325,0.0005516739599696668
35.76,50.09623784177371,50.0,0.0,-13.802558848432607,0.0,91.31545306636325,0.0005466712958200732
35.78,50.0962487121262,50.0,0.0,-13.802746210441931,0.0,91.31545306636325,0.0005416193323136704
35.800000000000004,50.0962594808359,50.0,0.0,-13.802938141692495,0.0,91.31545306636325,0.0005365192318566874
35.82,50.09627014695457,50.0,0.0,-13.803134578073482,0.0,91.31545306636325,0.0005313721558541627
35.84,50.09628070955723,50.0,0.0,-13.8033354552371,0.0,91.31545306636325,0.0005261792645354218
35.86,50.096291167742045,50.0,0.0,-13.803540708610514,0.0,91.31545306636325,0.0005209417167794347
35.88,50.09630152063036,50.0,0.0,-13.803750273407697,0.0,91.31545306636325,0.0005156606699408753
35.9,50.09631176736664,50.0,0.0,-13.803964084641235,0.0,91.31545306636325,0.0005103372796801069
35.92,50.096321907118444,50.0,0.0,-13.804182077134081,0.0,91.31545306636325,0.0005049726997921577
35.94,50.09633193907638,50.0,0.0,-13.804404185531252,0.0,91.31545306636325,0.0004995680820383344
35.96,50.09634186245406,50.0,0.0,-13.804630344311459,0.0,91.31545306636325,0.0004941245759808527
35.980000000000004,50.09635167648806,50.0,0.0,-13.804860487798681,0.0,91.31545306636325,0.0004886433288152041
36.0,50.096361380437884,50.0,0.0,-13.805094550173688,0.0,91.31545306636325,0.00048312548520893514
36.02,50.09637097358587,50.0,0.0,-13.805332465485485,0.0,91.31545306636325,0.00047757218713791394
36.04,50.096380455237174,50.0,0.0,-13.805574167662698,0.0,91.31545306636325,0.00047198457372667814
36.06,50.096389824719694,50.0,0.0,-13.805819590524909,0.0,91.31545306636325,0.0004663637810900779
36.08,50.09639908138402,50.0,0.0,-13.806068667793895,0.0,91.31545306636325,0.0004607109421751659
36.1,50.096408224603344,50.0,0.0,-13.80632133310483,0.0,91.31545306636325,0.000455027186606064
36.12,50.096417253773424,50.0,0.0,-13.806577520017397,0.0,91.31545306636325,0.00044931364053098303
36.14,50.096426168312476,50.0,0.0,-13.80683716202684,0.0,91.31545306636325,0.0004435714264694334
36.160000000000004,50.09643496766114,50.0,0.0,-13.807100192574937,0.0,91.31545306636325,0.0004378016631613418
36.18,50.096443651282364,50.0,0.0,-13.807366545060914,0.0,91.31545306636325,0.0004320054654198061
36.2,50.096452218661355,50.0,0.0,-13.807636152852258,0.0,91.31545306636325,0.00042618394398251293
36.22,50.09646066930548,50.0,0.0,-13.807908949295488,0.0,91.31545306636325,0.00042033820536804047
36.24,50.09646900274418,50.0,0.0,-13.80818486772683,0.0,91.31545306636325,0.0004144693517310582
36.26,50.09647721852887,50.0,0.0,-13.808463841482816,0.0,91.31545306636325,0.0004085784807217463
36.28,50.09648531623289,50.0,0.0,-13.808745803910808,0.0,91.31545306636325,0.000402666685344714
36.300000000000004,50.096493295451346,50.0,0.0,-13.809030688379444,0.0,91.31545306636325,0.00039673505382172296
36.32,50.09650115580107,50.0,0.0,-13.809318428288996,0.0,91.31545306636325,0.0003907846694545615
36.34,50.096508896920504,50.0,0.0,-13.80960895708166,0.0,91.31545306636325,0.00038481661049079107
36.36,50.096516518469556,50.0,0.0,-13.809902208251739,0.0,91.31545306636325,0.0003788319499911418
36.38,50.09652402012957,50.0,0.0,-13.810198115355774,0.0,91.31545306636325,0.00037283175569768966
36.4,50.096531401603144,50.0,0.0,-13.810496612022572,0.0,91.31545306636325,0.00036681708990528186
36.42,50.09653866261407,50.0,0.0,-13.810797631963139,0.0,91.31545306636325,0.0003607890093340147
36.44,50.09654580290721,50.0,0.0,-13.81110110898055,0.0,91.31545306636325,0.00035474856500324005
36.46,50.09655282224834,50.0,0.0,-13.811406976979711,0.0,91.31545306636325,0.000348696802108451
36.480000000000004,50.09655972042411,50.0,0.0,-13.81171516997705,0.0,91.31545306636325,0.0003426347598989031
36.5,50.096566497241845,50.0,0.0,-13.812025622110106,0.0,91.31545306636325,0.00033656347155723224
36.52,50.09657315252948,50.0,0.0,-13.812338267647025,0.0,91.31545306636325,0.00033048396408233926
36.54,50.09657968613539,50.0,0.0,-13.812653040995983,0.0,91.31545306636325,0.0003243972581712618
36.56,50.0965860979283,50.0,0.0,-13.8129698767145,0.0,91.31545306636325,0.0003183043681064531
36.58,50.09659238779714,50.0,0.0,-13.813288709518675,0.0,91.31545306636325,0.00031220630164182023
36.6,50.09659855565089,50.0,0.0,-13.813609474292301,0.0,91.31545306636325,0.00030610405989241744
36.62,50.096604601418505,50.0,0.0,-13.81393210609593,0.0,91.31545306636325,0.0002999986372258986
36.64,50.0966105250487,50.0,0.0,-13.814256540175803,0.0,91.31545306636325,0.0002938910211544008
36.660000000000004,50.0966163265099,50.0,0.0,-13.814582711972704,0.0,91.31545306636325,0.00028778219223030344
36.68,50.09662200579001,50.0,0.0,-13.814910557130714,0.0,91.31545306636325,0.00028167312394197146
36.7,50.09662756289633,50.0,0.0,-13.815240011505871,0.0,91.31545306636325,0.00027556478261381165
36.72,50.096632997855416,50.0,0.0,-13.815571011174718,0.0,91.31545306636325,0.00026945812730518867
36.74,50.096638310712876,50.0,0.0,-13.815903492442782,0.0,91.31545306636325,0.00026335410971324726
36.76,50.09664350153329,50.0,0.0,-13.816237391852923,0.0,91.31545306636325,0.0002572536740775469
36.78,50.09664857040003,50.0,0.0,-13.816572646193595,0.0,91.31545306636325,0.0002511577570858162
36.800000000000004,50.09665351741507,50.0,0.0,-13.816909192507026,0.0,91.31545306636325,0.0002450672877815172
36.82,50.0966583426989,50.0,0.0,-13.817246968097265,0.0,91.31545306636325,0.0002389831874748367
36.84,50.09666304639034,50.0,0.0,-13.817585910538147,0.0,91.31545306636325,0.0002329063696529454
36.86,50.096667628646365,50.0,0.0,-13.817925957681156,0.0,91.31545306636325,0.0002268377398953369
36.88,50.09667208964197,50.0,0.0,-13.818267047663186,0.0,91.31545306636325,0.00022077819578759808
36.9,50.096676429569996,50.0,0.0,-13.818609118914187,0.0,91.31545306636325,0.00021472862684042966
36.92,50.09668064864098,50.0,0.0,-13.818952110164732,0.0,91.31545306636325,0.00020868991440795782
36.94,50.096684747082975,50.0,0.0,-13.819295960453452,0.0,91.31545306636325,0.00020266293160871456
36.96,50.096688725141405,50.0,0.0,-13.819640609134392,0.0,91.31545306636325,0.00019664854325016914
36.980000000000004,50.09669258307887,50.0,0.0,-13.819985995884243,0.0,91.31545306636325,0.00019064760575203247
37.0,50.096696321174996,50.0,0.0,-13.820332060709497,0.0,91.31545306636325,0.00018466096707355758
37.02,50.09669993972628,50.0,0.0,-13.820678743953454,0.0,91.31545306636325,0.00017868946664348183
37.04,50.096703439045875,50.0,0.0,-13.821025986303173,0.0,91.31545306636325,0.00017273393528850113
37.06,50.096706819463456,50.0,0.0,-13.821373728796278,0.0,91.31545306636325,0.00016679519516723848
37.08,50.09671008132503,50.0,0.0,-13.821721912827678,0.0,91.31545306636325,0.00016087405970443644
37.1,50.096713224992754,50.0,0.0,-13.822070480156182,0.0,91.31545306636325,0.00015497133352670463
37.12,50.096716250844786,50.0,0.0,-13.822419372910991,0.0,91.31545306636325,0.00014908781240027043
37.14,50.09671915927507,50.0,0.0,-13.822768533598104,0.0,91.31545306636325,0.00014322428317194307
37.160000000000004,50.09672195069319,50.0,0.0,-13.82311790510661,0.0,91.31545306636325,0.0001373815237101482
37.18,50.096724625524146,50.0,0.0,-13.823467430714858,0.0,91.31545306636325,0.00013156030284871106
37.2,50.09672718420824,50.0,0.0,-13.823817054096544,0.0,91.31545306636325,0.00012576138033200418
37.22,50.09672962720084,50.0,0.0,-13.824166719326675,0.0,91.31545306636325,0.00011998550676262298
37.24,50.096731954972185,50.0,0.0,-13.824516370887427,0.0,91.31545306636325,0.00011423342355080058
37.26,50.09673416800726,50.0,0.0,-13.824865953673909,0.0,91.31545306636325,0.00010850586286466495
37.28,50.09673626680557,50.0,0.0,-13.82521541299979,0.0,91.31545306636325,0.00010280354758324184
37.300000000000004,50.09673825188096,50.0,0.0,-13.825564694602859,0.0,91.31545306636325,9.712719125098232e-05
37.32,50.09674012376141,50.0,0.0,-13.825913744650434,0.0,91.31545306636325,9.147749803500257e-05
37.34,50.096741882988894,50.0,0.0,-13.82626250974469,0.0,91.31545306636325,8.585516268206942e-05
37.36,50.09674353011914,50.0,0.0,-13.826610936927885,0.0,91.31545306636325,8.026087047901016e-05
37.38,50.09674506572149,50.0,0.0,-13.826958973687443,0.0,91.31545306636325,7.469529721494823e-05
37.4,50.096746490378656,50.0,0.0,-13.827306567960973,0.0,91.31545306636325,6.91591091445756e-05
37.42,50.096747804686565,50.0,0.0,-13.827653668141139,0.0,91.31545306636325,6.365296295348173e-05
37.44,50.096749009254154,50.0,0.0,-13.828000223080457,0.0,91.31545306636325,5.817750572472309e-05
37.46,50.09675010470319,50.0,0.0,-13.828346182095961,0.0,91.31545306636325,5.273337490913812e-05
37.480000000000004,50.09675109166807,50.0,0.0,-13.82869149497377,0.0,91.31545306636325,4.7321198294709066e-05
37.5,50.09675197079561,50.0,0.0,-13.829036111973542,0.0,91.31545306636325,4.194159397885321e-05
37.52,50.096752742744876,50.0,0.0,-13.82937998383283,0.0,91.31545306636325,3.659517034360673e-05
37.54,50.096753408186984,50.0,0.0,-13.829723061771316,0.0,91.31545306636325,3.128252603087208e-05
37.56,50.0967539678049,50.0,0.0,-13.830065297494956,0.0,91.31545306636325,2.6004249919310633e-05
37.58,50.09675442229324,50.0,0.0,-13.8304066432,0.0,91.31545306636325,2.076092110492378e-05
37.6,50.09675477235807,50.0,0.0,-13.830747051576912,0.0,91.31545306636325,1.5553108880691086e-05
37.62,50.09675501871674,50.0,0.0,-13.831086475814185,0.0,91.31545306636325,1.038137272007074e-05
37.64,50.096755162097665,50.0,0.0,-13.831424869602051,0.0,91.31545306636325,5.246262261519979e-06
37.660000000000004,50.096755203240114,50.0,0.0,-13.831762187136071,0.0,91.31545306636325,1.483172929586562e-07
37.68,50.09675514289403,50.0,0.0,-13.832098383120636,0.0,91.31545306636325,-4.911932258242838e-06
37.7,50.09675498181985,50.0,0.0,-13.832433412772351,0.0,91.31545306636325,-9.93396633810136e-06
37.72,50.09675472078826,50.0,0.0,-13.832767231823318,0.0,91.31545306636325,-1.4917274774046721e-05
37.74,50.09675436058006,50.0,0.0,-13.83309979652431,0.0,91.31545306636325,-1.986135728230869e-05
37.76,50.0967539019859,50.0,0.0,-13.833431063647843,0.0,91.31545306636325,-2.4765723474414465e-05
37.78,50.096753345806135,50.0,0.0,-13.83376099049113,0.0,91.31545306636325,-2.962989286020835e-05
37.800000000000004,50.0967526928506,50.0,0.0,-13.834089534878958,0.0,91.31545306636325,-3.445339485197162e-05
37.82,50.09675194393841,50.0,0.0,-13.834416655166432,0.0,91.31545306636325,-3.923576876422522e-05
37.84,50.09675109989778,50.0,0.0,-13.83474231024163,0.0,91.31545306636325,-4.397656381395381e-05
37.86,50.096750161565815,50.0,0.0,-13.83506645952815,0.0,91.31545306636325,-4.8675339118097756e-05
37.88,50.096749129788314,50.0,0.0,-13.835389062987561,0.0,91.31545306636325,-5.333166369034615e-05
37.9,50.09674800541957,50.0,0.0,-13.83571008112173,0.0,91.31545306636325,-5.794511643477983e-05
37.92,50.096746789322175,50.0,0.0,-13.836029474975074,0.0,91.31545306636325,-6.25152861414739e-05
37.94,50.09674548236682,50.0,0.0,-13.83634720613669,0.0,91.31545306636325,-6.70417714756798e-05
37.96,50.09674408543211,50.0,0.0,-13.83666323674239,0.0,91.31545306636325,-7.1524180970037e-05
37.980000000000004,50.09674259940433,50.0,0.0,-13.83697752947664,0.0,91.31545306636325,-7.596213301215988e-05
38.0,50.0967410251773,50.0,0.0,-13.83729004757438,0.0,91.31545306636325,-8.035525583265943e-05
38.02,50.09673936365215,50.0,0.0,-13.837600754822768,0.0,91.31545306636325,-8.47031874913055e-05
38.04,50.09673761573711,50.0,0.0,-13.837909615562806,0.0,91.31545306636325,-8.900557586026653e-05
38.06,50.09673578234735,50.0,0.0,-13.838216594690877,0.0,91.31545306636325,-9.326207860826205e-05
38.08,50.096733864404754,50.0,0.0,-13.838521657660172,0.0,91.31545306636325,-9.747236318156519e-05
38.1,50.09673186283772,50.0,0.0,-13.838824770482029,0.0,91.31545306636325,-0.00010163610678403542
38.12,50.09672977858102,50.0,0.0,-13.839125899727167,0.0,91.31545306636325,-0.00010575299635657266
38.14,50.09672761257553,50.0,0.0,-13.83942501252683,0.0,91.31545306636325,-0.00010982272855368562
38.160000000000004,50.09672536576807,50.0,0.0,-13.83972207657382,0.0,91.31545306636325,-0.0001138450097201537
38.18,50.09672303911125,50.0,0.0,-13.840017060123458,0.0,91.31545306636325,-0.00011781955586560882
38.2,50.096720633563194,50.0,0.0,-13.840309931994417,0.0,91.31545306636325,-0.0001217460926371378
38.22,50.09671815008743,50.0,0.0,-13.840600661569493,0.0,91.31545306636325,-0.0001256243552921988
38.24,50.09671558965264,50.0,0.0,-13.840889218796256,0.0,91.31545306636325,-0.00012945408866905675
38.26,50.09671295323248,50.0,0.0,-13.841175574187616,0.0,91.31545306636325,-0.00013323504715608152
38.28,50.09671024180544,50.0,0.0,-13.8414596988223,0.0,91.31545306636325,-0.00013696699465989267
38.300000000000004,50.096707456354565,50.0,0.0,-13.841741564345226,0.0,91.31545306636325,-0.00014064970457170826
38.32,50.096704597867344,50.0,0.0,-13.842021142967798,0.0,91.31545306636325,-0.00014428295973403814
38.34,50.09670166733549,50.0,0.0,-13.842298407468101,0.0,91.31545306636325,-0.0001478665524045182
38.36,50.09669866575473,50.0,0.0,-13.842573331191002,0.0,91.31545306636325,-0.00015140028421844025
38.38,50.096695594124675,50.0,0.0,-13.842845888048162,0.0,91.31545306636325,-0.00015488396615179033
38.4,50.09669245344858,50.0,0.0,-13.843116052517974,0.0,91.31545306636325,-0.0001583174184806653
38.42,50.09668924473318,50.0,0.0,-13.843383799645393,0.0,91.31545306636325,-0.00016170047074274286
38.44,50.0966859689885,50.0,0.0,-13.843649105041676,0.0,91.31545306636325,-0.00016503296169334078
38.46,50.0966826272277,50.0,0.0,-13.84391194488405,0.0,91.31545306636325,-0.00016831473926448234
38.480000000000004,50.096679220466825,50.0,0.0,-13.844172295915294,0.0,91.31545306636325,-0.00017154566052044408
38.5,50.0966757497247,50.0,0.0,-13.844430135443211,0.0,91.31545306636325,-0.00017472559161247394
38.52,50.09667221602271,50.0,0.0,-13.844685441340044,0.0,91.31545306636325,-0.0001778544077329913
38.54,50.096668620384605,50.0,0.0,-13.84493819204178,0.0,91.31545306636325,-0.00018093199306810494
38.56,50.09666496383635,50.0,0.0,-13.845188366547399,0.0,91.31545306636325,-0.00018395824075009067
38.58,50.09666124740595,50.0,0.0,-13.845435944418005,0.0,91.31545306636325,-0.0001869330528070869
38.6,50.096657472123226,50.0,0.0,-13.845680905775918,0.0,91.31545306636325,-0.00018985634011338886
38.62,50.096653639019706,50.0,0.0,-13.845923231303642,0.0,91.31545306636325,-0.00019272802233786658
38.64,50.096649749128396,50.0,0.0,-13.846162902242773,0.0,91.31545306636325,-0.00019554802789168747
38.660000000000004,50.096645803483625,50.0,0.0,-13.846399900392829,0.0,91.31545306636325,-0.00019831629387457417
38.68,50.096641803120875,50.0,0.0,-13.846634208109997,0.0,91.31545306636325,-0.00020103276602127644
38.7,50.09663774907662,50.0,0.0,-13.846865808305791,0.0,91.31545306636325,-0.0002036973986452908
38.72,50.09663364238811,50.0,0.0,-13.847094684445649,0.0,91.31545306636325,-0.00020631015458296158
38.74,50.09662948409327,50.0,0.0,-13.847320820547443,0.0,91.31545306636325,-0.0002088710051364281
38.76,50.09662527523046,50.0,0.0,-13.847544201179916,0.0,91.31545306636325,-0.0002113799300155988
38.78,50.09662101683836,50.0,0.0,-13.847764811461042,0.0,91.31545306636325,-0.00021383691727900846
38.800000000000004,50.09661670995578,50.0,0.0,-13.847982637056308,0.0,91.31545306636325,-0.00021624196327332107
38.82,50.09661235562151,50.0,0.0,-13.848197664176936,0.0,91.31545306636325,-0.0002185950725741871
38.84,50.09660795487412,50.0,0.0,-13.848409879578012,0.0,91.31545306636325,-0.000220896257922663
38.86,50.09660350875186,50.0,0.0,-13.848619270556561,0.0,91.31545306636325,-0.0002231455401641927
38.88,50.09659901829243,50.0,0.0,-13.84882582494954,0.0,91.31545306636325,-0.00022534294818512732
38.9,50.096594484532865,50.0,0.0,-13.849029531131754,0.0,91.31545306636325,-0.0002274885188477371
38.92,50.09658990850938,50.0,0.0,-13.849230378013733,0.0,91.31545306636325,-0.00022958229692680165
38.94,50.09658529125716,50.0,0.0,-13.849428355039498,0.0,91.31545306636325,-0.00023162433504284274
38.96,50.096580633810284,50.0,0.0,-13.849623452184298,0.0,91.31545306636325,-0.00023361469359644378
38.980000000000004,50.096575937201486,50.0,0.0,-13.849815659952249,0.0,91.31545306636325,-0.00023555344070074375
39.0,50.096571202462066,50.0,0.0,-13.850004969373927,0.0,91.31545306636325,-0.000237440652113981
39.02,50.09656643062171,50.0,0.0,-13.850191372003888,0.0,91.31545306636325,-0.00023927641117038866
39.04,50.09656162270834,50.0,0.0,-13.850374859918121,0.0,91.31545306636325,-0.0002410608087120161
39.06,50.09655677974797,50.0,0.0,-13.850555425711448,0.0,91.31545306636325,-0.00024279394301784536
39.08,50.09655190276455,50.0,0.0,-13.850733062494848,0.0,91.31545306636325,-0.00024447591973319826
39.1,50.09654699277984,50.0,0.0,-13.850907763892728,0.0,91.31545306636325,-0.0002461068517996385
39.12,50.09654205081324,50.0,0.0,-13.851079524040133,0.0,91.31545306636325,-0.00024768685938196116
39.14,50.096537077881656,50.0,0.0,-13.851248337579891,0.0,91.31545306636325,-0.00024921606979658005
39.160000000000004,50.09653207499936,50.0,0.0,-13.851414199659706,0.0,91.31545306636325,-0.0002506946174382261
39.18,50.09652704317786,50.0,0.0,-13.851577105929183,0.0,91.31545306636325,-0.00025212264370594046
39.2,50.09652198342573,50.0,0.0,-13.8517370525368,0.0,91.31545306636325,-0.00025350029692997343
39.22,50.09651689674851,50.0,0.0,-13.851894036126833,0.0,91.31545306636325,-0.0002548277322958113
39.24,50.09651178414854,50.0,0.0,-13.852048053836212,0.0,91.31545306636325,-0.0002561051117699652
39.26,50.09650664662483,50.0,0.0,-13.852199103291333,0.0,91.31545306636325,-0.00025733260402356644
39.28,50.096501485172965,50.0,0.0,-13.852347182604806,0.0,91.31545306636325,-0.0002585103843568478
39.300000000000004,50.09649630078491,50.0,0.0,-13.852492290372153,0.0,91.31545306636325,-0.0002596386346216455
39.32,50.09649109444891,50.0,0.0,-13.85263442566847,0.0,91.31545306636325,-0.00026071754314459955
39.34,50.09648586714939,50.0,0.0,-13.852773588045004,0.0,91.31545306636325,-0.00026174730464921774
39.36,50.09648061986679,50.0,0.0,-13.85290977752572,0.0,91.31545306636325,-0.00026272812017865137
39.38,50.09647535357743,50.0,0.0,-13.853042994603797,0.0,91.31545306636325,-0.0002636601970160302
39.4,50.09647006925345,50.0,0.0,-13.853173240238064,0.0,91.31545306636325,-0.00026454374860619836
39.42,50.0964647678626,50.0,0.0,-13.853300515849417,0.0,91.31545306636325,-0.0002653789944766879
39.44,50.096459450368194,50.0,0.0,-13.853424823317177,0.0,91.31545306636325,-0.0002661661601573145
39.46,50.096454117728946,50.0,0.0,-13.853546164975386,0.0,91.31545306636325,-0.0002669054771007565
39.480000000000004,50.09644877089888,50.0,0.0,-13.853664543609094,0.0,91.31545306636325,-0.00026759718260195657
39.5,50.09644341082719,50.0,0.0,-13.853779962450568,0.0,91.31545306636325,-0.0002682415197174134
39.52,50.09643803845815,50.0,0.0,-13.853892425175484,0.0,91.31545306636325,-0.0002688387371844127
39.54,50.09643265473098,50.0,0.0,-13.854001935899053,0.0,91.31545306636325,-0.00026938908933927565
39.56,50.096427260579745,50.0,0.0,-13.854108499172126,0.0,91.31545306636325,-0.0002698928360359645
39.58,50.09642185693325,50.0,0.0,-13.85421211997726,0.0,91.31545306636325,-0.00027035024256501976
39.6,50.09641644471491,50.0,0.0,-13.854312803724719,0.0,91.31545306636325,-0.00027076157956960135
39.62,50.096411024842695,50.0,0.0,-13.854410556248471,0.0,91.31545306636325,-0.00027112712296534827
39.64,50.09640559822896,50.0,0.0,-13.854505383802126,0.0,91.31545306636325,-0.00027144715385581125
39.660000000000004,50.09640016578039,50.0,0.0,-13.854597293054844,0.0,91.31545306636325,-0.00027172195845147666
39.68,50.09639472839787,50.0,0.0,-13.854686291087212,0.0,91.31545306636325,-0.0002719518279854598
39.7,50.09638928697641,50.0,0.0,-13.85477238538707,0.0,91.31545306636325,-0.0002721370586306595
39.72,50.09638384240504,50.0,0.0,-13.854855583845328,0.0,91.31545306636325,-0.00027227795141719684
39.74,50.09637839556669,50.0,0.0,-13.854935894751735,0.0,91.31545306636325,-0.0002723748121476773
39.76,50.09637294733814,50.0,0.0,-13.855013326790612,0.0,91.31545306636325,-0.00027242795131492386
39.78,50.09636749858988,50.0,0.0,-13.855087889036568,0.0,91.31545306636325,-0.00027243768401724865
39.800000000000004,50.09636205018605,50.0,0.0,-13.855159590950183,0.0,91.31545306636325,-0.0002724043298749592
39.82,50.09635660298436,50.0,0.0,-13.855228442373651,0.0,91.31545306636325,-0.0002723282129465597
39.84,50.09635115783594,50.0,0.0,-13.855294453526405,0.0,91.31545306636325,-0.00027220966164507655
39.86,50.09634571558535,50.0,0.0,-13.85535763500071,0.0,91.31545306636325,-0.0002720490086528152
39.88,50.09634027707041,50.0,0.0,-13.85541799775724,0.0,91.31545306636325,-0.0002718465908383574
39.9,50.09633484312216,50.0,0.0,-13.855475553120614,0.0,91.31545306636325,-0.0002716027491722583
39.92,50.096329414564764,50.0,0.0,-13.855530312774922,0.0,91.31545306636325,-0.0002713178286423781
39.94,50.09632399221546,50.0,0.0,-13.85558228875921,0.0,91.31545306636325,-0.0002709921781700336
39.96,50.09631857688443,50.0,0.0,-13.855631493462962,0.0,91.31545306636325,-0.00027062615052585886
39.980000000000004,50.09631316937477,50.0,0.0,-13.855677939621545,0.0,91.31545306636325,-0.000270220102245107
40.0,50.0963077704824,50.0,0.0,-13.855721640311652,0.0,91.31545306636325,-0.00026977439354421634
40.02,50.09630238099598,50.0,0.0,-13.85576260894669,0.0,91.31545306636325,-0.0002692893882366107
40.04,50.096297001696854,50.0,0.0,-13.855800859272192,0.0,91.31545306636325,-0.00026876545364779746
40.06,50.09629163335899,50.0,0.0,-13.855836405361174,0.0,91.31545306636325,-0.00026820296053231817
40.08,50.09628627674888,50.0,0.0,-13.855869261609502,0.0,91.31545306636325,-0.00026760228298972267
40.1,50.0962809326255,50.0,0.0,-13.855899442731223,0.0,91.31545306636325,-0.0002669637983802891
40.12,50.09627560174024,50.0,0.0,-13.85592696375389,0.0,91.31545306636325,-0.0002662878872414967
40.14,50.09627028483684,50.0,0.0,-13.855951840013862,0.0,91.31545306636325,-0.0002655749332046481
40.160000000000004,50.096264982651334,50.0,0.0,-13.855974087151617,0.0,91.31545306636325,-0.000264825322911583
40.18,50.09625969591198,50.0,0.0,-13.855993721107014,0.0,91.31545306636325,-0.0002640394459302844
40.2,50.096254425339204,50.0,0.0,-13.85601075811457,0.0,91.31545306636325,-0.000263217694673578
40.22,50.09624917164557,50.0,0.0,-13.856025214698711,0.0,91.31545306636325,-0.0002623604643139129
40.24,50.096243935535675,50.0,0.0,-13.856037107669023,0.0,91.31545306636325,-0.0002614681527023317
40.26,50.09623871770615,50.0,0.0,-13.856046454115488,0.0,91.31545306636325,-0.0002605411602849864
40.28,50.09623351884558,50.0,0.0,-13.856053271403706,0.0,91.31545306636325,-0.0002595798900210793
40.300000000000004,50.09622833963446,50.0,0.0,-13.85605757717012,0.0,91.31545306636325,-0.0002585847473002947
40.32,50.096223180745135,50.0,0.0,-13.856059389317224,0.0,91.31545306636325,-0.000257556139860763
40.34,50.096218042841784,50.0,0.0,-13.85605872600877,0.0,91.31545306636325,-0.00025649447770824174
40.36,50.09621292658036,50.0,0.0,-13.856055605664965,0.0,91.31545306636325,-0.000255400173033033
40.38,50.09620783260853,50.0,0.0,-13.856050046957662,0.0,91.31545306636325,-0.0002542736401302577
40.4,50.09620276156566,50.0,0.0,-13.856042068805564,0.0,91.31545306636325,-0.00025311529531791324
40.42,50.096197714082756,50.0,0.0,-13.856031690369393,0.0,91.31545306636325,-0.00025192555685649956
40.44,50.09619269078245,50.0,0.0,-13.856018931047084,0.0,91.31545306636325,-0.0002507048448685946
40.46,50.09618769227894,50.0,0.0,-13.856003810468962,0.0,91.31545306636325,-0.0002494535812585137
40.480000000000004,50.09618271917797,50.0,0.0,-13.855986348492932,0.0,91.31545306636325,-0.00024817218963340366
40.5,50.09617777207678,50.0,0.0,-13.85596656519965,0.0,91.31545306636325,-0.0002468610952222797
40.52,50.09617285156409,50.0,0.0,-13.85594448088771,0.0,91.31545306636325,-0.0002455207247981931
40.54,50.096167958220086,50.0,0.0,-13.855920116068823,0.0,91.31545306636325,-0.00024415150659856595
40.56,50.096163092616344,50.0,0.0,-13.855893491463004,0.0,91.31545306636325,-0.00024275387024779666
40.58,50.09615825531584,50.0,0.0,-13.855864627993764,0.0,91.31545306636325,-0.00024132824667739383
40.6,50.096153446872925,50.0,0.0,-13.85583354678329,0.0,91.31545306636325,-0.0002398750680505048
40.62,50.096148667833276,50.0,0.0,-13.855800269147645,0.0,91.31545306636325,-0.00023839476768225696
40.64,50.09614391873391,50.0,0.0,-13.855764816591973,0.0,91.31545306636325,-0.0002368877799651422
40.660000000000004,50.09613920010313,50.0,0.0,-13.855727210805696,0.0,91.31545306636325,-0.00023535454029022438
40.68,50.096134512460516,50.0,0.0,-13.855687473657737,0.0,91.31545306636325,-0.00023379548497270102
40.7,50.09612985631693,50.0,0.0,-13.855645627191725,0.0,91.31545306636325,-0.00023221105117546503
40.72,50.09612523217446,50.0,0.0,-13.855601693621233,0.0,91.31545306636325,-0.00023060167683379342
40.74,50.096120640526436,50.0,0.0,-13.855555695325013,0.0,91.31545306636325,-0.00022896780058038403
40.76,50.0961160818574,50.0,0.0,-13.85550765484223,0.0,91.31545306636325,-0.0002273098616717428
40.78,50.09611155664312,50.0,0.0,-13.855457594867728,0.0,91.31545306636325,-0.00022562829991296305
40.800000000000004,50.09610706535055,50.0,0.0,-13.855405538247295,0.0,91.31545306636325,-0.00022392355558515956
40.82,50.09610260843783,50.0,0.0,-13.855351507972927,0.0,91.31545306636325,-0.000222196069372137
40.84,50.09609818635428,50.0,0.0,-13.855295527178123,0.0,91.31545306636325,-0.00022044628228799816
40.86,50.096093799540405,50.0,0.0,-13.855237619133195,0.0,91.31545306636325,-0.00021867463560442754
40.88,50.09608944842788,50.0,0.0,-13.855177807240567,0.0,91.31545306636325,-0.00021688157078014544
40.9,50.09608513343956,50.0,0.0,-13.855116115030107,0.0,91.31545306636325,-0.00021506752938923844
40.92,50.09608085498943,50.0,0.0,-13.855052566154473,0.0,91.31545306636325,-0.00021323295304992773
40.94,50.09607661348269,50.0,0.0,-13.854987184384468,0.0,91.31545306636325,-0.00021137828335599963
40.96,50.09607240931568,50.0,0.0,-13.854919993604414,0.0,91.31545306636325,-0.00020950396180641003
40.980000000000004,50.09606824287592,50.0,0.0,-13.854851017807533,0.0,91.31545306636325,-0.0002076104297357884
41.0,50.096064114542116,50.0,0.0,-13.854780281091367,0.0,91.31545306636325,-0.00020569812824695167
41.02,50.096060024684135,50.0,0.0,-13.854707807653183,0.0,91.31545306636325,-0.00020376749814261208
41.04,50.09605597366304,50.0,0.0,-13.854633621785437,0.0,91.31545306636325,-0.0002018189798576169
41.06,50.09605196183111,50.0,0.0,-13.854557747871215,0.0,91.31545306636325,-0.0001998530133926994
41.08,50.0960479895318,50.0,0.0,-13.854480210379725,0.0,91.31545306636325,-0.00019787003824811643
41.1,50.096044057099796,50.0,0.0,-13.854401033861786,0.0,91.31545306636325,-0.00019587049335732578
41.12,50.096040164861016,50.0,0.0,-13.854320242945356,0.0,91.31545306636325,-0.00019385481702265033
41.14,50.09603631313262,50.0,0.0,-13.854237862331074,0.0,91.31545306636325,-0.00019182344685055714
41.160000000000004,50.096032502223025,50.0,0.0,-13.85415391678781,0.0,91.31545306636325,-0.000189776819687442
41.18,50.09602873243192,50.0,0.0,-13.854068431148267,0.0,91.31545306636325,-0.00018771537155651708
41.2,50.096025004050276,50.0,0.0,-13.853981430304572,0.0,91.31545306636325,-0.0001856395375951603
41.22,50.09602131736038,50.0,0.0,-13.853892939203918,0.0,91.31545306636325,-0.0001835497519923115
41.24,50.09601767263586,50.0,0.0,-13.85380298284421,0.0,91.31545306636325,-0.00018144644792745358
41.26,50.09601407014167,50.0,0.0,-13.853711586269744,0.0,91.31545306636325,-0.00017933005750934964
41.28,50.09601051013415,50.0,0.0,-13.853618774566913,0.0,91.31545306636325,-0.00017720101171551242
41.300000000000004,50.09600699286104,50.0,0.0,-13.853524572859936,0.0,91.31545306636325,-0.0001750597403338038
41.32,50.096003518561496,50.0,0.0,-13.853429006306602,0.0,91.31545306636325,-0.00017290667190155657
41.34,50.0960000874661,50.0,0.0,-13.853332100094057,0.0,91.31545306636325,-0.00017074223364829097
41.36,50.095996699796935,50.0,0.0,-13.853233879434615,0.0,91.31545306636325,-0.0001685668514378725
41.38,50.095993355767575,50.0,0.0,-13.853134369561577,0.0,91.31545306636325,-0.00016638094971109166
41.4,50.095990055583115,50.0,0.0,-13.853033595725103,0.0,91.31545306636325,-0.00016418495142913253
41.42,50.09598679944021,50.0,0.0,-13.852931583188095,0.0,91.31545306636325,-0.00016197927801811873
41.44,50.09598358752713,50.0,0.0,-13.852828357222117,0.0,91.31545306636325,-0.00015976434931369574
41.46,50.09598042002373,50.0,0.0,-13.85272394310334,0.0,91.31545306636325,-0.00015754058350645283
41.480000000000004,50.09597729710156,50.0,0.0,-13.852618366108517,0.0,91.31545306636325,-0.00015530839708802034
41.5,50.095974218923836,50.0,0.0,-13.852511651510987,0.0,91.31545306636325,-0.00015306820479802643
41.52,50.09597118564551,50.0,0.0,-13.85240382457671,0.0,91.31545306636325,-0.00015082041957188656
41.54,50.095968197413306,50.0,0.0,-13.852294910560333,0.0,91.31545306636325,-0.00014856545248822167
41.56,50.095965254365744,50.0,0.0,-13.852184934701286,0.0,91.31545306636325,-0.00014630371271814578
41.58,50.09596235663317,50.0,0.0,-13.852073922219912,0.0,91.31545306636325,-0.0001440356074750149
41.6,50.09595950433785,50.0,0.0,-13.851961898313622,0.0,91.31545306636325,-0.0001417615419639255
41.62,50.09595669759392,50.0,0.0,-13.851848888153084,0.0,91.31545306636325,-0.00013948191933316868
41.64,50.09595393650752,50.0,0.0,-13.85173491687846,0.0,91.31545306636325,-0.00013719714062562145
41.660000000000004,50.09595122117679,50.0,0.0,-13.851620009595644,0.0,91.31545306636325,-0.00013490760473104372
41.68,50.09594855169189,50.0,0.0,-13.851504191372568,0.0,91.31545306636325,-0.00013261370833891726
41.7,50.095945928135116,50.0,0.0,-13.851387487235515,0.0,91.31545306636325,-0.0001303158458921876
41.72,50.095943350580875,50.0,0.0,-13.851269922165477,0.0,91.31545306636325,-0.0001280144095413937
41.74,50.095940819095766,50.0,0.0,-13.851151521094549,0.0,91.31545306636325,-0.00012570978910003493
41.76,50.09593833373863,50.0,0.0,-13.851032308902353,0.0,91.31545306636325,-0.00012340237200057026
41.78,50.09593589456058,50.0,0.0,-13.850912310412497,0.0,91.31545306636325,-0.00012109254324972165
41.800000000000004,50.09593350160507,50.0,0.0,-13.85079155038907,0.0,91.31545306636325,-0.00011878068538698784
41.82,50.095931154907916,50.0,0.0,-13.850670053533179,0.0,91.31545306636325,-0.00011646717844138577
41.84,50.09592885449739,50.0,0.0,-13.850547844479502,0.0,91.31545306636325,-0.00011415239989133211
41.86,50.095926600394215,50.0,0.0,-13.850424947792899,0.0,91.31545306636325,-0.00011183672462219393
41.88,50.09592439261169,50.0,0.0,-13.850301387965049,0.0,91.31545306636325,-0.00010952052488779871
41.9,50.095922231155676,50.0,0.0,-13.850177189411124,0.0,91.31545306636325,-0.00010720417027020887
41.92,50.095920116024665,50.0,0.0,-13.8500523764665,0.0,91.31545306636325,-0.00010488802764157286
41.94,50.09591804720988,50.0,0.0,-13.849926973383504,0.0,91.31545306636325,-0.00010257246112659496
41.96,50.09591602469526,50.0,0.0,-13.849801004328201,0.0,91.31545306636325,-0.00010025783206402194
41.980000000000004,50.095914048457594,50.0,0.0,-13.849674493377218,0.0,91.31545306636325,-9.794449897199531e-05
42.0,50.09591211846649,50.0,0.0,-13.849547464514602,0.0,91.31545306636325,-9.563281751072522e-05
42.02,50.0959102346845,50.0,0.0,-13.849419941628712,0.0,91.31545306636325,-9.332314044874557e-05
42.04,50.095908397067184,50.0,0.0,-13.849291948509169,0.0,91.31545306636325,-9.101581762738699e-05
42.06,50.095906605563094,50.0,0.0,-13.84916350884382,0.0,91.31545306636325,-8.871119592861036e-05
42.08,50.095904860113905,50.0,0.0,-13.849034646215753,0.0,91.31545306636325,-8.640961924081071e-05
42.1,50.095903160654466,50.0,0.0,-13.848905384100354,0.0,91.31545306636325,-8.411142842735968e-05
42.12,50.09590150711281,50.0,0.0,-13.84877574586239,0.0,91.31545306636325,-8.18169612954692e-05
42.14,50.0958998994103,50.0,0.0,-13.848645754753145,0.0,91.31545306636325,-7.95265525643361e-05
42.160000000000004,50.0958983374616,50.0,0.0,-13.848515433907579,0.0,91.31545306636325,-7.724053383638323e-05
42.18,50.095896821174804,50.0,0.0,-13.848384806341548,0.0,91.31545306636325,-7.495923356740732e-05
42.2,50.09589535045147,50.0,0.0,-13.848253894949039,0.0,91.31545306636325,-7.268297703761942e-05
42.22,50.0958939251867,50.0,0.0,-13.848122722499468,0.0,91.31545306636325,-7.041208632435424e-05
42.24,50.09589254526918,50.0,0.0,-13.847991311635003,0.0,91.31545306636325,-6.81468802750836e-05
42.26,50.095891210581264,50.0,0.0,-13.847859684867922,0.0,91.31545306636325,-6.588767448034983e-05
42.28,50.09588992099904,50.0,0.0,-13.847727864578038,0.0,91.31545306636325,-6.363478124848474e-05
42.300000000000004,50.095888676392406,50.0,0.0,-13.847595873010128,0.0,91.31545306636325,-6.138850957983037e-05
42.32,50.09588747662508,50.0,0.0,-13.847463732271427,0.0,91.31545306636325,-5.914916514401958e-05
42.34,50.095886321554744,50.0,0.0,-13.847331464329152,0.0,91.31545306636325,-5.691705025482543e-05
42.36,50.095885211033064,50.0,0.0,-13.847199091008077,0.0,91.31545306636325,-5.4692463847217754e-05
42.38,50.09588414490577,50.0,0.0,-13.847066633988135,0.0,91.31545306636325,-5.247570145687413e-05
42.4,50.095883123012726,50.0,0.0,-13.84693411480207,0.0,91.31545306636325,-5.0267055196805045e-05
42.42,50.09588214518799,50.0,0.0,-13.846801554833117,0.0,91.31545306636325,-4.8066813737252836e-05
42.44,50.095881211259915,50.0,0.0,-13.846668975312745,0.0,91.31545306636325,-4.5875262286098904e-05
42.46,50.095880321051155,50.0,0.0,-13.846536397318422,0.0,91.31545306636325,-4.369268256832461e-05
42.480000000000004,50.09587947437879,50.0,0.0,-13.846403841771426,0.0,91.31545306636325,-4.151935280848179e-05
42.5,50.09587867105439,50.0,0.0,-13.846271329434694,0.0,91.31545306636325,-3.9355547712026285e-05
42.52,50.09587791088407,50.0,0.0,-13.846138880910727,0.0,91.31545306636325,-3.720153844774164e-05
42.54,50.09587719366856,50.0,0.0,-13.846006516639509,0.0,91.31545306636325,-3.5057592631757904e-05
42.56,50.09587651920327,50.0,0.0,-13.84587425689649,0.0,91.31545306636325,-3.2923974311185906e-05
42.58,50.09587588727841,50.0,0.0,-13.845742121790607,0.0,91.31545306636325,-3.0800943948714546e-05
42.6,50.095875297678994,50.0,0.0,-13.845610131262331,0.0,91.31545306636325,-2.868875840872632e-05
42.62,50.09587475018496,50.0,0.0,-13.845478305081768,0.0,91.31545306636325,-2.658767094199166e-05
42.64,50.09587424457121,50.0,0.0,-13.845346662846802,0.0,91.31545306636325,-2.4497931173844354e-05
42.660000000000004,50.09587378060772,50.0,0.0,-13.845215223981276,0.0,91.31545306636325,-2.241978509111972e-05
42.68,50.09587335805958,50.0,0.0,-13.845084007733206,0.0,91.31545306636325,-2.035347502980839e-05
42.7,50.09587297668707,50.0,0.0,-13.844953033173045,0.0,91.31545306636325,-1.8299239664004238e-05
42.72,50.09587263624576,50.0,0.0,-13.84482231919199,0.0,91.31545306636325,-1.6257313995775273e-05
42.74,50.095872336486565,50.0,0.0,-13.844691884500323,0.0,91.31545306636325,-1.4227929344880692e-05
42.76,50.0958720771558,50.0,0.0,-13.844561747625793,0.0,91.31545306636325,-1.2211313339340675e-05
42.78,50.095871857995306,50.0,0.0,-13.844431926912042,0.0,91.31545306636325,-1.0207689906738526e-05
42.800000000000004,50.095871678742455,50.0,0.0,-13.844302440517078,0.0,91.31545306636325,-8.217279266990846e-06
42.82,50.095871539130286,50.0,0.0,-13.84417330641177,0.0,91.31545306636325,-6.240297923940598e-06
42.84,50.09587143888755,50.0,0.0,-13.844044542378406,0.0,91.31545306636325,-4.276958659909667e-06
42.86,50.09587137773878,50.0,0.0,-13.84391616600927,0.0,91.31545306636325,-2.3274705283854245e-06
42.88,50.095871355404384,50.0,0.0,-13.84378819470528,0.0,91.31545306636325,-3.9203884929894124e-07
42.9,50.095871371600715,50.0,0.0,-13.843660645674651,0.0,91.31545306636325,1.5291347958941051e-06
42.92,50.09587142604012,50.0,0.0,-13.843533535931606,0.0,91.31545306636325,3.4358525680523935e-06
42.94,50.09587151843106,50.0,0.0,-13.84340688229512,0.0,91.31545306636325,5.327920375023935e-06
42.96,50.095871648478145,50.0,0.0,-13.843280701387723,0.0,91.31545306636325,7.205147873067292e-06
42.980000000000004,50.095871815882234,50.0,0.0,-13.843155009634307,0.0,91.31545306636325,9.067348470038452e-06
43.0,50.0958720203405,50.0,0.0,-13.843029823261016,0.0,91.31545306636325,1.0914339326999317e-05
43.02,50.09587226154649,50.0,0.0,-13.842905158294142,0.0,91.31545306636325,1.2745941359220911e-05
43.04,50.095872539190246,50.0,0.0,-13.842781030559074,0.0,91.31545306636325,1.4561979236975927e-05
43.06,50.09587285295833,50.0,0.0,-13.842657455679294,0.0,91.31545306636325,1.6362281384568942e-05
43.08,50.095873202533916,50.0,0.0,-13.842534449075398,0.0,91.31545306636325,1.8146679981139008e-05
43.1,50.095873587596884,50.0,0.0,-13.842412025964164,0.0,91.31545306636325,1.9915010957586443e-05
43.12,50.09587400782387,50.0,0.0,-13.842290201357654,0.0,91.31545306636325,2.1667113996044508e-05
43.14,50.095874462888354,50.0,0.0,-13.842168990062362,0.0,91.31545306636325,2.340283252707373e-05
43.160000000000004,50.095874952460726,50.0,0.0,-13.842048406678396,0.0,91.31545306636325,2.5122013726592062e-05
43.18,50.09587547620838,50.0,0.0,-13.8419284655987,0.0,91.31545306636325,2.682450851198913e-05
43.2,50.09587603379575,50.0,0.0,-13.841809181008315,0.0,91.31545306636325,2.85101715389059e-05
43.22,50.095876624884426,50.0,0.0,-13.84169056688368,0.0,91.31545306636325,3.017886119542272e-05
43.24,50.095877249133224,50.0,0.0,-13.841572636991959,0.0,91.31545306636325,3.183043959718706e-05
43.26,50.095877906198226,50.0,0.0,-13.841455404890429,0.0,91.31545306636325,3.3464772582089785e-05
43.28,50.09587859573289,50.0,0.0,-13.841338883925884,0.0,91.31545306636325,3.508172970304202e-05
43.300000000000004,50.09587931738811,50.0,0.0,-13.841223087234084,0.0,91.31545306636325,3.668118422229697e-05
43.32,50.09588007081229,50.0,0.0,-13.841108027739248,0.0,91.31545306636325,3.826301310257146e-05
43.34,50.095880855651416,50.0,0.0,-13.840993718153573,0.0,91.31545306636325,3.98270970001639e-05
43.36,50.095881671549144,50.0,0.0,-13.840880170976803,0.0,91.31545306636325,4.137332025611597e-05
43.38,50.09588251814685,50.0,0.0,-13.840767398495819,0.0,91.31545306636325,4.290157088681253e-05
43.4,50.095883395083725,50.0,0.0,-13.84065541278428,0.0,91.31545306636325,4.441174057548436e-05
43.42,50.09588430199683,50.0,0.0,-13.840544225702288,0.0,91.31545306636325,4.59037246609187e-05
43.44,50.09588523852119,50.0,0.0,-13.840433848896106,0.0,91.31545306636325,4.737742212820627e-05
43.46,50.095886204289855,50.0,0.0,-13.840324293797892,0.0,91.31545306636325,4.8832735596458565e-05
43.480000000000004,50.09588719893396,50.0,0.0,-13.840215571625476,0.0,91.31545306636325,5.026957130857512e-05
43.5,50.09588822208281,50.0,0.0,-13.840107693382187,0.0,91.31545306636325,5.168783911779371e-05
43.52,50.09588927336397,50.0,0.0,-13.840000669856689,0.0,91.31545306636325,5.308745247666509e-05
43.54,50.09589035240331,50.0,0.0,-13.839894511622877,0.0,91.31545306636325,5.446832842329219e-05
43.56,50.09589145882508,50.0,0.0,-13.839789229039791,0.0,91.31545306636325,5.58303875676363e-05
43.58,50.09589259225199,50.0,0.0,-13.839684832251573,0.0,91.31545306636325,5.717355407851204e-05
43.6,50.09589375230528,50.0,0.0,-13.839581331187444,0.0,91.31545306636325,5.849775566849905e-05
43.62,50.095894938604786,50.0,0.0,-13.839478735561745,0.0,91.31545306636325,5.9802923579121175e-05
43.64,50.09589615076901,50.0,0.0,-13.83937705487398,0.0,91.31545306636325,6.108899256631325e-05
43.660000000000004,50.0958973884152,50.0,0.0,-13.839276298408912,0.0,91.31545306636325,6.235590088382458e-05
43.68,50.09589865115941,50.0,0.0,-13.839176475236679,0.0,91.31545306636325,6.360359026793e-05
43.7,50.09589993861657,50.0,0.0,-13.839077594212958,0.0,91.31545306636325,6.483200592011106e-05
43.72,50.09590125040055,50.0,0.0,-13.838979663979147,0.0,91.31545306636325,6.604109649041267e-05
43.74,50.095902586124254,50.0,0.0,-13.83888269296259,0.0,91.31545306636325,6.723081406026141e-05
43.76,50.09590394539966,50.0,0.0,-13.838786689376832,0.0,91.31545306636325,6.840111412405999e-05
43.78,50.0959053278379,50.0,0.0,-13.838691661221894,0.0,91.31545306636325,6.955195557168772e-05
43.800000000000004,50.09590673304931,50.0,0.0,-13.8385976162846,0.0,91.31545306636325,7.068330066919211e-05
43.82,50.095908160643546,50.0,0.0,-13.838504562138924,0.0,91.31545306636325,7.179511504016915e-05
43.84,50.09590961022959,50.0,0.0,-13.838412506146364,0.0,91.31545306636325,7.288736764616725e-05
43.86,50.09591108141586,50.0,0.0,-13.838321455456356,0.0,91.31545306636325,7.3960030767372e-05
43.88,50.09591257381026,50.0,0.0,-13.838231417006712,0.0,91.31545306636325,7.501307998126118e-05
43.9,50.095914087020226,50.0,0.0,-13.83814239752409,0.0,91.31545306636325,7.604649414345e-05
43.92,50.095915620652846,50.0,0.0,-13.838054403524495,0.0,91.31545306636325,7.706025536585792e-05
43.94,50.09591717431486,50.0,0.0,-13.837967441313813,0.0,91.31545306636325,7.805434899582496e-05
43.96,50.095918747612785,50.0,0.0,-13.837881516988359,0.0,91.31545306636325,7.902876359442236e-05
43.980000000000004,50.095920340152915,50.0,0.0,-13.837796636435481,0.0,91.31545306636325,7.998349091448544e-05
44.0,50.09592195154144,50.0,0.0,-13.83771280533416,0.0,91.31545306636325,8.091852587826205e-05
44.02,50.09592358138449,50.0,0.0,-13.837630029155665,0.0,91.31545306636325,8.183386655452929e-05
44.04,50.095925229288184,50.0,0.0,-13.837548313164223,0.0,91.31545306636325,8.272951413600444e-05
44.06,50.09592689485871,50.0,0.0,-13.837467662417724,0.0,91.31545306636325,8.360547291625098e-05
44.08,50.09592857770238,50.0,0.0,-13.837388081768442,0.0,91.31545306636325,8.446175026510325e-05
44.1,50.09593027742569,50.0,0.0,-13.83730957586379,0.0,91.31545306636325,8.529835660557577e-05
44.12,50.09593199363538,50.0,0.0,-13.837232149147113,0.0,91.31545306636325,8.611530538970589e-05
44.14,50.095933725938515,50.0,0.0,-13.837155805858485,0.0,91.31545306636325,8.69126130732828e-05
44.160000000000004,50.09593547394249,50.0,0.0,-13.837080550035548,0.0,91.31545306636325,8.769029909148955e-05
44.18,50.095937237255164,50.0,0.0,-13.837006385514373,0.0,91.31545306636325,8.844838583424408e-05
44.2,50.09593901548485,50.0,0.0,-13.836933315930343,0.0,91.31545306636325,8.918689861970421e-05
44.22,50.09594080824043,50.0,0.0,-13.836861344719063,0.0,91.31545306636325,8.990586566939148e-05
44.24,50.095942615131364,50.0,0.0,-13.836790475117297,0.0,91.31545306636325,9.060531808234823e-05
44.26,50.095944435767784,50.0,0.0,-13.836720710163938,0.0,91.31545306636325,9.1285289808081e-05
44.28,50.09594626976053,50.0,0.0,-13.836652052700975,0.0,91.31545306636325,9.194581762139987e-05
44.300000000000004,50.09594811672121,50.0,0.0,-13.836584505374507,0.0,91.31545306636325,9.258694109450244e-05
44.32,50.09594997626227,50.0,0.0,-13.836518070635785,0.0,91.31545306636325,9.320870257093708e-05
44.34,50.09595184799703,50.0,0.0,-13.836452750742257,0.0,91.31545306636325,9.381114713730889e-05
44.36,50.09595373153973,50.0,0.0,-13.836388547758645,0.0,91.31545306636325,9.439432259701234e-05
44.38,50.09595562650563,50.0,0.0,-13.836325463558044,0.0,91.31545306636325,9.495827944237527e-05
44.4,50.095957532511015,50.0,0.0,-13.83626349982305,0.0,91.31545306636325,9.550307082627134e-05
44.42,50.095959449173264,50.0,0.0,-13.836202658046902,0.0,91.31545306636325,9.60287525340702e-05
44.44,50.09596137611092,50.0,0.0,-13.836142939534646,0.0,91.31545306636325,9.653538295590861e-05
44.46,50.0959633129437,50.0,0.0,-13.83608434540432,0.0,91.31545306636325,9.702302305801529e-05
44.480000000000004,50.095965259292605,50.0,0.0,-13.836026876588164,0.0,91.31545306636325,9.749173635349733e-05
44.5,50.095967214779904,50.0,0.0,-13.835970533833848,0.0,91.31545306636325,9.794158887412648e-05
44.52,50.09596917902924,50.0,0.0,-13.83591531770571,0.0,91.31545306636325,9.837264914072429e-05
44.54,50.09597115166566,50.0,0.0,-13.83586122858604,0.0,91.31545306636325,9.878498813474439e-05
44.56,50.09597313231564,50.0,0.0,-13.835808266676352,0.0,91.31545306636325,9.917867926804907e-05
44.58,50.09597512060717,50.0,0.0,-13.835756431998696,0.0,91.31545306636325,9.955379835366886e-05
44.6,50.095977116169784,50.0,0.0,-13.835705724396984,0.0,91.31545306636325,9.991042357561592e-05
44.62,50.09597911863462,50.0,0.0,-13.83565614353833,0.0,91.31545306636325,0.00010024863546030241
44.64,50.09598112763442,50.0,0.0,-13.835607688914408,0.0,91.31545306636325,0.00010056851684467181
44.660000000000004,50.09598314280365,50.0,0.0,-13.835560359842836,0.0,91.31545306636325,0.00010087015284745011
44.68,50.09598516377848,50.0,0.0,-13.835514155468568,0.0,91.31545306636325,0.00010115363083815989
44.7,50.09598719019687,50.0,0.0,-13.835469074765308,0.0,91.31545306636325,0.00010141904040713096
44.72,50.09598922169861,50.0,0.0,-13.835425116536936,0.0,91.31545306636325,0.00010166647333410977
44.74,50.09599125792532,50.0,0.0,-13.83538227941896,0.0,91.31545306636325,0.0001018960235585409
44.76,50.095993298520554,50.0,0.0,-13.83534056187997,0.0,91.31545306636325,0.00010210778714820324
44.78,50.0959953431298,50.0,0.0,-13.835299962223116,0.0,91.31545306636325,0.00010230186226802012
44.800000000000004,50.09599739140053,50.0,0.0,-13.835260478587607,0.0,91.31545306636325,0.00010247834915006315
44.82,50.09599944298227,50.0,0.0,-13.835222108950207,0.0,91.31545306636325,0.0001026373500612823
44.84,50.096001497526586,50.0,0.0,-13.835184851126765,0.0,91.31545306636325,0.00010277896927294786
44.86,50.09600355468717,50.0,0.0,-13.835148702773749,0.0,91.31545306636325,0.00010290331302927341
44.88,50.09600561411988,50.0,0.0,-13.835113661389789,0.0,91.31545306636325,0.00010301048951601182
44.9,50.096007675482724,50.0,0.0,-13.835079724317245,0.0,91.31545306636325,0.00010310060882897104
44.92,50.09600973843597,50.0,0.0,-13.835046888743788,0.0,91.31545306636325,0.0001031737829426069
44.94,50.096011802642124,50.0,0.0,-13.835015151703974,0.0,91.31545306636325,0.00010323012567772625
44.96,50.096013867766,50.0,0.0,-13.834984510080861,0.0,91.31545306636325,0.00010326975267144746
44.980000000000004,50.09601593347475,50.0,0.0,-13.834954960607611,0.0,91.31545306636325,0.00010329278134386358
45.0,50.096017999437905,50.0,0.0,-13.834926499869121,0.0,91.31545306636325,0.0001032993308673875
45.02,50.09602006532737,50.0,0.0,-13.834899124303655,0.0,91.31545306636325,0.00010328952213412412
45.04,50.09602213081754,50.0,0.0,-13.834872830204493,0.0,91.31545306636325,0.00010326347772463028
45.06,50.096024195585215,50.0,0.0,-13.834847613721587,0.0,91.31545306636325,0.00010322132187640042
45.08,50.09602625930977,50.0,0.0,-13.834823470863238,0.0,91.31545306636325,0.00010316318045115517
45.1,50.09602832167306,50.0,0.0,-13.83480039749776,0.0,91.31545306636325,0.00010308918090317328
45.12,50.096030382359544,50.0,0.0,-13.834778389355183,0.0,91.31545306636325,0.00010299945224772708
45.14,50.096032441056266,50.0,0.0,-13.834757442028938,0.0,91.31545306636325,0.0001028941250292105
45.160000000000004,50.09603449745291,50.0,0.0,-13.83473755097757,0.0,91.31545306636325,0.00010277333128835395
45.18,50.0960365512418,50.0,0.0,-13.834718711526452,0.0,91.31545306636325,0.00010263720453170327
45.2,50.09603860211798,50.0,0.0,-13.83470091886951,0.0,91.31545306636325,0.00010248587969821274
45.22,50.09604064977916,50.0,0.0,-13.834684168070947,0.0,91.31545306636325,0.00010231949312857677
45.24,50.09604269392585,50.0,0.0,-13.83466845406699,0.0,91.31545306636325,0.00010213818253252183
45.26,50.096044734261305,50.0,0.0,-13.834653771667636,0.0,91.31545306636325,0.0001019420869572989
45.28,50.09604677049156,50.0,0.0,-13.834640115558404,0.0,91.31545306636325,0.00010173134675591495
45.300000000000004,50.096048802325505,50.0,0.0,-13.834627480302089,0.0,91.31545306636325,0.00010150610355459548
45.32,50.09605082947486,50.0,0.0,-13.834615860340536,0.0,91.31545306636325,0.00010126650022233356
45.34,50.09605285165422,50.0,0.0,-13.834605249996413,0.0,91.31545306636325,0.0001010126808377771
45.36,50.096054868581085,50.0,0.0,-13.834595643474985,0.0,91.31545306636325,0.00010074479065838347
45.38,50.096056879975855,50.0,0.0,-13.834587034865898,0.0,91.31545306636325,0.00010046297608843024
45.4,50.096058885561895,50.0,0.0,-13.834579418144969,0.0,91.31545306636325,0.00010016738464736389
45.42,50.09606088506552,50.0,0.0,-13.83457278717598,0.0,91.31545306636325,9.985816493871682e-05
45.44,50.09606287821603,50.0,0.0,-13.834567135712469,0.0,91.31545306636325,9.953546661785076e-05
45.46,50.09606486474574,50.0,0.0,-13.834562457399546,0.0,91.31545306636325,9.919944036113805e-05
45.480000000000004,50.09606684438999,50.0,0.0,-13.83455874577569,0.0,91.31545306636325,9.885023783459444e-05
45.5,50.09606881688715,50.0,0.0,-13.834555994274547,0.0,91.31545306636325,9.848801166227788e-05
45.52,50.09607078197867,50.0,0.0,-13.834554196226769,0.0,91.31545306636325,9.811291539536953e-05
45.54,50.096072739409074,50.0,0.0,-13.834553344861806,0.0,91.31545306636325,9.772510348104398e-05
45.56,50.096074688925995,50.0,0.0,-13.83455343330973,0.0,91.31545306636325,9.732473123139307e-05
45.58,50.09607663028017,50.0,0.0,-13.834554454603063,0.0,91.31545306636325,9.691195479231956e-05
45.6,50.09607856322548,50.0,0.0,-13.834556401678585,0.0,91.31545306636325,9.648693111317321e-05
45.62,50.09608048751896,50.0,0.0,-13.83455926737917,0.0,91.31545306636325,9.604981791565118e-05
45.64,50.09608240292078,50.0,0.0,-13.834563044455603,0.0,91.31545306636325,9.560077366327356e-05
45.660000000000004,50.096084309194325,50.0,0.0,-13.834567725568412,0.0,91.31545306636325,9.513995753097931e-05
45.68,50.096086206106136,50.0,0.0,-13.834573303289687,0.0,91.31545306636325,9.466752937462521e-05
45.7,50.096088093426,50.0,0.0,-13.834579770104918,0.0,91.31545306636325,9.418364970039457e-05
45.72,50.09608997092688,50.0,0.0,-13.83458711841481,0.0,91.31545306636325,9.368847963563048e-05
45.74,50.096091838385,50.0,0.0,-13.834595340537115,0.0,91.31545306636325,9.318218089763243e-05
45.76,50.09609369557981,50.0,0.0,-13.834604428708465,0.0,91.31545306636325,9.266491576432581e-05
45.78,50.09609554229402,50.0,0.0,-13.834614375086188,0.0,91.31545306636325,9.213684704477738e-05
45.800000000000004,50.0960973783136,50.0,0.0,-13.83462517175014,0.0,91.31545306636325,9.159813804883805e-05
45.82,50.096099203427784,50.0,0.0,-13.834636810704525,0.0,91.31545306636325,9.104895255812327e-05
45.84,50.0961010174291,50.0,0.0,-13.83464928387972,0.0,91.31545306636325,9.048945479673255e-05
45.86,50.09610282011335,50.0,0.0,-13.83466258313409,0.0,91.31545306636325,8.991980940187539e-05
45.88,50.09610461127966,50.0,0.0,-13.834676700255812,0.0,91.31545306636325,8.93401813945707e-05
45.9,50.096106390730434,50.0,0.0,-13.834691626964693,0.0,91.31545306636325,8.875073615138305e-05
45.92,50.09610815827139,50.0,0.0,-13.834707354913974,0.0,91.31545306636325,8.81516393749514e-05
45.94,50.096109913711594,50.0,0.0,-13.834723875692143,0.0,91.31545306636325,8.754305706615016e-05
45.96,50.0961116568634,50.0,0.0,-13.834741180824755,0.0,91.31545306636325,8.69251554950794e-05
45.980000000000004,50.0961133875425,50.0,0.0,-13.834759261776215,0.0,91.31545306636325,8.629810117283455e-05
46.0,50.09611510556793,50.0,0.0,-13.834778109951593,0.0,91.31545306636325,8.56620608242055e-05
46.02,50.096116810762055,50.0,0.0,-13.834797716698414,0.0,91.31545306636325,8.501720135859694e-05
46.04,50.096118502950574,50.0,0.0,-13.834818073308453,0.0,91.31545306636325,8.436368984321897e-05
46.06,50.09612018196254,50.0,0.0,-13.834839171019519,0.0,91.31545306636325,8.370169347547544e-05
46.08,50.09612184763035,50.0,0.0,-13.83486100101724,0.0,91.31545306636325,8.303137955489066e-05
46.1,50.09612349978975,50.0,0.0,-13.834883554436841,0.0,91.31545306636325,8.235291545661118e-05
46.12,50.09612513827981,50.0,0.0,-13.834906822364916,0.0,91.31545306636325,8.166646860437583e-05
46.14,50.09612676294299,50.0,0.0,-13.83493079584119,0.0,91.31545306636325,8.09722064433956e-05
46.160000000000004,50.09612837362506,50.0,0.0,-13.834955465860293,0.0,91.31545306636325,8.027029641398915e-05
46.18,50.09612997017516,50.0,0.0,-13.834980823373508,0.0,91.31545306636325,7.956090592509792e-05
46.2,50.09613155244578,50.0,0.0,-13.835006859290512,0.0,91.31545306636325,7.884420232791506e-05
46.22,50.09613312029275,50.0,0.0,-13.835033564481137,0.0,91.31545306636325,7.812035289070474e-05
46.24,50.09613467357523,50.0,0.0,-13.835060929777086,0.0,91.31545306636325,7.738952477178558e-05
46.26,50.09613621215574,50.0,0.0,-13.835088945973682,0.0,91.31545306636325,7.665188499454405e-05
46.28,50.096137735900136,50.0,0.0,-13.835117603831584,0.0,91.31545306636325,7.590760042279538e-05
46.300000000000004,50.0961392446776,50.0,0.0,-13.835146894078493,0.0,91.31545306636325,7.515683773387081e-05
46.32,50.09614073836066,50.0,0.0,-13.835176807410871,0.0,91.31545306636325,7.439976339543999e-05
46.34,50.09614221682515,50.0,0.0,-13.835207334495633,0.0,91.31545306636325,7.363654363988219e-05
46.36,50.096143679950245,50.0,0.0,-13.835238465971852,0.0,91.31545306636325,7.286734443962062e-05
46.38,50.09614512761843,50.0,0.0,-13.835270192452425,0.0,91.31545306636325,7.209233148383117e-05
46.4,50.09614655971549,50.0,0.0,-13.835302504525766,0.0,91.31545306636325,7.131167015288727e-05
46.42,50.096147976130524,50.0,0.0,-13.835335392757457,0.0,91.31545306636325,7.05255254961419e-05
46.44,50.096149376755925,50.0,0.0,-13.835368847691923,0.0,91.31545306636325,6.973406220678056e-05
46.46,50.09615076148737,50.0,0.0,-13.835402859854067,0.0,91.31545306636325,6.893744460001126e-05
46.480000000000004,50.096152130223835,50.0,0.0,-13.835437419750923,0.0,91.31545306636325,6.8135836588322e-05
46.5,50.09615348286754,50.0,0.0,-13.835472517873272,0.0,91.31545306636325,6.732940165984813e-05
46.52,50.096154819324,50.0,0.0,-13.835508144697279,0.0,91.31545306636325,6.651830285514124e-05
46.54,50.096156139501964,50.0,0.0,-13.835544290686096,0.0,91.31545306636325,6.570270274483436e-05
46.56,50.09615744331343,50.0,0.0,-13.835580946291467,0.0,91.31545306636325,6.488276340724342e-05
46.58,50.096158730673636,50.0,0.0,-13.835618101955319,0.0,91.31545306636325,6.405864640688521e-05
46.6,50.09616000150105,50.0,0.0,-13.835655748111343,0.0,91.31545306636325,6.32305127722127e-05
46.62,50.096161255717334,50.0,0.0,-13.835693875186568,0.0,91.31545306636325,6.239852297454752e-05
46.64,50.09616249324736,50.0,0.0,-13.835732473602919,0.0,91.31545306636325,6.156283690689213e-05
46.660000000000004,50.09616371401922,50.0,0.0,-13.83577153377877,0.0,91.31545306636325,6.072361386275193e-05
46.68,50.09616491796413,50.0,0.0,-13.835811046130479,0.0,91.31545306636325,5.9881012515358804e-05
46.7,50.09616610501652,50.0,0.0,-13.835851001073918,0.0,91.31545306636325,5.9035190897345904e-05
46.72,50.09616727511395,50.0,0.0,-13.83589138902599,0.0,91.31545306636325,5.818630638095096e-05
46.74,50.09616842819711,50.0,0.0,-13.835932200406138,0.0,91.31545306636325,5.733451565722299e-05
46.76,50.09616956420984,50.0,0.0,-13.835973425637834,0.0,91.31545306636325,5.647997471640615e-05
46.78,50.09617068309907,50.0,0.0,-13.836015055150057,0.0,91.31545306636325,5.5622838829875186e-05
46.800000000000004,50.09617178481483,50.0,0.0,-13.836057079378776,0.0,91.31545306636325,5.476326252916157e-05
46.82,50.096172869310244,50.0,0.0,-13.8360994887684,0.0,91.31545306636325,5.390139958742082e-05
46.84,50.0961739365415,50.0,0.0,-13.836142273773227,0.0,91.31545306636325,5.303740300183948e-05
46.86,50.09617498646781,50.0,0.0,-13.836185424858868,0.0,91.31545306636325,5.21714249743801e-05
46.88,50.09617601905145,50.0,0.0,-13.83622893250369,0.0,91.31545306636325,5.130361689327194e-05
46.9,50.0961770342577,50.0,0.0,-13.836272787200205,0.0,91.31545306636325,5.0434129316053314e-05
46.92,50.096178032054844,50.0,0.0,-13.836316979456472,0.0,91.31545306636325,4.9563111950982074e-05
46.94,50.09617901241415,50.0,0.0,-13.836361499797485,0.0,91.31545306636325,4.869071364089386e-05
46.96,50.09617997530984,50.0,0.0,-13.836406338766544,0.0,91.31545306636325,4.78170823449403e-05
46.980000000000004,50.0961809207191,50.0,0.0,-13.836451486926602,0.0,91.31545306636325,4.6942365121962394e-05
47.0,50.096181848622045,50.0,0.0,-13.836496934861628,0.0,91.31545306636325,4.6066708114937396e-05
47.02,50.09618275900169,50.0,0.0,-13.836542673177917,0.0,91.31545306636325,4.51902565334058e-05
47.04,50.09618365184395,50.0,0.0,-13.836588692505426,0.0,91.31545306636325,4.431315463807206e-05
47.06,50.096184527137616,50.0,0.0,-13.836634983499069,0.0,91.31545306636325,4.34355457248468e-05
47.08,50.09618538487432,50.0,0.0,-13.836681536840008,0.0,91.31545306636325,4.255757210958122e-05
47.1,50.096186225048534,50.0,0.0,-13.836728343236935,0.0,91.31545306636325,4.1679375113085794e-05
47.12,50.09618704765756,50.0,0.0,-13.836775393427326,0.0,91.31545306636325,4.0801095045159105e-05
47.14,50.09618785270146,50.0,0.0,-13.836822678178702,0.0,91.31545306636325,3.9922871191215016e-05
47.160000000000004,50.09618864018311,50.0,0.0,-13.836870188289858,0.0,91.31545306636325,3.904484179683651e-05
47.18,50.0961894101081,50.0,0.0,-13.836917914592085,0.0,91.31545306636325,3.8167144054349364e-05
47.2,50.09619016248477,50.0,0.0,-13.836965847950376,0.0,91.31545306636325,3.728991408812171e-05
47.22,50.09619089732416,50.0,0.0,-13.837013979264624,0.0,91.31545306636325,3.641328694207405e-05
47.24,50.09619161464002,50.0,0.0,-13.837062299470794,0.0,91.31545306636325,3.553739656557068e-05
47.26,50.09619231444873,50.0,0.0,-13.837110799542094,0.0,91.31545306636325,3.466237580058867e-05
47.28,50.09619299676933,50.0,0.0,-13.837159470490114,0.0,91.31545306636325,3.378835636899033e-05
47.300000000000004,50.096193661623495,50.0,0.0,-13.837208303365978,0.0,91.31545306636325,3.2915468859601906e-05
47.32,50.096194309035475,50.0,0.0,-13.837257289261446,0.0,91.31545306636325,3.204384271686383e-05
47.34,50.0961949390321,50.0,0.0,-13.837306419310032,0.0,91.31545306636325,3.117360622801972e-05
47.36,50.096195551642765,50.0,0.0,-13.837355684688095,0.0,91.31545306636325,3.030488651164629e-05
47.38,50.096196146899366,50.0,0.0,-13.837405076615905,0.0,91.31545306636325,2.9437809506427378e-05
47.4,50.09619672483633,50.0,0.0,-13.837454586358714,0.0,91.31545306636325,2.857249996021894e-05
47.42,50.09619728549055,50.0,0.0,-13.837504205227804,0.0,91.31545306636325,2.7709081418060636e-05
47.44,50.09619782890137,50.0,0.0,-13.837553924581501,0.0,91.31545306636325,2.6847676213036557e-05
47.46,50.09619835511058,50.0,0.0,-13.837603735826217,0.0,91.31545306636325,2.5988405454808497e-05
47.480000000000004,50.09619886416237,50.0,0.0,-13.837653630417433,0.0,91.31545306636325,2.5131389020336215e-05
47.5,50.096199356103305,50.0,0.0,-13.837703599860689,0.0,91.31545306636325,2.4276745543363772e-05
47.52,50.09619983098232,50.0,0.0,-13.837753635712557,0.0,91.31545306636325,2.3424592405216714e-05
47.54,50.096200288850675,50.0,0.0,-13.837803729581594,0.0,91.31545306636325,2.257504572564607e-05
47.56,50.096200729761925,50.0,0.0,-13.837853873129285,0.0,91.31545306636325,2.1728220353923167e-05
47.58,50.096201153771936,50.0,0.0,-13.837904058070967,0.0,91.31545306636325,2.088422985953983e-05
47.6,50.0962015609388,50.0,0.0,-13.837954276176735,0.0,91.31545306636325,2.004318652445021e-05
47.62,50.09620195132285,50.0,0.0,-13.838004519272342,0.0,91.31545306636325,1.9205201334058576e-05
47.64,50.09620232498663,50.0,0.0,-13.838054779240075,0.0,91.31545306636325,1.8370383970581383e-05
47.660000000000004,50.09620268199484,50.0,0.0,-13.838105048019619,0.0,91.31545306636325,1.7538842803683943e-05
47.68,50.09620302241435,50.0,0.0,-13.838155317608907,0.0,91.31545306636325,1.6710684884344117e-05
47.7,50.096203346314155,50.0,0.0,-13.838205580064942,0.0,91.31545306636325,1.588601593724459e-05
47.72,50.09620365376533,50.0,0.0,-13.838255827504632,0.0,91.31545306636325,1.5064940353854061e-05
47.74,50.096203944841044,50.0,0.0,-13.838306052105574,0.0,91.31545306636325,1.4247561186585182e-05
47.76,50.09620421961649,50.0,0.0,-13.838356246106853,0.0,91.31545306636325,1.3433980140625065e-05
47.78,50.09620447816889,50.0,0.0,-13.838406401809804,0.0,91.31545306636325,1.262429756968499e-05
47.800000000000004,50.096204720577454,50.0,0.0,-13.838456511578771,0.0,91.31545306636325,1.1818612469569825e-05
47.82,50.09620494692336,50.0,0.0,-13.838506567841844,0.0,91.31545306636325,1.1017022472249006e-05
47.84,50.0962051572897,50.0,0.0,-13.838556563091585,0.0,91.31545306636325,1.021962384056963e-05
47.86,50.0962053517615,50.0,0.0,-13.838606489885736,0.0,91.31545306636325,9.42651146365168e-06
47.88,50.09620553042566,50.0,0.0,-13.838656340847916,0.0,91.31545306636325,8.637778851627864e-06
47.9,50.09620569337092,50.0,0.0,-13.838706108668285,0.0,91.31545306636325,7.853518131303024e-06
47.92,50.09620584068785,50.0,0.0,-13.838755786104219,0.0,91.31545306636325,7.073820042007535e-06
47.94,50.09620597246884,50.0,0.0,-13.83880536598095,0.0,91.31545306636325,6.298773931062773e-06
47.96,50.09620608880802,50.0,0.0,-13.838854841192202,0.0,91.31545306636325,5.5284677501126975e-06
47.980000000000004,50.096206189801265,50.0,0.0,-13.838904204700796,0.0,91.31545306636325,4.7629880521041785e-06
48.0,50.09620627554619,50.0,0.0,-13.838953449539263,0.0,91.31545306636325,4.002419987230674e-06
48.02,50.09620634614206,50.0,0.0,-13.83900256881042,0.0,91.31545306636325,3.246847300160009e-06
48.04,50.09620640168982,50.0,0.0,-13.839051555687938,0.0,91.31545306636325,2.4963523272688566e-06
48.06,50.096206442292036,50.0,0.0,-13.839100403416902,0.0,91.31545306636325,1.7510159943319997e-06
48.08,50.096206468052884,50.0,0.0,-13.839149105314343,0.0,91.31545306636325,1.0109178137835587e-06
48.1,50.0962064790781,50.0,0.0,-13.839197654769764,0.0,91.31545306636325,2.7613588198824946e-07
48.120000000000005,50.09620647547497,50.0,0.0,-13.839246045245648,0.0,91.31545306636325,-4.5325312088903255e-07
48.14,50.096206457352295,50.0,0.0,-13.839294270277948,0.0,91.31545306636325,-1.1771739340667447e-06
48.160000000000004,50.096206424820366,50.0,0.0,-13.839342323476567,0.0,91.31545306636325,-1.895552716875699e-06
48.18,50.09620637799093,50.0,0.0,-13.83939019852581,0.0,91.31545306636325,-2.608317049785683e-06
48.2,50.09620631697717,50.0,0.0,-13.839437889184852,0.0,91.31545306636325,-3.3153959357932407e-06
48.22,50.096206241893654,50.0,0.0,-13.839485389288145,0.0,91.31545306636325,-4.0167198009801245e-06
48.24,50.09620615285635,50.0,0.0,-13.839532692745847,0.0,91.31545306636325,-4.712220494630341e-06
48.26,50.09620604998255,50.0,0.0,-13.839579793544226,0.0,91.31545306636325,-5.401831289357221e-06
48.28,50.09620593339087,50.0,0.0,-13.839626685746039,0.0,91.31545306636325,-6.085486882079885e-06
48.300000000000004,50.09620580320122,50.0,0.0,-13.839673363490908,0.0,91.31545306636325,-6.763123392632113e-06
48.32,50.09620565953477,50.0,0.0,-13.839719820995674,0.0,91.31545306636325,-7.434678364314124e-06
48.34,50.0962055025139,50.0,0.0,-13.839766052554744,0.0,91.31545306636325,-8.100090762320859e-06
48.36,50.09620533226222,50.0,0.0,-13.839812052540408,0.0,91.31545306636325,-8.759300973203605e-06
48.38,50.0962051489045,50.0,0.0,-13.83985781540316,0.0,91.31545306636325,-9.412250804368378e-06
48.4,50.09620495256666,50.0,0.0,-13.839903335671995,0.0,91.31545306636325,-1.005888348184545e-05
48.42,50.09620474337574,50.0,0.0,-13.839948607954685,0.0,91.31545306636325,-1.0699143648948384e-05
48.44,50.09620452145986,50.0,0.0,-13.83999362693806,0.0,91.31545306636325,-1.1332977365344387e-05
48.46,50.096204286948215,50.0,0.0,-13.84003838738825,0.0,91.31545306636325,-1.1960332103777158e-05
48.480000000000004,50.09620403997103,50.0,0.0,-13.840082884150922,0.0,91.31545306636325,-1.2581156748745972e-05
48.5,50.09620378065951,50.0,0.0,-13.840127112151526,0.0,91.31545306636325,-1.3195401594519334e-05
48.52,50.09620350914587,50.0,0.0,-13.840171066395483,0.0,91.31545306636325,-1.3803018341479922e-05
48.54,50.09620322556327,50.0,0.0,-13.840214741968392,0.0,91.31545306636325,-1.4403960093746988e-05
48.56,50.09620293004577,50.0,0.0,-13.840258134036214,0.0,91.31545306636325,-1.49981813568121e-05
48.58,50.09620262272833,50.0,0.0,-13.840301237845438,0.0,91.31545306636325,-1.558563803368347e-05
48.6,50.09620230374678,50.0,0.0,-13.840344048723237,0.0,91.31545306636325,-1.6166287421284416e-05
48.620000000000005,50.09620197323779,50.0,0.0,-13.840386562077606,0.0,91.31545306636325,-1.67400882076778e-05
48.64,50.09620163133883,50.0,0.0,-13.840428773397493,0.0,91.31545306636325,-1.730700046805652e-05
48.660000000000004,50.096201278188154,50.0,0.0,-13.840470678252908,0.0,91.31545306636325,-1.7866985660536705e-05
48.68,50.09620091392477,50.0,0.0,-13.840512272295026,0.0,91.31545306636325,-1.8420006621512823e-05
48.7,50.09620053868841,50.0,0.0,-13.840553551256274,0.0,91.31545306636325,-1.8966027562761756e-05
48.72,50.09620015261951,50.0,0.0,-13.8405945109504,0.0,91.31545306636325,-1.9505014065567298e-05
48.74,50.096199755859175,50.0,0.0,-13.840635147272536,0.0,91.31545306636325,-2.0036933076794258e-05
48.76,50.09619934854915,50.0,0.0,-13.840675456199238,0.0,91.31545306636325,-2.0561752903451026e-05
48.78,50.0961989308318,50.0,0.0,-13.840715433788528,0.0,91.31545306636325,-2.107944320819185e-05
48.800000000000004,50.09619850285008,50.0,0.0,-13.840755076179903,0.0,91.31545306636325,-2.158997500369883e-05
48.82,50.096198064747504,50.0,0.0,-13.84079437959435,0.0,91.31545306636325,-2.2093320647140834e-05
48.84,50.09619761666814,50.0,0.0,-13.840833340334338,0.0,91.31545306636325,-2.258945383528451e-05
48.86,50.09619715875654,50.0,0.0,-13.840871954783797,0.0,91.31545306636325,-2.3078349598087094e-05
48.88,50.09619669115775,50.0,0.0,-13.840910219408084,0.0,91.31545306636325,-2.3559984292804193e-05
48.9,50.096196214017276,50.0,0.0,-13.840948130753947,0.0,91.31545306636325,-2.4034335598301577e-05
48.92,50.096195727481046,50.0,0.0,-13.840985685449457,0.0,91.31545306636325,-2.4501382508122962e-05
48.94,50.096195231695404,50.0,0.0,-13.841022880203953,0.0,91.31545306636325,-2.4961105325273318e-05
48.96,50.096194726807056,50.0,0.0,-13.841059711807942,0.0,91.31545306636325,-2.541348565405268e-05
48.980000000000004,50.09619421296307,50.0,0.0,-13.84109617713302,0.0,91.31545306636325,-2.585850639469902e-05
49.0,50.09619369031084,50.0,0.0,-13.841132273131759,0.0,91.31545306636325,-2.6296151735700258e-05
49.02,50.096193158998055,50.0,0.0,-13.84116799683759,0.0,91.31545306636325,-2.6726407147410504e-05
49.04,50.09619261917268,50.0,0.0,-13.84120334536468,0.0,91.31545306636325,-2.7149259373997585e-05
49.06,50.09619207098294,50.0,0.0,-13.841238315907775,0.0,91.31545306636325,-2.7564696426708137e-05
49.08,50.096191514577264,50.0,0.0,-13.841272905742066,0.0,91.31545306636325,-2.7972707576493985e-05
49.1,50.09619095010429,50.0,0.0,-13.841307112223006,0.0,91.31545306636325,-2.837328334604998e-05
49.120000000000005,50.09619037771283,50.0,0.0,-13.841340932786146,0.0,91.31545306636325,-2.8766415502102616e-05
49.14,50.09618979755186,50.0,0.0,-13.84137436494694,0.0,91.31545306636325,-2.915209704729071e-05
49.160000000000004,50.09618920977044,50.0,0.0,-13.841407406300553,0.0,91.31545306636325,-2.953032221292886e-05
49.18,50.096188614517786,50.0,0.0,-13.841440054521644,0.0,91.31545306636325,-2.9901086449894946e-05
49.2,50.09618801194315,50.0,0.0,-13.841472307364148,0.0,91.31545306636325,-3.0264386421039136e-05
49.22,50.09618740219583,50.0,0.0,-13.841504162661044,0.0,91.31545306636325,-3.06202199921282e-05
49.24,50.09618678542518,50.0,0.0,-13.841535618324118,0.0,91.31545306636325,-3.0968586223478756e-05
49.26,50.09618616178055,50.0,0.0,-13.84156667234369,0.0,91.31545306636325,-3.1309485362035144e-05
49.28,50.096185531411265,50.0,0.0,-13.841597322788383,0.0,91.31545306636325,-3.1642918831143427e-05
49.300000000000004,50.0961848944666,50.0,0.0,-13.841627567804817,0.0,91.31545306636325,-3.1968889222719576e-05
49.32,50.09618425109578,50.0,0.0,-13.841657405617338,0.0,91.31545306636325,-3.228740028773233e-05
49.34,50.09618360144792,50.0,0.0,-13.841686834527726,0.0,91.31545306636325,-3.259845692714085e-05
49.36,50.09618294567204,50.0,0.0,-13.84171585291489,0.0,91.31545306636325,-3.2902065182685195e-05
49.38,50.09618228391703,50.0,0.0,-13.841744459234544,0.0,91.31545306636325,-3.319823222748959e-05
49.4,50.096181616331606,50.0,0.0,-13.841772652018891,0.0,91.31545306636325,-3.348696635625429e-05
49.42,50.096180943064304,50.0,0.0,-13.841800429876285,0.0,91.31545306636325,-3.3768276975952494e-05
49.44,50.09618026426347,50.0,0.0,-13.841827791490896,0.0,91.31545306636325,-3.404217459653722e-05
49.46,50.09617958007722,50.0,0.0,-13.84185473562234,0.0,91.31545306636325,-3.430867081956819e-05
49.480000000000004,50.09617889065343,50.0,0.0,-13.84188126110533,0.0,91.31545306636325,-3.4567778330493836e-05
49.5,50.09617819613969,50.0,0.0,-13.841907366849304,0.0,91.31545306636325,-3.481951088673304e-05
49.52,50.096177496683325,50.0,0.0,-13.841933051838033,0.0,91.31545306636325,-3.5063883308743253e-05
49.54,50.09617679243134,50.0,0.0,-13.841958315129249,0.0,91.31545306636325,-3.5300911469035275e-05
49.56,50.09617608353042,50.0,0.0,-13.84198315585423,0.0,91.31545306636325,-3.553061228271296e-05
49.58,50.09617537012688,50.0,0.0,-13.842007573217403,0.0,91.31545306636325,-3.57530036965382e-05
49.6,50.09617465236666,50.0,0.0,-13.842031566495924,0.0,91.31545306636325,-3.5968104678066086e-05
49.620000000000005,50.096173930395345,50.0,0.0,-13.842055135039258,0.0,91.31545306636325,-3.617593520610439e-05
49.64,50.09617320435807,50.0,0.0,-13.842078278268742,0.0,91.31545306636325,-3.63765162597016e-05
49.660000000000004,50.096172474399545,50.0,0.0,-13.842100995677146,0.0,91.31545306636325,-3.656986980654307e-05
49.68,50.09617174066405,50.0,0.0,-13.842123286828226,0.0,91.31545306636325,-3.675601879376163e-05
49.7,50.09617100329537,50.0,0.0,-13.842145151356267,0.0,91.31545306636325,-3.6934987135781925e-05
49.72,50.09617026243681,50.0,0.0,-13.842166588965618,0.0,91.31545306636325,-3.710679970368975e-05
49.74,50.096169518231164,50.0,0.0,-13.842187599430222,0.0,91.31545306636325,-3.727148231491227e-05
49.76,50.0961687708207,50.0,0.0,-13.842208182593136,0.0,91.31545306636325,-3.7429061720751465e-05
49.78,50.09616802034713,50.0,0.0,-13.842228338366045,0.0,91.31545306636325,-3.757956559720471e-05
49.800000000000004,50.09616726695162,50.0,0.0,-13.842248066728766,0.0,91.31545306636325,-3.7723022531956435e-05
49.82,50.09616651077473,50.0,0.0,-13.842267367728748,0.0,91.31545306636325,-3.785946201337286e-05
49.84,50.09616575195644,50.0,0.0,-13.84228624148057,0.0,91.31545306636325,-3.7988914420790935e-05
49.86,50.096164990636105,50.0,0.0,-13.842304688165413,0.0,91.31545306636325,-3.811141101103508e-05
49.88,50.09616422695243,50.0,0.0,-13.84232270803055,0.0,91.31545306636325,-3.8226983908371745e-05
49.9,50.09616346104348,50.0,0.0,-13.842340301388818,0.0,91.31545306636325,-3.8335666092199916e-05
49.92,50.09616269304666,50.0,0.0,-13.842357468618074,0.0,91.31545306636325,-3.843749138602584e-05
49.94,50.09616192309866,50.0,0.0,-13.842374210160665,0.0,91.31545306636325,-3.853249444588593e-05
49.96,50.096161151335494,50.0,0.0,-13.84239052652287,0.0,91.31545306636325,-3.8620710748147666e-05
49.980000000000004,50.09616037789244,50.0,0.0,-13.842406418274361,0.0,91.31545306636325,-3.8702176579062844e-05
50.0,50.09615960290404,50.0,0.0,-13.842421886047635,0.0,91.31545306636325,-3.877692902120408e-05
50.02,50.096158826504094,50.0,0.0,-13.842436930537444,0.0,91.31545306636325,-3.8845005943325684e-05
50.04,50.096158048825636,50.0,0.0,-13.842451552500238,0.0,91.31545306636325,-3.8906445988151225e-05
50.06,50.09615727000091,50.0,0.0,-13.842465752753581,0.0,91.31545306636325,-3.8961288560010564e-05
50.08,50.096156490161356,50.0,0.0,-13.842479532175568,0.0,91.31545306636325,-3.900957381335308e-05
50.1,50.09615570943762,50.0,0.0,-13.842492891704248,0.0,91.31545306636325,-3.9051342641120415e-05
50.120000000000005,50.09615492795951,50.0,0.0,-13.84250583233702,0.0,91.31545306636325,-3.908663666228991e-05
50.14,50.09615414585599,50.0,0.0,-13.842518355130045,0.0,91.31545306636325,-3.9115498210357715e-05
50.160000000000004,50.096153363255176,50.0,0.0,-13.842530461197638,0.0,91.31545306636325,-3.913797032118317e-05
50.18,50.096152580284304,50.0,0.0,-13.842542151711672,0.0,91.31545306636325,-3.915409672134821e-05
50.2,50.096151797069744,50.0,0.0,-13.842553427900958,0.0,91.31545306636325,-3.916392181505871e-05
50.22,50.09615101373696,50.0,0.0,-13.84256429105063,0.0,91.31545306636325,-3.916749067342684e-05
50.24,50.0961502304105,50.0,0.0,-13.84257474250153,0.0,91.31545306636325,-3.916484902213154e-05
50.26,50.096149447213996,50.0,0.0,-13.842584783649581,0.0,91.31545306636325,-3.9156043228446954e-05
50.28,50.096148664270146,50.0,0.0,-13.842594415945163,0.0,91.31545306636325,-3.9141120290270614e-05
50.300000000000004,50.0961478817007,50.0,0.0,-13.842603640892474,0.0,91.31545306636325,-3.912012782371037e-05
50.32,50.09614709962645,50.0,0.0,-13.8426124600489,0.0,91.31545306636325,-3.9093114050259945e-05
50.34,50.0961463181672,50.0,0.0,-13.842620875024375,0.0,91.31545306636325,-3.906012778576697e-05
50.36,50.0961455374418,50.0,0.0,-13.842628887480737,0.0,91.31545306636325,-3.902121842815694e-05
50.38,50.09614475756807,50.0,0.0,-13.842636499131078,0.0,91.31545306636325,-3.89764359445587e-05
50.4,50.09614397866286,50.0,0.0,-13.842643711739102,0.0,91.31545306636325,-3.892583085978414e-05
50.42,50.09614320084197,50.0,0.0,-13.842650527118467,0.0,91.31545306636325,-3.886945424439004e-05
50.44,50.0961424242202,50.0,0.0,-13.842656947132127,0.0,91.31545306636325,-3.880735770220133e-05
50.46,50.09614164891128,50.0,0.0,-13.842662973691683,0.0,91.31545306636325,-3.8739593358262606e-05
50.480000000000004,50.09614087502793,50.0,0.0,-13.842668608756703,0.0,91.31545306636325,-3.8666213846879744e-05
50.5,50.096140102681765,50.0,0.0,-13.842673854334084,0.0,91.31545306636325,-3.8587272299671664e-05
50.52,50.09613933198338,50.0,0.0,-13.842678712477356,0.0,91.31545306636325,-3.8502822333073616e-05
50.54,50.09613856304226,50.0,0.0,-13.842683185286033,0.0,91.31545306636325,-3.841291803670995e-05
50.56,50.096137795966804,50.0,0.0,-13.842687274904938,0.0,91.31545306636325,-3.831761396097098e-05
50.58,50.09613703086433,50.0,0.0,-13.84269098352352,0.0,91.31545306636325,-3.821696510550945e-05
50.6,50.09613626784103,50.0,0.0,-13.842694313375189,0.0,91.31545306636325,-3.811102690670709e-05
50.620000000000005,50.09613550700201,50.0,0.0,-13.842697266736629,0.0,91.31545306636325,-3.799985522582329e-05
50.64,50.09613474845122,50.0,0.0,-13.842699845927127,0.0,91.31545306636325,-3.788350633762203e-05
50.660000000000004,50.096133992291506,50.0,0.0,-13.842702053307887,0.0,91.31545306636325,-3.7762036917370184e-05
50.68,50.09613323862456,50.0,0.0,-13.842703891281342,0.0,91.31545306636325,-3.763550402954138e-05
50.7,50.09613248755094,50.0,0.0,-13.84270536229048,0.0,91.31545306636325,-3.750396511596804e-05
50.72,50.09613173917004,50.0,0.0,-13.842706468818157,0.0,91.31545306636325,-3.736747798404023e-05
50.74,50.0961309935801,50.0,0.0,-13.842707213386397,0.0,91.31545306636325,-3.722610079471057e-05
50.76,50.09613025087819,50.0,0.0,-13.842707598555721,0.0,91.31545306636325,-3.7079892050375437e-05
50.78,50.09612951116021,50.0,0.0,-13.842707626924444,0.0,91.31545306636325,-3.6928910583605496e-05
50.800000000000004,50.096128774520864,50.0,0.0,-13.842707301127996,0.0,91.31545306636325,-3.6773215545357985e-05
50.82,50.09612804105369,50.0,0.0,-13.842706623838225,0.0,91.31545306636325,-3.6612866392948135e-05
50.84,50.096127310851024,50.0,0.0,-13.842705597762707,0.0,91.31545306636325,-3.6447922878528974e-05
50.86,50.096126584004004,50.0,0.0,-13.842704225644054,0.0,91.31545306636325,-3.627844503807603e-05
50.88,50.096125860602555,50.0,0.0,-13.842702510259224,0.0,91.31545306636325,-3.610449317864985e-05
50.9,50.09612514073541,50.0,0.0,-13.842700454418823,0.0,91.31545306636325,-3.59261278678957e-05
50.92,50.09612442449007,50.0,0.0,-13.842698060966422,0.0,91.31545306636325,-3.5743409922061884e-05
50.94,50.096123711952835,50.0,0.0,-13.84269533277785,0.0,91.31545306636325,-3.555640039471688e-05
50.96,50.09612300320877,50.0,0.0,-13.842692272760518,0.0,91.31545306636325,-3.5365160565095404e-05
50.980000000000004,50.0961222983417,50.0,0.0,-13.84268888385271,0.0,91.31545306636325,-3.516975192734056e-05
51.0,50.096121597434234,50.0,0.0,-13.842685169022902,0.0,91.31545306636325,-3.497023617828138e-05
51.02,50.096120900567755,50.0,0.0,-13.842681131269067,0.0,91.31545306636325,-3.4766675207417415e-05
51.04,50.09612020782237,50.0,0.0,-13.842676773617981,0.0,91.31545306636325,-3.45591310841612e-05
51.06,50.09611951927699,50.0,0.0,-13.842672099124533,0.0,91.31545306636325,-3.434766604854179e-05
51.08,50.09611883500923,50.0,0.0,-13.842667110871037,0.0,91.31545306636325,-3.41323424983302e-05
51.1,50.096118155095496,50.0,0.0,-13.84266181196654,0.0,91.31545306636325,-3.391322297940188e-05
51.120000000000005,50.09611747961091,50.0,0.0,-13.842656205546131,0.0,91.31545306636325,-3.369037017360115e-05
51.14,50.09611680862936,50.0,0.0,-13.842650294770259,0.0,91.31545306636325,-3.3463846889421345e-05
51.160000000000004,50.09611614222347,50.0,0.0,-13.842644082824043,0.0,91.31545306636325,-3.323371604885941e-05
51.18,50.096115480464604,50.0,0.0,-13.842637572916589,0.0,91.31545306636325,-3.300004067947708e-05
51.2,50.09611482342286,50.0,0.0,-13.842630768280301,0.0,91.31545306636325,-3.276288390072714e-05
51.22,50.09611417116707,50.0,0.0,-13.842623672170209,0.0,91.31545306636325,-3.252230891565011e-05
51.24,50.09611352376483,50.0,0.0,-13.842616287863269,0.0,91.31545306636325,-3.227837899880226e-05
51.26,50.09611288128242,50.0,0.0,-13.842608618657701,0.0,91.31545306636325,-3.203115748695584e-05
51.28,50.0961122437849,50.0,0.0,-13.842600667872304,0.0,91.31545306636325,-3.1780707767107296e-05
51.300000000000004,50.096111611336035,50.0,0.0,-13.842592438845776,0.0,91.31545306636325,-3.1527093267732626e-05
51.32,50.09611098399832,50.0,0.0,-13.842583934936048,0.0,91.31545306636325,-3.12703774470531e-05
51.34,50.09611036183299,50.0,0.0,-13.842575159519605,0.0,91.31545306636325,-3.10106237839562e-05
51.36,50.09610974490002,50.0,0.0,-13.842566115990818,0.0,91.31545306636325,-3.0747895767214394e-05
51.38,50.09610913325809,50.0,0.0,-13.84255680776128,0.0,91.31545306636325,-3.0482256885195526e-05
51.4,50.096108526964635,50.0,0.0,-13.842547238259128,0.0,91.31545306636325,-3.021377061625536e-05
51.42,50.096107926075796,50.0,0.0,-13.84253741092839,0.0,91.31545306636325,-2.9942500418715504e-05
51.44,50.096107330646475,50.0,0.0,-13.842527329228322,0.0,91.31545306636325,-2.9668509720914834e-05
51.46,50.09610674073027,50.0,0.0,-13.842516996632746,0.0,91.31545306636325,-2.9391861911291095e-05
51.480000000000004,50.096106156379555,50.0,0.0,-13.842506416629398,0.0,91.31545306636325,-2.911262032913459e-05
51.5,50.09610557764539,50.0,0.0,-13.842495592719265,0.0,91.31545306636325,-2.883084825433869e-05
51.52,50.096105004577616,50.0,0.0,-13.842484528415948,0.0,91.31545306636325,-2.8546608897999733e-05
51.54,50.096104437224774,50.0,0.0,-13.842473227245005,0.0,91.31545306636325,-2.825996539374589e-05
51.56,50.096103875634164,50.0,0.0,-13.842461692743305,0.0,91.31545306636325,-2.7970980786945954e-05
51.58,50.09610331985182,50.0,0.0,-13.84244992845839,0.0,91.31545306636325,-2.7679718026513074e-05
51.6,50.096102769922524,50.0,0.0,-13.842437937947837,0.0,91.31545306636325,-2.7386239955053208e-05
51.620000000000005,50.096102225889794,50.0,0.0,-13.842425724778618,0.0,91.31545306636325,-2.709060930032441e-05
51.64,50.0961016877959,50.0,0.0,-13.842413292526468,0.0,91.31545306636325,-2.679288866567289e-05
51.660000000000004,50.09610115568186,50.0,0.0,-13.842400644775255,0.0,91.31545306636325,-2.6493140521348493e-05
51.68,50.09610062958744,50.0,0.0,-13.842387785116358,0.0,91.31545306636325,-2.6191427195017686e-05
51.7,50.09610010955118,50.0,0.0,-13.842374717148044,0.0,91.31545306636325,-2.588781086421266e-05
51.72,50.09609959561035,50.0,0.0,-13.842361444474838,0.0,91.31545306636325,-2.5582353546305916e-05
51.74,50.096099087801,50.0,0.0,-13.842347970706927,0.0,91.31545306636325,-2.527511709099617e-05
51.76,50.09609858615795,50.0,0.0,-13.84233429945953,0.0,91.31545306636325,-2.496616317078454e-05
51.78,50.09609809071477,50.0,0.0,-13.842320434352303,0.0,91.31545306636325,-2.465555327314276e-05
51.800000000000004,50.096097601503814,50.0,0.0,-13.842306379008724,0.0,91.31545306636325,-2.434334869228351e-05
51.82,50.09609711855622,50.0,0.0,-13.8422921370555,0.0,91.31545306636325,-2.4029610520589612e-05
51.84,50.096096641901894,50.0,0.0,-13.842277712121968,0.0,91.31545306636325,-2.3714399640655218e-05
51.86,50.09609617156953,50.0,0.0,-13.8422631078395,0.0,91.31545306636325,-2.339777671675848e-05
51.88,50.09609570758661,50.0,0.0,-13.842248327840924,0.0,91.31545306636325,-2.3079802187852434e-05
51.9,50.09609524997942,50.0,0.0,-13.842233375759927,0.0,91.31545306636325,-2.2760536258452485e-05
51.92,50.09609479877304,50.0,0.0,-13.842218255230483,0.0,91.31545306636325,-2.2440038892332868e-05
51.94,50.09609435399133,50.0,0.0,-13.842202969886273,0.0,91.31545306636325,-2.2118369803481027e-05
51.96,50.096093915657015,50.0,0.0,-13.842187523360117,0.0,91.31545306636325,-2.1795588448998185e-05
51.980000000000004,50.09609348379158,50.0,0.0,-13.842171919283407,0.0,91.31545306636325,-2.147175402204341e-05
52.0,50.09609305841535,50.0,0.0,-13.842156161285539,0.0,91.31545306636325,-2.1146925443945036e-05
52.02,50.09609263954747,50.0,0.0,-13.84214025299336,0.0,91.31545306636325,-2.0821161356770162e-05
52.04,50.096092227205936,50.0,0.0,-13.842124198030612,0.0,91.31545306636325,-2.049452011700109e-05
52.06,50.096091821407555,50.0,0.0,-13.842108000017385,0.0,91.31545306636325,-2.016705978730561e-05
52.08,50.09609142216799,50.0,0.0,-13.842091662569564,0.0,91.31545306636325,-1.9838838130480948e-05
52.1,50.096091029501736,50.0,0.0,-13.842075189298301,0.0,91.31545306636325,-1.9509912601718976e-05
52.120000000000005,50.09609064342217,50.0,0.0,-13.842058583809477,0.0,91.31545306636325,-1.91803403423863e-05
52.14,50.09609026394151,50.0,0.0,-13.842041849703168,0.0,91.31545306636325,-1.885017817342311e-05
52.160000000000004,50.096089891070854,50.0,0.0,-13.842024990573117,0.0,91.31545306636325,-1.851948258853136e-05
52.18,50.096089524820165,50.0,0.0,-13.842008010006221,0.0,91.31545306636325,-1.8188309747403066e-05
52.2,50.09608916519828,50.0,0.0,-13.84199091158201,0.0,91.31545306636325,-1.785671546941346e-05
52.22,50.09608881221295,50.0,0.0,-13.841973698872138,0.0,91.31545306636325,-1.7524755227748832e-05
52.24,50.096088465870785,50.0,0.0,-13.841956375439878,0.0,91.31545306636325,-1.719248414292576e-05
52.26,50.096088126177335,50.0,0.0,-13.84193894483962,0.0,91.31545306636325,-1.6859956976771846e-05
52.28,50.09608779313703,50.0,0.0,-13.841921410616381,0.0,91.31545306636325,-1.6527228126199103e-05
52.300000000000004,50.09608746675324,50.0,0.0,-13.841903776305303,0.0,91.31545306636325,-1.6194351617682925e-05
52.32,50.096087147028236,50.0,0.0,-13.841886045431176,0.0,91.31545306636325,-1.5861381100828147e-05
52.34,50.09608683396323,50.0,0.0,-13.841868221507958,0.0,91.31545306636325,-1.5528369843787717e-05
52.36,50.096086527558384,50.0,0.0,-13.841850308038302,0.0,91.31545306636325,-1.5195370726454195e-05
52.38,50.09608622781279,50.0,0.0,-13.841832308513082,0.0,91.31545306636325,-1.4862436236306472e-05
52.4,50.09608593472451,50.0,0.0,-13.841814226410927,0.0,91.31545306636325,-1.4529618461059545e-05
52.42,50.09608564829056,50.0,0.0,-13.841796065197773,0.0,91.31545306636325,-1.4196969085805364e-05
52.44,50.096085368506934,50.0,0.0,-13.8417778283264,0.0,91.31545306636325,-1.3864539386137471e-05
52.46,50.0960850953686,50.0,0.0,-13.841759519235985,0.0,91.31545306636325,-1.3532380223425871e-05
52.480000000000004,50.096084828869515,50.0,0.0,-13.841741141351662,0.0,91.31545306636325,-1.3200542040315936e-05
52.5,50.09608456900263,50.0,0.0,-13.841722698084089,0.0,91.31545306636325,-1.2869074855628747e-05
52.52,50.09608431575991,50.0,0.0,-13.841704192829006,0.0,91.31545306636325,-1.2538028258836725e-05
52.54,50.09608406913233,50.0,0.0,-13.841685628966818,0.0,91.31545306636325,-1.2207451406913544e-05
52.56,50.09608382910988,50.0,0.0,-13.841667009862178,0.0,91.31545306636325,-1.1877393018853234e-05
52.58,50.096083595681584,50.0,0.0,-13.841648338863557,0.0,91.31545306636325,-1.1547901370637404e-05
52.6,50.09608336883552,50.0,0.0,-13.841629619302854,0.0,91.31545306636325,-1.121902429235935e-05
52.620000000000005,50.09608314855879,50.0,0.0,-13.841610854494975,0.0,91.31545306636325,-1.0890809162793341e-05
52.64,50.09608293483758,50.0,0.0,-13.841592047737452,0.0,91.31545306636325,-1.0563302905910106e-05
52.660000000000004,50.09608272765713,50.0,0.0,-13.841573202310032,0.0,91.31545306636325,-1.0236551986345666e-05
52.68,50.09608252700175,50.0,0.0,-13.841554321474314,0.0,91.31545306636325,-9.910602405732915e-06
52.7,50.09608233285484,50.0,0.0,-13.841535408473343,0.0,91.31545306636325,-9.585499698621878e-06
52.72,50.096082145198906,50.0,0.0,-13.841516466531257,0.0,91.31545306636325,-9.261288929720877e-06
52.74,50.09608196401555,50.0,0.0,-13.841497498852904,0.0,91.31545306636325,-8.938014688539374e-06
52.76,50.0960817892855,50.0,0.0,-13.841478508623487,0.0,91.31545306636325,-8.615721087301284e-06
52.78,50.09608162098858,50.0,0.0,-13.841459499008195,0.0,91.31545306636325,-8.294451757149481e-06
52.800000000000004,50.096081459103765,50.0,0.0,-13.841440473151868,0.0,91.31545306636325,-7.974249844119572e-06
52.82,50.09608130360919,50.0,0.0,-13.841421434178638,0.0,91.31545306636325,-7.655158007106714e-06
52.84,50.09608115448211,50.0,0.0,-13.841402385191595,0.0,91.31545306636325,-7.337218413658809e-06
52.86,50.096081011698956,50.0,0.0,-13.841383329272446,0.0,91.31545306636325,-7.020472737722613e-06
52.88,50.096080875235344,50.0,0.0,-13.841364269481199,0.0,91.31545306636325,-6.704962156343166e-06
52.9,50.09608074506606,50.0,0.0,-13.841345208855826,0.0,91.31545306636325,-6.390727346583925e-06
52.92,50.096080621165086,50.0,0.0,-13.841326150411955,0.0,91.31545306636325,-6.077808483527028e-06
52.94,50.096080503505604,50.0,0.0,-13.841307097142563,0.0,91.31545306636325,-5.766245236989437e-06
52.96,50.09608039206002,50.0,0.0,-13.841288052017656,0.0,91.31545306636325,-5.456076769549955e-06
52.980000000000004,50.09608028679994,50.0,0.0,-13.841269017983986,0.0,91.31545306636325,-5.147341733088137e-06
53.0,50.09608018769623,50.0,0.0,-13.841249997964754,0.0,91.31545306636325,-4.840078267884742e-06
53.02,50.09608009471898,50.0,0.0,-13.84123099485931,0.0,91.31545306636325,-4.5343239998227674e-06
53.04,50.09608000783754,50.0,0.0,-13.841212011542892,0.0,91.31545306636325,-4.230116037163793e-06
53.06,50.09607992702054,50.0,0.0,-13.841193050866332,0.0,91.31545306636325,-3.9274909705412855e-06
53.08,50.09607985223585,50.0,0.0,-13.841174115655802,0.0,91.31545306636325,-3.6264848691149525e-06
53.1,50.09607978345066,50.0,0.0,-13.841155208712536,0.0,91.31545306636325,-3.327133280139358e-06
53.120000000000005,50.09607972063144,50.0,0.0,-13.841136332812583,0.0,91.31545306636325,-3.0294712262151184e-06
53.14,50.09607966374396,50.0,0.0,-13.84111749070655,0.0,91.31545306636325,-2.7335332044528902e-06
53.160000000000004,50.09607961275332,50.0,0.0,-13.841098685119357,0.0,91.31545306636325,-2.4393531839385845e-06
53.18,50.09607956762394,50.0,0.0,-13.84107991875,0.0,91.31545306636325,-2.146964605559476e-06
53.2,50.09607952831957,50.0,0.0,-13.841061194271305,0.0,91.31545306636325,-1.8564003794660732e-06
53.22,50.096079494803334,50.0,0.0,-13.84104251432972,0.0,91.31545306636325,-1.5676928844935981e-06
53.24,50.09607946703769,50.0,0.0,-13.84102388154507,0.0,91.31545306636325,-1.2808739665066842e-06
53.26,50.096079444984476,50.0,0.0,-13.841005298510359,0.0,91.31545306636325,-9.959749375934613e-07
53.28,50.0960794286049,50.0,0.0,-13.84098676779154,0.0,91.31545306636325,-7.130265754903797e-07
53.300000000000004,50.09607941785958,50.0,0.0,-13.840968291927334,0.0,91.31545306636325,-4.320591217128894e-07
53.32,50.09607941270853,50.0,0.0,-13.84094987342901,0.0,91.31545306636325,-1.5310228144843015e-07
53.34,50.09607941311115,50.0,0.0,-13.840931514780198,0.0,91.31545306636325,1.2381477726954779e-07
53.36,50.09607941902631,50.0,0.0,-13.84091321843671,0.0,91.31545306636325,3.986634245313564e-07
53.38,50.096079430412274,50.0,0.0,-13.840894986826342,0.0,91.31545306636325,6.714155684708131e-07
53.4,50.09607944722678,50.0,0.0,-13.840876822348712,0.0,91.31545306636325,9.420436562584218e-07
53.42,50.096079469426996,50.0,0.0,-13.840858727375076,0.0,91.31545306636325,1.2105206746631734e-06
53.44,50.09607949696958,50.0,0.0,-13.840840704248185,0.0,91.31545306636325,1.4768201493068224e-06
53.46,50.096079529810645,50.0,0.0,-13.840822755282101,0.0,91.31545306636325,1.7409161458978405e-06
53.480000000000004,50.096079567905804,50.0,0.0,-13.840804882762063,0.0,91.31545306636325,2.0027832696796494e-06
53.5,50.09607961121018,50.0,0.0,-13.840787088944325,0.0,91.31545306636325,2.262396665791776e-06
53.52,50.09607965967838,50.0,0.0,-13.840769376056025,0.0,91.31545306636325,2.519732019396929e-06
53.54,50.09607971326456,50.0,0.0,-13.840751746295048,0.0,91.31545306636325,2.774765555152637e-06
53.56,50.096079771922376,50.0,0.0,-13.840734201829887,0.0,91.31545306636325,3.0274740362916365e-06
53.58,50.09607983560505,50.0,0.0,-13.840716744799526,0.0,91.31545306636325,3.277834766441035e-06
53.6,50.09607990426535,50.0,0.0,-13.840699377313317,0.0,91.31545306636325,3.525825586348487e-06
53.620000000000005,50.09607997785561,50.0,0.0,-13.84068210145087,0.0,91.31545306636325,3.7714248761360844e-06
53.64,50.09608005632772,50.0,0.0,-13.84066491926194,0.0,91.31545306636325,4.014611552671932e-06
53.660000000000004,50.096080139633195,50.0,0.0,-13.840647832766322,0.0,91.31545306636325,4.255365070335939e-06
53.68,50.0960802277231,50.0,0.0,-13.840630843953765,0.0,91.31545306636325,4.493665419230752e-06
53.7,50.09608032054813,50.0,0.0,-13.84061395478387,0.0,91.31545306636325,4.729493124917576e-06
53.72,50.0960804180586,50.0,0.0,-13.840597167186006,0.0,91.31545306636325,4.962829247907879e-06
53.74,50.09608052020445,50.0,0.0,-13.840580483059233,0.0,91.31545306636325,5.193655381232272e-06
53.76,50.09608062693525,50.0,0.0,-13.84056390427222,0.0,91.31545306636325,5.421953651694525e-06
53.78,50.09608073820023,50.0,0.0,-13.840547432663177,0.0,91.31545306636325,5.647706716360321e-06
53.800000000000004,50.096080853948266,50.0,0.0,-13.840531070039798,0.0,91.31545306636325,5.870897762968572e-06
53.82,50.09608097412792,50.0,0.0,-13.840514818179184,0.0,91.31545306636325,6.09151050835303e-06
53.84,50.09608109868743,50.0,0.0,-13.840498678827808,0.0,91.31545306636325,6.309529196512773e-06
53.86,50.09608122757472,50.0,0.0,-13.840482653701457,0.0,91.31545306636325,6.524938597899924e-06
53.88,50.09608136073742,50.0,0.0,-13.840466744485182,0.0,91.31545306636325,6.737724007276119e-06
53.9,50.09608149812287,50.0,0.0,-13.84045095283327,0.0,91.31545306636325,6.947871242608966e-06
53.92,50.09608163967815,50.0,0.0,-13.84043528036921,0.0,91.31545306636325,7.155366643781253e-06
53.94,50.09608178535003,50.0,0.0,-13.840419728685653,0.0,91.31545306636325,7.360197069798662e-06
53.96,50.096081935085074,50.0,0.0,-13.8404042993444,0.0,91.31545306636325,7.562349897923667e-06
53.980000000000004,50.096082088829576,50.0,0.0,-13.840388993876376,0.0,91.31545306636325,7.761813021960034e-06
54.0,50.09608224652959,50.0,0.0,-13.840373813781628,0.0,91.31545306636325,7.958574849310064e-06
54.02,50.09608240813095,50.0,0.0,-13.840358760529305,0.0,91.31545306636325,8.152624299881093e-06
54.04,50.09608257357928,50.0,0.0,-13.840343835557663,0.0,91.31545306636325,8.343950804216162e-06
54.06,50.096082742819995,50.0,0.0,-13.840329040274057,0.0,91.31545306636325,8.532544300096477e-06
54.08,50.096082915798306,50.0,0.0,-13.840314376054954,0.0,91.31545306636325,8.71839523239092e-06
54.1,50.09608309245926,50.0,0.0,-13.840299844245944,0.0,91.31545306636325,8.901494548795738e-06
54.120000000000005,50.09608327274771,50.0,0.0,-13.840285446161758,0.0,91.31545306636325,9.081833698660783e-06
54.14,50.096083456608355,50.0,0.0,-13.840271183086283,0.0,91.31545306636325,9.25940463068212e-06
54.160000000000004,50.09608364398573,50.0,0.0,-13.840257056272591,0.0,91.31545306636325,9.434199789782039e-06
54.18,50.09608383482423,50.0,0.0,-13.84024306694297,0.0,91.31545306636325,9.60621211549052e-06
54.2,50.09608402906812,50.0,0.0,-13.840229216288952,0.0,91.31545306636325,9.775435038644686e-06
54.22,50.09608422666154,50.0,0.0,-13.840215505471365,0.0,91.31545306636325,9.941862479104791e-06
54.24,50.0960844275485,50.0,0.0,-13.840201935620362,0.0,91.31545306636325,1.0105488843165958e-05
54.26,50.096084631672916,50.0,0.0,-13.840188507835483,0.0,91.31545306636325,1.0266309020856165e-05
54.28,50.096084838978605,50.0,0.0,-13.840175223185703,0.0,91.31545306636325,1.0424318382679164e-05
54.300000000000004,50.096085049409304,50.0,0.0,-13.840162082709483,0.0,91.31545306636325,1.0579512777855503e-05
54.32,50.096085262908666,50.0,0.0,-13.84014908741484,0.0,91.31545306636325,1.07318885304334e-05
54.34,50.096085479420275,50.0,0.0,-13.840136238279412,0.0,91.31545306636325,1.0881442436453003e-05
54.36,50.096085698887656,50.0,0.0,-13.840123536250523,0.0,91.31545306636325,1.1028171761388185e-05
54.38,50.096085921254286,50.0,0.0,-13.840110982245266,0.0,91.31545306636325,1.1172074236909513e-05
54.4,50.09608614646361,50.0,0.0,-13.84009857715057,0.0,91.31545306636325,1.1313148058125408e-05
54.42,50.09608637445905,50.0,0.0,-13.840086321823302,0.0,91.31545306636325,1.1451391879525823e-05
54.44,50.09608660518397,50.0,0.0,-13.84007421709033,0.0,91.31545306636325,1.1586804812875488e-05
54.46,50.09608683858176,50.0,0.0,-13.840062263748637,0.0,91.31545306636325,1.1719386422990387e-05
54.480000000000004,50.09608707459579,50.0,0.0,-13.840050462565399,0.0,91.31545306636325,1.1849136725433705e-05
54.5,50.09608731316944,50.0,0.0,-13.840038814278095,0.0,91.31545306636325,1.1976056182315714e-05
54.52,50.096087554246104,50.0,0.0,-13.840027319594611,0.0,91.31545306636325,1.2100145699585088e-05
54.54,50.0960877977692,50.0,0.0,-13.840015979193334,0.0,91.31545306636325,1.2221406623089626e-05
54.56,50.09608804368217,50.0,0.0,-13.840004793723278,0.0,91.31545306636325,1.2339840735242233e-05
54.58,50.09608829192852,50.0,0.0,-13.839993763804197,0.0,91.31545306636325,1.2455450251951088e-05
54.6,50.096088542451774,50.0,0.0,-13.83998289002669,0.0,91.31545306636325,1.256823781848975e-05
54.620000000000005,50.09608879519554,50.0,0.0,-13.839972172952342,0.0,91.31545306636325,1.267820650601266e-05
54.64,50.09608905010349,50.0,0.0,-13.839961613113834,0.0,91.31545306636325,1.2785359808077337e-05
54.660000000000004,50.09608930711934,50.0,0.0,-13.839951211015087,0.0,91.31545306636325,1.2889701636805413e-05
54.68,50.09608956618694,50.0,0.0,-13.839940967131385,0.0,91.31545306636325,1.2991236319836204e-05
54.7,50.096089827250196,50.0,0.0,-13.839930881909513,0.0,91.31545306636325,1.3089968595427688e-05
54.72,50.09609009025312,50.0,0.0,-13.839920955767901,0.0,91.31545306636325,1.3185903609266288e-05
54.74,50.09609035513984,50.0,0.0,-13.839911189096771,0.0,91.31545306636325,1.3279046910657997e-05
54.76,50.0960906218546,50.0,0.0,-13.839901582258273,0.0,91.31545306636325,1.33694044491509e-05
54.78,50.096090890341756,50.0,0.0,-13.839892135586641,0.0,91.31545306636325,1.3456982569458905e-05
54.800000000000004,50.0960911605458,50.0,0.0,-13.839882849388353,0.0,91.31545306636325,1.3541788008358477e-05
54.82,50.09609143241137,50.0,0.0,-13.83987372394228,0.0,91.31545306636325,1.3623827890705878e-05
54.84,50.09609170588326,50.0,0.0,-13.839864759499845,0.0,91.31545306636325,1.3703109725270484e-05
54.86,50.09609198090639,50.0,0.0,-13.839855956285195,0.0,91.31545306636325,1.3779641400407592e-05
54.88,50.096092257425866,50.0,0.0,-13.839847314495364,0.0,91.31545306636325,1.3853431181162477e-05
54.9,50.09609253538696,50.0,0.0,-13.839838834300433,0.0,91.31545306636325,1.392448770327786e-05
54.92,50.096092814735115,50.0,0.0,-13.83983051584372,0.0,91.31545306636325,1.3992819970782858e-05
54.94,50.096093095415966,50.0,0.0,-13.83982235924194,0.0,91.31545306636325,1.4058437351070544e-05
54.96,50.09609337737534,50.0,0.0,-13.839814364585392,0.0,91.31545306636325,1.4121349571045607e-05
54.980000000000004,50.09609366055925,50.0,0.0,-13.839806531938132,0.0,91.31545306636325,1.4181566712442694e-05
55.0,50.096093944913925,50.0,0.0,-13.839798861338172,0.0,91.31545306636325,1.423909920800081e-05
55.02,50.09609423038581,50.0,0.0,-13.839791352797652,0.0,91.31545306636325,1.4293957837473887e-05
55.04,50.09609451692157,50.0,0.0,-13.839784006303034,0.0,91.31545306636325,1.4346153722551174e-05
55.06,50.09609480446808,50.0,0.0,-13.839776821815297,0.0,91.31545306636325,1.4395698323533246e-05
55.08,50.096095092972476,50.0,0.0,-13.839769799270128,0.0,91.31545306636325,1.4442603434088559e-05
55.1,50.09609538238211,50.0,0.0,-13.839762938578122,0.0,91.31545306636325,1.4486881177745529e-05
55.120000000000005,50.096095672644594,50.0,0.0,-13.83975623962498,0.0,91.31545306636325,1.452854400290323e-05
55.14,50.09609596370779,50.0,0.0,-13.839749702271716,0.0,91.31545306636325,1.4567604678701488e-05
55.160000000000004,50.09609625551982,50.0,0.0,-13.83974332635485,0.0,91.31545306636325,1.4604076290947844e-05
55.18,50.09609654802905,50.0,0.0,-13.839737111686627,0.0,91.31545306636325,1.4637972237141605e-05
55.2,50.09609684118416,50.0,0.0,-13.839731058055223,0.0,91.31545306636325,1.4669306222454306e-05
55.22,50.096097134934084,50.0,0.0,-13.839725165224955,0.0,91.31545306636325,1.4698092255021296e-05
55.24,50.09609742922803,50.0,0.0,-13.83971943293649,0.0,91.31545306636325,1.472434464169814e-05
55.26,50.096097724015515,50.0,0.0,-13.839713860907073,0.0,91.31545306636325,1.4748077983843782e-05
55.28,50.09609801924634,50.0,0.0,-13.839708448830736,0.0,91.31545306636325,1.4769307171839655e-05
55.300000000000004,50.096098314870616,50.0,0.0,-13.839703196378515,0.0,91.31545306636325,1.4788047381969682e-05
55.32,50.09609861083875,50.0,0.0,-13.839698103198682,0.0,91.31545306636325,1.4804314070758811e-05
55.34,50.09609890710147,50.0,0.0,-13.839693168916964,0.0,91.31545306636325,1.4818122971027044e-05
55.36,50.096099203609825,50.0,0.0,-13.83968839313677,0.0,91.31545306636325,1.482949008714423e-05
55.38,50.09609950031517,50.0,0.0,-13.839683775439411,0.0,91.31545306636325,1.4838431690900177e-05
55.4,50.09609979716922,50.0,0.0,-13.839679315384346,0.0,91.31545306636325,1.4844964316555456e-05
55.42,50.09610009412398,50.0,0.0,-13.839675012509394,0.0,91.31545306636325,1.4849104756143028e-05
55.44,50.09610039113184,50.0,0.0,-13.839670866330984,0.0,91.31545306636325,1.485087005539853e-05
55.46,50.096100688145505,50.0,0.0,-13.839666876344378,0.0,91.31545306636325,1.4850277508667303e-05
55.480000000000004,50.096100985118035,50.0,0.0,-13.839663042023915,0.0,91.31545306636325,1.484734465509552e-05
55.5,50.09610128200285,50.0,0.0,-13.839659362823241,0.0,91.31545306636325,1.4842089272918559e-05
55.52,50.096101578753725,50.0,0.0,-13.839655838175558,0.0,91.31545306636325,1.4834529376344348e-05
55.54,50.09610187532479,50.0,0.0,-13.839652467493856,0.0,91.31545306636325,1.4824683209457174e-05
55.56,50.09610217167056,50.0,0.0,-13.839649250171156,0.0,91.31545306636325,1.4812569242699754e-05
55.58,50.09610246774591,50.0,0.0,-13.839646185580763,0.0,91.31545306636325,1.4798206167656509e-05
55.6,50.09610276350609,50.0,0.0,-13.839643273076499,0.0,91.31545306636325,1.4781612892963812e-05
55.620000000000005,50.09610305890673,50.0,0.0,-13.839640511992956,0.0,91.31545306636325,1.4762808539113329e-05
55.64,50.09610335390386,50.0,0.0,-13.839637901645741,0.0,91.31545306636325,1.4741812435044448e-05
55.660000000000004,50.096103648453884,50.0,0.0,-13.839635441331728,0.0,91.31545306636325,1.4718644111700297e-05
55.68,50.0961039425136,50.0,0.0,-13.8396331303293,0.0,91.31545306636325,1.469332329929566e-05
55.7,50.09610423604022,50.0,0.0,-13.839630967898607,0.0,91.31545306636325,1.4665869921558533e-05
55.72,50.096104528991326,50.0,0.0,-13.839628953281817,0.0,91.31545306636325,1.4636304091332701e-05
55.74,50.096104821324936,50.0,0.0,-13.839627085703365,0.0,91.31545306636325,1.4604646106558203e-05
55.76,50.09610511299946,50.0,0.0,-13.839625364370207,0.0,91.31545306636325,1.4570916445255252e-05
55.78,50.096105403973716,50.0,0.0,-13.839623788472078,0.0,91.31545306636325,1.4535135760725543e-05
55.800000000000004,50.096105694206955,50.0,0.0,-13.839622357181748,0.0,91.31545306636325,1.4497324877823633e-05
55.82,50.09610598365882,50.0,0.0,-13.83962106965527,0.0,91.31545306636325,1.4457504787134964e-05
55.84,50.096106272289404,50.0,0.0,-13.839619925032245,0.0,91.31545306636325,1.441569664192609e-05
55.86,50.096106560059205,50.0,0.0,-13.839618922436081,0.0,91.31545306636325,1.437192175258019e-05
55.88,50.09610684692917,50.0,0.0,-13.839618060974242,0.0,91.31545306636325,1.4326201581881956e-05
55.9,50.09610713286064,50.0,0.0,-13.839617339738512,0.0,91.31545306636325,1.4278557741606678e-05
55.92,50.096107417815425,50.0,0.0,-13.83961675780526,0.0,91.31545306636325,1.422901198698584e-05
55.94,50.09610770175576,50.0,0.0,-13.839616314235691,0.0,91.31545306636325,1.4177586212938387e-05
55.96,50.09610798464433,50.0,0.0,-13.839616008076106,0.0,91.31545306636325,1.4124302448549702e-05
55.980000000000004,50.09610826644423,50.0,0.0,-13.839615838358174,0.0,91.31545306636325,1.4069182853971677e-05
56.0,50.09610854711904,50.0,0.0,-13.839615804099182,0.0,91.31545306636325,1.4012249714747868e-05
56.02,50.09610882663276,50.0,0.0,-13.839615904302303,0.0,91.31545306636325,1.3953525438305597e-05
56.04,50.09610910494985,50.0,0.0,-13.83961613795685,0.0,91.31545306636325,1.3893032548762643e-05
56.06,50.09610938203523,50.0,0.0,-13.83961650403855,0.0,91.31545306636325,1.383079368300802e-05
56.08,50.09610965785425,50.0,0.0,-13.839617001509797,0.0,91.31545306636325,1.3766831585983535e-05
56.1,50.09610993237274,50.0,0.0,-13.839617629319914,0.0,91.31545306636325,1.3701169106380002e-05
56.120000000000005,50.096110205556975,50.0,0.0,-13.839618386405423,0.0,91.31545306636325,1.363382919258425e-05
56.14,50.0961104773737,50.0,0.0,-13.839619271690303,0.0,91.31545306636325,1.356483488755271e-05
56.160000000000004,50.09611074779011,50.0,0.0,-13.839620284086251,0.0,91.31545306636325,1.3494209325674703e-05
56.18,50.09611101677387,50.0,0.0,-13.839621422492947,0.0,91.31545306636325,1.342197572723469e-05
56.2,50.096111284293116,50.0,0.0,-13.839622685798318,0.0,91.31545306636325,1.3348157394436212e-05
56.22,50.09611155031644,50.0,0.0,-13.839624072878799,0.0,91.31545306636325,1.3272777707870574e-05
56.24,50.09611181481291,50.0,0.0,-13.839625582599593,0.0,91.31545306636325,1.3195860121049332e-05
56.26,50.09611207775205,50.0,0.0,-13.83962721381494,0.0,91.31545306636325,1.3117428157127128e-05
56.28,50.0961123391039,50.0,0.0,-13.839628965368368,0.0,91.31545306636325,1.3037505404320348e-05
56.300000000000004,50.09611259883891,50.0,0.0,-13.839630836092967,0.0,91.31545306636325,1.295611551161337e-05
56.32,50.09611285692804,50.0,0.0,-13.839632824811643,0.0,91.31545306636325,1.2873282184618635e-05
56.34,50.09611311334272,50.0,0.0,-13.839634930337382,0.0,91.31545306636325,1.2789029181533692e-05
56.36,50.09611336805485,50.0,0.0,-13.839637151473509,0.0,91.31545306636325,1.2703380309054782e-05
56.38,50.09611362103682,50.0,0.0,-13.83963948701395,0.0,91.31545306636325,1.2616359417701858e-05
56.4,50.09611387226148,50.0,0.0,-13.83964193574349,0.0,91.31545306636325,1.2527990398651773e-05
56.42,50.09611412170218,50.0,0.0,-13.839644496438037,0.0,91.31545306636325,1.2438297178842602e-05
56.44,50.09611436933272,50.0,0.0,-13.839647167864877,0.0,91.31545306636325,1.2347303717221622e-05
56.46,50.09611461512739,50.0,0.0,-13.839649948782931,0.0,91.31545306636325,1.2255034001187245e-05
56.480000000000004,50.09611485906099,50.0,0.0,-13.839652837943017,0.0,91.31545306636325,1.2161512041549546e-05
56.5,50.09611510110875,50.0,0.0,-13.839655834088102,0.0,91.31545306636325,1.206676186987843e-05
56.52,50.096115341246424,50.0,0.0,-13.839658935953567,0.0,91.31545306636325,1.1970807533283583e-05
56.54,50.09611557945022,50.0,0.0,-13.839662142267457,0.0,91.31545306636325,1.1873673091143993e-05
56.56,50.096115815696834,50.0,0.0,-13.839665451750733,0.0,91.31545306636325,1.1775382611650206e-05
56.58,50.096116049963456,50.0,0.0,-13.83966886311753,0.0,91.31545306636325,1.1675960166835076e-05
56.6,50.09611628222774,50.0,0.0,-13.839672375075416,0.0,91.31545306636325,1.15754298295775e-05
56.620000000000005,50.09611651246784,50.0,0.0,-13.839675986325634,0.0,91.31545306636325,1.1473815669760111e-05
56.64,50.09611674066237,50.0,0.0,-13.839679695563364,0.0,91.31545306636325,1.1371141749982213e-05
56.660000000000004,50.096116966790426,50.0,0.0,-13.839683501477962,0.0,91.31545306636325,1.1267432122202355e-05
56.68,50.09611719083161,50.0,0.0,-13.839687402753224,0.0,91.31545306636325,1.1162710824344133e-05
56.7,50.096117412766,50.0,0.0,-13.839691398067623,0.0,91.31545306636325,1.10570018756513e-05
56.72,50.09611763257411,50.0,0.0,-13.839695486094566,0.0,91.31545306636325,1.0950329273999163e-05
56.74,50.09611785023699,50.0,0.0,-13.839699665502636,0.0,91.31545306636325,1.084271699148044e-05
56.76,50.09611806573614,50.0,0.0,-13.839703934955837,0.0,91.31545306636325,1.073418897153607e-05
56.78,50.09611827905355,50.0,0.0,-13.839708293113842,0.0,91.31545306636325,1.062476912478853e-05
56.800000000000004,50.096118490171676,50.0,0.0,-13.839712738632235,0.0,91.31545306636325,1.051448132618268e-05
56.82,50.09611869907345,50.0,0.0,-13.839717270162755,0.0,91.31545306636325,1.0403349410441202e-05
56.84,50.0961189057423,50.0,0.0,-13.839721886353535,0.0,91.31545306636325,1.029139716944956e-05
56.86,50.09611911016211,50.0,0.0,-13.839726585849343,0.0,91.31545306636325,1.0178648348791565e-05
56.88,50.09611931231724,50.0,0.0,-13.83973136729182,0.0,91.31545306636325,1.0065126644111059e-05
56.9,50.096119512192544,50.0,0.0,-13.839736229319724,0.0,91.31545306636325,9.950855697660856e-06
56.92,50.09611970977331,50.0,0.0,-13.839741170569157,0.0,91.31545306636325,9.835859094701205e-06
56.94,50.09611990504534,50.0,0.0,-13.839746189673804,0.0,91.31545306636325,9.720160361148934e-06
56.96,50.09612009799487,50.0,0.0,-13.839751285265166,0.0,91.31545306636325,9.603782959567925e-06
56.980000000000004,50.09612028860863,50.0,0.0,-13.839756455972797,0.0,91.31545306636325,9.486750285784954e-06
57.0,50.0961204768738,50.0,0.0,-13.839761700424527,0.0,91.31545306636325,9.369085666167636e-06
57.02,50.09612066277803,50.0,0.0,-13.839767017246697,0.0,91.31545306636325,9.250812354511106e-06
57.04,50.09612084630943,50.0,0.0,-13.839772405064384,0.0,91.31545306636325,9.13195352825258e-06
57.06,50.096121027456604,50.0,0.0,-13.839777862501627,0.0,91.31545306636325,9.012532286240862e-06
57.08,50.096121206208565,50.0,0.0,-13.839783388181656,0.0,91.31545306636325,8.892571644573012e-06
57.1,50.09612138255482,50.0,0.0,-13.839788980727112,0.0,91.31545306636325,8.772094534781873e-06
57.120000000000005,50.09612155648533,50.0,0.0,-13.839794638760267,0.0,91.31545306636325,8.651123800134214e-06
57.14,50.09612172799051,50.0,0.0,-13.839800360903252,0.0,91.31545306636325,8.529682193005657e-06
57.160000000000004,50.09612189706121,50.0,0.0,-13.839806145778267,0.0,91.31545306636325,8.407792371188844e-06
57.18,50.09612206368876,50.0,0.0,-13.8398119920078,0.0,91.31545306636325,8.285476896157882e-06
57.2,50.096122227864925,50.0,0.0,-13.839817898214845,0.0,91.31545306636325,8.162758229379862e-06
57.22,50.09612238958193,50.0,0.0,-13.839823863023119,0.0,91.31545306636325,8.039658729980716e-06
57.24,50.09612254883242,50.0,0.0,-13.839829885057261,0.0,91.31545306636325,7.916200651722192e-06
57.26,50.09612270560951,50.0,0.0,-13.839835962943058,0.0,91.31545306636325,7.792406140246372e-06
57.28,50.09612285990674,50.0,0.0,-13.839842095307645,0.0,91.31545306636325,7.668297230520817e-06
57.300000000000004,50.09612301171811,50.0,0.0,-13.839848280779709,0.0,91.31545306636325,7.5438958440930996e-06
57.32,50.09612316103803,50.0,0.0,-13.8398545179897,0.0,91.31545306636325,7.419223786566059e-06
57.34,50.09612330786137,50.0,0.0,-13.839860805570032,0.0,91.31545306636325,7.294302745083077e-06
57.36,50.096123452183406,50.0,0.0,-13.839867142155288,0.0,91.31545306636325,7.169154285181326e-06
57.38,50.09612359399986,50.0,0.0,-13.839873526382414,0.0,91.31545306636325,7.043799849166568e-06
57.4,50.0961237333069,50.0,0.0,-13.839879956890917,0.0,91.31545306636325,6.91826075295972e-06
57.42,50.09612387010107,50.0,0.0,-13.839886432323064,0.0,91.31545306636325,6.792558184093768e-06
57.44,50.09612400437938,50.0,0.0,-13.839892951324078,0.0,91.31545306636325,6.666713199008436e-06
57.46,50.09612413613923,50.0,0.0,-13.83989951254232,0.0,91.31545306636325,6.540746721030383e-06
57.480000000000004,50.09612426537847,50.0,0.0,-13.839906114629493,0.0,91.31545306636325,6.414679537724719e-06
57.5,50.09612439209533,50.0,0.0,-13.839912756240816,0.0,91.31545306636325,6.288532298881889e-06
57.52,50.09612451628846,50.0,0.0,-13.839919436035222,0.0,91.31545306636325,6.162325513675236e-06
57.54,50.09612463795695,50.0,0.0,-13.839926152675536,0.0,91.31545306636325,6.036079549734697e-06
57.56,50.09612475710024,50.0,0.0,-13.839932904828661,0.0,91.31545306636325,5.909814629669002e-06
57.58,50.09612487371822,50.0,0.0,-13.839939691165757,0.0,91.31545306636325,5.7835508293267635e-06
57.6,50.09612498781115,50.0,0.0,-13.839946510362411,0.0,91.31545306636325,5.657308076248189e-06
57.620000000000005,50.09612509937971,50.0,0.0,-13.839953361098832,0.0,91.31545306636325,5.5311061470767884e-06
57.64,50.09612520842495,50.0,0.0,-13.839960242060005,0.0,91.31545306636325,5.404964665195132e-06
57.660000000000004,50.09612531494834,50.0,0.0,-13.839967151935879,0.0,91.31545306636325,5.278903100069418e-06
57.68,50.0961254189517,50.0,0.0,-13.839974089421526,0.0,91.31545306636325,5.152940764022474e-06
57.7,50.09612552043727,50.0,0.0,-13.839981053217313,0.0,91.31545306636325,5.0270968109864205e-06
57.72,50.096125619407644,50.0,0.0,-13.839988042029075,0.0,91.31545306636325,4.901390234362488e-06
57.74,50.09612571586581,50.0,0.0,-13.839995054568268,0.0,91.31545306636325,4.775839865104874e-06
57.76,50.09612580981512,50.0,0.0,-13.840002089552135,0.0,91.31545306636325,4.650464370714189e-06
57.78,50.09612590125932,50.0,0.0,-13.840009145703867,0.0,91.31545306636325,4.525282252662543e-06
57.800000000000004,50.09612599020249,50.0,0.0,-13.84001622175276,0.0,91.31545306636325,4.4003118449790085e-06
57.82,50.09612607664909,50.0,0.0,-13.840023316434372,0.0,91.31545306636325,4.2755713127782466e-06
57.84,50.09612616060396,50.0,0.0,-13.840030428490667,0.0,91.31545306636325,4.1510786501938835e-06
57.86,50.096126242072266,50.0,0.0,-13.840037556670184,0.0,91.31545306636325,4.026851679569251e-06
57.88,50.09612632105955,50.0,0.0,-13.840044699728171,0.0,91.31545306636325,3.902908048768779e-06
57.9,50.096126397571695,50.0,0.0,-13.840051856426737,0.0,91.31545306636325,3.7792652308101453e-06
57.92,50.09612647161493,50.0,0.0,-13.840059025534991,0.0,91.31545306636325,3.655940522025052e-06
57.94,50.09612654319583,50.0,0.0,-13.840066205829201,0.0,91.31545306636325,3.5329510402233467e-06
57.96,50.09612661232132,50.0,0.0,-13.840073396092913,0.0,91.31545306636325,3.4103137237265913e-06
57.980000000000004,50.09612667899865,50.0,0.0,-13.840080595117104,0.0,91.31545306636325,3.2880453299535314e-06
58.0,50.09612674323541,50.0,0.0,-13.84008780170031,0.0,91.31545306636325,3.1661624342597128e-06
58.02,50.0961268050395,50.0,0.0,-13.840095014648766,0.0,91.31545306636325,3.044681428325652e-06
58.04,50.09612686441918,50.0,0.0,-13.840102232776534,0.0,91.31545306636325,2.923618518996452e-06
58.06,50.096126921383004,50.0,0.0,-13.840109454905633,0.0,91.31545306636325,2.8029897273287494e-06
58.08,50.096126975939846,50.0,0.0,-13.840116679866162,0.0,91.31545306636325,2.682810887226344e-06
58.1,50.096127028098905,50.0,0.0,-13.840123906496435,0.0,91.31545306636325,2.5630976447011646e-06
58.120000000000005,50.096127077869696,50.0,0.0,-13.840131133643093,0.0,91.31545306636325,2.443865455886907e-06
58.14,50.096127125262015,50.0,0.0,-13.840138360161232,0.0,91.31545306636325,2.3251295873834703e-06
58.160000000000004,50.09612717028599,50.0,0.0,-13.840145584914518,0.0,91.31545306636325,2.206905113621848e-06
58.18,50.096127212952034,50.0,0.0,-13.8401528067753,0.0,91.31545306636325,2.089206917653324e-06
58.2,50.09612725327085,50.0,0.0,-13.840160024624728,0.0,91.31545306636325,1.9720496883070344e-06
58.22,50.096127291253445,50.0,0.0,-13.840167237352864,0.0,91.31545306636325,1.8554479214172301e-06
58.24,50.0961273269111,50.0,0.0,-13.840174443858794,0.0,91.31545306636325,1.7394159167735109e-06
58.26,50.096127360255394,50.0,0.0,-13.840181643050727,0.0,91.31545306636325,1.6239677795587613e-06
58.28,50.096127391298175,50.0,0.0,-13.840188833846108,0.0,91.31545306636325,1.5091174171154614e-06
58.300000000000004,50.09612742005157,50.0,0.0,-13.840196015171717,0.0,91.31545306636325,1.3948785407982865e-06
58.32,50.09612744652798,50.0,0.0,-13.840203185963766,0.0,91.31545306636325,1.281264662961123e-06
58.34,50.09612747074007,50.0,0.0,-13.840210345168007,0.0,91.31545306636325,1.1682890977562952e-06
58.36,50.096127492700774,50.0,0.0,-13.840217491739816,0.0,91.31545306636325,1.0559649602584252e-06
58.38,50.09612751242328,50.0,0.0,-13.840224624644298,0.0,91.31545306636325,9.443051649261718e-07
58.4,50.09612752992103,50.0,0.0,-13.840231742856368,0.0,91.31545306636325,8.333224266355412e-07
58.42,50.09612754520773,50.0,0.0,-13.840238845360847,0.0,91.31545306636325,7.230292587403405e-07
58.44,50.09612755829731,50.0,0.0,-13.840245931152548,0.0,91.31545306636325,6.134379730287049e-07
58.46,50.09612756920398,50.0,0.0,-13.840252999236363,0.0,91.31545306636325,5.045606799337725e-07
58.480000000000004,50.09612757794216,50.0,0.0,-13.840260048627336,0.0,91.31545306636325,3.964092872027547e-07
58.5,50.09612758452651,50.0,0.0,-13.840267078350752,0.0,91.31545306636325,2.8899549968626094e-07
58.52,50.09612758897193,50.0,0.0,-13.840274087442216,0.0,91.31545306636325,1.8233081950884527e-07
58.54,50.09612759129355,50.0,0.0,-13.840281074947724,0.0,91.31545306636325,7.642654543698164e-08
58.56,50.09612759150671,50.0,0.0,-13.840288039923738,0.0,91.31545306636325,-2.8706227592446387e-08
58.58,50.096127589626974,50.0,0.0,-13.840294981437259,0.0,91.31545306636325,-1.330566086861646e-07
58.6,50.096127585670125,50.0,0.0,-13.840301898565894,0.0,91.31545306636325,-2.3661391079386532e-07
58.620000000000005,50.09612757965216,50.0,0.0,-13.840308790397929,0.0,91.31545306636325,-3.393676511563096e-07
58.64,50.09612757158928,50.0,0.0,-13.840315656032386,0.0,91.31545306636325,-4.4130755175008524e-07
58.660000000000004,50.09612756149789,50.0,0.0,-13.840322494579087,0.0,91.31545306636325,-5.424235386488939e-07
58.68,50.09612754939457,50.0,0.0,-13.840329305158724,0.0,91.31545306636325,-6.427057428963473e-07
58.7,50.096127535296155,50.0,0.0,-13.840336086902907,0.0,91.31545306636325,-7.42144500084617e-07
58.72,50.0961275192196,50.0,0.0,-13.840342838954223,0.0,91.31545306636325,-8.407303503744995e-07
58.74,50.09612750118209,50.0,0.0,-13.84034956046629,0.0,91.31545306636325,-9.384540387194662e-07
58.76,50.09612748120099,50.0,0.0,-13.840356250603815,0.0,91.31545306636325,-1.0353065148656643e-06
58.78,50.09612745929382,50.0,0.0,-13.840362908542634,0.0,91.31545306636325,-1.1312789325292811e-06
58.800000000000004,50.0961274354783,50.0,0.0,-13.840369533469767,0.0,91.31545306636325,-1.2263626502459323e-06
58.82,50.09612740977231,50.0,0.0,-13.84037612458346,0.0,91.31545306636325,-1.3205492309526547e-06
58.84,50.096127382193885,50.0,0.0,-13.840382681093232,0.0,91.31545306636325,-1.4138304411786491e-06
58.86,50.09612735276124,50.0,0.0,-13.84038920221991,0.0,91.31545306636325,-1.506198251439877e-06
58.88,50.09612732149275,50.0,0.0,-13.840395687195675,0.0,91.31545306636325,-1.5976448362959084e-06
58.9,50.096127288406926,50.0,0.0,-13.840402135264101,0.0,91.31545306636325,-1.6881625732798288e-06
58.92,50.09612725352244,50.0,0.0,-13.84040854568018,0.0,91.31545306636325,-1.7777440428982385e-06
58.94,50.0961272168581,50.0,0.0,-13.840414917710364,0.0,91.31545306636325,-1.866382028684757e-06
58.96,50.09612717843288,50.0,0.0,-13.84042125063259,0.0,91.31545306636325,-1.9540695161299294e-06
58.980000000000004,50.09612713826586,50.0,0.0,-13.840427543736315,0.0,91.31545306636325,-2.040799693333314e-06
59.0,50.09612709637628,50.0,0.0,-13.840433796322541,0.0,91.31545306636325,-2.1265659493515247e-06
59.02,50.09612705278349,50.0,0.0,-13.840440007703837,0.0,91.31545306636325,-2.21136187460955e-06
59.04,50.09612700750698,50.0,0.0,-13.840446177204363,0.0,91.31545306636325,-2.295181259890848e-06
59.06,50.09612696056635,50.0,0.0,-13.840452304159893,0.0,91.31545306636325,-2.3780180965580557e-06
59.08,50.09612691198134,50.0,0.0,-13.840458387917835,0.0,91.31545306636325,-2.4598665753156925e-06
59.1,50.096126861771765,50.0,0.0,-13.840464427837242,0.0,91.31545306636325,-2.5407210855948545e-06
59.120000000000005,50.09612680995759,50.0,0.0,-13.840470423288835,0.0,91.31545306636325,-2.6205762160080054e-06
59.14,50.09612675655886,50.0,0.0,-13.840476373655006,0.0,91.31545306636325,-2.699426752476311e-06
59.160000000000004,50.09612670159573,50.0,0.0,-13.840482278329842,0.0,91.31545306636325,-2.7772676778450755e-06
59.18,50.096126645088454,50.0,0.0,-13.840488136719125,0.0,91.31545306636325,-2.854094172335183e-06
59.2,50.096126587057384,50.0,0.0,-13.840493948240338,0.0,91.31545306636325,-2.9299016112490892e-06
59.22,50.09612652752295,50.0,0.0,-13.840499712322679,0.0,91.31545306636325,-3.0046855654456696e-06
59.24,50.09612646650567,50.0,0.0,-13.840505428407052,0.0,91.31545306636325,-3.078441799902284e-06
59.26,50.09612640402617,50.0,0.0,-13.840511095946086,0.0,91.31545306636325,-3.151166272888796e-06
59.28,50.09612634010511,50.0,0.0,-13.840516714404115,0.0,91.31545306636325,-3.2228551364925878e-06
59.300000000000004,50.096126274763265,50.0,0.0,-13.840522283257194,0.0,91.31545306636325,-3.293504733859723e-06
59.32,50.09612620802145,50.0,0.0,-13.840527801993078,0.0,91.31545306636325,-3.3631115995025996e-06
59.34,50.09612613990057,50.0,0.0,-13.840533270111235,0.0,91.31545306636325,-3.4316724582800146e-06
59.36,50.09612607042158,50.0,0.0,-13.840538687122821,0.0,91.31545306636325,-3.49918422463138e-06
59.38,50.096125999605505,50.0,0.0,-13.840544052550676,0.0,91.31545306636325,-3.5656440009180738e-06
59.4,50.09612592747341,50.0,0.0,-13.840549365929323,0.0,91.31545306636325,-3.631049077741125e-06
59.42,50.09612585404643,50.0,0.0,-13.840554626804943,0.0,91.31545306636325,-3.695396931867908e-06
59.44,50.096125779345726,50.0,0.0,-13.840559834735364,0.0,91.31545306636325,-3.75868522547304e-06
59.46,50.09612570339253,50.0,0.0,-13.840564989290042,0.0,91.31545306636325,-3.820911806011311e-06
59.480000000000004,50.09612562620809,50.0,0.0,-13.840570090050052,0.0,91.31545306636325,-3.88207470352907e-06
59.5,50.09612554781372,50.0,0.0,-13.840575136608058,0.0,91.31545306636325,-3.942172131202616e-06
59.52,50.096125468230724,50.0,0.0,-13.840580128568297,0.0,91.31545306636325,-4.0012024839303544e-06
59.54,50.096125387480484,50.0,0.0,-13.840585065546556,0.0,91.31545306636325,-4.059164336326373e-06
59.56,50.09612530558437,50.0,0.0,-13.840589947170141,0.0,91.31545306636325,-4.116056442372655e-06
59.58,50.096125222563806,50.0,0.0,-13.840594773077862,0.0,91.31545306636325,-4.1718777344961315e-06
59.6,50.09612513844021,50.0,0.0,-13.840599542919994,0.0,91.31545306636325,-4.22662732196353e-06
59.620000000000005,50.09612505323502,50.0,0.0,-13.840604256358253,0.0,91.31545306636325,-4.2803044899417075e-06
59.64,50.0961249669697,50.0,0.0,-13.840608913065763,0.0,91.31545306636325,-4.3329086977119195e-06
59.660000000000004,50.09612487966571,50.0,0.0,-13.840613512727023,0.0,91.31545306636325,-4.384439578365522e-06
59.68,50.09612479134452,50.0,0.0,-13.840618055037874,0.0,91.31545306636325,-4.434896937245641e-06
59.7,50.09612470202761,50.0,0.0,-13.840622539705462,0.0,91.31545306636325,-4.4842807505995226e-06
59.72,50.09612461173644,50.0,0.0,-13.840626966448204,0.0,91.31545306636325,-4.532591164220851e-06
59.74,50.096124520492474,50.0,0.0,-13.840631334995738,0.0,91.31545306636325,-4.579828492115478e-06
59.76,50.09612442831717,50.0,0.0,-13.840635645088902,0.0,91.31545306636325,-4.625993215802509e-06
59.78,50.09612433523197,50.0,0.0,-13.840639896479672,0.0,91.31545306636325,-4.671085982364736e-06
59.800000000000004,50.09612424125831,50.0,0.0,-13.84064408893113,0.0,91.31545306636325,-4.715107603518982e-06
59.82,50.096124146417594,50.0,0.0,-13.84064822221742,0.0,91.31545306636325,-4.758059053900613e-06
59.84,50.09612405073121,50.0,0.0,-13.840652296123693,0.0,91.31545306636325,-4.799941469946624e-06
59.86,50.09612395422053,50.0,0.0,-13.840656310446072,0.0,91.31545306636325,-4.840756148384132e-06
59.88,50.096123856906885,50.0,0.0,-13.840660264991588,0.0,91.31545306636325,-4.880504545344204e-06
59.9,50.096123758811586,50.0,0.0,-13.840664159578143,0.0,91.31545306636325,-4.9191882740143325e-06
59.92,50.0961236599559,50.0,0.0,-13.840667994034453,0.0,91.31545306636325,-4.956809103966292e-06
59.94,50.096123560361065,50.0,0.0,-13.840671768199991,0.0,91.31545306636325,-4.993368959467386e-06
59.96,50.096123460048275,50.0,0.0,-13.840675481924945,0.0,91.31545306636325,-5.028869918400327e-06
59.980000000000004,50.09612335903867,50.0,0.0,-13.840679135070149,0.0,91.31545306636325,-5.063314209721758e-06
60.0,50.09612325735337,50.0,0.0,-13.840682727507026,0.0,91.31545306636325,-5.096704213676277e-06
