t_s,f_city_hz,f_national_hz,tie_import_mw,governor_mw,ffr_mw,shed_mw,rocof_hz_s
0.0,49.994265174812945,50.0,0.0,0.0,0.0,0.0,-1.1469650374104774
0.02,49.971384963481626,50.0,0.0,0.0,0.0,0.0,-1.1422403219097474
0.04,49.94859900305213,50.0,0.0,0.0,0.0,0.0,-1.137535069021944
0.06,49.92590690527488,50.0,0.0,0.0,0.0,0.0,-1.1328491985743443
0.08,49.90330828349961,50.0,0.0,0.0,0.0,0.0,-1.1281826307244842
0.1,49.880836162227304,50.0,0.0,0.0,0.4364666796875,0.0,-1.1191001739580322
0.12,49.858615860472845,50.0,0.0,0.0,0.9691721657902069,0.0,-1.1062748501309254
0.14,49.83664138339103,50.0,0.0,0.0,1.4505716628507275,0.0,-1.0942935997019343
0.16,49.81489685814912,50.0,0.0,0.0,1.885606558897285,0.0,-1.0830767394970968
0.18,49.79336790851709,50.0,0.0,0.0,2.278742326453864,0.0,-1.0725522541594938
0.2,49.77204151085906,50.0,0.0,0.0,2.63401435896631,0.0,-1.0626550576729572
0.22,49.75090586399397,50.0,0.0,0.0,2.9550693926255387,0.0,-1.0533263260098744
0.24,49.72995027158969,50.0,0.0,0.0,3.2452029387675854,0.0,-1.0445128940529806
0.26,49.70916503588349,50.0,0.0,0.0,3.5073931110802428,0.0,-1.03616671060077
0.28,49.6885413616379,50.0,0.0,0.0,3.744331194840074,0.0,-1.028244345862378
0.3,49.66807126934638,50.0,0.0,0.0,3.9584492719617246,0.0,-1.0207065463865561
0.32,49.647747516797665,50.0,0.0,0.0,4.1519451854204705,0.0,-1.0135178328562686
0.34,49.62756352819396,50.0,0.0,0.0,4.3268050992985625,0.0,-1.0066461366204278
0.36,49.60751333009535,50.0,0.0,0.0,4.484823886025924,0.0,-1.000062471231916
0.38,49.58759149353304,50.0,0.0,0.0,4.627623550082696,0.0,-0.9937406356203659
0.4,49.567793081697225,50.0,0.0,0.0,4.756669877276118,0.0,-0.9876569458528858
0.42,49.548113602662774,50.0,0.0,0.0,4.873287480490445,0.0,-0.9817899927293675
0.44,49.52854896666744,50.0,0.0,0.0,4.978673396348944,0.0,-0.9761204227241959
0.46,49.509095447504194,50.0,0.0,0.0,5.073909372352694,0.0,-0.9706307400258147
0.48,49.48974964763145,50.0,0.0,0.0,5.159972970619137,0.0,-0.9653051276421736
0.5,49.47050846664303,50.0,0.0,0.0,5.237747602196135,0.0,-0.9601292857357819
0.52,49.451369072774405,50.0,0.0,0.0,5.30803159495009,0.0,-0.9550902855289463
0.54,49.43232887715265,50.0,0.0,0.0,5.371546388106615,0.0,-0.9501764372795991
0.56,49.41338551052602,50.0,0.0,0.0,5.428943937557716,0.0,-0.945377170972548
0.58,49.39453680223413,50.0,0.0,0.0,5.480813407948227,0.0,-0.9406829285014975
0.6,49.37578076120317,50.0,0.0,0.0,5.527687220233263,0.0,-0.9360850662351455
0.62,49.35711555877092,50.0,0.0,0.0,5.570046516782679,0.0,-0.9315757669672385
0.64,49.33853951316549,50.0,0.0,0.0,5.60832610012978,0.0,-0.9271479603468005
0.66,49.32005107547841,50.0,0.0,0.0,5.642918896058726,0.0,-0.9227952509717912
0.68,49.30164881698818,50.0,0.0,0.0,5.674179986842575,0.0,-0.9185118534081143
0.7000000000000001,49.28333141770423,50.0,0.0,0.0,5.70243025603167,0.0,-0.9142925334669791
0.72,49.26509765601381,50.0,0.0,0.0,5.727959682204752,45.65772653318162,-0.9101325551378616
0.74,49.260677464489,50.0,0.0,0.0,5.751030315491969,45.65772653318162,-0.22053674858577296
0.76,49.256282163294856,50.0,0.0,0.0,5.771878967422678,45.65772653318162,-0.21930675899951302
0.78,49.25191100632826,50.0,0.0,0.0,5.790719641708316,45.65772653318162,-0.21811280319704676
0.8,49.247563312543285,50.0,0.0,0.0,5.807745730911456,45.65772653318162,-0.21695175024048322
0.8200000000000001,49.243238459713446,50.0,0.0,0.0,5.823132001549036,45.65772653318162,-0.21582076934044161
0.84,49.23893587879456,50.0,0.0,0.0,5.837036388006095,45.65772653318162,-0.2147173009538768
0.86,49.234655048830426,50.0,0.0,0.0,5.84960161367391,45.65772653318162,-0.21363903066551088
0.88,49.23039549234906,50.0,0.0,0.0,5.860956655952885,45.65772653318162,-0.21258386558477485
0.9,49.2261567712022,50.0,0.0,0.0,5.871218070157929,45.65772653318162,-0.21154991301598775
0.92,49.22193848280536,50.0,0.0,0.0,5.880491185915715,45.65772653318162,-0.2105354611828322
0.9400000000000001,49.21774025674001,50.0,0.0,0.0,5.88887118833439,45.65772653318162,-0.20953896180927298
0.96,49.21356175168275,50.0,0.0,0.0,5.896444095043554,45.65772653318162,-0.20855901437812022
0.98,49.20940265263027,50.0,0.0,0.0,5.903287639133459,45.65772653318162,-0.20759435190566197
1.0,49.20526266839135,50.0,0.0,0.0,5.909472067056464,45.65772653318162,-0.20664382808634713
1.02,49.201141529320395,50.0,0.0,0.0,5.915060859680928,45.65772653318162,-0.20570640567556905
1.04,49.19703898526907,50.0,0.0,0.0,5.9201113838988695,45.65772653318162,-0.20478114599130515
1.06,49.19295480373515,50.0,0.0,0.0,5.924675481475932,45.65772653318162,-0.20386719942685189
1.08,49.18888876818957,50.0,0.0,0.0,5.928800001187954,45.65772653318162,-0.20296379687727664
1.1,49.18484067656443,50.0,0.0,0.0,5.932527279706352,45.65772653318162,-0.20207024199158302
1.12,49.18081033988653,50.0,0.0,0.0,5.935895576168415,45.65772653318162,-0.20118590417106416
1.1400000000000001,49.17679758104246,50.0,0.0,0.0,5.938939464893216,45.65772653318162,-0.2003102122419764
1.16,49.17280223366245,50.0,0.0,0.0,5.9416901902742305,45.65772653318162,-0.19944264873758988
1.18,49.17226222292893,50.0,0.0,0.0,5.944175987491487,91.31545306636325,0.4890336187206067
1.2,49.182018140001745,50.0,0.0,0.0,5.94642237233527,91.31545306636325,0.48705377675815925
1.22,49.19173451997473,50.0,0.0,0.0,5.948452403116281,91.31545306636325,0.48507875378156456
1.24,49.201411463049325,50.0,0.0,0.0,5.950286917350677,91.31545306636325,0.48310885129639014
1.26,49.21104907504954,50.0,0.0,0.0,5.95194474564948,91.31545306636325,0.4811443386156827
1.28,49.22064746681754,50.0,0.0,0.0,5.953442905007843,91.31545306636325,0.4791854559734894
1.3,49.23020675366769,50.0,0.0,0.0,5.954796773478222,91.31545306636325,0.4772324173384552
1.32,49.23972705489341,50.0,0.0,0.0,5.956020248020402,91.31545306636325,0.4752854129563857
1.34,49.24920849332181,50.0,0.0,0.0,5.957125887148658,91.31545306636325,0.4733446116478745
1.36,49.25865119491147,50.0,0.0,0.0,5.958125039840265,91.31545306636325,0.47141016288458965
1.3800000000000001,49.26805528838921,50.0,0.0,0.0,5.959027962028556,91.31545306636325,0.4694821986655372
1.4000000000000001,49.277420904922096,50.0,0.0,0.0,5.959843921876291,91.31545306636325,0.46756083521256303
1.42,49.2867481778213,50.0,0.0,0.0,5.960581294909925,91.31545306636325,0.46564617450250617
1.44,49.29603724227471,50.0,0.0,0.0,5.961247649991294,91.31545306636325,0.4637383056517361
1.46,49.30528823510557,50.0,0.0,0.0,5.961849827009184,91.31545306636325,0.4618373061672898
1.48,49.31450129455462,50.0,0.0,0.0,5.962394007088264,91.31545306636325,0.45994324307745627
1.5,49.3236765600834,50.0,0.0,0.0,5.962885776036048,91.31545306636325,0.4580561739534232
1.52,49.33281417219686,50.0,0.0,0.0,5.963330181679145,91.31545306636325,0.45617614783247395
1.54,49.341914272283205,50.0,0.0,0.0,5.963731785677337,91.31545306636325,0.45430320605221924
1.56,49.35097700246945,50.0,0.0,0.0,5.964094710347329,91.31545306636325,0.4524373830044304
1.58,49.36000250549111,50.0,0.0,0.0,5.964422680976811,91.31545306636325,0.45057870681622086
1.6,49.36899092457474,50.0,0.0,0.0,5.9647190640631536,91.31545306636325,0.44872719996556865
1.62,49.37794240333194,50.0,0.0,0.0,5.964986901869269,91.31545306636325,0.44688287983750963
1.6400000000000001,49.38685708566392,50.0,0.0,0.0,5.965228943651306,91.31545306636325,0.4450457592267089
1.6600000000000001,49.39573511567537,50.0,0.0,0.0,5.965447673878759,91.31545306636325,0.44321584679158343
1.68,49.40457663759698,50.0,0.0,0.0,5.965645337736621,91.31545306636325,0.4413931474646334
1.7,49.413381795715615,50.0,0.0,0.0,5.965823964171386,91.31545306636325,0.4395776628232066
1.72,49.422150734311415,50.0,0.0,0.0,5.965985386717429,91.31545306636325,0.437769391424505
1.74,49.43088359760125,50.0,0.0,0.0,5.96613126231756,91.31545306636325,0.4359683291082752
1.76,49.439580529687845,50.0,0.0,0.0,5.966263088330938,91.31545306636325,0.4341744692703003
1.78,49.448241674514,50.0,0.0,0.0,5.966382217902895,91.31545306636325,0.43238780310949976
1.8,49.45686717582149,50.0,0.0,0.0,5.966489873854489,91.31545306636325,0.43060831985118475
1.82,49.46545717711417,50.0,0.0,0.0,5.966587161234298,91.31545306636325,0.42883600694876167
1.84,49.474011821624785,50.0,0.0,0.0,5.966675078661343,91.31545306636325,0.4270708502659618
1.86,49.48253125228533,50.0,0.0,0.0,5.966754528575537,91.31545306636325,0.42531283424147276
1.8800000000000001,49.49101561170038,50.0,0.0,0.0,5.966826326500906,91.31545306636325,0.42356194203766595
1.9000000000000001,49.49946504212328,50.0,0.0,0.0,5.966891209416634,91.31545306636325,0.42181815567495223
1.92,49.50787968543488,50.0,0.0,0.0,5.966949843321885,91.31545306636325,0.42008145615315157
1.94,49.51625968312443,50.0,0.0,0.0,5.967002830072041,91.31545306636325,0.4183518235611248
1.96,49.5246051762727,50.0,0.0,0.0,5.967050713556521,91.31545306636325,0.4166292371758017
1.98,49.53291630553681,50.0,0.0,0.0,5.967093985281605,91.31545306636325,0.41491367555162284
2.0,49.54119321113683,50.0,0.0,0.0,5.9671330894155705,91.31545306636325,0.41320511660132253
2.02,49.54943603284388,50.0,0.0,0.0,5.967168427347909,91.31545306636325,0.41150353766888476
2.04,49.55764490996957,50.0,0.0,0.0,5.967200361809444,91.31545306636325,0.409808915595426
2.06,49.56581998135669,50.0,0.0,0.0,5.967229220595626,91.31545306636325,0.4081212267786879
2.08,49.57396138537106,50.0,0.0,0.0,5.967255299931237,91.31545306636325,0.4064404472267537
2.1,49.5820692598943,50.0,0.0,0.0,5.967278867511024,91.31545306636325,0.4047665526065467
2.12,49.59014374231759,50.0,0.0,0.0,5.967300165247488,91.31545306636325,0.4030995182876115
2.14,49.59818496953625,50.0,0.0,0.0,5.96731941175403,91.31545306636325,0.4014393193816345
2.16,49.60619307794495,50.0,0.0,0.0,5.9673368045889275,91.31545306636325,0.3997859307781121
2.18,49.61416820343378,50.0,0.0,0.0,5.967352522283208,91.31545306636325,0.3981393271765407
2.2,49.62211048138473,50.0,0.0,0.0,5.967366726173198,91.31545306636325,0.3964994831154608
2.22,49.63002004666885,50.0,0.0,0.0,5.967379562056582,91.31545306636325,0.3948663729986591
2.24,49.63789703364383,50.0,0.0,0.0,5.967391161688962,91.31545306636325,0.3932399711188046
2.2600000000000002,49.64574157615208,50.0,0.0,0.0,5.967401644136278,91.31545306636325,0.3916202516787623
2.2800000000000002,49.65355380751915,50.0,0.0,0.0,5.967411116996982,91.31545306636325,0.3900071888108125
2.3000000000000003,49.66133386055254,50.0,0.0,0.0,5.96741967750649,91.31545306636325,0.38840075659397355
2.32,49.669081867540825,50.0,0.0,0.0,5.96742741353527,91.31545306636325,0.3868009290696146
2.34,49.67679796025311,50.0,0.0,0.0,5.9674344044908,91.31545306636325,0.38520768025552016
2.36,49.6844822699387,50.0,0.0,0.0,5.967440722132656,91.31545306636325,0.38362098415855805
2.38,49.69213492732701,50.0,0.0,0.0,5.967446431309099,91.31545306636325,0.3820408147860832
2.4,49.699756062627735,50.0,0.0,0.0,5.967451590622717,91.31545306636325,0.3804671461562018
2.42,49.70734580553117,50.0,0.0,0.0,5.967456253031955,91.31545306636325,0.37889995230700374
2.44,49.7149042852087,50.0,0.0,0.0,5.9674604663947255,91.31545306636325,0.3773392073048642
2.46,49.722431630313494,50.0,0.0,0.0,5.96746427395964,91.31545306636325,0.3757848852519021
2.48,49.72992796898126,50.0,0.0,0.0,5.967467714809947,91.31545306636325,0.3742369602926798
2.5,49.73739342883121,50.0,0.0,0.0,5.967470824264702,91.31545306636325,0.3726954066202148
2.52,49.74482813696707,50.0,0.0,0.0,5.967473634241311,91.31545306636325,0.37116019848137194
2.54,49.75223221997825,50.0,0.0,0.0,5.967476173583146,91.31545306636325,0.3696313101816938
2.56,49.75960580394103,50.0,0.0,0.0,5.967478468355612,91.31545306636325,0.36810871608972395
2.58,49.76694901441989,50.0,0.0,0.0,5.967480542113701,91.31545306636325,0.366592390640875
2.6,49.77426197646892,50.0,0.0,0.0,5.967482416143774,91.31545306636325,0.36508230834088196
2.62,49.781544814633214,50.0,0.0,0.0,5.967484109682058,91.31545306636325,0.3635784437688806
2.64,49.78879765295039,50.0,0.0,0.0,5.967485640112097,91.31545306636325,0.3620807715801517
2.66,49.796020614952184,50.0,0.0,0.0,5.967487023143192,91.31545306636325,0.3605892665085593
2.68,49.80321382366597,50.0,0.0,0.0,5.967488272971645,91.31545306636325,0.3591039033687124
2.7,49.810377401616485,50.0,0.0,0.0,5.967489402426482,91.31545306636325,0.35762465705788143
2.72,49.81751147082744,50.0,0.0,0.0,5.967490423101142,91.31545306636325,0.3561515025576866
2.74,49.82461615282325,50.0,0.0,0.0,5.967491345472473,91.31545306636325,0.35468441493558794
2.7600000000000002,49.831691568630795,50.0,0.0,0.0,5.967492179008274,91.31545306636325,0.3532233693461881
2.7800000000000002,49.8387378387811,50.0,0.0,0.0,5.967492932264484,91.31545306636325,0.3517683410323737
2.8000000000000003,49.8457550833112,50.0,0.0,0.0,5.967493612973,91.31545306636325,0.35031930532630523
2.82,49.85274342176588,50.0,0.0,0.0,5.967494228121043,91.31545306636325,0.34887623765027326
2.84,49.859702973199525,50.0,0.0,0.0,5.967494784022881,91.31545306636325,0.34743911351743406
2.86,49.866633856177906,50.0,0.0,0.0,5.967495286384639,91.31545306636325,0.34600790853243374
2.88,49.873536188780044,50.0,0.0,0.0,5.967495740362876,91.31545306636325,0.3445825983919356
2.9,49.88041008860005,50.0,0.0,0.0,5.967496150617513,91.31545306636325,0.34316315888505644
2.92,49.88725567274898,50.0,0.0,0.0,5.967496521359659,91.31545306636325,0.34174956589372446
2.94,49.89407305785667,50.0,0.0,0.0,5.967496856394848,91.31545306636325,0.34034179539296283
2.96,49.90086236007367,50.0,0.0,0.0,5.967497159162091,91.31545306636325,0.33893982345110896
2.98,49.907557453507096,50.0,0.0,0.0,5.39275492007387,91.31545306636325,0.3309772247489221
3.0,49.91405850008959,50.0,0.0,0.0,4.873367318379145,91.31545306636325,0.32160381982183556
3.02,49.920382332009915,50.0,0.0,0.0,4.404003032186862,91.31545306636325,0.3130404873238291
3.04,49.92654416796229,50.0,0.0,0.0,3.979844210463049,91.31545306636325,0.30520958933131587
3.06,49.93255776851394,50.0,0.0,0.0,3.5965370195694715,91.31545306636325,0.29804096381989115
3.08,49.938435576508994,50.0,0.0,0.0,3.25014695276946,91.31545306636325,0.2914712046511911
3.1,49.944188843949924,50.0,0.0,0.0,2.937118443969505,91.31545306636325,0.28544301090571145
3.12,49.94982774665891,50.0,0.0,0.0,2.6542383711465845,91.31545306636325,0.2799045988827269
3.14,49.95536148789605,50.0,0.0,0.0,2.3986030748373923,91.31545306636325,0.27480917073171274
3.16,49.96079839199794,50.0,0.0,0.0,2.167588553146442,91.31545306636325,0.2701144342609686
3.18,49.96614598899801,50.0,0.0,0.0,1.958823527335804,91.31545306636325,0.26578216899446006
3.2,49.97141109109682,50.0,0.0,0.0,1.7701651015247146,91.31545306636325,0.2617778340226159
3.22,49.97659986176767,50.0,0.0,0.0,1.5996767666548584,91.31545306636325,0.2580702136218154
3.24,49.98171787820645,50.0,0.0,0.0,1.4456085229401494,91.31545306636325,0.2546310970049838
3.2600000000000002,49.98677018776709,50.0,0.0,0.0,1.3063789167653055,91.31545306636325,0.2514349889160594
3.2800000000000002,49.99176135896158,50.0,0.0,0.0,1.1805588076486115,91.31545306636325,0.24845884809769145
3.3000000000000003,49.99669552754831,50.0,0.0,0.0,1.0668566986427388,91.31545306636325,0.2456818509476387
3.3200000000000003,50.0015764381816,50.0,0.0,-4.332147502974668e-05,0.9641054795956079,91.31545306636325,0.24308517793789622
3.34,50.006407339904435,50.0,0.0,-0.0016698254383145546,0.8712504471957588,91.31545306636325,0.24063607769317577
3.36,50.01119069748729,50.0,0.0,-0.005598213635181561,0.7873384788324232,91.31545306636325,0.23830025721604794
3.38,50.01592860819125,50.0,0.0,-0.011798417155574125,0.7115082491439687,91.31545306636325,0.23606442292128327
3.4,50.02062292008529,50.0,0.0,-0.020241426817080098,0.6429813888311999,91.31545306636325,0.23391659892423933
3.42,50.02527525679495,50.0,0.0,-0.03089917472024543,0.581054494984,91.31545306636325,0.23184600022426996
3.44,50.02988703986938,50.0,0.0,-0.043744427625251776,0.5250919109102655,91.31545306636325,0.2298429180954986
3.46,50.03445950899565,50.0,0.0,-0.05875069101087749,0.4745192013547483,91.31545306636325,0.22789861650927404
3.48,50.03899374026786,50.0,0.0,-0.07589212278630755,0.4288172561333321,91.31545306636325,0.22600523852585888
3.5,50.043490662698005,50.0,0.0,-0.09514345572544432,0.38751696165873123,91.31545306636325,0.22415572169522896
3.52,50.04795107313799,50.0,0.0,-0.1164799277829142,0.3501943856627878,91.31545306636325,0.2223437215993375
3.54,50.05237564976558,50.0,0.0,-0.13987721953188634,0.31646642568832245,91.31545306636325,0.2205635427517563
3.56,50.056764964272524,50.0,0.0,-0.16531139803694536,0.2859868766839135,91.31545306636325,0.21881007614613315
3.58,50.06111949287971,50.0,0.0,-0.19275886654134583,0.2584428773369178,91.31545306636325,0.2170787428131394
3.6,50.065439626292154,50.0,0.0,-0.22219631940769566,0.23355169866765485,91.31545306636325,0.21536544280725944
3.62,50.06972567869589,50.0,0.0,-0.2536007018050858,0.21105784192085864,91.31545306636325,0.21366650910050455
3.64,50.07397789588881,50.0,0.0,-0.2869491736844545,0.19073041596532542,91.31545306636325,0.21197866591049433
3.66,50.07819646262887,50.0,0.0,-0.3222190776280503,0.17236076728173375,91.31545306636325,0.21029899103586663
3.68,50.08238150927471,50.0,0.0,-0.3593879101986887,0.15576033821133647,91.31545306636325,0.20862488181310476
3.7,50.086533117787035,50.0,0.0,-0.3984332964504921,0.14075873148123924,91.31545306636325,0.20695402434603613
3.72,50.0906513271518,50.0,0.0,-0.4393329672953319,0.12720196113933185,91.31545306636325,0.20528436569285533
3.74,50.09473613828114,50.0,0.0,-0.4820647394485889,0.11495087194536602,91.31545306636325,0.20361408872586367
3.7600000000000002,50.09878751844201,50.0,0.0,-0.5266064977044136,0.1038797109938123,91.31545306636325,0.20194158940656054
3.7800000000000002,50.10280540525789,50.0,0.0,-0.5729361793146751,0.09387483690673286,91.31545306636325,0.20026545624350542
3.8000000000000003,50.106789710324755,50.0,0.0,-0.621031760267487,0.08483355334701131,91.31545306636325,0.19858445172276554
3.8200000000000003,50.1107403224781,50.0,0.0,-0.6708712432808007,0.07666305487838407,91.31545306636325,0.19689749552101865
3.84,50.11465711074466,50.0,0.0,-0.7224326473442826,0.06927947435191552,91.31545306636325,0.1952036493296633
3.86,50.11853992700906,50.0,0.0,-0.7756939986586987,0.06260702204069132,91.31545306636325,0.19350210313482546
3.88,50.122388608422696,50.0,0.0,-0.8306333228365081,0.05657720768626523,91.31545306636325,0.19179216281309486
3.9,50.126202979579595,50.0,0.0,-0.8872286382404398,0.05112813747145357,91.31545306636325,0.19007323891631348
3.92,50.129982854481554,50.0,0.0,-0.9454579503486523,0.04620387870316289,91.31545306636325,0.18834483653094988
3.94,50.133728038312775,50.0,0.0,-1.0052992470457538,0.041753885683954634,91.31545306636325,0.1866065461086155
3.96,50.13743832904223,50.0,0.0,-1.0667304947486167,0.03773248087913035,91.31545306636325,0.1848580351742361
3.98,50.14111351887022,50.0,0.0,-1.1297296352846429,0.03409838605370945,91.31545306636325,0.18309904082740772
4.0,50.14475339553399,50.0,0.0,-1.194274583448023,0.030814298566593606,91.31545306636325,0.18132936296059024
4.0200000000000005,50.14835774348601,50.0,0.0,-1.2603432251666598,0.027846508472733938,91.31545306636325,0.17954885812515428
4.04,50.15192634495688,50.0,0.0,-1.327913416218862,0.025164552502996124,91.31545306636325,0.17775743398293783
4.0600000000000005,50.15545898091404,50.0,0.0,-1.3969629814447428,0.02274090136995463,91.31545306636325,0.17595504428697242
4.08,50.15895543192611,50.0,0.0,-1.467469714402511,0.020550677189925474,91.31545306636325,0.1741416843404694
4.1,50.1624154789419,50.0,0.0,-1.5394113774246045,0.018571398120679053,91.31545306636325,0.172317386888058
4.12,50.16583890399217,50.0,0.0,-1.6127657020329058,0.016782747593633542,91.31545306636325,0.17048221839769717
4.14,50.169225490821525,50.0,0.0,-1.6875103896761727,0.01516636577178249,91.31545306636325,0.16863627569569162
4.16,50.17257502545703,50.0,0.0,-1.7636231127563182,0.01370566109274932,91.31545306636325,0.16677968292085746
4.18,50.175887296719544,50.0,0.0,-1.8410815159133587,0.012385639962527764,91.31545306636325,0.16491258876715797
4.2,50.179162096683264,50.0,0.0,-1.9198632175417032,0.011192752851777418,91.31545306636325,0.16303516398707807
4.22,50.182399221088275,50.0,0.0,-1.9999458115130673,0.01011475521490969,91.31545306636325,0.16114759913068663
4.24,50.185598469710555,50.0,0.0,-2.0813068690836207,0.009140581804349956,91.31545306636325,0.15925010249774035
4.26,50.188759646693526,50.0,0.0,-2.1639239409651116,0.008260233089858269,91.31545306636325,0.15734289828236941
4.28,50.191882560844654,50.0,0.0,-2.247774559541615,0.007464672617044845,91.31545306636325,0.15542622489185395
4.3,50.19496702590044,50.0,0.0,-2.3328362412152934,0.006745734251503455,91.31545306636325,0.15350033342278255
4.32,50.19801286076272,50.0,0.0,-2.4190864888661134,0.00609603835645797,91.31545306636325,0.1515654862794921
4.34,50.20101988970894,50.0,0.0,-2.5065027944118876,0.005508916043516595,91.31545306636325,0.14962195592114447
4.36,50.20398794257893,50.0,0.0,-2.5950626414562814,0.004978340718995732,91.31545306636325,0.14767002372511123
4.38,50.20691685494016,50.0,0.0,-2.6847435080135904,0.0044988662231618,91.31545306636325,0.14570997895551746
4.4,50.20980646823369,50.0,0.0,-2.7755228693001306,0.004065570927413147,91.31545306636325,0.14374211782688473
4.42,50.212656629902334,50.0,0.0,-2.8673782005830413,0.003674007215580312,91.31545306636325,0.1417667426537643
4.44,50.215467193502995,50.0,0.0,-2.9602869800781435,0.003320155830788802,91.31545306636325,0.13978416107814404
4.46,50.21823801880425,50.0,0.0,-3.054226691889286,0.003000384619271827,91.31545306636325,0.13779468536719713
4.48,50.220968971870796,50.0,0.0,-3.1491748289822947,0.002711411247653451,91.31545306636325,0.13579863177465576
4.5,50.22365992513585,50.0,0.0,-3.245108896187285,0.0024502695110088465,91.31545306636325,0.13379631995974375
4.5200000000000005,50.22631075746256,50.0,0.0,-3.342006413223671,0.002214278885866335,91.31545306636325,0.13178807245818594
4.54,50.22892135419543,50.0,0.0,-3.4398449177427186,0.0020010170156240237,91.31545306636325,0.12977421420033572
4.5600000000000005,50.23149160720268,50.0,0.0,-3.5386019683829564,0.0018082948459540067,91.31545306636325,0.12775507207194772
4.58,50.234021414910266,50.0,0.0,-3.6382551478341933,0.0016341341549682357,91.31545306636325,0.12573097451354479
4.6000000000000005,50.23651068232837,50.0,0.0,-3.738782065906267,0.0014767472475015117,91.31545306636325,0.12370225115472672
4.62,50.238959321070965,50.0,0.0,-3.8401603625990015,0.001334518605080916,91.31545306636325,0.12166923248011527
4.64,50.24136724936901,50.0,0.0,-3.9423677111701596,0.0012059883032253904,91.31545306636325,0.11963224952394781
4.66,50.243734392077975,50.0,0.0,-4.045381821198473,0.001089837025860176,91.31545306636325,0.1175916335906246
4.68,50.24606068067997,50.0,0.0,-4.1491804416390785,0.0009848725230246057,91.31545306636325,0.11554771599877073
4.7,50.248346053281054,50.0,0.0,-4.253741363868942,0.0008900173728666277,91.31545306636325,0.11350082784660727
4.72,50.25059045460416,50.0,0.0,-4.359042424720035,0.0008042979223054469,91.31545306636325,0.11145129979664274
4.74,50.25279383597782,50.0,0.0,-4.465061509498251,0.0007268342928422794,91.31545306636325,0.10939946187788742
4.76,50.25495615532124,50.0,0.0,-4.571776554986214,0.000656831348932553,91.31545306636325,0.10734564330395983
4.78,50.25707737712586,50.0,0.0,-4.679165552428275,0.0005935705362132321,91.31545306636325,0.10529017230562002
4.8,50.259157472433756,50.0,0.0,-4.787206550496162,0.0005364025058076859,91.31545306636325,0.10323337597640195
4.82,50.261196418813086,50.0,0.0,-4.895877658233859,0.000484740448999312,91.31545306636325,0.101175580130143
4.84,50.26319420033085,50.0,0.0,-5.005157047980422,0.0004380540738568037,91.31545306636325,0.09911710916932767
4.86,50.2651508075231,50.0,0.0,-5.115022958269532,0.00039586416198334287,91.31545306636325,0.09705828596326721
4.88,50.267066237362876,50.0,0.0,-5.225453696704713,0.0003577376495167604,91.31545306636325,0.09499943173522576
4.9,50.26894049322597,50.0,0.0,-5.336427642809192,0.00032328318188894683,91.31545306636325,0.09294086595769718
4.92,50.270773584854645,50.0,0.0,-5.447923250849491,0.0002921470967157606,91.31545306636325,0.09088290625510705
4.94,50.27256552831958,50.0,0.0,-5.559919052631911,0.0002640097935832835,91.31545306636325,0.08882586831328657
4.96,50.27431634598,50.0,0.0,-5.672393660271116,0.0002385824534676191,91.31545306636325,0.08677006579512868
4.98,50.27602606644223,50.0,0.0,-5.78532576893011,0.00021560407411428995,91.31545306636325,0.08471581026189033
5.0,50.27769472451674,50.0,0.0,-5.898694159530947,0.00019483879094649883,91.31545306636325,0.08266341109966302
5.0200000000000005,50.27932236117381,50.0,0.0,-6.012477701435564,0.00017607345600236687,91.31545306636325,0.08061317545056863
5.04,50.28090902349776,50.0,0.0,-6.1266553550961795,0.00015911545004983264,91.31545306636325,0.07856540814829421
5.0600000000000005,50.282454764640086,50.0,0.0,-6.241206174674729,0.0001437907054213808,91.31545306636325,0.07652041165760347
5.08,50.28395964377135,50.0,0.0,-6.356109310630876,0.00012994191927372836,91.31545306636325,0.07447848601750513
5.1000000000000005,50.28542372603195,50.0,0.0,-6.471344012278154,0.00011742693893223961,91.31545306636325,0.07243992878778797
5.12,50.28684708248199,50.0,0.0,-6.586889630307823,0.00010611730274622631,91.31545306636325,0.07040503499865702
5.14,50.288229790049996,50.0,0.0,-6.70272561928008,9.589692147755178e-05,91.31545306636325,0.0683740971032353
5.16,50.28957193148086,50.0,0.0,-6.818831540082258,8.666088668748003e-05,91.31545306636325,0.06634740493271458
5.18,50.29087359528287,50.0,0.0,-6.935187062353717,7.831439389030096e-05,91.31545306636325,0.0643252456539594
5.2,50.29213487567388,50.0,0.0,-7.051771966877103,7.077176942030147e-05,91.31545306636325,0.0623079037293913
5.22,50.29335587252681,50.0,0.0,-7.168566147935735,6.395559102323112e-05,91.31545306636325,0.060295660878991776
5.24,50.29453669131426,50.0,0.0,-7.285549615636833,5.779589314545892e-05,91.31545306636325,0.05828879604428003
5.26,50.2956774430526,50.0,0.0,-7.4027024982003855,5.222944876340767e-05,91.31545306636325,0.05628758535413547
5.28,50.29677824424521,50.0,0.0,-7.520005044213426,4.719912038151039e-05,91.31545306636325,0.054292302092348255
5.3,50.29783921682529,50.0,0.0,-7.637437624849524,4.265327353692257e-05,91.31545306636325,0.05230321666678812
5.32,50.29886048809791,50.0,0.0,-7.754980736053325,3.854524679083269e-05,91.31545306636325,0.05032059658009729
5.34,50.29984219068156,50.0,0.0,-7.872615000689945,3.483287276602764e-05,91.31545306636325,0.04834470640181937
5.36,50.30078446244919,50.0,0.0,-7.990321170659106,3.147804531434053e-05,91.31545306636325,0.04637580774188324
5.38,50.30168744646865,50.0,0.0,-8.108080128973846,2.844632837111456e-05,91.31545306636325,0.04441415922537208
5.4,50.30255129094274,50.0,0.0,-8.225872891803695,2.570660248171861e-05,91.31545306636325,0.04246001646851089
5.42,50.303376149148704,50.0,0.0,-8.3436806104822,2.3230745371839682e-05,91.31545306636325,0.04051363205581341
5.44,50.304162179377364,50.0,0.0,-8.4614845734787,2.0993343282724282e-05,91.31545306636325,0.03857525551833567
5.46,50.30490954487175,50.0,0.0,-8.579266208334257,1.897143010833162e-05,91.31545306636325,0.0366451333129849
5.48,50.30561841376539,50.0,0.0,-8.697007083561672,1.7144251656737818e-05,91.31545306636325,0.034723508802843306
5.5,50.30628895902019,50.0,0.0,-8.814688910509519,1.549305261602156e-05,91.31545306636325,0.0328106222384609
5.5200000000000005,50.306921358363994,50.0,0.0,-8.932293545190108,1.4000884037914663e-05,91.31545306636325,0.030906710740086805
5.54,50.3075157942277,50.0,0.0,-9.049802990071377,1.2652429363108334e-05,91.31545306636325,0.029012008280800874
5.5600000000000005,50.308072453682165,50.0,0.0,-9.167199395832633,1.1433847202429183e-05,91.31545306636325,0.0271267456705155
5.58,50.308591528374755,50.0,0.0,-9.28446506308411,1.0332629260091784e-05,91.31545306636325,0.025251150540822272
5.6000000000000005,50.309073214465556,50.0,0.0,-9.40158244405034,9.3374719406625e-06,91.31545306636325,0.023385447330656128
5.62,50.30951771256339,50.0,0.0,-9.518534144217318,8.43816032182742e-06,91.31545306636325,0.021529857272753035
5.64,50.309925227661516,50.0,0.0,-9.635302923943417,7.625463301987793e-06,91.31545306636325,0.019684598380880252
5.66,50.3102959690731,50.0,0.0,-9.751871700034103,6.891038846411696e-06,91.31545306636325,0.01784988543782177
5.68,50.31063015036644,50.0,0.0,-9.868223547280415,6.2273483593287185e-06,91.31545306636325,0.016025929984094744
5.7,50.310927989300026,50.0,0.0,-9.984341699961236,5.627579303028825e-06,91.31545306636325,0.014212940307389494
5.72,50.3111897077573,50.0,0.0,-10.100209553309387,5.0855752696790265e-06,91.31545306636325,0.012411121432706316
5.74,50.31141553168134,50.0,0.0,-10.215810664941547,4.595772788070905e-06,91.31545306636325,0.010620675113185481
5.76,50.31160569100929,50.0,0.0,-10.331128756252042,4.153144216643571e-06,91.31545306636325,0.00884179982160966
5.78,50.311760419606664,50.0,0.0,-10.446147713770548,3.753146136600047e-06,91.31545306636325,0.0070746907425694
5.8,50.311879955201476,50.0,0.0,-10.560851590483749,3.391672715391464e-06,91.31545306636325,0.005319539765281281
5.82,50.311964539318275,50.0,0.0,-10.675224607120988,3.065013561862478e-06,91.31545306636325,0.0035765354770435436
5.84,50.312014417212005,50.0,0.0,-10.789251153403995,2.769815640456521e-06,91.31545306636325,0.0018458631573252642
5.86,50.31202983780179,50.0,0.0,-10.902915789260726,2.503048853544287e-06,91.31545306636325,0.00012770477247283827
5.88,50.31201105360463,50.0,0.0,-11.016203246003403,2.2619749385907615e-06,91.31545306636325,-0.0015777610289687276
5.9,50.311958320668964,50.0,0.0,-11.129098427470819,2.044119360901699e-06,91.31545306636325,-0.00327035892033436
5.92,50.31187189850821,50.0,0.0,-11.241586411134982,1.8472459134389798e-06,91.31545306636325,-0.004949916900320698
5.94,50.311752050034215,50.0,0.0,-11.353652449172213,1.669333762981323e-06,91.31545306636325,-0.006616266295880712
5.96,50.311599041490645,50.0,0.0,-11.465281969498749,1.5085567070176854e-06,91.31545306636325,-0.008269241764539189
5.98,50.31141314238638,50.0,0.0,-11.576460576770966,1.3632644284530083e-06,91.31545306636325,-0.009908681296136037
6.0,50.311194625428826,50.0,0.0,-11.687174053350333,1.2319655557127955e-06,91.31545306636325,-0.011534426214001178
6.0200000000000005,50.31094376645726,50.0,0.0,-11.797408360233177,1.113312354364752e-06,91.31545306636325,-0.013146321175573322
6.04,50.3106608443761,50.0,0.0,-11.907149637945407,1.0060868931226353e-06,91.31545306636325,-0.01474421417246314
6.0600000000000005,50.3103461410883,50.0,0.0,-12.016384207402266,9.091885422314541e-07,91.31545306636325,-0.016327956529971703
6.08,50.30999994142862,50.0,0.0,-12.125098570733282,8.216226759095614e-07,91.31545306636325,-0.0178974029060671
6.1000000000000005,50.30962253309704,50.0,0.0,-12.233279412072502,7.424904628823795e-07,91.31545306636325,-0.019452411289826107
6.12,50.30921420659212,50.0,0.0,-12.34091359831416,6.709796402113574e-07,91.31545306636325,-0.020992842999347193
6.140000000000001,50.308775255144475,50.0,0.0,-12.447988179833928,6.063561757149231e-07,91.31545306636325,-0.02251856267914073
6.16,50.30830597465031,50.0,0.0,-12.554490391175843,5.479567333992608e-07,91.31545306636325,-0.024029438296999966
6.18,50.30780666360495,50.0,0.0,-12.660407651705105,4.951818645593435e-07,91.31545306636325,-0.025525341140361157
6.2,50.30727762303652,50.0,0.0,-12.765727566226872,4.4748985465938756e-07,91.31545306636325,-0.027006145812154738
6.22,50.3067191564397,50.0,0.0,-12.870437925571194,4.0439116283322977e-07,91.31545306636325,-0.028471730226157697
6.24,50.306131569709564,50.0,0.0,-12.974526707144278,3.654433969281523e-07,91.31545306636325,-0.029921975601846985
6.26,50.305515171075534,50.0,0.0,-13.07798207544619,3.3024677251283655e-07,91.31545306636325,-0.03135676645876287
6.28,50.30487027103546,50.0,0.0,-13.180792382555225,2.984400092378395e-07,91.31545306636325,-0.032775990610387065
6.3,50.304197182289826,50.0,0.0,-13.282946168579064,2.696966224262487e-07,91.31545306636325,-0.03417953915753911
6.32,50.30349621967606,50.0,0.0,-13.38443216207292,2.437215718290638e-07,91.31545306636325,-0.035567306481298036
6.34,50.30276770010309,50.0,0.0,-13.48523928042483,2.2024823314601607e-07,91.31545306636325,-0.03693919023545382
6.36,50.3020119424859,50.0,0.0,-13.5853566302083,1.9903566122560648e-07,91.31545306636325,-0.0382950913384918
6.38,50.30122926768042,50.0,0.0,-13.684773507502463,1.7986611685212044e-07,91.31545306636325,-0.039634913965120075
6.4,50.30041999841846,50.0,0.0,-13.78347939817995,1.6254283173300248e-07,91.31545306636325,-0.04095856553733922
6.42,50.29958445924292,50.0,0.0,-13.881463978162683,1.4688798874501132e-07,91.31545306636325,-0.0422659567150637
6.44,50.29872297644313,50.0,0.0,-13.978717113645756,1.3274089670712804e-07,91.31545306636325,-0.0435570013862979
6.46,50.2978358779904,50.0,0.0,-14.075228861289622,1.1995634094493554e-07,91.31545306636325,-0.04483161665687226
6.48,50.296923493473855,50.0,0.0,-14.1709894683808,1.0840309271562212e-07,91.31545306636325,-0.04608972283974627
6.5,50.295986154036356,50.0,0.0,-14.265989372961283,9.796256219340686e-08,91.31545306636325,-0.04733124344388074
6.5200000000000005,50.29502419231078,50.0,0.0,-14.360219203926874,8.852758118878022e-08,91.31545306636325,-0.048556105162686054
6.54,50.294037942356454,50.0,0.0,-14.45366978109468,8.000130310662222e-08,91.31545306636325,-0.04976423786205222
6.5600000000000005,50.293027739595885,50.0,0.0,-14.546332115239938,7.22962088516747e-08,91.31545306636325,-0.05095557456796343
6.58,50.291993920751665,50.0,0.0,-14.638197408102437,6.533320847735437e-08,91.31545306636325,-0.0521300514537065
6.6000000000000005,50.29093682378375,50.0,0.0,-14.729257052362739,5.904082935666375e-08,91.31545306636325,-0.05328760782667204
6.62,50.28985678782691,50.0,0.0,-14.81950263158842,5.3354482542074045e-08,91.31545306636325,-0.05442818611476142
6.640000000000001,50.288754153128515,50.0,0.0,-14.90892592015059,4.821579978383529e-08,91.31545306636325,-0.05555173185239688
6.66,50.28762926098655,50.0,0.0,-14.997518883110892,4.357203440145144e-08,91.31545306636325,-0.05665819366614639
6.68,50.286482453687995,50.0,0.0,-15.085273676079229,3.937551985848758e-08,91.31545306636325,-0.05774752325996377
6.7,50.285314074447435,50.0,0.0,-15.172182645042467,3.558318048317944e-08,91.31545306636325,-0.05881967540005339
6.72,50.28412446734605,50.0,0.0,-15.258238326164344,3.21560893125731e-08,91.31545306636325,-0.059874607899360804
6.74,50.2829139772708,50.0,0.0,-15.343433445556832,2.9059068521628297e-08,91.31545306636325,-0.060912281601697545
6.76,50.28168294985413,50.0,0.0,-15.427760919023198,2.6260328335837612e-08,91.31545306636325,-0.061932660365503885
6.78,50.28043173141375,50.0,0.0,-15.51121385177303,2.373114072093301e-08,91.31545306636325,-0.06293571104725518
6.8,50.27916066889298,50.0,0.0,-15.593785538109445,2.1445544500224994e-08,91.31545306636325,-0.0639214034845174
6.82,50.27787010980131,50.0,0.0,-15.67546946108878,1.9380078872712896e-08,91.31545306636325,-0.06488971047865709
6.84,50.27656040215536,50.0,0.0,-15.756259292152968,1.7513542596628045e-08,91.31545306636325,-0.06584060777721054
6.86,50.27523189442014,50.0,0.0,-15.836148890734941,1.582677636651788e-08,91.31545306636325,-0.0667740740559171
6.88,50.273884935450766,50.0,0.0,-15.915132303837202,1.4302466150052147e-08,91.31545306636325,-0.06769009090042526
6.9,50.272519874434465,50.0,0.0,-15.993203765583969,1.2924965465876089e-08,91.31545306636325,-0.06858864278767143
6.92,50.271137060832984,50.0,0.0,-16.07035769674704,1.1680134778258533e-08,91.31545306636325,-0.06946971706694227
6.94,50.2697368443254,50.0,0.0,-16.14658870424572,1.0555196359980157e-08,91.31545306636325,-0.0703333039406209
6.96,50.26831957475128,50.0,0.0,-16.221891580621048,9.538603133683146e-09,91.31545306636325,-0.07117939644462752
6.98,50.266885602054295,50.0,0.0,-16.296261303484616,8.619920145387137e-09,91.31545306636325,-0.07200799042855432
7.0,50.265435276226135,50.0,0.0,-16.36969303494224,7.789717453540845e-09,91.31545306636325,-0.07281908453550681
7.0200000000000005,50.26396894725097,50.0,0.0,-16.44218212099276,7.039473334155073e-09,91.31545306636325,-0.07361268018164822
7.04,50.262486965050186,50.0,0.0,-16.513724090902265,6.361486808453533e-09,91.31545306636325,-0.07438878153546125
7.0600000000000005,50.260989679427645,50.0,0.0,-16.584314656554,5.748798595170137e-09,91.31545306636325,-0.07514739549672746
7.08,50.25947744001528,50.0,0.0,-16.65394971177426,5.195119676097265e-09,91.31545306636325,-0.07588853167522902
7.1000000000000005,50.25795059621921,50.0,0.0,-16.722625331634543,4.694766741636771e-09,91.31545306636325,-0.07661220236918294
7.12,50.25640949716621,50.0,0.0,-16.79033777173026,4.2426038537261374e-09,91.31545306636325,-0.07731842254340854
7.140000000000001,50.254854491650676,50.0,0.0,-16.857083467436244,3.833989727331269e-09,91.31545306636325,-0.07800720980723523
7.16,50.25328592808199,50.0,0.0,-16.922859033139414,3.464730089369913e-09,91.31545306636325,-0.07867858439215747
7.18,50.25170415443241,50.0,0.0,-16.98766126144885,3.1310346260476643e-09,91.31545306636325,-0.07933256912923929
7.2,50.25010951818529,50.0,0.0,-17.051487122383573,2.8294780766868494e-09,91.31545306636325,-0.079969189426277
7.22,50.24850236628388,50.0,0.0,-17.114333762538305,2.5569650746908208e-09,91.31545306636325,-0.08058847324472243
7.24,50.24688304508055,50.0,0.0,-17.17619850422754,2.3106983747491436e-09,91.31545306636325,-0.08119045107637593
7.26,50.24525190028644,50.0,0.0,-17.237078844608195,2.0881501401476694e-09,91.31545306636325,-0.08177515591984963
7.28,50.24360927692167,50.0,0.0,-17.296972454781162,1.8870359954583455e-09,91.31545306636325,-0.08234262325681037
7.3,50.241955519265915,50.0,0.0,-17.35587717887202,1.7052915782691992e-09,91.31545306636325,-0.08289289102800688
7.32,50.24029097080959,50.0,0.0,-17.413791033091254,1.5410513492666698e-09,91.31545306636325,-0.083425999609085
7.34,50.23861597420542,50.0,0.0,-17.47071220477423,1.392629443163607e-09,91.31545306636325,-0.0839419917861972
7.36,50.236930871220544,50.0,0.0,-17.526639051401286,1.2585023639147883e-09,91.31545306636325,-0.08444091273141353
7.38,50.23523600268909,50.0,0.0,-17.581570099598185,1.1372933465927311e-09,91.31545306636325,-0.08492280997793544
7.4,50.233531708465314,50.0,0.0,-17.63550404411727,1.0277582254042324e-09,91.31545306636325,-0.08538773339512258
7.42,50.231818327377134,50.0,0.0,-17.68843974679959,9.287726627880439e-10,91.31545306636325,-0.08583573516333359
7.44,50.230096197180245,50.0,0.0,-17.740376235518376,8.393206085050919e-10,91.31545306636325,-0.08626686974858928
7.46,50.22836565451275,50.0,0.0,-17.791312703104047,7.584838702580579e-10,91.31545306636325,-0.0866811938770613
7.48,50.226627034850246,50.0,0.0,-17.84124850625119,6.854326887865905e-10,91.31545306636325,-0.08707876650939442
7.5,50.224880672461474,50.0,0.0,-17.89018316440771,6.19417220694976e-10,91.31545306636325,-0.0874596488148645
7.5200000000000005,50.22312690036446,50.0,0.0,-17.93811635864653,5.597598415866429e-10,91.31545306636325,-0.08782390414537901
7.54,50.221366050283194,50.0,0.0,-17.985047930520107,5.058481905000175e-10,91.31545306636325,-0.08817159800932617
7.5600000000000005,50.219598452604835,50.0,0.0,-18.03097788089808,4.57128884249434e-10,91.31545306636325,-0.08850279804527604
7.58,50.21782443633743,50.0,0.0,-18.075906368788385,4.131018371511308e-10,91.31545306636325,-0.08881757399554122
7.6000000000000005,50.216044329068176,50.0,0.0,-18.119833710142096,3.733151278284176e-10,91.31545306636325,-0.08911599767959932
7.62,50.21425845692221,50.0,0.0,-18.162760376642364,3.3736036040566495e-10,91.31545306636325,-0.08939814296738546
7.640000000000001,50.212467144521916,50.0,0.0,-18.204686994477687,3.0486847247548513e-10,91.31545306636325,-0.08966408575245759
7.66,50.21067071494683,50.0,0.0,-18.245614343099884,2.75505946809437e-10,91.31545306636325,-0.08991390392504191
7.68,50.20886948969401,50.0,0.0,-18.285543353967093,2.489713879268636e-10,91.31545306636325,-0.09014767734496201
7.7,50.20706378863898,50.0,0.0,-18.324475109271976,2.24992428381606e-10,91.31545306636325,-0.09036548781445665
7.72,50.205253929997276,50.0,0.0,-18.362410840655652,2.033229330107699e-10,91.31545306636325,-0.0905674190508928
7.74,50.20344023028641,50.0,0.0,-18.399351927907457,1.8374047244819085e-10,91.31545306636325,-0.09075355665937838
7.76,50.201623004288514,50.0,0.0,-18.435299897650975,1.660440399691465e-10,91.31545306636325,-0.09092398810527828
7.78,50.19980256501344,50.0,0.0,-18.470256422016604,1.500519882305712e-10,91.31545306636325,-0.09107880268664166
7.8,50.197979223662514,50.0,0.0,-18.50422331730095,1.3560016472817223e-10,91.31545306636325,-0.09121809150654261
7.82,50.1961532895927,50.0,0.0,-18.537202542613418,1.225402268316045e-10,91.31545306636325,-0.09134194744534137
7.84,50.194325070281465,50.0,0.0,-18.56919619851022,1.107381191021617e-10,91.31545306636325,-0.09145046513286893
7.86,50.19249487129211,50.0,0.0,-18.600206525616194,1.0007269726321252e-10,91.31545306636325,-0.09154374092054336
7.88,50.19066299623969,50.0,0.0,-18.630235903234677,9.043448469894675e-11,91.31545306636325,-0.0916218728534178
7.9,50.1888297467575,50.0,0.0,-18.659286847945797,8.172454871735004e-11,91.31545306636325,-0.09168496064217097
7.92,50.1869954224641,50.0,0.0,-18.68736201219344,7.385348504266211e-11,91.31545306636325,-0.0917331056350386
7.94,50.18516032093094,50.0,0.0,-18.714464182861214,6.674050011350832e-11,91.31545306636325,-0.09176641078969712
7.96,50.18332473765049,50.0,0.0,-18.740596279837753,6.031258176683392e-11,91.31545306636325,-0.09178498064509864
7.98,50.181488966004984,50.0,0.0,-18.7657613545716,5.450374979501799e-11,91.31545306636325,-0.09178892129326725
8.0,50.17965329723573,50.0,0.0,-18.789962588616056,4.925437868341258e-11,91.31545306636325,-0.0917783403510557
8.02,50.17781802041293,50.0,0.0,-18.81320329216419,4.451058557645808e-11,91.31545306636325,-0.09175334693187362
8.040000000000001,50.17598342240612,50.0,0.0,-18.835486902574427,4.0223677190072955e-11,91.31545306636325,-0.09171405161738601
8.06,50.174149787855164,50.0,0.0,-18.856816982886976,3.634964999307796e-11,91.31545306636325,-0.09166056642918986
8.08,50.172317399141804,50.0,0.0,-18.87719722033133,3.284873852720167e-11,91.31545306636325,-0.09159300480047523
8.1,50.170486536361786,50.0,0.0,-18.89663142482526,2.968500722933904e-11,91.31545306636325,-0.0915114815476689
8.120000000000001,50.16865747729755,50.0,0.0,-18.91512352746552,2.6825981566269274e-11,91.31545306636325,-0.091416112842074
8.14,50.16683049739148,50.0,0.0,-18.932677579010594,2.4242314695567013e-11,91.31545306636325,-0.09130701618150144
8.16,50.16500586971972,50.0,0.0,-18.949297748355754,2.1907486231104396e-11,91.31545306636325,-0.09118431036190534
8.18,50.163183864966605,50.0,0.0,-18.964988321000767,1.979753002108296e-11,91.31545306636325,-0.09104811544902108
8.2,50.16136475139957,50.0,0.0,-18.97975369751055,1.789078814433757e-11,91.31545306636325,-0.09089855275001299
8.22,50.15954879484471,50.0,0.0,-18.993598391968987,1.6167688599775176e-11,91.31545306636325,-0.09073574478513717
8.24,50.15773625866286,50.0,0.0,-19.00652703042633,1.4610544407012688e-11,91.31545306636325,-0.09055981525942026
8.26,50.155927403726245,50.0,0.0,-19.018544349340356,1.3203372056056187e-11,91.31545306636325,-0.0903708890343629
8.28,50.154122488395736,50.0,0.0,-19.029655194011664,1.1931727442474485e-11,91.31545306636325,-0.09016909209966868
8.3,50.152321768498595,50.0,0.0,-19.039864517013324,1.0782557604002194e-11,91.31545306636325,-0.08995455154500426
8.32,50.15052549730685,50.0,0.0,-19.049177376615255,9.744066736703296e-12,91.31545306636325,-0.08972739553179479
8.34,50.14873392551622,50.0,0.0,-19.057598935203536,8.80559511540063e-12,91.31545306636325,-0.08948775326505928
8.36,50.146947301225595,50.0,0.0,-19.065134457694988,7.957509675534197e-12,91.31545306636325,-0.08923575496528868
8.38,50.145165869917044,50.0,0.0,-19.071789309947295,7.1911051333115274e-12,91.31545306636325,-0.0889715318403731
8.4,50.14338987443646,50.0,0.0,-19.077568957164953,6.498514629184904e-12,91.31545306636325,-0.08869521605757932
8.42,50.1416195549747,50.0,0.0,-19.082478962301323,5.87262897744381e-12,91.31545306636325,-0.08840694071558458
8.44,50.139855149049325,50.0,0.0,-19.08652498445707,5.307023693049448e-12,91.31545306636325,-0.08810683981657093
8.46,50.13809689148683,50.0,0.0,-19.0897127772753,4.795893046668754e-12,91.31545306636325,-0.08779504823838326
8.48,50.136345014405535,50.0,0.0,-19.092048187333596,4.33399047100719e-12,91.31545306636325,-0.08747170170675352
8.5,50.13459974719895,50.0,0.0,-19.093537152533305,3.916574706733338e-12,91.31545306636325,-0.0871369367675987
8.52,50.13286131651971,50.0,0.0,-19.094185700486342,3.5393611352030784e-12,91.31545306636325,-0.08679089075939393
8.540000000000001,50.13112994626407,50.0,0.0,-19.093999946899732,3.1984777984317757e-12,91.31545306636325,-0.08643370178562292
8.56,50.12940585755696,50.0,0.0,-19.092986093958192,2.8904256548757056e-12,91.31545306636325,-0.0860655086873131
8.58,50.12768926873758,50.0,0.0,-19.091150428705074,2.6120426630630105e-12,91.31545306636325,-0.0856864510156583
8.6,50.12598039534551,50.0,0.0,-19.088499321421835,2.36047132440592e-12,91.31545306636325,-0.08529666900472967
8.620000000000001,50.124279450107416,50.0,0.0,-19.08503922400638,2.133129352033186e-12,91.31545306636325,-0.0848963035442821
8.64,50.12258664292427,50.0,0.0,-19.080776668350516,1.927683164569143e-12,91.31545306636325,-0.08448549615265842
8.66,50.12090218085912,50.0,0.0,-19.07571826471679,1.7420239327828135e-12,91.31545306636325,-0.08406438894979398
8.68,50.119226268125374,50.0,0.0,-19.06987070011493,1.5742459332347675e-12,91.31545306636325,-0.08363312463032643
8.700000000000001,50.117559106075674,50.0,0.0,-19.063240736678218,1.4226269867299117e-12,91.31545306636325,-0.08319184643681418
8.72,50.11590089319125,50.0,0.0,-19.055835210039987,1.2856107807841536e-12,91.31545306636325,-0.08274069813306578
8.74,50.114251825071825,50.0,0.0,-19.04766102771055,1.161790894651591e-12,91.31545306636325,-0.08227982397758411
8.76,50.11261209442606,50.0,0.0,-19.038725167454775,1.0498963629350279e-12,91.31545306636325,-0.0818093686971305
8.78,50.11098189106252,50.0,0.0,-19.02903467567055,9.487786295956149e-13,91.31545306636325,-0.08132947746040804
8.8,50.109361401881145,50.0,0.0,-19.018596665768474,8.573997584493396e-13,91.31545306636325,-0.08084029585187277
8.82,50.10775081086529,50.0,0.0,-19.007418316552872,7.748217791354682e-13,91.31545306636325,-0.0803419698456704
8.84,50.10615029907423,50.0,0.0,-18.99550687060454,7.00197059197241e-13,91.31545306636325,-0.07983464577970593
8.86,50.10456004463622,50.0,0.0,-18.98286963266533,6.32759603447783e-13,91.31545306636325,-0.07931847032984621
8.88,50.102980222742055,50.0,0.0,-18.9695139680249,5.718171913124386e-13,91.31545306636325,-0.07879359048426263
8.9,50.101411005639136,50.0,0.0,-18.955447300909828,5.167442714402498e-13,91.31545306636325,-0.07826015351791075
8.92,50.099852562626076,50.0,0.0,-18.94067711287537,4.669755406503917e-13,91.31545306636325,-0.07771830696715722
8.94,50.098305060047736,50.0,0.0,-18.92521094120002,4.2200014130382145e-13,91.31545306636325,-0.07716819860454997
8.96,50.09676866129088,50.0,0.0,-18.90905637728317,3.813564175383023e-13,91.31545306636325,-0.07660997641373933
8.98,50.09524352678022,50.0,0.0,-18.8922210650461,3.446271765414952e-13,91.31545306636325,-0.0760437885645517
9.0,50.09372981397502,50.0,0.0,-18.874712699336484,3.114354062208333e-13,91.31545306636325,-0.0754697833882175
9.02,50.092227677366154,50.0,0.0,-18.85653902433664,2.8144040531364487e-13,91.31545306636325,-0.07488810935275715
9.040000000000001,50.09073726847372,50.0,0.0,-18.837707831975823,2.5433428621453274e-13,91.31545306636325,-0.07429891503852736
9.06,50.08925873584504,50.0,0.0,-18.818226960346685,2.2983881462282614e-13,91.31545306636325,-0.0737023491139306
9.08,50.08779222505327,50.0,0.0,-18.79810429212617,2.0770255357025215e-13,91.31545306636325,-0.07309856031129151
9.1,50.08633787869635,50.0,0.0,-18.777347753001063,1.8769828251332723e-13,91.31545306636325,-0.07248769740289998
9.120000000000001,50.08489583639654,50.0,0.0,-18.755965310098393,1.6962066499840402e-13,91.31545306636325,-0.0718699091772262
9.14,50.08346623480041,50.0,0.0,-18.733964970420885,1.5328414095881748e-13,91.31545306636325,-0.07124534441530919
9.16,50.082049207579225,50.0,0.0,-18.711354779287735,1.3852102200933896e-13,91.31545306636325,-0.07061415186732047
9.18,50.080644885429905,50.0,0.0,-18.688142818780832,1.2517977018683872e-13,91.31545306636325,-0.06997648022930686
9.200000000000001,50.07925339607639,50.0,0.0,-18.664337206196706,1.1312344246906656e-13,91.31545306636325,-0.06933247812011313
9.22,50.07787486427143,50.0,0.0,-18.639946092504324,1.022282851051093e-13,91.31545306636325,-0.06868229405848873
9.24,50.07650941179892,50.0,0.0,-18.614977660809032,9.238246332884733e-14,91.31545306636325,-0.06802607644037792
9.26,50.07515715747661,50.0,0.0,-18.589440124822747,8.348491341638745e-14,91.31545306636325,-0.0673639735163988
9.28,50.07381821715931,50.0,0.0,-18.56334172734066,7.544430530426593e-14,91.31545306636325,-0.06669613336951224
9.3,50.07249270374249,50.0,0.0,-18.53669073872461,6.817810512008058e-14,91.31545306636325,-0.06602270389287979
9.32,50.07118072716638,50.0,0.0,-18.50949545539332,6.161172800277513e-14,91.31545306636325,-0.06534383276791948
9.34,50.069882394420475,50.0,0.0,-18.48176419831971,5.56777725165891e-14,91.31545306636325,-0.06465966744255393
9.36,50.06859780954844,50.0,0.0,-18.453505311535416,5.0315328800215e-14,91.31545306636325,-0.06397035510965794
9.38,50.067327073653544,50.0,0.0,-18.424727160642774,4.546935334956961e-14,91.31545306636325,-0.0632760426857056
9.4,50.06607028490437,50.0,0.0,-18.395438131334373,4.109010401655533e-14,91.31545306636325,-0.06257687678961832
9.42,50.0648275385411,50.0,0.0,-18.36564662792041,3.7132629424282724e-14,91.31545306636325,-0.06187300372181736
9.44,50.063598926882115,50.0,0.0,-18.335361071863996,3.3556307557789864e-14,91.31545306636325,-0.06116456944348155
9.46,50.06238453933101,50.0,0.0,-18.304589900324594,3.0324428794062864e-14,91.31545306636325,-0.06045171955601069
9.48,50.06118446238411,50.0,0.0,-18.273341564709746,2.7403819091314688e-14,91.31545306636325,-0.05973459928069981
9.5,50.05999877963826,50.0,0.0,-18.241624529235274,2.4764499469699273e-14,91.31545306636325,-0.05901335343862114
9.52,50.05882757179912,50.0,0.0,-18.209447269494117,2.2379378288156465e-14,91.31545306636325,-0.05828812643072173
9.540000000000001,50.05767091668978,50.0,0.0,-18.176818271033934,2.0223973158723038e-14,91.31545306636325,-0.05755906221813066
9.56,50.05652888925982,50.0,0.0,-18.143746027943703,1.8276159643863042e-14,91.31545306636325,-0.05682630430268488
9.58,50.05540156159476,50.0,0.0,-18.110239041449386,1.6515944157288344e-14,91.31545306636325,-0.05608999570766873
9.6,50.05428900292583,50.0,0.0,-18.076305818518883,1.49252587371802e-14,91.31545306636325,-0.05535027895877439
9.620000000000001,50.05319127964015,50.0,0.0,-18.041954870476403,1.3487775585234724e-14,91.31545306636325,-0.05460729606527865
9.64,50.05210845529135,50.0,0.0,-18.007194711626365,1.2188739467844142e-14,91.31545306636325,-0.053861188501443544
9.66,50.05104059061045,50.0,0.0,-17.97203385788707,1.1014816259073757e-14,91.31545306636325,-0.05311209718813702
9.68,50.04998774351715,50.0,0.0,-17.936480825434163,9.953956070784318e-15,91.31545306636325,-0.0523601624746776
9.700000000000001,50.048949969131534,50.0,0.0,-17.900544129354135,8.995269564980992e-15,91.31545306636325,-0.05160552412090325
9.72,50.04792731978603,50.0,0.0,-17.864232282307942,8.128916178780934e-15,91.31545306636325,-0.05084832127946786
9.74,50.046919845037806,50.0,0.0,-17.8275537932049,7.346003114669978e-15,91.31545306636325,-0.05008869247836036
9.76,50.045927591681455,50.0,0.0,-17.790517165886982,6.638494059220792e-15,91.31545306636325,-0.0493267756036573
9.78,50.044950603762075,50.0,0.0,-17.753130897823645,5.999126693303832e-15,91.31545306636325,-0.04856270788250016
9.8,50.04398892258863,50.0,0.0,-17.715403478817333,5.421338147063871e-15,91.31545306636325,-0.047796625866304114
9.82,50.043042586747696,50.0,0.0,-17.67734338971976,4.899197634484995e-15,91.31545306636325,-0.04702866541419816
9.84,50.04211163211748,50.0,0.0,-17.63895910115909,4.427345576062735e-15,91.31545306636325,-0.04625896167669562
9.86,50.04119609188222,50.0,0.0,-17.600259072278178,4.000938584700058e-15,91.31545306636325,-0.045487649079600116
9.88,50.04029599654689,50.0,0.0,-17.561251749483937,3.615599750127768e-15,91.31545306636325,-0.04471486130814133
9.9,50.03941137395215,50.0,0.0,-17.521945565207986,3.2673737115372392e-15,91.31545306636325,-0.043940731291348685
9.92,50.038542249289726,50.0,0.0,-17.482348936678644,2.9526860572626647e-15,91.31545306636325,-0.04316539118665641
9.94,50.03768864511802,50.0,0.0,-17.442470264704465,2.6683066347655454e-15,91.31545306636325,-0.04238897236474844
9.96,50.03685058137797,50.0,0.0,-17.402317932469295,2.411316394311968e-15,91.31545306636325,-0.04161160539463585
9.98,50.03602807540937,50.0,0.0,-17.36190030433909,2.1790774260052628e-15,91.31545306636325,-0.04083342002897359
10.0,50.035221141967284,50.0,0.0,-17.321225724680502,1.96920588261525e-15,91.31545306636325,-0.04005454518961419
10.02,50.0344297932389,50.0,0.0,-17.280302516691364,1.7795475102669166e-15,91.31545306636325,-0.039275108953399605
10.040000000000001,50.033654038860575,50.0,0.0,-17.23913898124318,1.6081555358200804e-15,91.31545306636325,-0.03849523853819025
10.06,50.03289388593521,50.0,0.0,-17.197743395735696,1.4532706839621652e-15,91.31545306636325,-0.03771506028913556
10.08,50.03214933904984,50.0,0.0,-17.15612401296365,1.3133031188969201e-15,91.31545306636325,-0.036934699665181855
10.1,50.031420400293555,50.0,0.0,-17.114289059995823,1.1868161252671913e-15,91.31545306636325,-0.03615428122582054
10.120000000000001,50.03070706927564,50.0,0.0,-17.072246737066386,1.0725113608024438e-15,91.31545306636325,-0.03537392861807747
10.14,50.03000934314399,50.0,0.0,-17.03000521647875,9.692155293149088e-16,91.31545306636325,-0.03459376456374066
10.16,50.029327216603754,50.0,0.0,-16.987572641521876,8.758683372475826e-16,91.31545306636325,-0.03381391084682906
10.18,50.028660681936266,50.0,0.0,-16.944957125399245,7.91511610152494e-16,91.31545306636325,-0.033034488301304836
10.200000000000001,50.0280097290182,50.0,0.0,-16.90216675017045,7.152794573839048e-16,91.31545306636325,-0.03225561679902194
10.22,50.02737434534092,50.0,0.0,-16.85920956570558,6.463893840506555e-16,91.31545306636325,-0.031477415237919464
10.24,50.02675451603015,50.0,0.0,-16.816093588652375,5.841342589951299e-16,91.31545306636325,-0.03070000153045462
10.26,50.02615022386582,50.0,0.0,-16.772826801416308,5.278750563531063e-16,91.31545306636325,-0.029923492592277032
10.28,50.025561449302096,50.0,0.0,-16.72941715115361,4.770342961892916e-16,91.31545306636325,-0.02914800433114427
10.3,50.02498817048774,50.0,0.0,-16.685872548777297,4.310901168790825e-16,91.31545306636325,-0.02837365163607865
10.32,50.02443036328655,50.0,0.0,-16.642200867976307,3.8957091839174273e-16,91.31545306636325,-0.02760054836676502
10.34,50.02388800129815,50.0,0.0,-16.598409944247702,3.52050521490278e-16,91.31545306636325,-0.02682880734318907
10.36,50.02336105587882,50.0,0.0,-16.55450757394216,3.181437931589805e-16,91.31545306636325,-0.026058540335517452
10.38,50.022849496162735,50.0,0.0,-16.510501513322616,2.875026933552754e-16,91.31545306636325,-0.025289858054218115
10.4,50.02235328908315,50.0,0.0,-16.466399477636262,2.59812702507235e-16,91.31545306636325,-0.024522870140419435
10.42,50.02187239939399,50.0,0.0,-16.422209140199854,2.3478959308634383e-16,91.31545306636325,-0.02375768515651354
10.44,50.02140678969154,50.0,0.0,-16.377938131498418,2.1217651211690014e-16,91.31545306636325,-0.022994410576994317
10.46,50.02095642043625,50.0,0.0,-16.3335940382974,1.9174134467509123e-16,91.31545306636325,-0.02223315277953934
10.48,50.020521249974855,50.0,0.0,-16.289184402768253,1.7327433131503425e-16,91.31545306636325,-0.02147401703632816
10.5,50.020101234562546,50.0,0.0,-16.24471672162758,1.5658591496554067e-16,91.31545306636325,-0.02071710750560124
10.52,50.01969632838535,50.0,0.0,-16.200198445289786,1.415047951967951e-16,91.31545306636325,-0.019962527223455845
10.540000000000001,50.01930648358271,50.0,0.0,-16.155636977033325,1.2787616988471438e-16,91.31545306636325,-0.0192103780958802
10.56,50.01893165027014,50.0,0.0,-16.11103967218056,1.155601462243217e-16,91.31545306636325,-0.018460760891025857
10.58,50.01857177656212,50.0,0.0,-16.06641383729126,1.0443030478177384e-16,91.31545306636325,-0.017713775231715478
10.6,50.01822680859503,50.0,0.0,-16.021766729369762,9.437240184556705e-17,91.31545306636325,-0.01696951958818839
10.620000000000001,50.01789669055038,50.0,0.0,-15.977105555085819,8.528319675703535e-17,91.31545306636325,-0.01622809127108027
10.64,50.017581364678,50.0,0.0,-15.932437470009173,7.706939218312212e-17,91.31545306636325,-0.015489586424638636
10.66,50.01728077131949,50.0,0.0,-15.887769577857851,6.964667645371649e-17,91.31545306636325,-0.01475410002017329
10.68,50.01699484893178,50.0,0.0,-15.843108929760207,6.293885813350091e-17,91.31545306636325,-0.014021725849739593
10.700000000000001,50.01672353411073,50.0,0.0,-15.798462523530732,5.687708394500957e-17,91.31545306636325,-0.013292556520054349
10.72,50.01646676161498,50.0,0.0,-15.753837302959639,5.139913201516675e-17,91.31545306636325,-0.012566683446644895
10.74,50.01622446438978,50.0,0.0,-15.709240157116225,4.644877319074194e-17,91.31545306636325,-0.011844196848228728
10.76,50.01599657359106,50.0,0.0,-15.664677919666055,4.1975193866860637e-17,91.31545306636325,-0.011125185741324393
10.78,50.01578301860947,50.0,0.0,-15.620157368201902,3.793247440411873e-17,91.31545306636325,-0.010409737935091026
10.8,50.01558372709464,50.0,0.0,-15.57568522358854,3.427911778044486e-17,91.31545306636325,-0.009697940026397673
10.82,50.01539862497948,50.0,0.0,-15.531268149321292,3.0977623639496145e-17,91.31545306636325,-0.008989877395120659
10.84,50.015227636504534,50.0,0.0,-15.486912750898423,2.79941033633514e-17,91.31545306636325,-0.00828563419966631
10.86,50.01507068424252,50.0,0.0,-15.442625575207312,2.5297932218365248e-17,91.31545306636325,-0.007585293372721538
10.88,50.014927689122835,50.0,0.0,-15.398413109924421,2.2861435003588717e-17,91.31545306636325,-0.006888936617228337
10.9,50.01479857045628,50.0,0.0,-15.354281782929059,2.065960197505363e-17,91.31545306636325,-0.006196644402582588
10.92,50.01468324595968,50.0,0.0,-15.310237961730921,1.86698321299883e-17,91.31545306636325,-0.005508495961055574
10.94,50.01458163178074,50.0,0.0,-15.266287952911402,1.6871701215871975e-17,91.31545306636325,-0.004824569284437516
10.96,50.01449364252287,50.0,0.0,-15.222438001578636,1.5246752083026593e-17,91.31545306636325,-0.0041449411209011425
10.98,50.01441919127008,50.0,0.0,-15.178694290836322,1.3778305228792626e-17,91.31545306636325,-0.003469686972085884
11.0,50.01435818961197,50.0,0.0,-15.13506294126622,1.2451287588595016e-17,91.31545306636325,-0.002798881090400076
11.02,50.01431054766873,50.0,0.0,-15.09155001042438,1.1252077816502672e-17,91.31545306636325,-0.0021325964765396294
11.040000000000001,50.01427617411621,50.0,0.0,-15.048161492351037,1.0168366467143656e-17,91.31545306636325,-0.0014709048772231256
11.06,50.01425497621102,50.0,0.0,-15.004903317094165,9.189029643795034e-18,91.31545306636325,-0.0008138767831428843
11.08,50.01424685981568,50.0,0.0,-14.961781350246651,8.30401481569173e-18,91.31545306636325,-0.00016158142712704448
11.1,50.01425172942378,50.0,0.0,-14.91880139249708,7.504237632511208e-18,91.31545306636325,0.0004859132174837223
11.120000000000001,50.01426948818524,50.0,0.0,-14.87596917919409,6.781488676872798e-18,91.31545306636325,0.0011285404382506555
11.14,50.01430003793146,50.0,0.0,-14.83329037992426,6.1283491977005005e-18,91.31545306636325,0.001766234784839752
11.16,50.01434327920066,50.0,0.0,-14.790770598103515,5.538114959483376e-18,91.31545306636325,0.002398932070018781
11.18,50.014399111263074,50.0,0.0,-14.748415370581986,5.00472742577429e-18,91.31545306636325,0.003026569370444631
11.200000000000001,50.01446743214631,50.0,0.0,-14.706230167262325,4.522711570551054e-18,91.31545306636325,0.0036490850272488918
11.22,50.01454813866059,50.0,0.0,-14.664220390731389,4.0871196790965636e-18,91.31545306636325,0.004266418646415893
11.24,50.01464112642407,50.0,0.0,-14.622391375905298,3.6934805615347004e-18,91.31545306636325,0.004878511098960231
11.26,50.01474628988814,50.0,0.0,-14.580748389687802,3.337753657717734e-18,91.31545306636325,0.005485304520902918
11.28,50.014863522362724,50.0,0.0,-14.539296630641893,3.0162875623688175e-18,91.31545306636325,0.006086742313048472
11.3,50.01499271604157,50.0,0.0,-14.49804122867467,2.7257825447555e-18,91.31545306636325,0.006682769140561844
11.32,50.01513376202752,50.0,0.0,-14.456987244735343,2.4632566781725422e-18,91.31545306636325,0.00727333093235199
11.34,50.01528655035777,50.0,0.0,-14.416139670526386,2.226015231565689e-18,91.31545306636325,0.00785837488025776
11.36,50.01545097002917,50.0,0.0,-14.375503428227738,2.0116230091127187e-18,91.31545306636325,0.008437849438042684
11.38,50.01562690902337,50.0,0.0,-14.335083370234038,1.817879353837788e-18,91.31545306636325,0.009011704320194948
11.4,50.01581425433206,50.0,0.0,-14.294884278904819,1.6427955586804085e-18,91.31545306636325,0.009579890500540646
11.42,50.01601289198212,50.0,0.0,-14.254910866327599,1.4845744531520167e-18,91.31545306636325,0.010142360210666364
11.44,50.01622270706081,50.0,0.0,-14.215167774093826,1.341591956044709e-18,91.31545306636325,0.010699066938154865
11.46,50.016443583740774,50.0,0.0,-14.175659573087616,1.212380404837511e-18,91.31545306636325,0.011249965424636587
11.48,50.01667540530515,50.0,0.0,-14.136390763287215,1.0956134906826939e-18,91.31545306636325,0.011795011663656848
11.5,50.01691805417259,50.0,0.0,-14.09736577357912,9.900926443353369e-19,91.31545306636325,0.012334162898360585
11.52,50.017171411922185,50.0,0.0,-14.058588961584805,8.947347332827289e-19,91.31545306636325,0.012867377618998364
11.540000000000001,50.0174353593184,50.0,0.0,-14.020064613499976,8.085609437891912e-19,91.31545306636325,0.01339461556025292
11.56,50.01770977633589,50.0,0.0,-13.981796943946302,7.306867337346135e-19,91.31545306636325,0.013915837698389518
11.58,50.017994542184375,50.0,0.0,-13.943790095835535,6.603127531163039e-19,91.31545306636325,0.014431006248230207
11.6,50.018289535333274,50.0,0.0,-13.906048140245966,5.967166390164591e-19,91.31545306636325,0.014940084659957005
11.620000000000001,50.01859463353643,50.0,0.0,-13.868575076311119,5.392456008136236e-19,91.31545306636325,0.015443037615741468
11.64,50.018909713856694,50.0,0.0,-13.831374831120652,4.873097195280744e-19,91.31545306636325,0.015939831026206733
11.66,50.01923465269044,50.0,0.0,-13.794451259633352,4.403758925213859e-19,91.31545306636325,0.01643043202671928
11.68,50.01956932579201,50.0,0.0,-13.757808144602157,3.97962361394753e-19,91.31545306636325,0.016914808973517808
11.700000000000001,50.01991360829811,50.0,0.0,-13.721449196511152,3.5963376691696827e-19,91.31545306636325,0.017392931439675456
11.72,50.020267374752045,50.0,0.0,-13.685378053524422,3.2499668022271793e-19,91.31545306636325,0.017864770210901017
11.74,50.02063049912796,50.0,0.0,-13.649598281446716,2.936955644105956e-19,91.31545306636325,0.01833029728117867
11.76,50.02100285485493,50.0,0.0,-13.614113373695819,2.6540912508812995e-19,91.31545306636325,0.01878948584825182
11.78,50.02138431484098,50.0,0.0,-13.57892675128656,2.3984701240351894e-19,91.31545306636325,0.019242310308946423
11.8,50.02177475149701,50.0,0.0,-13.544041762826366,2.1674684071164425e-19,91.31545306636325,0.019688746254343085
11.82,50.022174036760624,50.0,0.0,-13.509461684522288,1.9587149528233867e-19,91.31545306636325,0.020128770464793812
11.84,50.02258204211982,50.0,0.0,-13.475189720199412,1.770066984052613e-19,91.31545306636325,0.02056236090479002
11.86,50.02299863863664,50.0,0.0,-13.441229001330532,1.5995880990834613e-19,91.31545306636325,0.020989496717679315
11.88,50.023423696970696,50.0,0.0,-13.407582587077066,1.4455283951295866e-19,91.31545306636325,0.02141015822023704
11.9,50.02385708740249,50.0,0.0,-13.374253464341066,1.3063065062331975e-19,91.31545306636325,0.02182432689709211
11.92,50.0242986798568,50.0,0.0,-13.34124454782825,1.1804933711275914e-19,91.31545306636325,0.022231985395009073
11.94,50.02474834392577,50.0,0.0,-13.308558680121969,1.0667975644510883e-19,91.31545306636325,0.022633117517030062
11.96,50.025205948892015,50.0,0.0,-13.276198631768029,9.640520407426915e-20,91.31545306636325,0.023027708216476983
11.98,50.02567136375152,50.0,0.0,-13.24416710137023,8.712021551514895e-20,91.31545306636325,0.02341574359081598
12.0,50.02614445723645,50.0,0.0,-13.21246671569659,7.872948378968035e-20,91.31545306636325,0.023797210875387595
12.02,50.02662509783782,50.0,0.0,-13.181100029796092,7.114688113589137e-20,91.31545306636325,0.024172098437003527
12.040000000000001,50.02711315382809,50.0,0.0,-13.150069527125927,6.429457493824128e-20,91.31545306636325,0.02454039576741099
12.06,50.027608493283495,50.0,0.0,-13.119377619689061,5.810222880457025e-20,91.31545306636325,0.024902093476629115
12.08,50.02811098410641,50.0,0.0,-13.089026648182099,5.25062805890132e-20,91.31545306636325,0.025257183286157604
12.1,50.02862049404745,50.0,0.0,-13.059018882153287,4.744928995004972e-20,91.31545306636325,0.025605658022060617
12.120000000000001,50.02913689072747,50.0,0.0,-13.029356520170602,4.287934874661444e-20,91.31545306636325,0.02594751160792572
12.14,50.02966004165945,50.0,0.0,-13.000041689999785,3.8749548220201745e-20,91.31545306636325,0.02628273905770393
12.16,50.03018981427019,50.0,0.0,-12.971076448792253,3.501749749378584e-20,91.31545306636325,0.02661133646842972
12.18,50.0307260759219,50.0,0.0,-12.942462783282755,3.164488844512555e-20,91.31545306636325,0.026933301012822673
12.200000000000001,50.03126869393359,50.0,0.0,-12.914202609996694,2.859710248803895e-20,91.31545306636325,0.02724863093177583
12.22,50.031817535602386,50.0,0.0,-12.886297775466991,2.5842855225402857e-20,91.31545306636325,0.027557325526729654
12.24,50.03237246822458,50.0,0.0,-12.858750056460403,2.335387532637157e-20,91.31545306636325,0.02785938515193681
12.26,50.032933359116655,50.0,0.0,-12.831561160213187,2.1104614331607957e-20,91.31545306636325,0.028154811206614803
12.280000000000001,50.03350007563603,50.0,0.0,-12.804732724675983,1.9071984407784942e-20,91.31545306636325,0.028443606126994984
12.3,50.034072485201726,50.0,0.0,-12.778266318767832,1.7235121359504066e-20,91.31545306636325,0.02872577337826397
12.32,50.03465045531486,50.0,0.0,-12.752163442639219,1.5575170466036113e-20,91.31545306636325,0.029001317446405103
12.34,50.03523385357892,50.0,0.0,-12.726425527944023,1.4075092944576973e-20,91.31545306636325,0.02927024382993572
12.36,50.035822547719945,50.0,0.0,-12.701053938120268,1.2719491053435586e-20,91.31545306636325,0.029532559031548694
12.38,50.03641640560646,50.0,0.0,-12.676049968679562,1.1494450039902765e-20,91.31545306636325,0.029788270549655337
12.4,50.03701529526934,50.0,0.0,-12.651414847505148,1.0387395310454177e-20,91.31545306636325,0.030037386869834693
12.42,50.0376190849214,50.0,0.0,-12.62714973515838,9.386963357192351e-21,91.31545306636325,0.030279917456189607
12.44,50.038227642976885,50.0,0.0,-12.603255725193605,8.482885115635324e-21,91.31545306636325,0.030515872742612374
12.46,50.03884083807073,50.0,0.0,-12.579733844481268,7.665880556562696e-21,91.31545306636325,0.03074526412396302
12.48,50.0394585390777,50.0,0.0,-12.556585053539166,6.927563429943345e-21,91.31545306636325,0.030968103947158522
12.5,50.04008061513128,50.0,0.0,-12.533810246871726,6.260355183176391e-21,91.31545306636325,0.031184405502180736
12.52,50.040706935642454,50.0,0.0,-12.511410253317191,5.657407170047958e-21,91.31545306636325,0.03139418301299988
12.540000000000001,50.04133737031827,50.0,0.0,-12.489385836402615,5.1125303519073895e-21,91.31545306636325,0.03159745162841815
12.56,50.041971789180195,50.0,0.0,-12.467737694706535,4.620131769471478e-21,91.31545306636325,0.03179422741283518
12.58,50.042610062582334,50.0,0.0,-12.446466462229212,4.175157133163229e-21,91.31545306636325,0.03198452733693793
12.6,50.04325206122943,50.0,0.0,-12.425572708770336,3.773038942696201e-21,91.31545306636325,0.032168369268315185
12.620000000000001,50.04389765619469,50.0,0.0,-12.405056940314068,3.409649603371109e-21,91.31545306636325,0.032345771962000495
12.64,50.044546718937404,50.0,0.0,-12.384919599421323,3.081259057840806e-21,91.31545306636325,0.032516755050945256
12.66,50.0451991213204,50.0,0.0,-12.365161065629138,2.7844964984493322e-21,91.31545306636325,0.03268133903642279
12.68,50.045854735627266,50.0,0.0,-12.345781655857055,2.516315767136376e-21,91.31545306636325,0.03283954527836707
12.700000000000001,50.04651343457943,50.0,0.0,-12.32678162482038,2.2739640877499003e-21,91.31545306636325,0.032991395985647445
12.72,50.047175091353,50.0,0.0,-12.308161165450208,2.0549538098157097e-21,91.31545306636325,0.03313691420628098
12.74,50.047839579595404,50.0,0.0,-12.289920409320088,1.857036873724166e-21,91.31545306636325,0.03327612381758368
12.76,50.048506773441915,50.0,0.0,-12.272059427079222,1.678181735228636e-21,91.31545306636325,0.03340904951626628
12.780000000000001,50.04917654753183,50.0,0.0,-12.254578228892088,1.5165525123941684e-21,91.31545306636325,0.03353571680847116
12.8,50.0498487770246,50.0,0.0,-12.237476764884338,1.3704901409475303e-21,91.31545306636325,0.033656151999756925
12.82,50.05052333761568,50.0,0.0,-12.2207549255949,1.2384953445952324e-21,91.31545306636325,0.03377038218503006
12.84,50.05120010555216,50.0,0.0,-12.20441254243413,1.1192132455061481e-21,91.31545306636325,0.03387843523842676
12.86,50.05187895764825,50.0,0.0,-12.188449388147916,1.0114194569910112e-21,91.31545306636325,0.03398033980314672
12.88,50.05255977130052,50.0,0.0,-12.172865177287598,9.140075156252899e-22,91.31545306636325,0.03407612528124013
12.9,50.05324242450296,50.0,0.0,-12.157659566685616,8.25977523810815e-22,91.31545306636325,0.03416582182335159
12.92,50.05392679586183,50.0,0.0,-12.142832155936746,7.464258861962562e-22,91.31545306636325,0.034249460318419564
12.94,50.05461276461025,50.0,0.0,-12.128382487884808,6.745360346045911e-22,91.31545306636325,0.03432707238333821
12.96,50.05530021062269,50.0,0.0,-12.114310049114735,6.095700462623749e-22,91.31545306636325,0.03439869035257898
12.98,50.05598901442917,50.0,0.0,-12.100614270449888,5.508610692950291e-22,91.31545306636325,0.034464347267775676
13.0,50.05667905722925,50.0,0.0,-12.087294527454493,4.978064777386568e-22,91.31545306636325,0.034524076867276106
13.02,50.05737022090587,50.0,0.0,-12.074350140941085,4.498616858071078e-22,91.31545306636325,0.03457791357565987
13.040000000000001,50.0580623880389,50.0,0.0,-12.061780377482842,4.0653455792003167e-22,91.31545306636325,0.03462589249322562
13.06,50.058755441918564,50.0,0.0,-12.049584449930695,3.6738035711292033e-22,91.31545306636325,0.034668049385450185
13.08,50.059449266558595,50.0,0.0,-12.03776151793509,3.319971799764342e-22,91.31545306636325,0.0347044206724194
13.1,50.06014374670919,50.0,0.0,-12.026310688472286,3.0002183126635226e-22,91.31545306636325,0.03473504341823513
13.120000000000001,50.06083876786977,50.0,0.0,-12.015231016375093,2.7112609583853954e-22,91.31545306636325,0.03475995532039731
13.14,50.06153421630148,50.0,0.0,-12.004521504867894,2.4501336964172143e-22,91.31545306636325,0.034779194699167154
13.16,50.062229979039586,50.0,0.0,-11.994181106105867,2.214156151864506e-22,91.31545306636325,0.0347928004869073
13.18,50.06292594390549,50.0,0.0,-11.984208721718284,2.0009061023928027e-22,91.31545306636325,0.03480081221740702
13.200000000000001,50.063621999518695,50.0,0.0,-11.974603203355764,1.8081946150100422e-22,91.31545306636325,0.034803270015190214
13.22,50.06431803530846,50.0,0.0,-11.965363353241367,1.634043577477909e-22,91.31545306636325,0.03480021458480985
13.24,50.06501394152525,50.0,0.0,-11.956487924725414,1.4766653937203405e-22,91.31545306636325,0.03479168720012841
13.26,50.06570960925203,50.0,0.0,-11.94797562284392,1.3344446348100696e-22,91.31545306636325,0.0347777296935906
13.280000000000001,50.066404930415274,50.0,0.0,-11.939825104880528,1.2059214571873602e-22,91.31545306636325,0.03475838444548469
13.3,50.06709979779578,50.0,0.0,-11.932034980931814,1.089776617905072e-22,91.31545306636325,0.03473369437319738
13.32,50.06779410503929,50.0,0.0,-11.924603814475875,9.84817933087081e-23,91.31545306636325,0.034703702920465124
13.34,50.068487746666904,50.0,0.0,-11.917530122944049,8.899680406011368e-23,91.31545306636325,0.034668454046618676
13.36,50.06918061808522,50.0,0.0,-11.9108123782957,8.042533413345056e-23,91.31545306636325,0.034627992215829365
13.38,50.069872615596296,50.0,0.0,-11.904449007595916,7.267940055586876e-23,91.31545306636325,0.034582362386352226
13.4,50.070563636407456,50.0,0.0,-11.898438393596013,6.56794941802225e-23,91.31545306636325,0.03453160999977227
13.42,50.071253578640736,50.0,0.0,-11.892778875316765,5.935376355304223e-23,91.31545306636325,0.03447578097025418
13.44,50.07194234134227,50.0,0.0,-11.887468748634195,5.363727738590374e-23,91.31545306636325,0.03441492167379593
13.46,50.072629824491365,50.0,0.0,-11.882506266867868,4.847135805973537e-23,91.31545306636325,0.034349078937489216
13.48,50.07331592900938,50.0,0.0,-11.877889641371535,4.380297932073135e-23,91.31545306636325,0.034278300028789864
13.5,50.07400055676843,50.0,0.0,-11.87361704212604,3.958422198544222e-23,91.31545306636325,0.03420263264479442
13.52,50.074683610599806,50.0,0.0,-11.869686598334372,3.577178206805603e-23,91.31545306636325,0.034122124901532935
13.540000000000001,50.07536499430224,50.0,0.0,-11.866096399018744,3.232652628097875e-23,91.31545306636325,0.034036825323270105
13.56,50.07604461264995,50.0,0.0,-11.862844493619612,2.9213090346091315e-23,91.31545306636325,0.033946782831824944
13.58,50.076722371400436,50.0,0.0,-11.859928892596507,2.6399515993496813e-23,91.31545306636325,0.033852046735904466
13.6,50.077398177302086,50.0,0.0,-11.857347568030566,2.3856922921684085e-23,91.31545306636325,0.0337526667204563
13.620000000000001,50.07807193810159,50.0,0.0,-11.85509845422868,2.1559212351899902e-23,91.31545306636325,0.03364869283603959
13.64,50.07874356255107,50.0,0.0,-11.853179448329128,1.9482799133824866e-23,91.31545306636325,0.03354017548821821
13.66,50.07941296041512,50.0,0.0,-11.851588410908594,1.760636965271677e-23,91.31545306636325,0.03342716542697491
13.68,50.0800800424775,50.0,0.0,-11.850323166590478,1.5910663053027633e-23,91.31545306636325,0.03330971373615102
13.700000000000001,50.08074472054771,50.0,0.0,-11.849381504654373,1.4378273532835665e-23,91.31545306636325,0.03318787182291036
13.72,50.081406907467326,50.0,0.0,-11.848761179646615,1.2993471679717531e-23,91.31545306636325,0.033061691407229636
13.74,50.08206651711611,50.0,0.0,-11.848459911991796,1.1742043014139611e-23,91.31545306636325,0.032931224511419624
13.76,50.08272346441794,50.0,0.0,-11.848475388605152,1.0611142083075844e-23,91.31545306636325,0.032796523449673196
13.780000000000001,50.08337766534651,50.0,0.0,-11.848805263505701,9.589160606176979e-24,91.31545306636325,0.032657640817646154
13.8,50.084029036930836,50.0,0.0,-11.849447158430038,8.665608321060422e-24,91.31545306636325,0.03251462948207097
13.82,50.08467749726054,50.0,0.0,-11.85039866344669,7.83100530464154e-24,91.31545306636325,0.032367542570403494
13.84,50.08532296549094,50.0,0.0,-11.851657337570916,7.0767846652247e-24,91.31545306636325,0.03221643346050605
13.86,50.085965361847926,50.0,0.0,-11.85322070937989,6.395204606524256e-24,91.31545306636325,0.03206135577036709
13.88,50.08660460763264,50.0,0.0,-11.85508627762809,5.779268960985188e-24,91.31545306636325,0.031902363347858065
13.9,50.08724062522595,50.0,0.0,-11.857251511862888,5.22265537670724e-24,91.31545306636325,0.03173951026053169
13.92,50.0878733380927,50.0,0.0,-11.859713853040171,4.7196504208378804e-24,91.31545306636325,0.031572850785459086
13.94,50.088502670785786,50.0,0.0,-11.862470714139928,4.265090933294378e-24,91.31545306636325,0.03140243939911027
13.96,50.089128548950015,50.0,0.0,-11.86551948078171,3.854311028832609e-24,91.31545306636325,0.031228330767277004
13.98,50.08975089932578,50.0,0.0,-11.868857511839831,3.483094203458414e-24,91.31545306636325,0.031050579735041994
14.0,50.09036964975248,50.0,0.0,-11.87248214005827,3.1476300535714993e-24,91.31545306636325,0.03086924131679231
14.02,50.090984729171836,50.0,0.0,-11.876390672665124,2.844475163579884e-24,91.31545306636325,0.030684370686280014
14.040000000000001,50.09159606763092,50.0,0.0,-11.880580391986557,2.5705177605107076e-24,91.31545306636325,0.03049602316673279
14.06,50.09220359628501,50.0,0.0,-11.885048556060141,2.3229457728100202e-24,91.31545306636325,0.03030425422101273
14.08,50.092807247400316,50.0,0.0,-11.889792399247478,2.0992179654669475e-24,91.31545306636325,0.030109119441825604
14.1,50.09340695435639,50.0,0.0,-11.894809132846044,1.8970378551749296e-24,91.31545306636325,0.029910674541983494
14.120000000000001,50.09400265164844,50.0,0.0,-11.900095945700144,1.7143301377788063e-24,91.31545306636325,0.029708975344719796
14.14,50.09459427488942,50.0,0.0,-11.905650004810882,1.549219386044195e-24,91.31545306636325,0.029504077774057287
14.16,50.09518176081192,50.0,0.0,-11.911468455945075,1.4000107990896361e-24,91.31545306636325,0.029296037845234303
14.18,50.09576504726987,50.0,0.0,-11.91754842424302,1.265172805881534e-24,91.31545306636325,0.029084911655183968
14.200000000000001,50.096344073240054,50.0,0.0,-11.923887014825,1.143321344223196e-24,91.31545306636325,0.02887075537307367
14.22,50.09691877882344,50.0,0.0,-11.930481313396495,1.0332056538675997e-24,91.31545306636325,0.02865362523090244
14.24,50.09748910524631,50.0,0.0,-11.937328386851952,9.336954379254352e-25,91.31545306636325,0.028433577514156146
14.26,50.098054994861236,50.0,0.0,-11.94442528387707,8.43769260785022e-25,91.31545306636325,0.028210668552526783
14.280000000000001,50.09861639114784,50.0,0.0,-11.951769035549503,7.625040634530322e-25,91.31545306636325,0.027984954710690756
14.3,50.09917323871336,50.0,0.0,-11.959356655937903,6.890656886948619e-25,91.31545306636325,0.027756492379149688
14.32,50.09972548329308,50.0,0.0,-11.967185142699204,6.227003187187228e-25,91.31545306636325,0.027525337965138053
14.34,50.100273071750514,50.0,0.0,-11.975251477674094,5.627267375144377e-25,91.31545306636325,0.027291547883591314
14.36,50.10081595207751,50.0,0.0,-11.98355262748056,5.0852933842271035e-25,91.31545306636325,0.0270551785481827
14.38,50.10135407339405,50.0,0.0,-11.992085544105464,4.595518051601459e-25,91.31545306636325,0.026816286362425747
14.4,50.10188738594797,50.0,0.0,-12.000847165494038,4.1529140143808315e-25,91.31545306636325,0.02657492771084276
14.42,50.10241584111446,50.0,0.0,-12.009834416137242,3.752938105602815e-25,91.31545306636325,0.02633115895020385
14.44,50.10293939139541,50.0,0.0,-12.019044207656895,3.3914847202983914e-25,91.31545306636325,0.02608503640083412
14.46,50.10345799041857,50.0,0.0,-12.028473439388517,3.0648436729733716e-25,91.31545306636325,0.02583661633799061
14.48,50.10397159293652,50.0,0.0,-12.038118998961785,2.769662113924683e-25,91.31545306636325,0.0255859549833103
14.5,50.104480154825524,50.0,0.0,-12.047977762878562,2.5029101134765754e-25,91.31545306636325,0.025333108496331063
14.52,50.104983633084174,50.0,0.0,-12.05804659708838,2.261849560871626e-25,91.31545306636325,0.025078132966083116
14.540000000000001,50.10548198583185,50.0,0.0,-12.068322357561364,2.0440060585751623e-25,91.31545306636325,0.024821084402755447
14.56,50.105975172307076,50.0,0.0,-12.078801890858461,1.8471435234985086e-25,91.31545306636325,0.02456201872943546
14.58,50.106463152865665,50.0,0.0,-12.08948203469895,1.6692412344319975e-25,91.31545306636325,0.024300991773924342
14.6,50.10694588897868,50.0,0.0,-12.100359618525157,1.508473090088123e-25,91.31545306636325,0.024038059260626726
14.620000000000001,50.107423343230316,50.0,0.0,-12.111431464064284,1.3631888648463115e-25,91.31545306636325,0.02377327680251799
14.64,50.10789547931553,50.0,0.0,-12.122694385887304,1.2318972697964515e-25,91.31545306636325,0.023506699893187835
14.66,50.1083622620376,50.0,0.0,-12.134145191964857,1.1132506452090518e-25,91.31545306636325,0.023238383898961733
14.68,50.10882365730542,50.0,0.0,-12.145780684220068,1.0060311273058885e-25,91.31545306636325,0.022968384051101343
14.700000000000001,50.109279632130765,50.0,0.0,-12.157597659078228,9.091381473381493e-26,91.31545306636325,0.022696755438082472
14.72,50.10973015462528,50.0,0.0,-12.169592908013284,8.215771346547325e-26,91.31545306636325,0.02242355299795453
14.74,50.11017519399745,50.0,0.0,-12.181763218091067,7.424493078018669e-26,91.31545306636325,0.02214883151077917
14.76,50.11061472054926,50.0,0.0,-12.194105372509183,6.709424488634605e-26,91.31545306636325,0.021872645591149632
14.780000000000001,50.11104870567287,50.0,0.0,-12.206616151133536,6.063225663441926e-26,91.31545306636325,0.02159504968079263
14.8,50.11147712184702,50.0,0.0,-12.219292331031404,5.479263610179201e-26,91.31545306636325,0.021316098041251338
14.82,50.11189994263334,50.0,0.0,-12.232130687001002,4.9515441740611646e-26,91.31545306636325,0.021035844746651097
14.84,50.11231714267256,50.0,0.0,-12.245127992097506,4.4746505099938417e-26,91.31545306636325,0.02075434367654877
14.86,50.11272869768044,50.0,0.0,-12.258281018155433,4.0436874806604155e-26,91.31545306636325,0.020471648508864976
14.88,50.11313458444373,50.0,0.0,-12.27158653630737,3.654231409744731e-26,91.31545306636325,0.020187812712900773
14.9,50.11353478081588,50.0,0.0,-12.285041317498974,3.3022846745278363e-26,91.31545306636325,0.019902889542439774
14.92,50.113929265712656,50.0,0.0,-12.29864213300018,2.9842346717673255e-26,91.31545306636325,0.019616932028933526
14.94,50.11431801910758,50.0,0.0,-12.312385754912587,2.6968167356594035e-26,91.31545306636325,0.01932999297477379
14.96,50.11470102202729,50.0,0.0,-12.32626895667294,2.437080627250245e-26,91.31545306636325,0.01904212494665128
14.98,50.11507825654676,50.0,0.0,-12.340288513552713,2.2023602513228257e-26,91.31545306636325,0.018753380268998143
15.0,50.115449705784336,50.0,0.0,-12.354441203153657,1.9902462899142693e-26,91.31545306636325,0.018463811017520537
15.02,50.1158153538967,50.0,0.0,-12.368723805899357,1.798561471556858e-26,91.31545306636325,0.01817346901281637
15.040000000000001,50.11617518607368,50.0,0.0,-12.38313310552268,1.6253382223906132e-26,91.31545306636325,0.017882405814079814
15.06,50.116529188532986,50.0,0.0,-12.397665889549103,1.4687984697443607e-26,91.31545306636325,0.017590672712896497
15.08,50.11687734851471,50.0,0.0,-12.412318949775875,1.327335390876509e-26,91.31545306636325,0.017298320727124082
15.1,50.11721965427583,50.0,0.0,-12.42708908274693,1.1994969195331024e-26,91.31545306636325,0.01700540059486219
15.120000000000001,50.117556095084524,50.0,0.0,-12.441973090223579,1.0839708410240546e-26,91.31545306636325,0.016711962768512494
15.14,50.11788666121438,50.0,0.0,-12.456967779650858,9.795713228240352e-27,91.31545306636325,0.01641805740892489
15.16,50.11821134393849,50.0,0.0,-12.472069964619548,8.852267424395933e-27,91.31545306636325,0.01612373437963675
15.18,50.11853013552346,50.0,0.0,-12.487276465323806,7.999686876000762e-27,91.31545306636325,0.015829043241198545
15.200000000000001,50.11884302922322,50.0,0.0,-12.502584109014354,7.229220158633623e-27,91.31545306636325,0.015534033245590797
15.22,50.11915001927287,50.0,0.0,-12.517989730447217,6.532958716019348e-27,91.31545306636325,0.015238753330730678
15.24,50.11945110088225,50.0,0.0,-12.53349017232795,5.903755681619734e-27,91.31545306636325,0.01494325211506985
15.26,50.11974627022952,50.0,0.0,-12.549082285751314,5.335152518688296e-27,91.31545306636325,0.014647577892280371
15.280000000000001,50.120035524454615,50.0,0.0,-12.564762930636391,4.821312725776082e-27,91.31545306636325,0.014351778626033871
15.3,50.120318861652535,50.0,0.0,-12.580528976157073,4.3569619272000566e-27,91.31545306636325,0.01405590194486972
15.32,50.120596280866636,50.0,0.0,-12.59637730116791,3.937333733524854e-27,91.31545306636325,0.013759995137154708
15.34,50.12086778208171,50.0,0.0,-12.61230479462528,3.558120816335731e-27,91.31545306636325,0.013464105146133743
15.36,50.121133366217066,50.0,0.0,-12.628308356003838,3.2154306951033392e-27,91.31545306636325,0.013168278565071224
15.38,50.12139303511944,50.0,0.0,-12.644384895708244,2.9057457823088138e-27,91.31545306636325,0.012872561632484293
15.4,50.12164679155585,50.0,0.0,-12.660531335480096,2.6258872767071426e-27,91.31545306636325,0.012577000227466604
15.42,50.12189463920636,50.0,0.0,-12.676744608800075,2.3729825341065036e-27,91.31545306636325,0.012281639865104466
15.44,50.12213658265674,50.0,0.0,-12.69302166128526,2.144435580736673e-27,91.31545306636325,0.01198652569198281
15.46,50.12237262739103,50.0,0.0,-12.709359451081584,1.9379004665371212e-27,91.31545306636325,0.011691702481784682
15.48,50.12260277978404,50.0,0.0,-12.725754949251407,1.7512571848461344e-27,91.31545306636325,0.01139721463098041
15.5,50.12282704709373,50.0,0.0,-12.742205140156189,1.5825899113154791e-27,91.31545306636325,0.01110310615460829
15.52,50.12304543745358,50.0,0.0,-12.758707021834224,1.430167338681091e-27,91.31545306636325,0.010809420682148314
15.540000000000001,50.12325795986477,50.0,0.0,-12.775257606373428,1.292424905533485e-27,91.31545306636325,0.010516201453485693
15.56,50.12346462418838,50.0,0.0,-12.791853920279138,1.16794873667277e-27,91.31545306636325,0.010223491314966509
15.58,50.12366544113744,50.0,0.0,-12.808493004836931,1.0554611302019492e-27,91.31545306636325,0.009931332715544168
15.6,50.12386042226896,50.0,0.0,-12.825171916470406,9.53807442388878e-28,91.31545306636325,0.009639767703017776
15.620000000000001,50.12404957997586,50.0,0.0,-12.841887727093946,8.619442356748314e-28,91.31545306636325,0.00934883792036085
15.64,50.1242329274788,50.0,0.0,-12.858637524460404,7.789285681733661e-28,91.31545306636325,0.009058584602142466
15.66,50.12441047881801,50.0,0.0,-12.875418412503741,7.039083147201408e-28,91.31545306636325,0.008769048571037514
15.68,50.12458224884496,50.0,0.0,-12.892227511676554,6.361134201228427e-28,91.31545306636325,0.0084802702344298
15.700000000000001,50.124748253214065,50.0,0.0,-12.909061959282504,5.748479948290662e-28,91.31545306636325,0.008192289581103867
15.72,50.12490850837425,50.0,0.0,-12.925918909803636,5.194831718770897e-28,91.31545306636325,0.007905146178028913
15.74,50.12506303156044,50.0,0.0,-12.942795535222537,4.694506518087915e-28,91.31545306636325,0.007618879167232434
15.76,50.12521184078509,50.0,0.0,-12.95968902533938,4.242368692856181e-28,91.31545306636325,0.007333527262764533
15.780000000000001,50.12535495482954,50.0,0.0,-12.97659658808378,3.8337772153007413e-28,91.31545306636325,0.007049128747750833
15.8,50.12549239323538,50.0,0.0,-12.993515449821507,3.4645380448213135e-28,91.31545306636325,0.0067657214715382535
15.82,50.12562417629572,50.0,0.0,-13.010442855655997,3.130861077714634e-28,91.31545306636325,0.0064833428469265
15.84,50.12575032504646,50.0,0.0,-13.027376069724685,2.8293212431598514e-28,91.31545306636325,0.006202029847491992
15.860000000000001,50.12587086125744,50.0,0.0,-13.044312375490135,2.556823346131629e-28,91.31545306636325,0.005921819005000107
15.88,50.12598580742358,50.0,0.0,-13.061249076025971,2.310570296366446e-28,91.31545306636325,0.005642746406905031
15.9,50.12609518675599,50.0,0.0,-13.07818349429759,2.0880343972641744e-28,91.31545306636325,0.005364847693940919
15.92,50.12619902317296,50.0,0.0,-13.095112973437663,1.8869314000161048e-28,91.31545306636325,0.005088158057798155
15.94,50.126297341291,50.0,0.0,-13.112034877016404,1.7051970566346317e-28,91.31545306636325,0.004812712238890428
15.96,50.126390166415746,50.0,0.0,-13.128946589306619,1.540965931210109e-28,91.31545306636325,0.004538544524208553
15.98,50.12647752453289,50.0,0.0,-13.145845515543533,1.3925522519002522e-28,91.31545306636325,0.004265688745260917
16.0,50.12655944229903,50.0,0.0,-13.16272908217937,1.2584326071048326e-28,91.31545306636325,0.003994178276102962
16.02,50.12663594703253,50.0,0.0,-13.179594737132707,1.1372303082082858e-28,91.31545306636325,0.003724046031451304
16.04,50.12670706670427,50.0,0.0,-13.19643995003259,1.0277012583795646e-28,91.31545306636325,0.0034553244648870187
16.06,50.12677282992841,50.0,0.0,-13.213262212457424,9.287211823776868e-29,91.31545306636325,0.0031880455671413513
16.080000000000002,50.12683326595314,50.0,0.0,-13.230059038168628,8.392740862816477e-29,91.31545306636325,0.002922240864471161
16.1,50.12688840465134,50.0,0.0,-13.246827963339046,7.584418286880865e-29,91.31545306636325,0.002657941417116724
16.12,50.12693827651126,50.0,0.0,-13.26356654677614,6.853946963289045e-29,91.31545306636325,0.0023951778178464334
16.14,50.12698291262714,50.0,0.0,-13.280272370139969,6.193828873710302e-29,91.31545306636325,0.0021339801905842335
16.16,50.127022344689834,50.0,0.0,-13.296943038155922,5.597288149775483e-29,91.31545306636325,0.0018743781891234436
16.18,50.127056604977376,50.0,0.0,-13.313576178822254,5.058201521290914e-29,91.31545306636325,0.0016164009959226285
16.2,50.127085726345534,50.0,0.0,-13.330169443612407,4.5710354631315526e-29,91.31545306636325,0.001360077320985256
16.22,50.12710974221839,50.0,0.0,-13.346720507672124,4.130789395649423e-29,91.31545306636325,0.0011054354008224307
16.240000000000002,50.127128686578786,50.0,0.0,-13.363227070011368,3.7329443555705457e-29,91.31545306636325,0.0008525029974980386
16.26,50.1271425939589,50.0,0.0,-13.379686853691066,3.3734166105060464e-29,91.31545306636325,0.0006013073977559012
16.28,50.12715149943068,50.0,0.0,-13.396097606004647,3.0485157409475466e-29,91.31545306636325,0.0003518754122280597
16.3,50.127155438596326,50.0,0.0,-13.41245709865444,2.754906759473997e-29,91.31545306636325,0.00010423337472407481
16.32,50.12715444757875,50.0,0.0,-13.428763127922894,2.4895758783376102e-29,91.31545306636325,-0.0001415928583980651
16.34,50.12714856301201,50.0,0.0,-13.445013514838651,2.2497995740457965e-29,91.31545306636325,-0.00038557790878216303
16.36,50.12713782203176,50.0,0.0,-13.461206105337505,2.0331166313984696e-29,91.31545306636325,-0.0006276968765444509
16.38,50.12712226226568,50.0,0.0,-13.477338770418198,1.8373028800230884e-29,91.31545306636325,-0.000867925340664238
16.4,50.127101921823844,50.0,0.0,-13.493409406293146,1.6603483640873023e-29,91.31545306636325,-0.0011062393592975684
16.42,50.127076839289195,50.0,0.0,-13.509415934534045,1.5004367108447238e-29,91.31545306636325,-0.001342615470010669
16.44,50.12704705370794,50.0,0.0,-13.525356302212401,1.3559264862395817e-29,91.31545306636325,-0.0015770306899392302
16.46,50.12701260457992,50.0,0.0,-13.541228482034999,1.2253343461924156e-29,91.31545306636325,-0.0018094625158666256
16.48,50.12697353184906,50.0,0.0,-13.557030472474311,1.1073198106209876e-29,91.31545306636325,-0.002039888924229989
16.5,50.12692987589377,50.0,0.0,-13.572760297893899,1.0006715039073546e-29,91.31545306636325,-0.0022682883710474916
16.52,50.12688167751733,50.0,0.0,-13.588416008668748,9.042947205745838e-30,91.31545306636325,-0.0024946397917723524
16.54,50.126828977938324,50.0,0.0,-13.603995681300669,8.172001885393694e-30,91.31545306636325,-0.002718922601070525
16.56,50.126771818781066,50.0,0.0,-13.619497418528674,7.384939145994951e-30,91.31545306636325,-0.002941116692526227
16.580000000000002,50.126710242066004,50.0,0.0,-13.634919349434405,6.673680079238167e-30,91.31545306636325,-0.003161202438272001
16.6,50.126644290200176,50.0,0.0,-13.650259629542633,6.0309238735128224e-30,91.31545306636325,-0.0033791606885484483
16.62,50.12657400596763,50.0,0.0,-13.665516440916829,5.450072873774756e-30,91.31545306636325,-0.003594972771188892
16.64,50.126499432519914,50.0,0.0,-13.680687992249837,4.925164859054041e-30,91.31545306636325,-0.0038086204910347415
16.66,50.126420613366506,50.0,0.0,-13.695772518949681,4.4508118424589216e-30,91.31545306636325,-0.00402008612927873
16.68,50.12633759236532,50.0,0.0,-13.710768283220512,4.0221447654804736e-30,91.31545306636325,-0.004229352442738
16.7,50.1262504137132,50.0,0.0,-13.725673574138721,3.634763518905434e-30,91.31545306636325,-0.004436402663057915
16.72,50.126159121936425,50.0,0.0,-13.740486707724257,3.284691777320355e-30,91.31545306636325,-0.004641220495845869
16.740000000000002,50.126063761881255,50.0,0.0,-13.755206027007155,2.9683361835999138e-30,91.31545306636325,-0.0048437901197375295
16.76,50.125964378704474,50.0,0.0,-13.76982990208931,2.682449464423269e-30,91.31545306636325,-0.005044096185395319
16.78,50.125861017863954,50.0,0.0,-13.784356730201518,2.4240970982128253e-30,91.31545306636325,-0.005242123814438575
16.8,50.12575372510927,50.0,0.0,-13.798784935755817,2.1906271933541316e-30,91.31545306636325,-0.005437858598308919
16.82,50.12564254647231,50.0,0.0,-13.813112970393144,1.979643267507959e-30,91.31545306636325,-0.0056312865970691165
16.84,50.125527528257905,50.0,0.0,-13.827339313026336,1.7889796486042502e-30,91.31545306636325,-0.005822394338135905
16.86,50.125408717034524,50.0,0.0,-13.841462469878516,1.6166792450182286e-30,91.31545306636325,-0.006011168814950392
16.88,50.12528615962495,50.0,0.0,-13.855480974516889,1.4609734567477406e-30,91.31545306636325,-0.0061975974855826635
16.9,50.125159903097014,50.0,0.0,-13.869393387881939,1.3202640213874804e-30,91.31545306636325,-0.006381668271275376
16.92,50.12502999475434,50.0,0.0,-13.88319829831213,1.1931066085557323e-30,91.31545306636325,-0.006563369554922505
16.94,50.12489648212717,50.0,0.0,-13.896894321564073,1.0781959943764772e-30,91.31545306636325,-0.006742690179489038
16.96,50.124759412963115,50.0,0.0,-13.910480100828208,9.74352663838403e-31,91.31545306636325,-0.006919619446368352
16.98,50.12461883521807,50.0,0.0,-13.923954306740072,8.805107035089763e-31,91.31545306636325,-0.007094147113679259
17.0,50.12447479704707,50.0,0.0,-13.937315637387114,7.957068603267616e-31,91.31545306636325,-0.007266263394503619
17.02,50.12432734679523,50.0,0.0,-13.95056281831114,7.190706541645327e-31,91.31545306636325,-0.007435958955066224
17.04,50.124176532988685,50.0,0.0,-13.963694602506413,6.498154426722855e-31,91.31545306636325,-0.007603224912854905
17.06,50.12402240432561,50.0,0.0,-13.976709770413425,5.872303466840683e-31,91.31545306636325,-0.007768052834684681
17.080000000000002,50.123865009667234,50.0,0.0,-13.989607129908373,5.3067295330591315e-31,91.31545306636325,-0.00793043473470514
17.1,50.123704398028956,50.0,0.0,-14.002385516288392,4.795627217847597e-31,91.31545306636325,-0.008090363072350221
17.12,50.123540618571425,50.0,0.0,-14.015043792252579,4.333750244720532e-31,91.31545306636325,-0.008247830750235522
17.14,50.12337372059174,50.0,0.0,-14.027580847878797,3.916357617147076e-31,91.31545306636325,-0.008402831111999102
17.16,50.12320375351461,50.0,0.0,-14.039995600596361,3.5391649539727923e-31,91.31545306636325,-0.00855535794008988
17.18,50.12303076688366,50.0,0.0,-14.052286995154596,3.198300511829598e-31,91.31545306636325,-0.008705405453502681
17.2,50.12285481035269,50.0,0.0,-14.0644540035873,2.890265443120148e-31,91.31545306636325,-0.00885296830546009
17.22,50.122675933677044,50.0,0.0,-14.076495625173196,2.6118978816395775e-31,91.31545306636325,-0.008998041581045198
17.240000000000002,50.122494186704984,50.0,0.0,-14.088410886392333,2.3603404871867757e-31,91.31545306636325,-0.009140620794781595
17.26,50.12230961936915,50.0,0.0,-14.100198840878548,2.1330111160226024e-31,91.31545306636325,-0.009280701888164072
17.28,50.122122281678024,50.0,0.0,-14.111858569367977,1.9275763161181423e-31,91.31545306636325,-0.009418281227140968
17.3,50.12193222370752,50.0,0.0,-14.12338917964367,1.7419273751315123e-31,91.31545306636325,-0.009553355599547047
17.32,50.121739495592514,50.0,0.0,-14.134789806476354,1.5741586752545395e-31,91.31545306636325,-0.009685922212489064
17.34,50.12154414751856,50.0,0.0,-14.146059611561348,1.4225481327498192e-31,91.31545306636325,-0.009815978689685008
17.36,50.121346229713545,50.0,0.0,-14.157197783451732,1.2855395213972168e-31,91.31545306636325,-0.009943523068756635
17.38,50.121145792439464,50.0,0.0,-14.168203537487736,1.1617264984065229e-31,91.31545306636325,-0.010068553798477178
17.400000000000002,50.12094288598422,50.0,0.0,-14.17907611572244,1.0498381688281578e-31,91.31545306636325,-0.010191069735973297
17.42,50.12073756065351,50.0,0.0,-14.1898147868438,9.487260402859306e-32,91.31545306636325,-0.010311070143885619
17.44,50.12052986676273,50.0,0.0,-14.200418846093047,8.573522341270014e-32,91.31545306636325,-0.010428554687483662
17.46,50.12031985462899,50.0,0.0,-14.210887615179502,7.74778831980861e-32,91.31545306636325,-0.010543523431740299
17.48,50.120107574563114,50.0,0.0,-14.221220442191827,7.001582483736856e-32,91.31545306636325,-0.010655976838364008
17.5,50.11989307686177,50.0,0.0,-14.231416701505788,6.327245305765109e-32,91.31545306636325,-0.010765915762790353
17.52,50.119676411799645,50.0,0.0,-14.241475793688533,5.717854963833803e-32,91.31545306636325,-0.010873341451134132
17.54,50.119457629621635,50.0,0.0,-14.251397145399464,5.167156291166655e-32,91.31545306636325,-0.010978255537102152
17.56,50.11923678053516,50.0,0.0,-14.261180209287684,4.669496569294093e-32,91.31545306636325,-0.011080660038866829
17.580000000000002,50.119013914702506,50.0,0.0,-14.27082446388615,4.219767504986054e-32,91.31545306636325,-0.011180557355904114
17.6,50.118789082233235,50.0,0.0,-14.280329413502479,3.813352795508766e-32,91.31545306636325,-0.011277950265792551
17.62,50.11856233317667,50.0,0.0,-14.289694588106519,3.4460807439822637e-32,91.31545306636325,-0.01137284192097743
17.64,50.11833371751442,50.0,0.0,-14.298919543214684,3.114181438452763e-32,91.31545306636325,-0.01146523584549911
17.66,50.11810328515303,50.0,0.0,-14.308003859771128,2.814248055138905e-32,91.31545306636325,-0.011555135931688271
17.68,50.11787108591662,50.0,0.0,-14.316947144025763,2.5432018886439856e-32,91.31545306636325,-0.011642546436825581
17.7,50.11763716953963,50.0,0.0,-14.325749027409199,2.2982607501821996e-32,91.31545306636325,-0.011727471979769427
17.72,50.11740158565965,50.0,0.0,-14.334409166404633,2.0769104094383817e-32,91.31545306636325,-0.011809917537551607
17.740000000000002,50.117164383810284,50.0,0.0,-14.342927242416723,1.8768787869224763e-32,91.31545306636325,-0.011889888441941271
17.76,50.11692561341412,50.0,0.0,-14.351302961637499,1.6961126319127815e-32,91.31545306636325,-0.011967390375978834
17.78,50.116685323775705,50.0,0.0,-14.359536054909356,1.5327564465956785e-32,91.31545306636325,-0.01204242937047881
17.8,50.116443564074686,50.0,0.0,-14.367626277585167,1.385133440065919e-32,91.31545306636325,-0.012115011800505436
17.82,50.11620038335894,50.0,0.0,-14.375573409385563,1.2517283166873203e-32,91.31545306636325,-0.012185144381819205
17.84,50.115955830537786,50.0,0.0,-14.383377254253421,1.1311717221427465e-32,91.31545306636325,-0.012252834167294203
17.86,50.11570995437535,50.0,0.0,-14.3910376402056,1.0222261875178273e-32,91.31545306636325,-0.012318088543312214
17.88,50.115462803483865,50.0,0.0,-14.398554419181968,9.23773427139621e-33,91.31545306636325,-0.012380915226127824
17.900000000000002,50.11521442631718,50.0,0.0,-14.405927466891793,8.348028597872311e-33,91.31545306636325,-0.012441322258209434
17.92,50.11496487116425,50.0,0.0,-14.41315668265749,7.544012354488405e-33,91.31545306636325,-0.012499318004556668
17.94,50.11471418614272,50.0,0.0,-14.42024198925581,6.817432611476566e-33,91.31545306636325,-0.012554911148992301
17.96,50.114462419192655,50.0,0.0,-14.427183332756501,6.1608312961433426e-33,91.31545306636325,-0.012608110690432769
17.98,50.114209618070205,50.0,0.0,-14.433980682358477,5.567468638508262e-33,91.31545306636325,-0.012658925939135755
18.0,50.11395583034148,50.0,0.0,-14.440634030223556,5.031253990054372e-33,91.31545306636325,-0.012707366512927344
18.02,50.11370110337644,50.0,0.0,-14.447143391307796,4.54668330547085e-33,91.31545306636325,-0.012753442333406676
18.04,50.11344548434284,50.0,0.0,-14.453508803190482,4.108782645660855e-33,91.31545306636325,-0.012797163622132917
18.06,50.11318902020031,50.0,0.0,-14.459730325900818,3.713057122093866e-33,91.31545306636325,-0.012838540896791598
18.080000000000002,50.11293175769445,50.0,0.0,-14.46580804174233,3.3554447584351385e-33,91.31545306636325,-0.012877584967342547
18.1,50.11267374335106,50.0,0.0,-14.471742055115074,3.0322747958589628e-33,91.31545306636325,-0.012914306932151856
18.12,50.11241502347042,50.0,0.0,-14.477532492335675,2.7402300140651385e-33,91.31545306636325,-0.01294871817410411
18.14,50.11215564412162,50.0,0.0,-14.4831795014552,2.476312681237839e-33,91.31545306636325,-0.012980830356701974
18.16,50.11189565113703,50.0,0.0,-14.488683252075004,2.2378137834357608e-33,91.31545306636325,-0.01301065542014598
18.18,50.1116350901068,50.0,0.0,-14.494043935160482,2.0222852175646136e-33,91.31545306636325,-0.013038205577404769
18.2,50.11137400637344,50.0,0.0,-14.499261762852854,1.827514662503085e-33,91.31545306636325,-0.013063493310266315
18.22,50.11111244502651,50.0,0.0,-14.504336968279002,1.6515028704436715e-33,91.31545306636325,-0.013086531365379966
18.240000000000002,50.11085045089738,50.0,0.0,-14.509269805359382,1.4924431453523741e-33,91.31545306636325,-0.0131073327502825
18.26,50.11058806855405,50.0,0.0,-14.514060548614095,1.3487027979012273e-33,91.31545306636325,-0.013125910729415819
18.28,50.110325342296065,50.0,0.0,-14.51870949296712,1.2188063865153958e-33,91.31545306636325,-0.01314227882013128
18.3,50.11006231614949,50.0,0.0,-14.523216953548792,1.1014205725103765e-33,91.31545306636325,-0.01315645078868359
18.32,50.10979903386202,50.0,0.0,-14.527583265496535,9.95340433862882e-34,91.31545306636325,-0.013168440646216237
18.34,50.10953553889808,50.0,0.0,-14.531808783753927,8.994770971313202e-34,91.31545306636325,-0.013178262644737539
18.36,50.10927187443413,50.0,0.0,-14.535893882868113,8.12846560572101e-34,91.31545306636325,-0.013185931273087667
18.38,50.10900808335389,50.0,0.0,-14.539838956785621,7.345595937251881e-34,91.31545306636325,-0.013191461252899613
18.400000000000002,50.10874420824383,50.0,0.0,-14.543644418646632,6.638126097918722e-34,91.31545306636325,-0.013194867534551598
18.42,50.10848029138855,50.0,0.0,-14.547310700577743,5.998794171130933e-34,91.31545306636325,-0.013196165293114775
18.44,50.10821637476642,50.0,0.0,-14.550838253483256,5.421037650802857e-34,91.31545306636325,-0.013195369924294107
18.46,50.10795250004517,50.0,0.0,-14.554227546835058,4.8989260796527386e-34,91.31545306636325,-0.013192497040365903
18.48,50.10768870857762,50.0,0.0,-14.557479068461111,4.427100175249184e-34,91.31545306636325,-0.013187562466109626
18.5,50.10742504139748,50.0,0.0,-14.560593324332622,4.000716818956503e-34,91.31545306636325,-0.013180582234738124
18.52,50.107161539215234,50.0,0.0,-14.56357083834991,3.6153993431107628e-34,91.31545306636325,-0.013171572583822554
18.54,50.10689824241412,50.0,0.0,-14.56641215212705,3.2671926061427755e-34,91.31545306636325,-0.013160549951218124
18.56,50.106635191046145,50.0,0.0,-14.569117824775276,2.9525223945107617e-34,91.31545306636325,-0.013147530970985859
18.580000000000002,50.10637242482824,50.0,0.0,-14.571688432685256,2.6681587347185044e-34,91.31545306636325,-0.013132532469314931
18.6,50.106109983138424,50.0,0.0,-14.574124569308246,2.4111827388304343e-34,91.31545306636325,-0.013115571460444703
18.62,50.10584790501217,50.0,0.0,-14.576426844936142,2.178956643165085e-34,91.31545306636325,-0.013096665142586675
18.64,50.1055862291387,50.0,0.0,-14.578595886480539,1.9690967326251865e-34,91.31545306636325,-0.013075830893847638
18.66,50.10532499385748,50.0,0.0,-14.580632337250776,1.7794488727426346e-34,91.31545306636325,-0.013053086268155743
18.68,50.10506423715474,50.0,0.0,-14.582536856731043,1.6080663982838257e-34,91.31545306636325,-0.0130284489911875
18.7,50.1048039966601,50.0,0.0,-14.584310120356571,1.4531901314500515e-34,91.31545306636325,-0.013001936956297725
18.72,50.104544309643266,50.0,0.0,-14.585952819288986,1.3132303245671635e-34,91.31545306636325,-0.012973568220455301
18.740000000000002,50.10428521301079,50.0,0.0,-14.58746566019081,1.1867503419128842e-34,91.31545306636325,-0.012943361000180323
18.76,50.104026743302946,50.0,0.0,-14.58884936499921,1.0724519131817516e-34,91.31545306636325,-0.012911333667487724
18.78,50.10376893669068,50.0,0.0,-14.590104670698985,9.691618072199626e-35,91.31545306636325,-0.012877504745836483
18.8,50.10351182897261,50.0,0.0,-14.591232329094886,8.758197892409209e-35,91.31545306636325,-0.0128418929060842
18.82,50.10325545557214,50.0,0.0,-14.592233106583253,7.914677379067599e-35,91.31545306636325,-0.012804516962448305
18.84,50.10299985153464,50.0,0.0,-14.593107783923044,7.152398105667003e-35,91.31545306636325,-0.012765395868475346
18.86,50.10274505152472,50.0,0.0,-14.593857156006312,6.463535557020461e-35,91.31545306636325,-0.012724548713017042
18.88,50.10249108982356,50.0,0.0,-14.594482031628118,5.841018813503506e-35,91.31545306636325,-0.01268199471621588
18.900000000000002,50.10223800032634,50.0,0.0,-14.594983233255972,5.278457970675923e-35,91.31545306636325,-0.012637753225498479
18.92,50.10198581653974,50.0,0.0,-14.595361596798812,4.7700785492728435e-35,91.31545306636325,-0.012591843711579462
18.94,50.10173457157953,50.0,0.0,-14.595617971375576,4.3106622223079366e-35,91.31545306636325,-0.012544285764474982
18.96,50.10148429816824,50.0,0.0,-14.59575321908339,3.8954932508743336e-35,91.31545306636325,-0.012495099089526871
18.98,50.101235028632885,50.0,0.0,-14.595768214765437,3.52031007882655e-35,91.31545306636325,-0.012444303503438052
19.0,50.10098679490281,50.0,0.0,-14.595663845778516,3.181261589480693e-35,91.31545306636325,-0.012391918930320005
19.02,50.100739628507554,50.0,0.0,-14.59544101176036,2.8748675753241424e-35,91.31545306636325,-0.012337965397752473
19.04,50.10049356057488,50.0,0.0,-14.595100624396725,2.5979830149708824e-35,91.31545306636325,-0.012282463032855295
19.06,50.1002486218288,50.0,0.0,-14.594643607188303,2.347765790678615e-35,91.31545306636325,-0.01222543205837412
19.080000000000002,50.10000484258771,50.0,0.0,-14.59407089521749,2.1216475150598926e-35,91.31545306636325,-0.012166892788780073
19.1,50.09976225276261,50.0,0.0,-14.59338343491507,1.9173071675342472e-35,91.31545306636325,-0.01210686562638423
19.12,50.09952088185541,50.0,0.0,-14.592582183826806,1.7326472699092175e-35,91.31545306636325,-0.012045371057465091
19.14,50.0992807589573,50.0,0.0,-14.591668110380027,1.5657723565414258e-35,91.31545306636325,-0.011982429648414155
19.16,50.09904191274714,50.0,0.0,-14.590642193650202,1.4149695180818565e-35,91.31545306636325,-0.011918062041895421
19.18,50.09880437149006,50.0,0.0,-14.58950542312758,1.2786908190940656e-35,91.31545306636325,-0.011852288953021189
19.2,50.09856816303603,50.0,0.0,-14.5882587984839,1.1555374090686696e-35,91.31545306636325,-0.011785131165546766
19.22,50.09833331481848,50.0,0.0,-14.58690332933922,1.0442451637395438e-35,91.31545306636325,-0.011716609528079168
19.240000000000002,50.098099853853164,50.0,0.0,-14.585440035028917,9.436717093151462e-36,91.31545306636325,-0.01164674495030764
19.26,50.09786780673687,50.0,0.0,-14.583869944370848,8.527846964334927e-36,91.31545306636325,-0.011575558399248601
19.28,50.09763719964639,50.0,0.0,-14.582194095432754,7.706512034772639e-36,91.31545306636325,-0.01150307089551208
19.3,50.09740805833748,50.0,0.0,-14.58041353529993,6.964281604779862e-36,91.31545306636325,-0.011429303509585662
19.32,50.09718040814388,50.0,0.0,-14.578529319843181,6.293536953142003e-36,91.31545306636325,-0.01135427735813927
19.34,50.09695427397647,50.0,0.0,-14.576542513487102,5.687393133755386e-36,91.31545306636325,-0.01127801360034819
19.36,50.09672968032248,50.0,0.0,-14.574454188978736,5.1396283041985125e-36,91.31545306636325,-0.011200533434239561
19.38,50.09650665124471,50.0,0.0,-14.572265427156623,4.6446198608176995e-36,91.31545306636325,-0.011121858093056504
19.400000000000002,50.096285210380884,50.0,0.0,-14.569977316720278,4.197286724777328e-36,91.31545306636325,-0.011042008841645497
19.42,50.096065380943095,50.0,0.0,-14.567590954000138,3.793037186662338e-36,91.31545306636325,-0.010961006972865572
19.44,50.095847185717254,50.0,0.0,-14.565107442728001,3.427721774277072e-36,91.31545306636325,-0.010878873804018835
19.46,50.09563064706267,50.0,0.0,-14.562527893807998,3.0975906598458295e-36,91.31545306636325,-0.010795630673303008
19.48,50.095415786911666,50.0,0.0,-14.559853425088127,2.7992551694157798e-36,91.31545306636325,-0.010711298936289455
19.5,50.09520262676925,50.0,0.0,-14.557085161132385,2.529652999370473e-36,91.31545306636325,-0.010625899962421291
19.52,50.09499118771295,50.0,0.0,-14.554224232993516,2.286016783014307e-36,91.31545306636325,-0.01053945513153767
19.54,50.094781490392556,50.0,0.0,-14.551271777986424,2.0658456845755478e-36,91.31545306636325,-0.010451985830420906
19.56,50.09457355503011,50.0,0.0,-14.548228939462271,1.8668797290508358e-36,91.31545306636325,-0.010363513449368133
19.580000000000002,50.094367401419824,50.0,0.0,-14.545096866583295,1.687076604396521e-36,91.31545306636325,-0.010274059378788555
19.6,50.094163048928145,50.0,0.0,-14.54187671409837,1.5245906979498795e-36,91.31545306636325,-0.010183645005825045
19.62,50.093960516493844,50.0,0.0,-14.53856964211936,1.3777541518968231e-36,91.31545306636325,-0.010092291711001565
19.64,50.09375982262822,50.0,0.0,-14.535176815898252,1.2450597433274758e-36,91.31545306636325,-0.010000020864895971
19.66,50.093560985415294,50.0,0.0,-14.531699405605169,1.1251454131497106e-36,91.31545306636325,-0.00990685382484018
19.68,50.09336402251217,50.0,0.0,-14.528138586107202,1.0167802850556562e-36,91.31545306636325,-0.009812811931645715
19.7,50.09316895114936,50.0,0.0,-14.52449553674818,9.188520310310322e-37,91.31545306636325,-0.009717916506356148
19.72,50.092975788131234,50.0,0.0,-14.520771441129327,8.303554537189306e-37,91.31545306636325,-0.009622188847027735
19.740000000000002,50.09278454983654,50.0,0.0,-14.516967486890888,7.503821684402252e-37,91.31545306636325,-0.00952565022553583
19.76,50.092595252218935,50.0,0.0,-14.513084865494736,6.781112789603605e-37,91.31545306636325,-0.00942832188441145
19.78,50.09240791080764,50.0,0.0,-14.509124772007976,6.128009512927091e-37,91.31545306636325,-0.009330225033702299
19.8,50.09222254070809,50.0,0.0,-14.505088404887577,5.537807990467016e-37,91.31545306636325,-0.009231380847866446
19.82,50.09203915660276,50.0,0.0,-14.500976965766078,5.004450021591408e-37,91.31545306636325,-0.009131810462691185
19.84,50.091857772751865,50.0,0.0,-14.496791659238358,4.5224608837501745e-37,91.31545306636325,-0.009031534972242308
19.86,50.09167840299434,50.0,0.0,-14.492533692649536,4.08689313647027e-37,91.31545306636325,-0.008930575425842404
19.88,50.09150106074869,50.0,0.0,-14.488204275883984,3.693275837706608e-37,91.31545306636325,-0.008828952825078513
19.900000000000002,50.09132575901405,50.0,0.0,-14.483804621155526,3.3375686512733645e-37,91.31545306636325,-0.008726688120838932
19.92,50.091152510371174,50.0,0.0,-14.4793359427988,3.0161203742853534e-37,91.31545306636325,-0.008623802210381091
19.94,50.090981326983595,50.0,0.0,-14.474799457061836,2.7256314589090163e-37,91.31545306636325,-0.008520315934428351
19.96,50.090812220598764,50.0,0.0,-14.470196381899875,2.4631201437226304e-37,91.31545306636325,-0.008416250074298212
19.98,50.090645202549275,50.0,0.0,-14.465527936770425,2.2258918470366506e-37,91.31545306636325,-0.008311625349060553
20.0,50.09048028375415,50.0,0.0,-14.460795342429616,2.0115115080079357e-37,91.31545306636325,-0.008206462412726299
20.02,50.090317474720166,50.0,0.0,-14.455999820729845,1.8177785916396042e-37,91.31545306636325,-0.008100781851468933
20.04,50.09015678554328,50.0,0.0,-14.45114259441875,1.6427045011020774e-37,91.31545306636325,-0.007994604180875085
20.06,50.08999822591002,50.0,0.0,-14.446224886939525,1.4844921655211294e-37,91.31545306636325,-0.007887949843228109
20.080000000000002,50.08984180509904,50.0,0.0,-14.441247922232611,1.3415175937091279e-37,91.31545306636325,-0.007780839204822887
20.1,50.08968753198263,50.0,0.0,-14.436212924538763,1.2123132044953274e-37,91.31545306636325,-0.007673292553311809
20.12,50.08953541502834,50.0,0.0,-14.43112111820354,1.0955527625472167e-37,91.31545306636325,-0.007565330095084315
20.14,50.08938546230063,50.0,0.0,-14.42597372748322,9.900377650546857e-38,91.31545306636325,-0.007456971952676918
20.16,50.08923768146262,50.0,0.0,-14.420771976352155,8.946851395413582e-38,91.31545306636325,-0.00734823816221737
20.18,50.08909207977778,50.0,0.0,-14.415517088311622,8.085161265256638e-38,91.31545306636325,-0.0072391486708999
20.2,50.08894866411177,50.0,0.0,-14.410210286200131,7.306462329162728e-38,91.31545306636325,-0.007129723334493896
20.22,50.08880744093434,50.0,0.0,-14.404852792005263,6.602761530172089e-38,91.31545306636325,-0.007019981914885558
20.240000000000002,50.08866841632117,50.0,0.0,-14.399445826677027,5.966835639501113e-38,91.31545306636325,-0.006909944077652037
20.26,50.08853159595587,50.0,0.0,-14.39399060994276,5.392157112766834e-38,91.31545306636325,-0.006799629389669364
20.28,50.088396985131986,50.0,0.0,-14.388488360123597,4.872827087154852e-38,91.31545306636325,-0.0066890573167530405
20.3,50.08826458875501,50.0,0.0,-14.382940293952515,4.403514831771331e-38,91.31545306636325,-0.00657824722133251
20.32,50.08813441134451,50.0,0.0,-14.377347626393966,3.979403029659336e-38,91.31545306636325,-0.006467218360158747
20.34,50.08800645703629,50.0,0.0,-14.37171157046515,3.59613832981958e-38,91.31545306636325,-0.006355989882046241
20.36,50.087880729584526,50.0,0.0,-14.366033337058882,3.2497866616703667e-38,91.31545306636325,-0.006244580825647824
20.38,50.08775723236401,50.0,0.0,-14.360314134768139,2.9367928532661537e-38,91.31545306636325,-0.006133010117263429
20.400000000000002,50.087635968372474,50.0,0.0,-14.354555169712244,2.653944138770666e-38,91.31545306636325,-0.006021296568684188
20.42,50.087516940232845,50.0,0.0,-14.348757645364742,2.3983371806022447e-38,91.31545306636325,-0.00590945887506801
20.44,50.08740015019562,50.0,0.0,-14.342922762382955,2.1673482677459525e-38,91.31545306636325,-0.0057975156128524065
20.46,50.0872856001413,50.0,0.0,-14.337051718439247,1.9586063843290875e-38,91.31545306636325,-0.005685485237698481
20.48,50.08717329158278,50.0,0.0,-14.331145708054015,1.769968872019011e-38,91.31545306636325,-0.005573386082471239
20.5,50.08706322566786,50.0,0.0,-14.325205922430412,1.5994994364267707e-38,91.31545306636325,-0.005461236355253817
20.52,50.086955403181776,50.0,0.0,-14.319233549290804,1.4454482717603845e-38,91.31545306636325,-0.005349054137395126
20.54,50.086849824549724,50.0,0.0,-14.313229772715001,1.306234099714694e-38,91.31545306636325,-0.0052368573815937325
20.56,50.08674648983948,50.0,0.0,-14.307195772980258,1.1804279382336174e-38,91.31545306636325,-0.005124663910013794
20.580000000000002,50.08664539876402,50.0,0.0,-14.301132726403049,1.0667384335371555e-38,91.31545306636325,-0.005012491412438437
20.6,50.086546550684226,50.0,0.0,-14.295041805182649,9.639986048518088e-39,91.31545306636325,-0.004900357444455344
20.62,50.08644994461153,50.0,0.0,-14.288924177246525,8.71153865783974e-39,91.31545306636325,-0.004788279425677566
20.64,50.08635557921072,50.0,0.0,-14.282781006097528,7.872511993801339e-39,91.31545306636325,-0.00467627463800011
20.66,50.08626345280267,50.0,0.0,-14.276613450662937,7.114293757598346e-39,91.31545306636325,-0.004564360223889536
20.68,50.08617356336717,50.0,0.0,-14.270422665145327,6.429101119090655e-39,91.31545306636325,-0.004452553184709489
20.7,50.086085908545755,50.0,0.0,-14.264209798875287,5.80990082892586e-39,91.31545306636325,-0.004340870379079779
20.72,50.08600048564462,50.0,0.0,-14.257975996166007,5.250337024832449e-39,91.31545306636325,-0.004229328521271131
20.740000000000002,50.08591729163745,50.0,0.0,-14.251722396169722,4.744665991041174e-39,91.31545306636325,-0.004117944179634514
20.76,50.08583632316845,50.0,0.0,-14.245450132736043,4.287697201164174e-39,91.31545306636325,-0.004006733775063628
20.78,50.08575757655523,50.0,0.0,-14.239160334272164,3.874740039358768e-39,91.31545306636325,-0.003895713579494972
20.8,50.085681047791866,50.0,0.0,-14.232854123604966,3.501555652888355e-39,91.31545306636325,-0.0037848997144392686
20.82,50.08560673255188,50.0,0.0,-14.226532617845026,3.1643134418647217e-39,91.31545306636325,-0.0036743081495499126
20.84,50.08553462619133,50.0,0.0,-14.220196928252532,2.859551739555064e-39,91.31545306636325,-0.003563954701224737
20.86,50.08546472375187,50.0,0.0,-14.213848160105112,2.5841422796515652e-39,91.31545306636325,-0.003453855031242717
20.88,50.085397019963864,50.0,0.0,-14.207487412567586,2.3352580857732017e-39,91.31545306636325,-0.0033440246454354452
20.900000000000002,50.08533150924952,50.0,0.0,-14.20111577856365,2.11034445359736e-39,91.31545306636325,-0.003234478892392426
20.92,50.08526818572606,50.0,0.0,-14.194734344649493,1.9070927277635667e-39,91.31545306636325,-0.0031252329622014473
20.94,50.085207043208904,50.0,0.0,-14.188344190889353,1.7234166043789353e-39,91.31545306636325,-0.0030163018852223246
20.96,50.08514807521485,50.0,0.0,-14.181946390733017,1.5574307158793e-39,91.31545306636325,-0.002907700530896084
20.98,50.08509127496537,50.0,0.0,-14.175542010895285,1.4074312784275484e-39,91.31545306636325,-0.002799443606588473
21.0,50.0850366353898,50.0,0.0,-14.16913211123736,1.2718786032018383e-39,91.31545306636325,-0.00269154565646543
21.02,50.08498414912864,50.0,0.0,-14.16271774465024,1.1493812920585407e-39,91.31545306636325,-0.002584021060405414
21.04,50.08493380853687,50.0,0.0,-14.156299956940032,1.0386819553442197e-39,91.31545306636325,-0.0024768840329444626
21.06,50.08488560568726,50.0,0.0,-14.149879786715253,9.386443052552684e-40,91.31545306636325,-0.0023701486222546127
21.080000000000002,50.08483953237371,50.0,0.0,-14.143458265276113,8.48241492263302e-40,91.31545306636325,-0.002263828709157333
21.1,50.08479558011458,50.0,0.0,-14.137036416505742,7.665455648840257e-40,91.31545306636325,-0.0021579380061694247
21.12,50.08475374015613,50.0,0.0,-14.130615256763411,6.927179445979943e-40,91.31545306636325,-0.002052490056584269
21.14,50.084714003475845,50.0,0.0,-14.124195794779732,6.26000818151847e-40,91.31545306636325,-0.0019474982335846447
21.16,50.084676360785906,50.0,0.0,-14.117779031553834,5.6570935888516685e-40,91.31545306636325,-0.0018429757393899598
21.18,50.08464080253659,50.0,0.0,-14.111365960252519,5.112246972377575e-40,91.31545306636325,-0.0017389356044373418
21.2,50.08460731891971,50.0,0.0,-14.104957566111398,4.6198756828219325e-40,91.31545306636325,-0.0016353906865943324
21.22,50.0845758998721,50.0,0.0,-14.098554826338026,4.174925710759084e-40,91.31545306636325,-0.0015323536704066247
21.240000000000002,50.08454653507907,50.0,0.0,-14.092158710016998,3.772829809071955e-40,91.31545306636325,-0.00142983706637713
21.26,50.08451921397791,50.0,0.0,-14.085770178017048,3.4094606118473568e-40,91.31545306636325,-0.0013278532102777134
21.28,50.08449392576139,50.0,0.0,-14.07939018290013,3.08108826848936e-40,91.31545306636325,-0.0012264142624958177
21.3,50.08447065938125,50.0,0.0,-14.07301966883247,2.7843421581805834e-40,91.31545306636325,-0.001125532207411143
21.32,50.084449403551766,50.0,0.0,-14.066659571497619,2.5161762917044715e-40,91.31545306636325,-0.001025218852806055
21.34,50.08443014675327,50.0,0.0,-14.060310818011478,2.273838045491049e-40,91.31545306636325,-0.0009254858293073131
21.36,50.0844128772357,50.0,0.0,-14.053974326839308,2.0548399069526787e-40,91.31545306636325,-0.0008263445898612765
21.38,50.08439758302216,50.0,0.0,-14.047651007714721,1.8569339410861375e-40,91.31545306636325,-0.0007278064092399011
21.400000000000002,50.084384251912496,50.0,0.0,-14.041341761560648,1.6780887162500997e-40,91.31545306636325,-0.0006298823835784862
21.42,50.084372871486856,50.0,0.0,-14.035047480412274,1.5164684522696668e-40,91.31545306636325,-0.0005325834299462915
21.44,50.08436342910931,50.0,0.0,-14.028769047341966,1.3704141768309336e-40,91.31545306636325,-0.00043592028594653675
21.46,50.08435591193141,50.0,0.0,-14.022507336386152,1.2384266967429422e-40,91.31545306636325,-0.0003399035093502415
21.48,50.0843503068958,50.0,0.0,-14.016263212474179,1.1191512092733159e-40,91.31545306636325,-0.00024454347775855695
21.5,50.084346600739835,50.0,0.0,-14.010037531359137,1.0113633955986208e-40,91.31545306636325,-0.0001498503882985214
21.52,50.08434477999919,50.0,0.0,-14.003831139550627,9.139568536238549e-41,91.31545306636325,-5.5834257346996036e-05
21.54,50.08434483101147,50.0,0.0,-13.99764487424951,8.259317411736033e-41,91.31545306636325,3.7495079712219924e-05
21.56,50.08434673991983,50.0,0.0,-13.991479563284585,7.463845129814071e-41,91.31545306636325,0.0001301279687028963
21.580000000000002,50.08435049267661,50.0,0.0,-13.985336025051238,6.744986461313357e-41,91.31545306636325,0.00022205493683947176
21.6,50.08435607504699,50.0,0.0,-13.979215068452014,6.095362587518451e-41,91.31545306636325,0.0003132666928811575
21.62,50.08436347261256,50.0,0.0,-13.97311749283914,5.50830535930909e-41,91.31545306636325,0.00040375412725529575
21.64,50.084372670775004,50.0,0.0,-13.967044087958978,4.977788851072414e-41,91.31545306636325,0.0004935083121513776
21.66,50.084383654759726,50.0,0.0,-13.960995633898404,4.498367506802272e-41,91.31545306636325,0.000582520501586847
21.68,50.08439640961948,50.0,0.0,-13.954972901033111,4.065120243478185e-41,91.31545306636325,0.0006707821314406317
21.7,50.084410920238014,50.0,0.0,-13.948976649977824,3.673599937965788e-41,91.31545306636325,0.0007582848194623627
21.72,50.0844271713337,50.0,0.0,-13.943007631538428,3.319787778940433e-41,91.31545306636325,0.0008450203652477886
21.740000000000002,50.084445147463185,50.0,0.0,-13.937066586666,3.000052015273334e-41,91.31545306636325,0.0009309807501899499
21.76,50.084464833024995,50.0,0.0,-13.931154246412742,2.711110677447639e-41,91.31545306636325,0.0010161581373991247
21.78,50.08448621226321,50.0,0.0,-13.925271331889778,2.449997889353572e-41,91.31545306636325,0.0011005448715953358
21.8,50.08450926927105,50.0,0.0,-13.919418554226867,2.2140334246656316e-41,91.31545306636325,0.0011841334789750191
21.82,50.08453398799456,50.0,0.0,-13.913596614533969,2.0007951953093297e-41,91.31545306636325,0.001266916667046166
21.84,50.08456035223616,50.0,0.0,-13.907806203864682,1.8080943896217235e-41,91.31545306636325,0.0013488873244400371
21.86,50.08458834565834,50.0,0.0,-13.902048003181541,1.633953005008152e-41,91.31545306636325,0.0014300385206926216
21.88,50.08461795178721,50.0,0.0,-13.896322683323154,1.4765835444761972e-41,91.31545306636325,0.0015103635060013925
21.900000000000002,50.08464915401615,50.0,0.0,-13.890630904973206,1.3343706686392806e-41,91.31545306636325,0.0015898557109533403
21.92,50.08468193560942,50.0,0.0,-13.884973318631257,1.205854614854502e-41,91.31545306636325,0.0016685087462282781
21.94,50.08471627970571,50.0,0.0,-13.879350564585412,1.0897162132982868e-41,91.31545306636325,0.0017463164022753703
21.96,50.08475216932179,50.0,0.0,-13.873763272886759,9.847633461753914e-42,91.31545306636325,0.0018232726489621491
21.98,50.08478958735605,50.0,0.0,-13.868212063325638,8.899187110700561e-42,91.31545306636325,0.001899371635200634
22.0,50.0848285165921,50.0,0.0,-13.862697545409707,8.042087628346178e-42,91.31545306636325,0.001974607688545453
22.02,50.08486893970232,50.0,0.0,-13.857220318343785,7.267537205081566e-42,91.31545306636325,0.002048975314768679
22.04,50.084910839251435,50.0,0.0,-13.851780971011463,6.567585366898868e-42,91.31545306636325,0.002122469197407537
22.06,50.084954197700064,50.0,0.0,-13.846380081958507,5.935047366712454e-42,91.31545306636325,0.0021950841972889564
22.080000000000002,50.08499899740824,50.0,0.0,-13.841018219377995,5.363430435583838e-42,91.31545306636325,0.00226681535202984
22.1,50.08504522063897,50.0,0.0,-13.83569594109719,4.846867136846683e-42,91.31545306636325,0.0023376578755120218
22.12,50.085092849561704,50.0,0.0,-13.83041379456618,4.380055139036612e-42,91.31545306636325,0.0024076071573334956
22.14,50.08514186625591,50.0,0.0,-13.82517231684821,3.9582027894171875e-42,91.31545306636325,0.002476658762237194
22.16,50.08519225271451,50.0,0.0,-13.819972034611737,3.576979929434409e-42,91.31545306636325,0.0025448084295144795
22.18,50.08524399084741,50.0,0.0,-13.814813464124189,3.232473447238543e-42,91.31545306636325,0.002612052072386552
22.2,50.085297062484926,50.0,0.0,-13.8096971112474,2.921147111036321e-42,91.31545306636325,0.0026783857773631944
22.22,50.08535144938126,50.0,0.0,-13.804623471434736,2.6398052709777252e-42,91.31545306636325,0.0027438058035787194
22.240000000000002,50.08540713321796,50.0,0.0,-13.799593029729877,2.385560056990617e-42,91.31545306636325,0.002808308582104585
22.26,50.08546409560735,50.0,0.0,-13.794606260767251,2.1558017358611055e-42,91.31545306636325,0.0028718907152413325
22.28,50.0855223180959,50.0,0.0,-13.789663628774113,1.948171923286036e-42,91.31545306636325,0.0029345489757878125
22.3,50.08558178216768,50.0,0.0,-13.784765587574254,1.760539375929207e-42,91.31545306636325,0.0029962803062898954
22.32,50.08564246924772,50.0,0.0,-13.779912580593313,1.590978114995719e-42,91.31545306636325,0.0030570818182666473
22.34,50.085704360705385,50.0,0.0,-13.775105040865704,1.43774765677102e-42,91.31545306636325,0.0031169507914161863
22.36,50.085767437857726,50.0,0.0,-13.770343391043125,1.2992751471984396e-42,91.31545306636325,0.0031758846728013007
22.38,50.08583168197281,50.0,0.0,-13.765628043404648,1.174139217113244e-42,91.31545306636325,0.0032338810760134257
22.400000000000002,50.08589707427307,50.0,0.0,-13.760959399868375,1.0610553924131563e-42,91.31545306636325,0.003290937780318473
22.42,50.08596359593856,50.0,0.0,-13.756337852004622,9.58862909406127e-43,91.31545306636325,0.0033470527297809766
22.44,50.086031228110286,50.0,0.0,-13.751763781050679,8.665127999997732e-43,91.31545306636325,0.0034022240323689813
22.46,50.08609995189344,50.0,0.0,-13.747237557927054,7.830571244313575e-43,91.31545306636325,0.0034564499590410015
22.48,50.08616974836066,50.0,0.0,-13.742759543255241,7.076392410162515e-43,91.31545306636325,0.0035097289428122325
22.5,50.086240598555264,50.0,0.0,-13.738330087376989,6.394850130374523e-43,91.31545306636325,0.0035620595778038176
22.52,50.08631248349446,50.0,0.0,-13.733949530375044,5.77894862518116e-43,91.31545306636325,0.0036134406182719066
22.54,50.08638538417253,50.0,0.0,-13.729618202095356,5.2223658931202055e-43,91.31545306636325,0.0036638709776198103
22.56,50.08645928156399,50.0,0.0,-13.725336422170736,4.7193888180257426e-43,91.31545306636325,0.0037133497273929964
22.580000000000002,50.08653415662677,50.0,0.0,-13.721104500045968,4.264854526000896e-43,91.31545306636325,0.003761876096253927
22.6,50.08660999030532,50.0,0.0,-13.716922735004315,3.8540973904242345e-43,91.31545306636325,0.003809449468942506
22.62,50.086686763533706,50.0,0.0,-13.712791416195463,3.4829011410157934e-43,91.31545306636325,0.0038560693852187785
22.64,50.08676445723875,50.0,0.0,-13.708710822664836,3.1474555853799683e-43,91.31545306636325,0.0039017355387871598
22.66,50.086843052343035,50.0,0.0,-13.704681223384291,2.844317498787898e-43,91.31545306636325,0.003946447776207133
22.68,50.086922529767975,50.0,0.0,-13.70070287728421,2.5703752807474113e-43,91.31545306636325,0.00399020609578575
22.7,50.08700287043685,50.0,0.0,-13.696776033286875,2.3228170155732706e-43,91.31545306636325,0.004033010646455939
22.72,50.08708405527777,50.0,0.0,-13.692900930341247,2.0991016091112665e-43,91.31545306636325,0.004074861726637612
22.740000000000002,50.08716606522668,50.0,0.0,-13.689077797459007,1.8969327053453034e-43,91.31545306636325,0.004115759783085088
22.76,50.087248881230316,50.0,0.0,-13.685306853751934,1.7142351151510717e-43,91.31545306636325,0.004155705409718951
22.78,50.08733248424908,50.0,0.0,-13.681588308470559,1.549133515246176e-43,91.31545306636325,0.004194699346443324
22.8,50.08741685526003,50.0,0.0,-13.677922361044077,1.3999331986893078e-43,91.31545306636325,0.004232742477948698
22.82,50.08750197525967,50.0,0.0,-13.674309201121538,1.2651026793394494e-43,91.31545306636325,0.004269835832502057
22.84,50.08758782526689,50.0,0.0,-13.670749008614258,1.1432579717163028e-43,91.31545306636325,0.004305980580720751
22.86,50.08767438632573,50.0,0.0,-13.667241953739465,1.0331483849005217e-43,91.31545306636325,0.004341178034335639
22.88,50.08776163950822,50.0,0.0,-13.66378819706514,9.336436846533782e-44,91.31545306636325,0.004375429644938816
22.900000000000002,50.08784956591718,50.0,0.0,-13.660387889556066,8.437224919797639e-44,91.31545306636325,0.004408737002720902
22.92,50.08793814668892,50.0,0.0,-13.657041172621053,7.624617990500613e-44,91.31545306636325,0.004441101835193218
22.94,50.088027362996016,50.0,0.0,-13.653748178161294,6.890274948656925e-44,91.31545306636325,0.0044725260059004755
22.96,50.08811719605001,50.0,0.0,-13.650509028619897,6.226658034178057e-44,91.31545306636325,0.004503011513118081
22.98,50.08820762710407,50.0,0.0,-13.647323837032534,5.626955464549578e-44,91.31545306636325,0.004532560488541931
23.0,50.08829863745564,50.0,0.0,-13.644192707079188,5.085011514399626e-44,91.31545306636325,0.004561175195962922
23.02,50.0883902084491,50.0,0.0,-13.641115733137017,4.595263329251635e-44,91.31545306636325,0.004588858029933434
23.04,50.08848232147833,50.0,0.0,-13.638093000334266,4.1526838248778244e-44,91.31545306636325,0.004615611514420733
23.06,50.08857495798929,50.0,0.0,-13.635124584605276,3.7527300861363983e-44,91.31545306636325,0.004641438301452198
23.080000000000002,50.08866809948256,50.0,0.0,-13.632210552746502,3.391296735625576e-44,91.31545306636325,0.00466634116974741
23.1,50.08876172751588,50.0,0.0,-13.629350962473593,3.064673793500925e-44,91.31545306636325,0.004690323023343838
23.12,50.08885582370661,50.0,0.0,-13.626545862479452,2.7695085959025677e-44,91.31545306636325,0.004713386890209816
23.14,50.088950369734206,50.0,0.0,-13.62379529249331,2.5027713810989966e-44,91.31545306636325,0.004735535920850236
23.16,50.089045347342655,50.0,0.0,-13.621099283340783,2.2617241901019697e-44,91.31545306636325,0.004756773386902131
23.18,50.08914073834286,50.0,0.0,-13.618457857004868,2.0438927625287854e-44,91.31545306636325,0.004777102679722187
23.2,50.08923652461506,50.0,0.0,-13.615871026687905,1.847041139233342e-44,91.31545306636325,0.004796527308964893
23.22,50.08933268811112,50.0,0.0,-13.613338796874459,1.6691487110113758e-44,91.31545306636325,0.004815050901153916
23.240000000000002,50.089429210856906,50.0,0.0,-13.610861163395105,1.508389477793308e-44,91.31545306636325,0.004832677198244417
23.26,50.08952607495453,50.0,0.0,-13.608438113491134,1.3631133054279798e-44,91.31545306636325,0.004849410056178078
23.28,50.08962326258463,50.0,0.0,-13.606069625880094,1.2318289876650825e-44,91.31545306636325,0.004865253443431186
23.3,50.08972075600863,50.0,0.0,-13.603755670822233,1.1131889394737874e-44,91.31545306636325,0.0048802114395553094
23.32,50.089818537570906,50.0,0.0,-13.601496210187767,1.0059753645801478e-44,91.31545306636325,0.004894288233711542
23.34,50.08991658970095,50.0,0.0,-13.599291197524972,9.090877552381491e-45,91.31545306636325,0.004907488123197349
23.36,50.09001489491556,50.0,0.0,-13.59714057812909,8.215315959241793e-45,91.31545306636325,0.004919815511969198
23.38,50.09011343582093,50.0,0.0,-13.595044289112035,7.424081550025115e-45,91.31545306636325,0.0049312749091572185
23.400000000000002,50.09021219511472,50.0,0.0,-13.593002259472865,6.709052595770177e-45,91.31545306636325,0.0049418709275752355
23.42,50.09031115558813,50.0,0.0,-13.591014410169016,6.062889588363732e-45,91.31545306636325,0.0049516082822252516
23.44,50.090410300127935,50.0,0.0,-13.589080654188287,5.478959903200694e-45,91.31545306636325,0.004960491788797558
23.46,50.090509611718446,50.0,0.0,-13.587200896621539,4.9512697177423894e-45,91.31545306636325,0.004968526362164464
23.48,50.09060907344351,50.0,0.0,-13.585375034736114,4.474402487142059e-45,91.31545306636325,0.004975717014871232
23.5,50.090708668488425,50.0,0.0,-13.583602958049928,4.043463345412661e-45,91.31545306636325,0.00498206885562148
23.52,50.09080838014184,50.0,0.0,-13.581884548406267,3.654028861435474e-45,91.31545306636325,0.004987587087759636
23.54,50.09090819179765,50.0,0.0,-13.580219680049217,3.3021016340734944e-45,91.31545306636325,0.0049922770077483304
23.56,50.09100808695682,50.0,0.0,-13.578608219699742,2.984069260325242e-45,91.31545306636325,0.004996144003644337
23.580000000000002,50.0911080492292,50.0,0.0,-13.577050026632401,2.696667255342222e-45,91.31545306636325,0.004999193553568861
23.6,50.091208062335326,50.0,0.0,-13.575544952752649,2.4369455436977213e-45,91.31545306636325,0.005001431224177273
23.62,50.09130811010814,50.0,0.0,-13.57409284267475,2.2022381779521873e-45,91.31545306636325,0.005002862669125082
23.64,50.09140817649474,50.0,0.0,-13.572693533800251,1.9901359736874555e-45,91.31545306636325,0.005003493627530465
23.66,50.091508245558046,50.0,0.0,-13.571346856397026,1.798461780118547e-45,91.31545306636325,0.005003329922437495
23.68,50.09160830147849,50.0,0.0,-13.570052633678857,1.6252481324450123e-45,91.31545306636325,0.005002377459274413
23.7,50.0917083285556,50.0,0.0,-13.56881068188553,1.4687170565514538e-45,91.31545306636325,0.005000642224312062
23.72,50.09180831120965,50.0,0.0,-13.567620810363456,1.327261818759942e-45,91.31545306636325,0.004998130283121169
23.740000000000002,50.091908233983176,50.0,0.0,-13.56648282164677,1.199430433302273e-45,91.31545306636325,0.004994847779027029
23.76,50.09200808154255,50.0,0.0,-13.565396511538918,1.0839107582223608e-45,91.31545306636325,0.004990800931564976
23.78,50.092107838679475,50.0,0.0,-13.564361669194692,9.795170267237097e-46,91.31545306636325,0.0049859960349343405
23.8,50.09220749031243,50.0,0.0,-13.563378077202712,8.85177675711221e-46,91.31545306636325,0.004980439456451681
23.82,50.092307021488175,50.0,0.0,-13.562445511668336,7.999243465918135e-46,91.31545306636325,0.004974137635005296
23.84,50.09240641738308,50.0,0.0,-13.561563742296984,7.228819454311374e-46,91.31545306636325,0.004967097079508413
23.86,50.09250566330459,50.0,0.0,-13.560732532477838,6.5325966043756086e-46,91.31545306636325,0.004959324367354213
23.88,50.09260474469252,50.0,0.0,-13.559951639367947,5.903428445712231e-46,91.31545306636325,0.004950826142869373
23.900000000000002,50.092703647120395,50.0,0.0,-13.559220813976676,5.3348567995613084e-46,91.31545306636325,0.0049416091157713825
23.92,50.09280235629673,50.0,0.0,-13.558539801250495,4.821045487981998e-46,91.31545306636325,0.004931680059623437
23.94,50.0929008580663,50.0,0.0,-13.557908340158118,4.356720427641625e-46,91.31545306636325,0.004921045810294473
23.96,50.09299913841136,50.0,0.0,-13.557326163775944,3.9371154932983086e-46,91.31545306636325,0.00490971326441801
23.98,50.09309718345282,50.0,0.0,-13.556792999373792,3.557923595285755e-46,91.31545306636325,0.004897689377852857
24.0,50.09319497945146,50.0,0.0,-13.556308568500933,3.2152524688287004e-46,91.31545306636325,0.004884981164148501
24.02,50.093292512809015,50.0,0.0,-13.555872587072368,2.9055847213826317e-46,91.31545306636325,0.004871595693009284
24.04,50.093389770069315,50.0,0.0,-13.555484765455379,2.625741727898499e-46,91.31545306636325,0.0048575400887632385
24.060000000000002,50.09348673791933,50.0,0.0,-13.555144808556294,2.372851003410637e-46,91.31545306636325,0.004842821528833752
24.080000000000002,50.09358340319022,50.0,0.0,-13.5548524159075,2.1443167180395734e-46,91.31545306636325,0.004827447242212266
24.1,50.09367975285837,50.0,0.0,-13.554607281754635,1.937793051757105e-46,91.31545306636325,0.004811424507936125
24.12,50.09377577404636,50.0,0.0,-13.554409095143969,1.7511601154101593e-46,91.31545306636325,0.004794760653568907
24.14,50.09387145402387,50.0,0.0,-13.55425754000999,1.5825021908416383e-46,91.31545306636325,0.0047774630536846115
24.16,50.093966780208696,50.0,0.0,-13.554152295263112,1.4300880667511215e-46,91.31545306636325,0.004759539128355144
24.18,50.09406174016755,50.0,0.0,-13.554093034877553,1.2923532684503053e-46,91.31545306636325,0.00474099634164208
24.2,50.094156321616964,50.0,0.0,-13.554079427979326,1.1678839991081808e-46,91.31545306636325,0.004721842200092938
24.22,50.09425051242414,50.0,0.0,-13.554111138934358,1.0554026276487614e-46,91.31545306636325,0.004702084251241748
24.240000000000002,50.094344300607695,50.0,0.0,-13.554187827436694,9.537545743399914e-47,91.31545306636325,0.004681730082114038
24.26,50.094437674338494,50.0,0.0,-13.554309148596802,8.618964594592516e-47,91.31545306636325,0.004660787317736105
24.28,50.09453062194032,50.0,0.0,-13.554474753029936,7.788853933858868e-47,91.31545306636325,0.004639263619651469
24.3,50.09462313189068,50.0,0.0,-13.554684286944562,7.038692981875154e-47,91.31545306636325,0.0046171666844389584
24.32,50.09471519282139,50.0,0.0,-13.554937392230817,6.36078161354775e-47,91.31545306636325,0.004594504242240305
24.34,50.0948067935193,50.0,0.0,-13.555233706549009,5.748161319073251e-47,91.31545306636325,0.004571284055289565
24.36,50.09489792292686,50.0,0.0,-13.555572863418112,5.194543777405524e-47,91.31545306636325,0.004547513916451977
24.38,50.09498857014279,50.0,0.0,-13.555954492304283,4.6942463089628175e-47,91.31545306636325,0.004523201647764806
24.400000000000002,50.09507872442255,50.0,0.0,-13.556378218709343,4.2421335450208007e-47,91.31545306636325,0.004498355098988238
24.42,50.09516837517896,50.0,0.0,-13.556843664259233,3.833564715049401e-47,91.31545306636325,0.004472982146159915
24.44,50.09525751198266,50.0,0.0,-13.557350446792446,3.4643460109174224e-47,91.31545306636325,0.004447090690157345
24.46,50.0953461245626,50.0,0.0,-13.557898180448376,3.130687539001099e-47,91.31545306636325,0.0044206886552666195
24.48,50.09543420280651,50.0,0.0,-13.558486475755616,2.8291644183258755e-47,91.31545306636325,0.004393783987757958
24.5,50.095521736761285,50.0,0.0,-13.559114939720168,2.5566816254282157e-47,91.31545306636325,0.004366384654468536
24.52,50.0956087166334,50.0,0.0,-13.559783175913546,2.3104422250829206e-47,91.31545306636325,0.004338498641392071
24.54,50.09569513278928,50.0,0.0,-13.560490784560793,2.087918660796116e-47,91.31545306636325,0.004310133952277172
24.560000000000002,50.09578097575564,50.0,0.0,-13.56123736262835,1.8868268103714172e-47,91.31545306636325,0.0042812986072308275
24.580000000000002,50.09586623621977,50.0,0.0,-13.562022503911804,1.7051025402392428e-47,91.31545306636325,0.00425200064133257
24.6,50.095950905029845,50.0,0.0,-13.562845799123485,1.5408805178881307e-47,91.31545306636325,0.004222248103253708
24.62,50.09603497319517,50.0,0.0,-13.563706835979895,1.392475064915482e-47,91.31545306636325,0.004192049053886941
24.64,50.09611843188638,50.0,0.0,-13.564605199288977,1.258362854161382e-47,91.31545306636325,0.004161411564983107
24.66,50.09620127243571,50.0,0.0,-13.565540471037183,1.137167273317954e-47,91.31545306636325,0.004130343717795708
24.68,50.096283486337086,50.0,0.0,-13.56651223047635,1.0276442945124848e-47,91.31545306636325,0.0040988536017354865
24.7,50.09636506524633,50.0,0.0,-13.567520054210368,9.286697048208037e-48,91.31545306636325,0.004066949313032038
24.72,50.096446000981246,50.0,0.0,-13.568563516281618,8.392275666368535e-48,91.31545306636325,0.00403463895340609
24.740000000000002,50.09652628552175,50.0,0.0,-13.569642188257177,7.583997894484098e-48,91.31545306636325,0.004001930628748484
24.76,50.096605911009874,50.0,0.0,-13.570755639314775,6.853567059770776e-48,91.31545306636325,0.003968832447810864
24.78,50.096684869749886,50.0,0.0,-13.571903436328508,6.193485559501236e-48,91.31545306636325,0.003935352520902771
24.8,50.09676315420824,50.0,0.0,-13.57308514395425,5.596977900882069e-48,91.31545306636325,0.0039014989586009688
24.82,50.09684075701361,50.0,0.0,-13.574300324714818,5.057921153122857e-48,91.31545306636325,0.0038672798704655594
24.84,50.09691767095682,50.0,0.0,-13.575548539084812,4.570782097813162e-48,91.31545306636325,0.0038327033637680402
24.86,50.0969938889908,50.0,0.0,-13.576829345575174,4.13056043247929e-48,91.31545306636325,0.0037977775422284427
24.88,50.0970694042305,50.0,0.0,-13.578142300817422,3.732737444326297e-48,91.31545306636325,0.00376251050476107
24.900000000000002,50.09714420995278,50.0,0.0,-13.57948695964756,3.3732296273201845e-48,91.31545306636325,0.0037269103442318244
24.92,50.09721829959625,50.0,0.0,-13.580862875189647,3.048346766506732e-48,91.31545306636325,0.003690985146225381
24.94,50.09729166676114,50.0,0.0,-13.582269598939012,2.754754059318008e-48,91.31545306636325,0.0036547429878222935
24.96,50.0973643052091,50.0,0.0,-13.583706680845138,2.4894378850557468e-48,91.31545306636325,0.003618191936386976
24.98,50.097436208862995,50.0,0.0,-13.585173669394136,2.2496748711879887e-48,91.31545306636325,0.003581340048364688
25.0,50.09750737180667,50.0,0.0,-13.586670111690873,2.033003938935942e-48,91.31545306636325,0.003544195368091624
25.02,50.09757778828468,50.0,0.0,-13.588195553540704,1.837201041209338e-48,91.31545306636325,0.003506765926613934
25.04,50.09764745270205,50.0,0.0,-13.58974953953078,1.6602563335845205e-48,91.31545306636325,0.0034690597405180614
25.060000000000002,50.0977163596239,50.0,0.0,-13.591331613110986,1.5003535439937915e-48,91.31545306636325,0.0034310848107714253
25.080000000000002,50.097784503775216,50.0,0.0,-13.592941316674429,1.3558513293634927e-48,91.31545306636325,0.003392849121575569
25.1,50.09785188004039,50.0,0.0,-13.594578191637506,1.2252664278335969e-48,91.31545306636325,0.0033543606392294006
25.12,50.09791848346295,50.0,0.0,-13.596241778519545,1.1072584336225718e-48,91.31545306636325,0.0033156273110034966
25.14,50.09798430924508,50.0,0.0,-13.597931617021978,1.0006160382571235e-48,91.31545306636325,0.0032766570640263355
25.16,50.09804935274728,50.0,0.0,-13.599647246107079,9.042445969381242e-49,91.31545306636325,0.003237457804181723
25.18,50.09811360948787,50.0,0.0,-13.601388204076217,8.171548924160668e-49,91.31545306636325,0.0031980374150178134
25.2,50.098177075142544,50.0,0.0,-13.603154028647651,7.384529810413743e-49,91.31545306636325,0.003158403756667266
25.22,50.09823974554391,50.0,0.0,-13.604944257033827,6.6733101676302255e-49,91.31545306636325,0.00311856466477995
25.240000000000002,50.098301616680956,50.0,0.0,-13.606758426018185,6.030589588872123e-49,91.31545306636325,0.003078527949466684
25.26,50.098362684698564,50.0,0.0,-13.608596072031485,5.449770784792935e-49,91.31545306636325,0.0030383013942552354
25.28,50.09842294589692,50.0,0.0,-13.610456731227593,4.9248918648992786e-49,91.31545306636325,0.0029978927550578494
25.3,50.09848239673099,50.0,0.0,-13.61233993955878,4.450565140947051e-49,91.31545306636325,0.0029573097591507874
25.32,50.09854103380989,50.0,0.0,-13.614245232850466,4.021921824311597e-49,91.31545306636325,0.0029165601041667676
25.34,50.098598853896334,50.0,0.0,-13.616172146875462,3.6345620496707985e-49,91.31545306636325,0.0028756514570986618
25.36,50.098655853905974,50.0,0.0,-13.618120217427645,3.2845097120126803e-49,91.31545306636325,0.002834591453315583
25.38,50.09871203090676,50.0,0.0,-13.620088980395092,2.9681716533860655e-49,91.31545306636325,0.002793387695590966
25.400000000000002,50.09876738211828,50.0,0.0,-13.622077971832677,2.682300780461372e-49,91.31545306636325,0.002752047753144242
25.42,50.098821904911084,50.0,0.0,-13.624086728034074,2.4239627343169284e-49,91.31545306636325,0.002710579160693548
25.44,50.09887559680597,50.0,0.0,-13.626114785603205,2.190505770328472e-49,91.31545306636325,0.002668989417520619
25.46,50.098928455473256,50.0,0.0,-13.628161681525121,1.979533538990028e-49,91.31545306636325,0.002627285986550073
25.48,50.098980478732074,50.0,0.0,-13.630226953236276,1.7888804882713393e-49,91.31545306636325,0.0025854762934396833
25.5,50.099031664549585,50.0,0.0,-13.632310138694224,1.6165896350261466e-49,91.31545306636325,0.0025435677256836244
25.52,50.09908201104021,50.0,0.0,-13.634410776446714,1.460892477283017e-49,91.31545306636325,0.002501567631728188
25.54,50.09913151646485,50.0,0.0,-13.63652840570018,1.3201908412258203e-49,91.31545306636325,0.0024594833201007087
25.560000000000002,50.09918017923006,50.0,0.0,-13.63866256638763,1.1930404765298058e-49,91.31545306636325,0.0024173220585515303
25.580000000000002,50.09922799788723,50.0,0.0,-13.6408127992359,1.0781362316654649e-49,91.31545306636325,0.002375091073206736
25.6,50.099274971131756,50.0,0.0,-13.642978645832294,9.742986570001504e-50,91.31545306636325,0.002332797547737002
25.62,50.099321097802154,50.0,0.0,-13.645159648690605,8.804618981832363e-50,91.31545306636325,0.0022904486225362743
25.64,50.099366376879196,50.0,0.0,-13.647355351316484,7.9566275554489235e-50,91.31545306636325,0.0022480513939145044
25.66,50.099410807485036,50.0,0.0,-13.649565298272181,7.190307972072387e-50,91.31545306636325,0.0022056129133046203
25.68,50.09945438888228,50.0,0.0,-13.651789035240634,6.497794244226216e-50,91.31545306636325,0.0021631401864798164
25.7,50.09949712047306,50.0,0.0,-13.65402610908891,5.871977974280056e-50,91.31545306636325,0.002120640172786247
25.72,50.09953900179812,50.0,0.0,-13.656276067930984,5.306435389373604e-50,91.31545306636325,0.002078119784386569
25.740000000000002,50.09958003253584,50.0,0.0,-13.658538461189867,4.795361403760883e-50,91.31545306636325,0.0020355858855194103
25.76,50.09962021250129,50.0,0.0,-13.660812839659059,4.333510031749211e-50,91.31545306636325,0.0019930452917687686
25.78,50.099659541645224,50.0,0.0,-13.663098755563333,3.916140539593721e-50,91.31545306636325,0.001950504769348114
25.8,50.0996980200531,50.0,0.0,-13.665395762618845,3.538968783616499e-50,91.31545306636325,0.001907971034397747
25.82,50.09973564794406,50.0,0.0,-13.667703416092559,3.198123235054116e-50,91.31545306636325,0.0018654507522950716
25.84,50.09977242566991,50.0,0.0,-13.670021272861002,2.890105240244856e-50,91.31545306636325,0.0018229505369771158
25.86,50.09980835371411,50.0,0.0,-13.672348891468307,2.6117531082411325e-50,91.31545306636325,0.001780476950277172
25.88,50.09984343269067,50.0,0.0,-13.67468583218358,2.3602096572197164e-50,91.31545306636325,0.001738036501273985
25.900000000000002,50.099877663343115,50.0,0.0,-13.677031657057567,2.13289288656564e-50,91.31545306636325,0.0016956356456553797
25.92,50.09991104654343,50.0,0.0,-13.679385929978618,1.9274694735895704e-50,91.31545306636325,0.0016532807850926708
25.94,50.09994358329094,50.0,0.0,-13.68174821672795,1.741830822832238e-50,91.31545306636325,0.0016109782666303915
25.96,50.099975274711205,50.0,0.0,-13.684118085034196,1.574071422110873e-50,91.31545306636325,0.001568734382088445
25.98,50.100006122054964,50.0,0.0,-13.68649510462725,1.4224692831404687e-50,91.31545306636325,0.0015265553674764785
26.0,50.100036126696935,50.0,0.0,-13.688878847291399,1.2854682659600664e-50,91.31545306636325,0.0014844474024226933
26.02,50.10006529013474,50.0,0.0,-13.691268886917719,1.161662105730829e-50,91.31545306636325,0.0014424166096161152
26.04,50.10009361398772,50.0,0.0,-13.693664799555785,1.0497799779468884e-50,91.31545306636325,0.001400469054259418
26.060000000000002,50.10012109999581,50.0,0.0,-13.696066163464623,9.486734538911825e-51,91.31545306636325,0.0013586107435384453
26.080000000000002,50.10014775001836,50.0,0.0,-13.698472559162955,8.573047124388559e-51,91.31545306636325,0.001316847626101501
26.1,50.100173566032936,50.0,0.0,-13.700883569478714,7.747358872067419e-51,91.31545306636325,0.0012751855915543028
26.12,50.10019855013417,50.0,0.0,-13.703298779597816,7.001194397013484e-51,91.31545306636325,0.0012336304699661926
26.14,50.10022270453254,50.0,0.0,-13.705717777112222,6.326894596492684e-51,91.31545306636325,0.0011921880313911905
26.16,50.100246031553176,50.0,0.0,-13.708140152067243,5.717538032111185e-51,91.31545306636325,0.0011508639853991677
26.18,50.100268533634626,50.0,0.0,-13.710565497008112,5.1668698838067707e-51,91.31545306636325,0.0011096639806240948
26.2,50.10029021332765,50.0,0.0,-13.712993407025827,4.66923774643118e-51,91.31545306636325,0.0010685936043212153
26.22,50.100311073293994,50.0,0.0,-13.715423479802242,4.2195336098990215e-51,91.31545306636325,0.001027658381939941
26.240000000000002,50.10033111630512,50.0,0.0,-13.717855315654418,3.813141427350938e-51,91.31545306636325,0.0009868637767085318
26.26,50.10035034524097,50.0,0.0,-13.720288517578235,3.445889733137571e-51,91.31545306636325,0.0009462151892322623
26.28,50.10036876308872,50.0,0.0,-13.722722691291251,3.1140088242654354e-51,91.31545306636325,0.0009057179571030467
26.3,50.10038637294151,50.0,0.0,-13.72515744527482,2.8140920657880673e-51,91.31545306636325,0.000865377354523934
26.32,50.10040317799715,50.0,0.0,-13.727592390815461,2.5430609229565673e-51,91.31545306636325,0.0008251985919449878
26.34,50.10041918155688,50.0,0.0,-13.730027142045467,2.2981333611974858e-51,91.31545306636325,0.0007851868157122011
26.36,50.10043438702405,50.0,0.0,-13.732461315982782,2.076795289555497e-51,91.31545306636325,0.0007453471077293708
26.38,50.10044879790284,50.0,0.0,-13.734894532570122,1.8767747544783433e-51,91.31545306636325,0.0007056844851327347
26.400000000000002,50.10046241779696,50.0,0.0,-13.737326414713337,1.6960186190527867e-51,91.31545306636325,0.0006662038999773875
26.42,50.10047525040834,50.0,0.0,-13.73975658831902,1.5326714883125382e-51,91.31545306636325,0.0006269102389378245
26.44,50.100487299535835,50.0,0.0,-13.742184682331386,1.385056664294237e-51,91.31545306636325,0.0005878083230193076
26.46,50.100498569073885,50.0,0.0,-13.744610328768365,1.2516589353521579e-51,91.31545306636325,0.000548902907282867
26.48,50.10050906301121,50.0,0.0,-13.747033162756976,1.1311090230703248e-51,91.31545306636325,0.0005101986805829278
26.5,50.10051878542947,50.0,0.0,-13.74945282256792,1.0221695271253264e-51,91.31545306636325,0.0004717002653158582
26.52,50.10052774050195,50.0,0.0,-13.75186894964944,9.2372222382904e-52,91.31545306636325,0.00043341221718281567
26.54,50.10053593249221,50.0,0.0,-13.754281188660423,8.347565879754994e-52,91.31545306636325,0.000395339024963192
26.560000000000002,50.10054336575273,50.0,0.0,-13.756689187502749,7.543594201729012e-52,91.31545306636325,0.00035748511030133306
26.580000000000002,50.100550044723605,50.0,0.0,-13.75909259735288,6.817054731891471e-52,91.31545306636325,0.0003198548275055282
26.6,50.100555973931165,50.0,0.0,-13.761491072692724,6.1604898109381785e-52,91.31545306636325,0.0002824524633580587
26.62,50.100561157986625,50.0,0.0,-13.763884271339712,5.567160042463528e-52,91.31545306636325,0.00024528223693797986
26.64,50.100565601584734,50.0,0.0,-13.766271854476168,5.030975115545651e-52,91.31545306636325,0.00020834829945661087
26.66,50.10056930950242,50.0,0.0,-13.768653486677886,4.546431289954315e-52,91.31545306636325,0.00017165473410377205
26.68,50.10057228659741,50.0,0.0,-13.771028835942001,4.108554902290313e-52,91.31545306636325,0.00013520555590593075
26.7,50.10057453780691,50.0,0.0,-13.773397573714082,3.712851313167735e-52,91.31545306636325,9.900471159757897e-05
26.72,50.10057606814616,50.0,0.0,-13.775759374914495,3.355258771400812e-52,91.31545306636325,6.305607950252346e-05
26.740000000000002,50.100576882707145,50.0,0.0,-13.778113917964022,3.0321067216282295e-52,91.31545306636325,2.7363469428497873e-05
26.76,50.10057698665718,50.0,0.0,-13.78046088480874,2.740078127418099e-52,91.31545306636325,-8.069377428185866e-06
26.78,50.10057638523754,50.0,0.0,-13.78279996094415,2.4761754231141617e-52,91.31545306636325,-4.323878856540942e-05
26.8,50.100575083762095,50.0,0.0,-13.785130835438565,2.2376897449315038e-52,91.31545306636325,-7.814116024676041e-05
26.82,50.10057308761592,50.0,0.0,-13.787453200955783,2.022173125470345e-52,91.31545306636325,-0.00011277295756190586
26.84,50.10057040225394,50.0,0.0,-13.789766753777002,1.8274133662348594e-52,91.31545306636325,-0.0001471307144749103
26.86,50.100567033199546,50.0,0.0,-13.792071193822004,1.651411330232711e-52,91.31545306636325,-0.000181211033862953
26.88,50.10056298604319,50.0,0.0,-13.794366224669622,1.4923604215722237e-52,91.31545306636325,-0.00021501058754147873
26.900000000000002,50.10055826644103,50.0,0.0,-13.796651553577467,1.3486280414228385e-52,91.31545306636325,-0.000248526116280851
26.92,50.10055288011355,50.0,0.0,-13.798926891500924,1.21873882999113e-52,91.31545306636325,-0.0002817544298103615
26.94,50.10054683284419,50.0,0.0,-13.80119195311144,1.1013595224974648e-52,91.31545306636325,-0.0003146924068115221
26.96,50.100540130477924,50.0,0.0,-13.803446456814065,9.952852637054913e-53,91.31545306636325,-0.00034733699490007726
26.98,50.100532778919955,50.0,0.0,-13.805690124764302,8.994272405281623e-53,91.31545306636325,-0.0003796852105999468
27.0,50.10052478413425,50.0,0.0,-13.807922682884225,8.128015057635594e-53,91.31545306636325,-0.0004117341393021283
27.02,50.10051615214225,50.0,0.0,-13.810143860877876,7.345188782402947e-53,91.31545306636325,-0.00044348093521649203
27.04,50.10050688902141,50.0,0.0,-13.812353392245964,6.637758157012131e-53,91.31545306636325,-0.00047492282131244114
27.060000000000002,50.1004970009039,50.0,0.0,-13.814551014299857,5.99846166738918e-53,91.31545306636325,-0.0005060570892470082
27.080000000000002,50.10048649397518,50.0,0.0,-13.816736468174852,5.420737171197849e-53,91.31545306636325,-0.0005368810992861928
27.1,50.100475374472666,50.0,0.0,-13.818909498842762,4.898654539872313e-53,91.31545306636325,-0.0005673922802125157
27.12,50.10046364868432,50.0,0.0,-13.821069855123799,4.426854788037791e-53,91.31545306636325,-0.0005975881292246173
27.14,50.10045132294732,50.0,0.0,-13.823217289697753,4.000495065505053e-53,91.31545306636325,-0.000627466211827034
27.16,50.10043840364669,50.0,0.0,-13.82535155911448,3.615198947201983e-53,91.31545306636325,-0.000657024161707573
27.18,50.10042489721391,50.0,0.0,-13.827472423803718,3.2670115107866807e-53,91.31545306636325,-0.0006862596806077464
27.2,50.10041081012559,50.0,0.0,-13.829579648084202,2.95235874083041e-53,91.31545306636325,-0.0007151705381819573
27.22,50.100396148902085,50.0,0.0,-13.831673000172094,2.668010842869314e-53,91.31545306636325,-0.0007437545718465962
27.240000000000002,50.100380920106176,50.0,0.0,-13.833752252188749,2.411049090757199e-53,91.31545306636325,-0.0007720096866201689
27.26,50.10036513034168,50.0,0.0,-13.8358171801678,2.1788358670196978e-53,91.31545306636325,-0.0007999338549546161
27.28,50.10034878625215,50.0,0.0,-13.837867564061577,1.9689875886851237e-53,91.31545306636325,-0.0008275251165560596
27.3,50.10033189451948,50.0,0.0,-13.839903187746847,1.7793502406856645e-53,91.31545306636325,-0.000854781578196659
27.32,50.100314461862595,50.0,0.0,-13.84192383902991,1.607977265688314e-53,91.31545306636325,-0.0008817014135169627
27.34,50.10029649503614,50.0,0.0,-13.843929309651026,1.4531095834028277e-53,91.31545306636325,-0.0009082828628209804
27.36,50.10027800082909,50.0,0.0,-13.845919395288185,1.313157534272274e-53,91.31545306636325,-0.0009345242328584067
27.38,50.10025898606349,50.0,0.0,-13.847893895560237,1.1866845622048375e-53,91.31545306636325,-0.0009604238966026288
27.400000000000002,50.100239457593055,50.0,0.0,-13.849852614029372,1.0723924688561414e-53,91.31545306636325,-0.0009859802930163736
27.42,50.10021942230195,50.0,0.0,-13.85179535820296,9.691080881027424e-54,91.31545306636325,-0.0010111919268104572
27.44,50.10019888710338,50.0,0.0,-13.85372193953475,8.75771243925194e-54,91.31545306636325,-0.0010360573681927852
27.46,50.10017785893837,50.0,0.0,-13.855632173425448,7.914238680927909e-54,91.31545306636325,-0.0010605752526103222
27.48,50.1001563447744,50.0,0.0,-13.85752587922265,7.152001659470525e-54,91.31545306636325,-0.0010847442804814173
27.5,50.10013435160413,50.0,0.0,-13.859402880220166,6.463177293393418e-54,91.31545306636325,-0.0011085632169200222
27.52,50.10011188644413,50.0,0.0,-13.861263003656733,5.840695055002094e-54,91.31545306636325,-0.0011320308914527562
27.54,50.100088956333565,50.0,0.0,-13.863106080714092,5.27816539403871e-54,91.31545306636325,-0.0011551461977259865
27.560000000000002,50.10006556833293,50.0,0.0,-13.864931946514469,4.769814151308713e-54,91.31545306636325,-0.0011779080932077253
27.580000000000002,50.10004172952278,50.0,0.0,-13.866740440117459,4.3104232890694455e-54,91.31545306636325,-0.001200315598877921
27.6,50.10001744700245,50.0,0.0,-13.8685314045163,3.895277329800042e-54,91.31545306636325,-0.0012223677989153434
27.62,50.099992727888825,50.0,0.0,-13.870304686633562,3.520114953566382e-54,91.31545306636325,-0.0012440638403726945
27.64,50.09996757931504,50.0,0.0,-13.872060137316243,3.181085257145923e-54,91.31545306636325,-0.0012654029328477458
27.66,50.09994200842928,50.0,0.0,-13.873797611330277,2.874708225928485e-54,91.31545306636325,-0.0012863843481434134
27.68,50.09991602239352,50.0,0.0,-13.875516967354477,2.5978390128516486e-54,91.31545306636325,-0.0013070074199249754
27.7,50.09988962838228,50.0,0.0,-13.87721806797389,2.3476356577072385e-54,91.31545306636325,-0.0013272715433647949
27.72,50.09986283358142,50.0,0.0,-13.878900779672598,2.121529915469489e-54,91.31545306636325,-0.0013471761747853288
27.740000000000002,50.09983564518691,50.0,0.0,-13.880564972825947,1.9172008942084573e-54,91.31545306636325,-0.001366720831290535
27.76,50.099808070403625,50.0,0.0,-13.882210521692226,1.7325512319916047e-54,91.31545306636325,-0.0013859050903939096
27.78,50.09978011644413,50.0,0.0,-13.88383730440378,1.5656855682382384e-54,91.31545306636325,-0.0014047285896365178
27.8,50.09975179052751,50.0,0.0,-13.885445202957603,1.4148910885432182e-54,91.31545306636325,-0.0014231910262023143
27.82,50.09972309987816,50.0,0.0,-13.887034103205371,1.2786199432697307e-54,91.31545306636325,-0.0014412921565224324
27.84,50.09969405172459,50.0,0.0,-13.888603894842934,1.15547335944448e-54,91.31545306636325,-0.0014590317958770658
27.86,50.099664653298305,50.0,0.0,-13.890154471399303,1.0441872828697646e-54,91.31545306636325,-0.0014764098179880832
27.88,50.099634911832574,50.0,0.0,-13.891685730225092,9.43619403074028e-55,91.31545306636325,-0.0014934261546069019
27.900000000000002,50.09960483456135,50.0,0.0,-13.893197572480453,8.5273742791679e-55,91.31545306636325,-0.0015100807950961508
27.92,50.09957442871804,50.0,0.0,-13.894689903122497,7.70608487491112e-55,91.31545306636325,-0.0015263737860049596
27.94,50.09954370153446,50.0,0.0,-13.8961626308922,6.963895585585647e-55,91.31545306636325,-0.001542305230637859
27.96,50.09951266023961,50.0,0.0,-13.897615668300821,6.2931881122706416e-55,91.31545306636325,-0.0015578752886196785
27.98,50.099481312058614,50.0,0.0,-13.899048931615825,5.6870778904841814e-55,91.31545306636325,-0.001573084175453078
28.0,50.099449664211605,50.0,0.0,-13.9004623408463,5.139343422671724e-55,91.31545306636325,-0.0015879321620710387
28.02,50.099417723912595,50.0,0.0,-13.901855819727908,4.6443624168316784e-55,91.31545306636325,-0.0016024195743837093
28.04,50.0993854983684,50.0,0.0,-13.903229295707362,4.1970540757646465e-55,91.31545306636325,-0.0016165467928207571
28.060000000000002,50.09935299477755,50.0,0.0,-13.904582699926408,3.7928269445668126e-55,91.31545306636325,-0.0016303142518678526
28.080000000000002,50.09932022032921,50.0,0.0,-13.905915967205374,3.427531781041247e-55,91.31545306636325,-0.0016437224395974125
28.1,50.09928718220213,50.0,0.0,-13.907229036026235,3.097418965259314e-55,91.31545306636325,-0.001656771897196121
28.12,50.09925388756357,50.0,0.0,-13.908521848515234,2.7991000110970596e-55,91.31545306636325,-0.00166946321848565
28.14,50.09922034356826,50.0,0.0,-13.90979435042506,2.5295127846767155e-55,91.31545306636325,-0.0016817970494395918
28.16,50.09918655735738,50.0,0.0,-13.91104649111658,2.285890072693471e-55,91.31545306636325,-0.001693774087696376
28.18,50.09915253605749,50.0,0.0,-13.912278223540133,2.0657311779929905e-55,91.31545306636325,-0.0017053950820654477
28.2,50.09911828677955,50.0,0.0,-13.913489504216415,1.866776250838782e-55,91.31545306636325,-0.0017166608320318467
28.22,50.09908381661792,50.0,0.0,-13.91468029321691,1.6869830923893446e-55,91.31545306636325,-0.001727572187254266
28.240000000000002,50.09904913264931,50.0,0.0,-13.915850554143933,1.5245061922813665e-55,91.31545306636325,-0.001738130047060069
28.26,50.099014241931876,50.0,0.0,-13.917000254110253,1.377677785147499e-55,91.31545306636325,-0.00174833535993512
28.28,50.098979151504146,50.0,0.0,-13.918129363718304,1.2449907316208654e-55,91.31545306636325,-0.001758189123010987
28.3,50.098943868384126,50.0,0.0,-13.919237857039018,1.1250830481061355e-55,91.31545306636325,-0.001767692381547459
28.32,50.09890839956833,50.0,0.0,-13.920325711590248,1.016723926520979e-55,91.31545306636325,-0.0017768462284113967
28.34,50.098872752030815,50.0,0.0,-13.921392908314818,9.188011005057113e-56,91.31545306636325,-0.0017856518035517456
28.36,50.09883693272225,50.0,0.0,-13.922439431558193,8.303094284199348e-56,91.31545306636325,-0.0017941102934711957
28.38,50.09880094856901,50.0,0.0,-13.923465269045765,7.503405759348603e-56,91.31545306636325,-0.0018022229306946188
28.400000000000002,50.09876480647223,50.0,0.0,-13.9244704118598,6.780736923169215e-56,91.31545306636325,-0.0018099909932343865
28.42,50.09872851330696,50.0,0.0,-13.925454854415994,6.127669846981841e-56,91.31545306636325,-0.00181741580405063
28.44,50.09869207592119,50.0,0.0,-13.926418594439696,5.537501038465437e-56,91.31545306636325,-0.001824498730511359
28.46,50.09865550113505,50.0,0.0,-13.927361632941789,5.004172632784578e-56,91.31545306636325,-0.0018312411838470968
28.48,50.09861879573988,50.0,0.0,-13.928283974194207,4.522210210844448e-56,91.31545306636325,-0.0018376446186037481
28.5,50.0985819664974,50.0,0.0,-13.929185625705138,4.086666606400856e-56,91.31545306636325,-0.0018437105320927543
28.52,50.098545020138864,50.0,0.0,-13.930066598193898,3.693071125226017e-56,91.31545306636325,-0.0018494404638375673
28.54,50.098507963364206,50.0,0.0,-13.930926905565476,3.3373836550835945e-56,91.31545306636325,-0.0018548359950189724
28.560000000000002,50.09847080284121,50.0,0.0,-13.931766564884764,3.015953195468846e-56,91.31545306636325,-0.0018598987479169174
28.580000000000002,50.098433545204735,50.0,0.0,-13.932585596350497,2.7254803814369695e-56,91.31545306636325,-0.0018646303853503742
28.6,50.09839619705586,50.0,0.0,-13.933384023268864,2.462983616840595e-56,91.31545306636325,-0.0018690326101143833
28.62,50.09835876496113,50.0,0.0,-13.934161872026836,2.2257684693466105e-56,91.31545306636325,-0.0018731071644162165
28.64,50.09832125545174,50.0,0.0,-13.934919172065218,2.0114000130834734e-56,91.31545306636325,-0.0018768558293085018
28.66,50.09828367502279,50.0,0.0,-13.935655955851393,1.8176778350265015e-56,91.31545306636325,-0.0018802804241197792
28.68,50.09824603013255,50.0,0.0,-13.93637225885181,1.642613448570916e-56,91.31545306636325,-0.0018833828058852805
28.7,50.09820832720165,50.0,0.0,-13.937068119504193,1.4844098824513077e-56,91.31545306636325,-0.0018861648687738231
28.72,50.09817057261238,50.0,0.0,-13.937743579189487,1.3414432354953264e-56,91.31545306636325,-0.0018886285435143143
28.740000000000002,50.09813277270799,50.0,0.0,-13.938398682203546,1.2122460078779465e-56,91.31545306636325,-0.001890775796820771
28.76,50.098094933791934,50.0,0.0,-13.93903347572858,1.0954920377777986e-56,91.31545306636325,-0.0018926086308149747
28.78,50.09805706212718,50.0,0.0,-13.939648009804344,9.899828888159016e-57,91.31545306636325,-0.00189412908244836
28.8,50.09801916393555,50.0,0.0,-13.94024233729909,8.946355485488861e-57,91.31545306636325,-0.0018953392229232124
28.82,50.097981245397,50.0,0.0,-13.940816513880305,8.084713117462826e-57,91.31545306636325,-0.0018962411571118562
28.84,50.097943312648994,50.0,0.0,-13.941370597985197,7.30605734342825e-57,91.31545306636325,-0.001896837022975565
28.86,50.0979053717858,50.0,0.0,-13.941904650790988,6.602395549467965e-57,91.31545306636325,-0.0018971289909817124
28.88,50.09786742885791,50.0,0.0,-13.94241873618497,5.966504907170593e-57,91.31545306636325,-0.0018971192635206335
28.900000000000002,50.09782948987136,50.0,0.0,-13.942912920734377,5.391858233964704e-57,91.31545306636325,-0.00189681007432244
28.92,50.097791560787115,50.0,0.0,-13.943387273656043,4.872556994000601e-57,91.31545306636325,-0.0018962036878710168
28.94,50.09775364752049,50.0,0.0,-13.943841866785862,4.403270751858494e-57,91.31545306636325,-0.0018953023988204894
28.96,50.097715755940534,50.0,0.0,-13.944276774548078,3.979182457597761e-57,91.31545306636325,-0.001894108531408949
28.98,50.097677891869445,50.0,0.0,-13.944692073924383,3.595939001518524e-57,91.31545306636325,-0.001892624438872241
29.0,50.09764006108198,50.0,0.0,-13.945087844422833,3.249606531098443e-57,91.31545306636325,-0.0018908525028586613
29.02,50.09760226930496,50.0,0.0,-13.945464168046609,2.936630071449576e-57,91.31545306636325,-0.0018887951328422424
29.04,50.09756452221662,50.0,0.0,-13.945821129262603,2.6537970348142096e-57,91.31545306636325,-0.001886454765536523
29.060000000000002,50.09752682544618,50.0,0.0,-13.946158814969861,2.3982042445381328e-57,91.31545306636325,-0.0018838338643083657
29.080000000000002,50.097489184573234,50.0,0.0,-13.946477314467858,2.1672281350345867e-57,91.31545306636325,-0.0018809349185912197
29.1,50.09745160512726,50.0,0.0,-13.946776719424644,1.9584978218525582e-57,91.31545306636325,-0.0018777604433007937
29.12,50.09741409258716,50.0,0.0,-13.947057123844848,1.7698707654235952e-57,91.31545306636325,-0.0018743129782471362
29.14,50.0973766523807,50.0,0.0,-13.947318624037544,1.599410778684503e-57,91.31545306636325,-0.0018705950875515225
29.16,50.0973392898841,50.0,0.0,-13.947561318583993,1.445368152832287e-57,91.31545306636325,-0.0018666093590603754
29.18,50.09730201042149,50.0,0.0,-13.94778530830527,1.306161697209562e-57,91.31545306636325,-0.0018623584037624527
29.2,50.09726481926454,50.0,0.0,-13.947990696229773,1.180362508966479e-57,91.31545306636325,-0.001857844855203325
29.22,50.097227721631945,50.0,0.0,-13.948177587560624,1.06667930590075e-57,91.31545306636325,-0.0018530713689048188
29.240000000000002,50.097190722689035,50.0,0.0,-13.94834608964297,9.63945171922788e-58,91.31545306636325,-0.001848040621782357
29.26,50.097153827547345,50.0,0.0,-13.94849631193118,8.711055790930573e-58,91.31545306636325,-0.001842755311563008
29.28,50.09711704126418,50.0,0.0,-13.948628365955964,7.87207563282274e-58,91.31545306636325,-0.0018372181562069962
29.3,50.097080368842256,50.0,0.0,-13.948742365291396,7.113899423466044e-58,91.31545306636325,-0.0018314318933287976
29.32,50.0970438152293,50.0,0.0,-13.948838425521874,6.428744764110434e-58,91.31545306636325,-0.0018253992796180808
29.34,50.09700738531767,50.0,0.0,-13.948916664208982,5.809578795245471e-58,91.31545306636325,-0.0018191230902647234
29.36,50.09697108394398,50.0,0.0,-13.948977200858305,5.250046006895108e-58,91.31545306636325,-0.0018126061183834372
29.38,50.09693491588878,50.0,0.0,-13.949020156886181,4.7444030016552446e-58,91.31545306636325,-0.0018058511744396836
29.400000000000002,50.09689888587621,50.0,0.0,-13.949045655586394,4.287459540840747e-58,91.31545306636325,-0.0017988610856779555
29.42,50.09686299857363,50.0,0.0,-13.949053822096804,3.874525268602406e-58,91.31545306636325,-0.0017916386955511322
29.44,50.09682725859136,50.0,0.0,-13.949044783365961,3.5013615671565696e-58,91.31545306636325,-0.0017841868631515475
29.46,50.09679167048234,50.0,0.0,-13.949018668119658,3.1641380489391647e-58,91.31545306636325,-0.001776508462644391
29.48,50.096756238741854,50.0,0.0,-13.948975606827453,2.8593932390921368e-58,91.31545306636325,-0.0017686063827013342
29.5,50.09672096780722,50.0,0.0,-13.948915731669171,2.5839990447025594e-58,91.31545306636325,-0.0017604835259381485
29.52,50.09668586205755,50.0,0.0,-13.948839176501384,2.3351286460842707e-58,91.31545306636325,-0.0017521428083525615
29.54,50.096650925813464,50.0,0.0,-13.948746076823861,2.1102274805179064e-58,91.31545306636325,-0.0017435871587652533
29.560000000000002,50.09661616333686,50.0,0.0,-13.948636569746032,1.906987020608135e-58,91.31545306636325,-0.001734819518262063
29.580000000000002,50.09658157883067,50.0,0.0,-13.94851079395341,1.723321078102619e-58,91.31545306636325,-0.0017258428396396215
29.6,50.09654717643862,50.0,0.0,-13.94836888967405,1.5573443899401566e-58,91.31545306636325,-0.001716660086851928
29.62,50.09651296024502,50.0,0.0,-13.948210998644988,1.4073532667216977e-58,91.31545306636325,-0.0017072742344599013
29.64,50.09647893427458,50.0,0.0,-13.948037264078698,1.271808104967934e-58,91.31545306636325,-0.0016976882670831242
29.66,50.09644510249218,50.0,0.0,-13.947847830629565,1.1493175836582508e-58,91.31545306636325,-0.0016879051788550085
29.68,50.09641146880272,50.0,0.0,-13.947642844360377,1.0386243828343468e-58,91.31545306636325,-0.0016779279728784077
29.7,50.09637803705092,50.0,0.0,-13.947422452708842,9.385922776752633e-59,91.31545306636325,-0.0016677596606858843
29.72,50.09634481102117,50.0,0.0,-13.947186804454141,8.48194475569273e-59,91.31545306636325,-0.0016574032617017475
29.740000000000002,50.09631179443739,50.0,0.0,-13.946936049683503,7.665030764669745e-59,91.31545306636325,-0.0016468618027073597
29.76,50.09627899096286,50.0,0.0,-13.946670339758835,6.926795483300132e-59,91.31545306636325,-0.0016361383173071895
29.78,50.09624640420012,50.0,0.0,-13.9463898272834,6.259661199094273e-59,91.31545306636325,-0.0016252358454015296
29.8,50.09621403769085,50.0,0.0,-13.946094666068523,5.656780025036661e-59,91.31545306636325,-0.001614157432658589
29.82,50.09618189491572,50.0,0.0,-13.945785011100378,5.1119636085550156e-59,91.31545306636325,-0.0016029061299909326
29.84,50.09614997929436,50.0,0.0,-13.945461018506826,4.619619610366845e-59,91.31545306636325,-0.0015914849930357758
29.86,50.096118294185196,50.0,0.0,-13.945122845524306,4.174694301182299e-59,91.31545306636325,-0.0015798970816369795
29.88,50.09608684288544,50.0,0.0,-13.944770650464822,3.77262068703964e-59,91.31545306636325,-0.0015681454593306759
29.900000000000002,50.09605562863098,50.0,0.0,-13.944404592682979,3.4092716307990907e-59,91.31545306636325,-0.0015562331928347614
29.92,50.09602465459632,50.0,0.0,-13.944024832543109,3.080917488604484e-59,91.31545306636325,-0.0015441633515410618
29.94,50.09599392389459,50.0,0.0,-13.943631531386485,2.784187826466659e-59,91.31545306636325,-0.001531939007010294
29.96,50.095963439577424,50.0,0.0,-13.94322485149862,2.5160368240034585e-59,91.31545306636325,-0.0015195632324718664
29.98,50.095933204634996,50.0,0.0,-13.942804956076648,2.27371201021851e-59,91.31545306636325,-0.0015070391023261586
30.0,50.09590322199598,50.0,0.0,-13.942372009196824,2.054726010403094e-59,91.31545306636325,-0.001494369691649706
30.02,50.09587349452756,50.0,0.0,-13.941926175782104,1.8568310141534938e-59,91.31545306636325,-0.0014815580757056384
30.04,50.09584402503538,50.0,0.0,-13.941467621569847,1.6779957024274504e-59,91.31545306636325,-0.001468607329456135
30.060000000000002,50.09581481626363,50.0,0.0,-13.940996513079623,1.5163843968044778e-59,91.31545306636325,-0.0014555205270796576
30.080000000000002,50.09578587089503,50.0,0.0,-13.940513017581127,1.3703382169249015e-59,91.31545306636325,-0.0014423007414908165
30.1,50.09575719155083,50.0,0.0,-13.94001730306222,1.2383580526956881e-59,91.31545306636325,-0.0014289510438645595
30.12,50.095728780790914,50.0,0.0,-13.939509538197099,1.119089176479049e-59,91.31545306636325,-0.0014154745031646908
30.14,50.095700641113815,50.0,0.0,-13.93898989231458,1.0113073373136204e-59,91.31545306636325,-0.0014018741856755958
30.16,50.09567277495677,50.0,0.0,-13.938458535366525,9.13906194430531e-60,91.31545306636325,-0.0013881531545373838
30.18,50.0956451846958,50.0,0.0,-13.937915637896394,8.258859610740478e-60,91.31545306636325,-0.001374314469285545
30.2,50.09561787264578,50.0,0.0,-13.93736137100794,7.46343142059807e-60,91.31545306636325,-0.0013603611853954599
30.22,50.095590841060556,50.0,0.0,-13.936795906334057,6.744612597304618e-60,91.31545306636325,-0.0013462963538287873
30.240000000000002,50.09556409213299,50.0,0.0,-13.936219416005756,6.095024731141012e-60,91.31545306636325,-0.0013321230205862377
30.26,50.09553762799509,50.0,0.0,-13.935632072621306,5.508000042592028e-60,91.31545306636325,-0.0013178442262627994
30.28,50.095511450718156,50.0,0.0,-13.93503404921553,4.9775129400524e-60,91.31545306636325,-0.0013034630056071627
30.3,50.09548556231283,50.0,0.0,-13.93442551922924,4.4981181693545954e-60,91.31545306636325,-0.001288982387087443
30.32,50.09545996472929,50.0,0.0,-13.93380665647887,4.064894920246041e-60,91.31545306636325,-0.001274405392457191
30.34,50.09543465985737,50.0,0.0,-13.933177635126238,3.6733963160894225e-60,91.31545306636325,-0.0012597350363304735
30.36,50.09540964952669,50.0,0.0,-13.932538629648498,3.319603768316496e-60,91.31545306636325,-0.0012449743257563312
30.38,50.09538493550684,50.0,0.0,-13.931889814808255,2.999885727100735e-60,91.31545306636325,-0.001230126259801626
30.400000000000002,50.095360519507544,50.0,0.0,-13.931231365623862,2.710960404839707e-60,91.31545306636325,-0.0012151938291362515
30.42,50.09533640317879,50.0,0.0,-13.930563457339899,2.449862089817491e-60,91.31545306636325,-0.0012001800156224013
30.44,50.09531258811108,50.0,0.0,-13.929886265397823,2.2139107042693226e-60,91.31545306636325,-0.001185087791910003
30.46,50.09528907583555,50.0,0.0,-13.929199965406815,2.0006842943732522e-60,91.31545306636325,-0.001169920121034262
30.48,50.095265867824224,50.0,0.0,-13.928504733114812,1.8079941697887305e-60,91.31545306636325,-0.0011546799560201945
30.5,50.09524296549018,50.0,0.0,-13.92780074437973,1.6338624375586758e-60,91.31545306636325,-0.0011393702394894493
30.52,50.09522037018778,50.0,0.0,-13.927088175140886,1.4765016997688203e-60,91.31545306636325,-0.0011239939032736276
30.54,50.09519808321291,50.0,0.0,-13.926367201390619,1.3342967065683122e-60,91.31545306636325,-0.0011085538680301035
30.560000000000002,50.09517610580314,50.0,0.0,-13.9256379991461,1.2057877762266025e-60,91.31545306636325,-0.0010930530428644974
30.580000000000002,50.09515443913806,50.0,0.0,-13.924900744421368,1.089655812039628e-60,91.31545306636325,-0.0010774943249566781
30.6,50.09513308433943,50.0,0.0,-13.924155613199568,9.847087622893629e-61,91.31545306636325,-0.0010618805991908311
30.62,50.095112042471484,50.0,0.0,-13.923402781405375,8.898693842732288e-61,91.31545306636325,-0.0010462147377919878
30.64,50.095091314541186,50.0,0.0,-13.922642424877665,8.041641868056417e-61,91.31545306636325,-0.0010304995999653303
30.66,50.09507090149846,50.0,0.0,-13.921874719342382,7.267134376905589e-61,91.31545306636325,-0.0010147380315418959
30.68,50.0950508042365,50.0,0.0,-13.921099840385626,6.567221335954235e-61,91.31545306636325,-0.0009989328646274524
30.7,50.09503102359203,50.0,0.0,-13.920317963426971,5.934718396355977e-61,91.31545306636325,-0.0009830869172570758
30.72,50.095011560345576,50.0,0.0,-13.919529263692997,5.3631331490563156e-61,91.31545306636325,-0.0009672029930548093
30.740000000000002,50.09499241522181,50.0,0.0,-13.918733916191046,4.8465984826117156e-61,91.31545306636325,-0.0009512838808970783
30.76,50.09497358888978,50.0,0.0,-13.917932095683222,4.3798123594577076e-61,91.31545306636325,-0.0009353323545815036
30.78,50.09495508196328,50.0,0.0,-13.917123976660609,3.9579833924516405e-61,91.31545306636325,-0.000919351172501204
30.8,50.0949368950011,50.0,0.0,-13.916309733317721,3.576781663053404e-61,91.31545306636325,-0.00090334307732211
30.82,50.094919028507405,50.0,0.0,-13.915489539527202,3.23229427631091e-61,91.31545306636325,-0.0008873107956669478
30.84,50.094901482932016,50.0,0.0,-13.914663568814747,2.9209851964386675e-61,91.31545306636325,-0.0008712570378041828
30.86,50.09488425867077,50.0,0.0,-13.913831994334274,2.639658950716511e-61,91.31545306636325,-0.0008551844973392944
30.88,50.09486735606581,50.0,0.0,-13.912994988843339,2.3854278291424046e-61,91.31545306636325,-0.0008390958509141522
30.900000000000002,50.094850775406016,50.0,0.0,-13.912152724678789,2.1556822431558723e-61,91.31545306636325,-0.0008229937579102333
30.92,50.09483451692726,50.0,0.0,-13.91130537373266,1.9480639391752986e-61,91.31545306636325,-0.0008068808601544989
30.94,50.09481858081279,50.0,0.0,-13.910453107428339,1.7604417919959538e-61,91.31545306636325,-0.0007907597816344522
30.96,50.094802967193644,50.0,0.0,-13.909596096696955,1.5908899295769186e-61,91.31545306636325,-0.0007746331282143157
30.98,50.09478767614893,50.0,0.0,-13.908734511954046,1.4376679646759204e-61,91.31545306636325,-0.000758503487358402
31.0,50.09477270770628,50.0,0.0,-13.907868523076448,1.2992031304171196e-61,91.31545306636325,-0.0007423734278581655
31.02,50.094758061842136,50.0,0.0,-13.906998299379477,1.1740741364200435e-61,91.31545306636325,-0.0007262454995657162
31.04,50.09474373848222,50.0,0.0,-13.906124009594343,1.0609965797787976e-61,91.31545306636325,-0.0007101222331301648
31.060000000000002,50.094729737501886,50.0,0.0,-13.905245821845831,9.588097611406413e-62,91.31545306636325,-0.0006940061397408133
31.080000000000002,50.09471605872649,50.0,0.0,-13.90436390363024,8.664647705558462e-62,91.31545306636325,-0.0006778997108748066
31.1,50.094702701931816,50.0,0.0,-13.903478421793599,7.830137208044873e-62,91.31545306636325,-0.0006618054180492557
31.12,50.094689666844474,50.0,0.0,-13.902589542510118,7.076000176842398e-62,91.31545306636325,-0.0006457257125784493
31.14,50.09467695314229,50.0,0.0,-13.901697431260935,6.3944956738728335e-62,91.31545306636325,-0.00062966302533739
31.16,50.09466456045475,50.0,0.0,-13.900802252813113,5.778628307132829e-62,91.31545306636325,-0.0006136197665276074
31.18,50.09465248836338,50.0,0.0,-13.899904171198905,5.222076425578781e-62,91.31545306636325,-0.0005975983254509637
31.2,50.09464073640219,50.0,0.0,-13.899003349695294,4.7191272297138286e-62,91.31545306636325,-0.0005816010702863415
31.220000000000002,50.094629304058095,50.0,0.0,-13.898099950803804,4.26461813181109e-62,91.31545306636325,-0.0005656303478723578
31.240000000000002,50.09461819077134,50.0,0.0,-13.897194136230574,3.853883763857491e-62,91.31545306636325,-0.0005496884834941877
31.26,50.09460739593593,50.0,0.0,-13.896286066866724,3.4827080892743114e-62,91.31545306636325,-0.0005337777806763879
31.28,50.094596918900095,50.0,0.0,-13.895375902768961,3.147281126858927e-62,91.31545306636325,-0.000517900520980431
31.3,50.09458675896668,50.0,0.0,-13.894463803140507,2.8441598427350167e-62,91.31545306636325,-0.0005020589638062797
31.32,50.09457691539364,50.0,0.0,-13.893549926312257,2.570232808881539e-62,91.31545306636325,-0.0004862553461998877
31.34,50.09456738739447,50.0,0.0,-13.892634429724241,2.3226882654733266e-62,91.31545306636325,-0.00047049188266536036
31.36,50.094558174138655,50.0,0.0,-13.891717469907366,2.0989852592050304e-62,91.31545306636325,-0.0004547707649827952
31.38,50.094549274752126,50.0,0.0,-13.890799202465415,1.896827561343963e-62,91.31545306636325,-0.0004390941620290173
31.400000000000002,50.094540688317736,50.0,0.0,-13.88987978205734,1.7141400977902885e-62,91.31545306636325,-0.00042346421960565215
31.42,50.09453241387571,50.0,0.0,-13.888959362379852,1.5490476492078371e-62,91.31545306636325,-0.00040788306027094996
31.44,50.094524450424096,50.0,0.0,-13.888038096150245,1.3998556025902451e-62,91.31545306636325,-0.0003923527831760816
31.46,50.09451679691928,50.0,0.0,-13.88711613508955,1.2650325566843667e-62,91.31545306636325,-0.0003768754639070788
31.48,50.09450945227642,50.0,0.0,-13.886193629905943,1.1431946027220463e-62,91.31545306636325,-0.00036145315433232553
31.5,50.094502415369924,50.0,0.0,-13.885270730278455,1.033091119107771e-62,91.31545306636325,-0.0003460878824525778
31.52,50.094495685033955,50.0,0.0,-13.884347584840937,9.335919342499221e-63,91.31545306636325,-0.0003307816522584636
31.54,50.0944892600629,50.0,0.0,-13.883424341166334,8.436757257668258e-63,91.31545306636325,-0.00031553644359156154
31.560000000000002,50.094483139211846,50.0,0.0,-13.88250114575124,7.624195369897387e-63,91.31545306636325,-0.0003003542120101002
31.580000000000002,50.09447732119706,50.0,0.0,-13.881578144000722,6.889893031535461e-63,91.31545306636325,-0.00028523688866034336
31.6,50.09447180469652,50.0,0.0,-13.88065548021344,6.226312900300167e-63,91.31545306636325,-0.00027018638015171285
31.62,50.09446658835036,50.0,0.0,-13.879733297567054,5.626643571243484e-63,91.31545306636325,-0.00025520456843776423
31.64,50.09446167076139,50.0,0.0,-13.878811738103911,5.084729660195741e-63,91.31545306636325,-0.00024029331070150252
31.66,50.09445705049559,50.0,0.0,-13.877890942717018,4.5950086210206627e-63,91.31545306636325,-0.0002254544392452363
31.68,50.09445272608261,50.0,0.0,-13.876971051136296,4.1524536481338526e-63,91.31545306636325,-0.00021068976138513985
31.7,50.09444869601625,50.0,0.0,-13.87605220191513,3.7525220782001673e-63,91.31545306636325,-0.0001960010593513998
31.720000000000002,50.09444495875499,50.0,0.0,-13.875134532417192,3.3911087613724503e-63,91.31545306636325,-0.0001813900901917498
31.740000000000002,50.0944415127225,50.0,0.0,-13.87421817880356,3.064503923444626e-63,91.31545306636325,-0.0001668585856809602
31.76,50.0944383563081,50.0,0.0,-13.873303276020117,2.769355086389711e-63,91.31545306636325,-0.0001524082522339233
31.78,50.09443548786734,50.0,0.0,-13.872389957785233,2.502632656411133e-63,91.31545306636325,-0.00013804077082399155
31.8,50.094432905722414,50.0,0.0,-13.871478356577736,2.261598826281417e-63,91.31545306636325,-0.00012375779690613822
31.82,50.09443060816279,50.0,0.0,-13.87056860362517,2.0437794727622298e-63,91.31545306636325,-0.00010956096034387989
31.84,50.094428593445606,50.0,0.0,-13.869660828892323,1.846938760643174e-63,91.31545306636325,-9.545186534158293e-05
31.86,50.094426859796265,50.0,0.0,-13.868755161070062,1.6690561927191818e-63,91.31545306636325,-8.143209038114743e-05
31.88,50.09442540540893,50.0,0.0,-13.867851727564434,1.5083058701329908e-63,91.31545306636325,-6.75031881628142e-05
31.900000000000002,50.094424228447,50.0,0.0,-13.866950654486054,1.3630377501977875e-63,91.31545306636325,-5.366668555084742e-05
31.92,50.09442332704369,50.0,0.0,-13.866052066639787,1.2317607093184844e-63,91.31545306636325,-3.9924083523775325e-05
31.94,50.09442269930252,50.0,0.0,-13.865156087514688,1.113127237158775e-63,91.31545306636325,-2.627685712845634e-05
31.96,50.0944223432978,50.0,0.0,-13.86426283927426,1.0059196049452475e-63,91.31545306636325,-1.2726455439659598e-05
31.98,50.09442225707523,50.0,0.0,-13.86337244274696,9.09037365931304e-64,91.31545306636325,7.256984767563005e-07
32.0,50.09442243865234,50.0,0.0,-13.862485017416995,8.214860597177663e-64,91.31545306636325,1.407820759624043e-05
32.02,50.09442288601905,50.0,0.0,-13.861600681415421,7.423670044841912e-64,91.31545306636325,2.732970096353584e-05
32.04,50.0944235971382,50.0,0.0,-13.860719551511487,6.708680723519187e-64,91.31545306636325,4.0478833715853795e-05
32.06,50.094424569946064,50.0,0.0,-13.859841743104276,6.062553531913653e-64,91.31545306636325,5.35242871027675e-05
32.08,50.09442580235284,50.0,0.0,-13.858967370214632,5.4786562130561925e-64,91.31545306636325,6.646476850040422e-05
32.1,50.09442729224322,50.0,0.0,-13.858096545477343,4.950995276636301e-64,91.31545306636325,7.929901142311601e-05
32.12,50.09442903747689,50.0,0.0,-13.857229380133624,4.474154478037798e-64,91.31545306636325,9.202577552921807e-05
32.14,50.09443103588906,50.0,0.0,-13.856365984023853,4.043239222588375e-64,91.31545306636325,0.00010464384662423923
32.160000000000004,50.09443328529097,50.0,0.0,-13.8555064655806,3.653826324353154e-64,91.31545306636325,0.0001171520366581028
32.18,50.094435783470445,50.0,0.0,-13.854650931821922,3.301918603764799e-64,91.31545306636325,0.00012954918372087642
32.2,50.09443852819238,50.0,0.0,-13.853799488344931,2.9839038580516565e-64,91.31545306636325,0.00014183415203059625
32.22,50.09444151719928,50.0,0.0,-13.852952239319631,2.6965177833105012e-64,91.31545306636325,0.00015400583192158305
32.24,50.09444474821181,50.0,0.0,-13.852109287483039,2.4368104676326675e-64,91.31545306636325,0.00016606313982468537
32.26,50.09444821892926,50.0,0.0,-13.851270734133553,2.2021161113478852e-64,91.31545306636325,0.00017800501824632593
32.28,50.0944519270301,50.0,0.0,-13.850436679125616,1.990025663575298e-64,91.31545306636325,0.0001898304357418662
32.3,50.094455870172524,50.0,0.0,-13.849607220864625,1.798362094205977e-64,91.31545306636325,0.0002015383868862791
32.32,50.0944600459949,50.0,0.0,-13.848782456302118,1.6251580474929567e-64,91.31545306636325,0.00021312789224006665
32.34,50.09446445211636,50.0,0.0,-13.847962480931221,1.4686356478711537e-64,91.31545306636325,0.00022459799831142855
32.36,50.094469086137295,50.0,0.0,-13.847147388782368,1.3271882507213632e-64,91.31545306636325,0.00023594777751564564
32.38,50.094473945639834,50.0,0.0,-13.846337272419268,1.1993639507566722e-64,91.31545306636325,0.0002471763281283734
32.4,50.09447902818844,50.0,0.0,-13.845532222935148,1.0838506787509634e-64,91.31545306636325,0.0002582827742385413
32.42,50.094484331330335,50.0,0.0,-13.844732329949245,9.794627336329326e-65,91.31545306636325,0.000269266265694373
32.44,50.094489852596084,50.0,0.0,-13.843937681603572,8.851286117025412e-65,91.31545306636325,0.00028012597804725684
32.46,50.09449558950009,50.0,0.0,-13.843148364559923,7.99880008041304e-65,91.31545306636325,0.00029086111249183345
32.480000000000004,50.094501539541085,50.0,0.0,-13.842364463997136,7.228418772199541e-65,91.31545306636325,0.0003014708958024327
32.5,50.09450770020266,50.0,0.0,-13.841586063608633,6.532234512803155e-65,91.31545306636325,0.00031195458026640635
32.52,50.094514068953764,50.0,0.0,-13.840813245600186,5.903101227942908e-65,91.31545306636325,0.00032231144361212776
32.54,50.09452064324923,50.0,0.0,-13.840046090687942,5.334561096825573e-65,91.31545306636325,0.00033254078893583727
32.56,50.09452742053027,50.0,0.0,-13.839284678096705,4.820778265000488e-65,91.31545306636325,0.00034264194462382987
32.58,50.09453439822495,50.0,0.0,-13.838529085558461,4.3564789414691395e-65,91.31545306636325,0.00035261426427116795
32.6,50.09454157374877,50.0,0.0,-13.837779389311148,3.9368972651684796e-65,91.31545306636325,0.00036245712659747155
32.62,50.09454894450507,50.0,0.0,-13.837035664097677,3.5577263851674346e-65,91.31545306636325,0.00037216993535882636
32.64,50.09455650788561,50.0,0.0,-13.83629798316519,3.2150742524328654e-65,91.31545306636325,0.00038175211925638744
32.660000000000004,50.094564261271024,50.0,0.0,-13.835566418264563,2.905423669383805e-65,91.31545306636325,0.00039120313184303705
32.68,50.09457220203132,50.0,0.0,-13.834841039650138,2.6255961871573983e-65,91.31545306636325,0.0004005224514252735
32.7,50.094580327526394,50.0,0.0,-13.834121916079729,2.372719480005312e-65,91.31545306636325,0.0004097095809618834
32.72,50.09458863510649,50.0,0.0,-13.833409114814803,2.1441978619308474e-65,91.31545306636325,0.0004187640479606975
32.74,50.09459712211273,50.0,0.0,-13.832702701620963,1.937685642930922e-65,91.31545306636325,0.0004276854043712402
32.76,50.09460578587756,50.0,0.0,-13.832002740768615,1.7510630513545916e-65,91.31545306636325,0.0004364732264750918
32.78,50.09461462372526,50.0,0.0,-13.83130929503389,1.5824144752300069e-65,91.31545306636325,0.0004451271147719733
32.8,50.09462363297244,50.0,0.0,-13.83062242569978,1.430008799215071e-65,91.31545306636325,0.00045364669386437724
32.82,50.094632810928466,50.0,0.0,-13.829942192557517,1.2922816353378565e-65,91.31545306636325,0.00046203161233820484
32.84,50.09464215489601,50.0,0.0,-13.829268653908173,1.1678192651318928e-65,91.31545306636325,0.00047028154264066875
32.86,50.09465166217146,50.0,0.0,-13.828601866564465,1.055344128338278e-65,91.31545306636325,0.0004783961809555063
32.88,50.09466133004544,50.0,0.0,-13.827941885852821,9.537017092214977e-66,91.31545306636325,0.00048637524707570196
32.9,50.09467115580327,50.0,0.0,-13.827288765615618,8.618486858918324e-66,91.31545306636325,0.000494218484272491
32.92,50.09468113672541,50.0,0.0,-13.82664255821367,7.788422209915183e-66,91.31545306636325,0.0005019256591627145
32.94,50.09469127008795,50.0,0.0,-13.82600331452893,7.038302838175153e-66,91.31545306636325,0.0005094965615722989
32.96,50.09470155316307,50.0,0.0,-13.825371083967386,6.360429045410455e-66,91.31545306636325,0.0005169310043987285
32.980000000000004,50.09471198321949,50.0,0.0,-13.824745914462195,5.747842707516956e-66,91.31545306636325,0.0005242288234683825
33.0,50.09472255752293,50.0,0.0,-13.824127852476993,5.194255852000287e-66,91.31545306636325,0.0005313898773946327
33.02,50.094733273336566,50.0,0.0,-13.823516943009446,4.693986114260701e-66,91.31545306636325,0.0005384140474299037
33.04,50.09474412792148,50.0,0.0,-13.822913229594993,4.241898410219293e-66,91.31545306636325,0.0005453012373179431
33.06,50.09475511853712,50.0,0.0,-13.82231675431078,3.8333522265766136e-66,91.31545306636325,0.0005520513731419643
33.08,50.094766242441715,50.0,0.0,-13.821727557779813,3.464153987657667e-66,91.31545306636325,0.0005586644031721521
33.1,50.094777496892746,50.0,0.0,-13.821145679175306,3.1305140099065397e-66,91.31545306636325,0.000565140297707817
33.12,50.09478887914737,50.0,0.0,-13.820571156225217,2.829007602184451e-66,91.31545306636325,0.0005714790489212578
33.14,50.094800386462865,50.0,0.0,-13.820004025216985,2.556539912580156e-66,91.31545306636325,0.0005776806706952049
33.160000000000004,50.09481201609705,50.0,0.0,-13.819444321002461,2.3103141608981828e-66,91.31545306636325,0.0005837451984613928
33.18,50.09482376530872,50.0,0.0,-13.818892077003028,2.0878029307431458e-66,91.31545306636325,0.0005896726890346455
33.2,50.094835631358066,50.0,0.0,-13.818347325214903,1.8867222265239666e-66,91.31545306636325,0.0005954632204461421
33.22,50.09484761150713,50.0,0.0,-13.817810096214636,1.7050080290827467e-66,91.31545306636325,0.0006011168917742019
33.24,50.094859703020155,50.0,0.0,-13.817280419164781,1.5407951093004757e-66,91.31545306636325,0.0006066338229727144
33.26,50.094871903164076,50.0,0.0,-13.816758321819757,1.3923978822090632e-66,91.31545306636325,0.0006120141546975667
33.28,50.094884209208885,50.0,0.0,-13.816243830531882,1.2582931050842256e-66,91.31545306636325,0.0006172580481318138
33.3,50.09489661842806,50.0,0.0,-13.815736970257584,1.1371042419215452e-66,91.31545306636325,0.0006223656848073067
33.32,50.09490912809894,50.0,0.0,-13.815237764563797,1.0275873338028208e-66,91.31545306636325,0.0006273372664272881
33.34,50.09492173550318,50.0,0.0,-13.814746235634514,9.286182301172388e-67,91.31545306636325,0.0006321730146830642
33.36,50.094934437927094,50.0,0.0,-13.814262404277518,8.391810495705684e-67,91.31545306636325,0.0006368731710729392
33.38,50.09494723266207,50.0,0.0,-13.813786289931274,7.583577525389005e-67,91.31545306636325,0.0006414379967165865
33.4,50.09496011700499,50.0,0.0,-13.813317910672003,6.853187177309947e-67,91.31545306636325,0.0006458677721688357
33.42,50.09497308825855,50.0,0.0,-13.812857283220898,6.193142264321524e-67,91.31545306636325,0.0006501627972319447
33.44,50.0949861437317,50.0,0.0,-13.812404422951511,5.596667669185254e-67,91.31545306636325,0.000654323390765384
33.46,50.09499928074001,50.0,0.0,-13.811959343897296,5.057640800495158e-67,91.31545306636325,0.00065834989049453
33.480000000000004,50.09501249660603,50.0,0.0,-13.811522058759312,4.570528746538406e-67,91.31545306636325,0.0006622426528179479
33.5,50.09502578865966,50.0,0.0,-13.811092578914076,4.1303314820002176e-67,91.31545306636325,0.0006660020526127717
33.52,50.09503915423854,50.0,0.0,-13.810670914421559,3.732530544550806e-67,91.31545306636325,0.0006696284830393318
33.54,50.0950525906884,50.0,0.0,-13.810257074033348,3.3730426544985006e-67,91.31545306636325,0.000673122355343157
33.56,50.09506609536341,50.0,0.0,-13.809851065200938,3.048177801431901e-67,91.31545306636325,0.0006764840986563554
33.58,50.095079665626535,50.0,0.0,-13.809452894084181,2.7546013676259453e-67,91.31545306636325,0.0006797141597976368
33.6,50.09509329884993,50.0,0.0,-13.809062565559861,2.489299899422631e-67,91.31545306636325,0.0006828130030710115
33.62,50.09510699241522,50.0,0.0,-13.808680083230428,2.249550175242262e-67,91.31545306636325,0.0006857811100630073
33.64,50.095120743713885,50.0,0.0,-13.80830544943285,2.0328912527197786e-67,91.31545306636325,0.0006886189794389699
33.660000000000004,50.0951345501476,50.0,0.0,-13.807938665247612,1.8370992080403506e-67,91.31545306636325,0.0006913271267372544
33.68,50.095148409128534,50.0,0.0,-13.807579730507834,1.6601643081828422e-67,91.31545306636325,0.0006939060841637902
33.7,50.09516231807974,50.0,0.0,-13.80722864380854,1.500270381752665e-67,91.31545306636325,0.0006963564003843184
33.72,50.09517627443541,50.0,0.0,-13.806885402516025,1.3557761766532294e-67,91.31545306636325,0.0006986786403164198
33.74,50.09519027564128,50.0,0.0,-13.806550002777373,1.2251985132393844e-67,91.31545306636325,0.0007008733849191702
33.76,50.09520431915485,50.0,0.0,-13.806222439530082,1.1071970600261856e-67,91.31545306636325,0.000702941230983891
33.78,50.09521840244581,50.0,0.0,-13.805902706511812,1.0005605756812651e-67,91.31545306636325,0.0007048827909216912
33.8,50.09523252299624,50.0,0.0,-13.805590796270252,9.041944760799382e-68,91.31545306636325,0.000706698692552141
33.82,50.095246678301,50.0,0.0,-13.805286700173102,8.171095988034564e-68,91.31545306636325,0.0007083895788893193
33.84,50.09526086586798,50.0,0.0,-13.804990408418167,7.384120497521356e-68,91.31545306636325,0.0007099561079283806
33.86,50.09527508321842,50.0,0.0,-13.804701910043557,6.6729402765259e-68,91.31545306636325,0.0007113989524308466
33.88,50.095289327887194,50.0,0.0,-13.804421192938001,6.030255322760295e-68,91.31545306636325,0.0007127187997090464
33.9,50.09530359742312,50.0,0.0,-13.804148243851264,5.449468712555429e-68,91.31545306636325,0.0007139163514093545
33.92,50.09531788938919,50.0,0.0,-13.803883048404662,4.92461888587615e-68,91.31545306636325,0.0007149923232964946
33.94,50.095332201362936,50.0,0.0,-13.80362559110169,4.450318453109455e-68,91.31545306636325,0.0007159474450351151
33.96,50.0953465309366,50.0,0.0,-13.803375855338729,4.021698895499997e-68,91.31545306636325,0.0007167824599720692
33.980000000000004,50.0953608757175,50.0,0.0,-13.803133823415859,3.6343605916032847e-68,91.31545306636325,0.0007174981249180489
34.0,50.095375233328234,50.0,0.0,-13.802899476547777,3.2843276567965995e-68,91.31545306636325,0.0007180952099278203
34.02,50.09538960140697,50.0,0.0,-13.802672794874788,2.9680071322918686e-68,91.31545306636325,0.0007185744980817545
34.04,50.09540397760771,50.0,0.0,-13.802453757473877,2.682152104740794e-68,91.31545306636325,0.0007189367852642271
34.06,50.095418359600515,50.0,0.0,-13.802242342369901,2.4238283778686125e-68,91.31545306636325,0.000719182879945022
34.08,50.09543274507177,50.0,0.0,-13.802038526546825,2.1903843540331023e-68,91.31545306636325,0.0007193136029572128
34.1,50.09544713172444,50.0,0.0,-13.801842285959072,1.9794238165541775e-68,91.31545306636325,0.0007193297872765493
34.12,50.0954615172783,50.0,0.0,-13.801653595542927,1.7887813334347317e-68,91.31545306636325,0.0007192322778000487
34.14,50.09547589947016,50.0,0.0,-13.801472429228028,1.6165000300010076e-68,91.31545306636325,0.0007190219311246897
34.160000000000004,50.0954902760541,50.0,0.0,-13.801298759948933,1.4608115023068598e-68,91.31545306636325,0.0007186996153254418
34.18,50.09550464480172,50.0,0.0,-13.801132559656761,1.3201176651204233e-68,91.31545306636325,0.0007182662097328023
34.2,50.09551900350234,50.0,0.0,-13.800973799330885,1.1929743481694756e-68,91.31545306636325,0.0007177226047109656
34.22,50.09553334996321,50.0,0.0,-13.800822448990713,1.0780764722670076e-68,91.31545306636325,0.0007170697014365152
34.24,50.09554768200976,50.0,0.0,-13.800678477707521,9.742446531554135e-69,91.31545306636325,0.0007163084116745955
34.26,50.09556199748575,50.0,0.0,-13.800541853616348,8.804130955627002e-69,91.31545306636325,0.0007154396575577308
34.28,50.09557629425355,50.0,0.0,-13.800412543927965,7.956186532076831e-69,91.31545306636325,0.0007144643713627507
34.300000000000004,50.09559057019427,50.0,0.0,-13.80029051494088,7.189909424591545e-69,91.31545306636325,0.0007133834952893033
34.32,50.09560482320799,50.0,0.0,-13.800175732053408,6.497434081693941e-69,91.31545306636325,0.0007121979812373331
34.34,50.09561905121398,50.0,0.0,-13.800068159775803,5.871652499760982e-69,91.31545306636325,0.0007109087905848587
34.36,50.0956332521508,50.0,0.0,-13.79996776174243,5.30614126199201e-69,91.31545306636325,0.0007095168939662093
34.38,50.095647423976565,50.0,0.0,-13.79987450072398,4.795095604407834e-69,91.31545306636325,0.0007080232710501509
34.4,50.09566156466911,50.0,0.0,-13.799788338639745,4.3332698320925247e-69,91.31545306636325,0.000706428910318433
34.42,50.0956756722261,50.0,0.0,-13.799709236569926,3.9159234740726415e-69,91.31545306636325,0.0007047348088453193
34.44,50.09568974466531,50.0,0.0,-13.799637154767996,3.5387726241336273e-69,91.31545306636325,0.0007029419720745571
34.46,50.095703780024664,50.0,0.0,-13.799572052673078,3.1979459681048136e-69,91.31545306636325,0.0007010514136009232
34.480000000000004,50.09571777636249,50.0,0.0,-13.799513888922384,2.889945046249363e-69,91.31545306636325,0.0006990641549485916
34.5,50.095731731757645,50.0,0.0,-13.799462621363674,2.611608342867255e-69,91.31545306636325,0.0006969812253517233
34.52,50.09574564430966,50.0,0.0,-13.799418207067754,2.360078834504361e-69,91.31545306636325,0.0006948036615342145
34.54,50.09575951213888,50.0,0.0,-13.799380602341007,2.1327746636619547e-69,91.31545306636325,0.0006925325074918718
34.56,50.09577333338663,50.0,0.0,-13.79934976273794,1.9273626369831155e-69,91.31545306636325,0.0006901688142722845
34.58,50.09578710621535,50.0,0.0,-13.799325643073772,1.7417342758847095e-69,91.31545306636325,0.0006877136397577247
34.6,50.09580082880869,50.0,0.0,-13.799308197437028,1.5739841738035148e-69,91.31545306636325,0.0006851680484472271
34.62,50.09581449937171,50.0,0.0,-13.799297379202176,1.4223904379016317e-69,91.31545306636325,0.0006825331112395997
34.64,50.09582811613093,50.0,0.0,-13.799293141042265,1.2853970144724956e-69,91.31545306636325,0.0006798099052166429
34.660000000000004,50.09584167733452,50.0,0.0,-13.799295434941586,1.1615977166243223e-69,91.31545306636325,0.0006769995134279374
34.68,50.095855181252354,50.0,0.0,-13.799304212208357,1.0497217902910502e-69,91.31545306636325,0.0006741030246758679
34.7,50.09586862617616,50.0,0.0,-13.799319423487404,9.486208704112177e-70,91.31545306636325,0.0006711215332995886
34.72,50.095882010419636,50.0,0.0,-13.799341018772862,8.572571933847649e-70,91.31545306636325,0.000668056138963338
34.74,50.09589533231851,50.0,0.0,-13.799368947420898,7.746929448129858e-70,91.31545306636325,0.0006649079464419485
34.76,50.0959085902307,50.0,0.0,-13.799403158162413,7.000806331801167e-70,91.31545306636325,0.0006616780654094163
34.78,50.095921782536344,50.0,0.0,-13.799443599115765,6.32654390665954e-70,91.31545306636325,0.0006583676102270386
34.800000000000004,50.09593490763794,50.0,0.0,-13.7994902177995,5.717221117955607e-70,91.31545306636325,0.0006549776997326189
34.82,50.09594796396041,50.0,0.0,-13.799542961145068,5.166583492322007e-70,91.31545306636325,0.0006515094570314506
34.84,50.09596094995121,50.0,0.0,-13.79960177550955,4.668978937914421e-70,91.31545306636325,0.0006479640092864051
34.86,50.09597386408036,50.0,0.0,-13.799666606688378,4.219299727776436e-70,91.31545306636325,0.0006443424875110113
34.88,50.09598670484054,50.0,0.0,-13.799737399928047,3.812930070908924e-70,91.31545306636325,0.0006406460263613197
34.9,50.095999470747216,50.0,0.0,-13.79981409993882,3.445698732880317e-70,91.31545306636325,0.0006368757639306817
34.92,50.0960121603386,50.0,0.0,-13.79989665090743,3.113836219645849e-70,91.31545306636325,0.0006330328415443408
34.94,50.0960247721758,50.0,0.0,-13.79998499650976,2.8139360850834818e-70,91.31545306636325,0.0006291184035551124
34.96,50.096037304842845,50.0,0.0,-13.800079079923524,2.5429199650826625e-70,91.31545306636325,0.0006251335971400421
34.980000000000004,50.096049756946734,50.0,0.0,-13.80017884384091,2.29800597927375e-70,91.31545306636325,0.0006210795720994919
35.0,50.096062127117484,50.0,0.0,-13.800284230481239,2.0766801760535322e-70,91.31545306636325,0.0006169574806552535
35.02,50.0960744140082,50.0,0.0,-13.800395181603564,1.87667072780057e-70,91.31545306636325,0.0006127684772506484
35.04,50.096086616295096,50.0,0.0,-13.8005116385193,1.695924611403781e-70,91.31545306636325,0.0006085137183524363
35.06,50.09609873267754,50.0,0.0,-13.800633542104775,1.5325865347385058e-70,91.31545306636325,0.0006041943622525368
35.08,50.09611076187809,50.0,0.0,-13.800760832813799,1.3849798927781185e-70,91.31545306636325,0.0005998115688726735
35.1,50.0961227026425,50.0,0.0,-13.800893450690186,1.2515895578626967e-70,91.31545306636325,0.0005953664995681185
35.12,50.09613455373978,50.0,0.0,-13.801031335380262,1.1310463274732169e-70,91.31545306636325,0.0005908603169339459
35.14,50.09614631396223,50.0,0.0,-13.801174426145327,1.0221128698734243e-70,91.31545306636325,0.0005862941846129653
35.160000000000004,50.0961579821254,50.0,0.0,-13.80132266187409,9.2367102335658e-71,91.31545306636325,0.0005816692671033536
35.18,50.09616955706814,50.0,0.0,-13.80147598109509,8.34710318728543e-71,91.31545306636325,0.0005769867295690031
35.2,50.09618103765263,50.0,0.0,-13.801634321989047,7.543176072147183e-71,91.31545306636325,0.0005722477376506537
35.22,50.096192422764354,50.0,0.0,-13.801797622401214,6.8166768732516606e-71,91.31545306636325,0.000567453457278255
35.24,50.09620371131212,50.0,0.0,-13.801965819853658,6.160148344661013e-71,91.31545306636325,0.0005626050544840676
35.26,50.096214902228056,50.0,0.0,-13.802138851557526,5.566851463523796e-71,91.31545306636325,0.0005577036952193129
35.28,50.096225994467595,50.0,0.0,-13.802316654425258,5.0306962564945135e-71,91.31545306636325,0.0005527505451690526
35.300000000000004,50.0962369870095,50.0,0.0,-13.802499165082754,4.5461792884066106e-71,91.31545306636325,0.0005477467695707647
35.32,50.096247878855806,50.0,0.0,-13.802686319881495,4.1083271715432335e-71,91.31545306636325,0.000542693533034364
35.34,50.09625866903185,50.0,0.0,-13.80287805491064,3.712645515649278e-71,91.31545306636325,0.0005375919993618602
35.36,50.09626935658623,50.0,0.0,-13.803074306009036,3.3550727946754613e-71,91.31545306636325,0.0005324433313699103
35.38,50.09627994059077,50.0,0.0,-13.803275008777216,3.031938656713591e-71,91.31545306636325,0.0005272486907143694
35.4,50.096290420140534,50.0,0.0,-13.80348009858933,2.739926249189901e-71,91.31545306636325,0.0005220092377141001
35.42,50.09630079435376,50.0,0.0,-13.803689510605007,2.4760381725984897e-71,91.31545306636325,0.0005167261311786597
35.44,50.096311062371846,50.0,0.0,-13.803903179781209,2.237565713302509e-71,91.31545306636325,0.0005114005282359059
35.46,50.096321223359304,50.0,0.0,-13.804121040883967,2.022061039589168e-71,91.31545306636325,0.0005060335841621886
35.480000000000004,50.09633127650373,50.0,0.0,-13.804343028500117,1.82731207558133e-71,91.31545306636325,0.0005006264522132614
35.5,50.09634122101576,50.0,0.0,-13.804569077048946,1.6513197950956826e-71,91.31545306636325,0.0004951802834580201
35.52,50.09635105612902,50.0,0.0,-13.804799120793785,1.4922777023773245e-71,91.31545306636325,0.000489696226611219
35.54,50.09636078110009,50.0,0.0,-13.80503309385354,1.348553289088086e-71,91.31545306636325,0.00048417542787136246
35.56,50.09637039520841,50.0,0.0,-13.805270930214174,1.2186712772114183e-71,91.31545306636325,0.0004786190307573545
35.58,50.09637989775629,50.0,0.0,-13.805512563740097,1.101298475868461e-71,91.31545306636325,0.000473028175947704
35.6,50.0963892880688,50.0,0.0,-13.805757928185518,9.952300966060968e-72,91.31545306636325,0.0004674040011219498
35.62,50.09639856549373,50.0,0.0,-13.80600695720572,8.993773866884787e-72,91.31545306636325,0.0004617476408031096
35.64,50.0964077294015,50.0,0.0,-13.806259584368258,8.127564534523363e-72,91.31545306636325,0.00045606022620166357
35.660000000000004,50.09641677918514,50.0,0.0,-13.806515743164113,7.344781650121977e-72,91.31545306636325,0.00045034288506145366
35.68,50.09642571426018,50.0,0.0,-13.80677536701874,6.637390236499936e-72,91.31545306636325,0.00044459674150749983
35.7,50.096434534064564,50.0,0.0,-13.80703838930308,5.998129182077598e-72,91.31545306636325,0.0004388229158953107
35.72,50.09644323805863,50.0,0.0,-13.807304743344478,5.420436708247962e-72,91.31545306636325,0.00043302252466142447
35.74,50.09645182572497,50.0,0.0,-13.80757436243753,4.898383015142919e-72,91.31545306636325,0.00042719668017673933
35.76,50.09646029656838,50.0,0.0,-13.807847179854857,4.4266094144278327e-72,91.31545306636325,0.00042134649060063955
35.78,50.09646865011576,50.0,0.0,-13.80812312885781,4.000273324345054e-72,91.31545306636325,0.0004154730597374287
35.800000000000004,50.09647688591603,50.0,0.0,-13.808402142707083,3.614998562400839e-72,91.31545306636325,0.00040957748689337864
35.82,50.09648500354005,50.0,0.0,-13.808684154673257,3.266830425468422e-72,91.31545306636325,0.0004036608667381857
35.84,50.0964930025805,50.0,0.0,-13.808969098047267,2.9521950962211293e-72,91.31545306636325,0.000397724289164671
35.86,50.0965008826518,50.0,0.0,-13.809256906150786,2.6678629592175413e-72,91.31545306636325,0.0003917688391526648
35.88,50.09650864339002,50.0,0.0,-13.809547512346505,2.41091545009187e-72,91.31545306636325,0.00038579559663497366
35.9,50.09651628445273,50.0,0.0,-13.80984085004838,2.1787150975687443e-72,91.31545306636325,0.00037980563636259856
35.92,50.09652380551897,50.0,0.0,-13.810136852731747,1.9688784507947396e-72,91.31545306636325,0.0003738000277743709
35.94,50.09653120628907,50.0,0.0,-13.810435453943375,1.779251614095716e-72,91.31545306636325,0.0003677798348675477
35.96,50.0965384864846,50.0,0.0,-13.810736587311435,1.607888138033284e-72,91.31545306636325,0.00036174611606955433
35.980000000000004,50.09654564584819,50.0,0.0,-13.811040186555367,1.453029039820257e-72,91.31545306636325,0.00035569992411201094
36.0,50.09655268414348,50.0,0.0,-13.811346185495683,1.3130847480120372e-72,91.31545306636325,0.0003496423059071731
36.02,50.09655960115497,50.0,0.0,-13.811654518063653,1.1866187861428575e-72,91.31545306636325,0.0003435743024257375
36.04,50.0965663966879,50.0,0.0,-13.811965118310928,1.0723330278254369e-72,91.31545306636325,0.00033749694857558956
36.06,50.096573070568134,50.0,0.0,-13.812277920419064,9.690543719630885e-73,91.31545306636325,0.00033141127308401687
36.08,50.09657962264202,50.0,0.0,-13.812592858708943,8.757227013002576e-73,91.31545306636325,0.00032531829838109506
36.1,50.09658605277629,50.0,0.0,-13.812909867650113,7.913800007104568e-73,91.31545306636325,0.00031921904048414455
36.12,50.096592360857905,50.0,0.0,-13.813228881870046,7.151605235248438e-73,91.31545306636325,0.00031311450888546775
36.14,50.09659854679395,50.0,0.0,-13.81354983616328,6.462819049624369e-73,91.31545306636325,0.00030700570644097875
36.160000000000004,50.096604610511456,50.0,0.0,-13.813872665500478,5.840371314446114e-73,91.31545306636325,0.00030089362926099693
36.18,50.096610551957305,50.0,0.0,-13.8141973050374,5.277872833618567e-73,91.31545306636325,0.00029477926660233125
36.2,50.09661637109809,50.0,0.0,-13.81452369012377,4.7695497679997546e-73,91.31545306636325,0.00028866360076402645
36.22,50.09662206791994,50.0,0.0,-13.814851756312038,4.3101843690746565e-73,91.31545306636325,0.00028254760698248014
36.24,50.0966276424284,50.0,0.0,-13.815181439366071,3.8950614206939227e-73,91.31545306636325,0.00027643225333062
36.26,50.09663309464831,50.0,0.0,-13.815512675269723,3.5199198391217075e-73,91.31545306636325,0.0002703185006170307
36.28,50.09663842462361,50.0,0.0,-13.815845400235307,3.1809089345849854e-73,91.31545306636325,0.0002642073022898393
36.300000000000004,50.096643632417226,50.0,0.0,-13.816179550711993,2.874548885365321e-73,91.31545306636325,0.0002580996043383734
36.32,50.09664871811091,50.0,0.0,-13.81651506339408,2.597695018714232e-73,91.31545306636325,0.000251996345200605
36.34,50.09665368180508,50.0,0.0,-13.81685187522917,2.347505531948934e-73,91.31545306636325,0.0002458984556700854
36.36,50.096658523618686,50.0,0.0,-13.817189923426271,2.1214123223974507e-73,91.31545306636325,0.00023980685880586346
36.38,50.09666324368903,50.0,0.0,-13.817529145463753,1.917094626773235e-73,91.31545306636325,0.00023372246984424295
36.4,50.09666784217162,50.0,0.0,-13.817869479097238,1.7324551993972262e-73,91.31545306636325,0.00022764619611092437
36.42,50.096672319240014,50.0,0.0,-13.818210862367378,1.565598784745593e-73,91.31545306636325,0.00022157893693841043
36.44,50.09667667508567,50.0,0.0,-13.818553233607526,1.4148126633518082e-73,91.31545306636325,0.00021552158358075966
36.46,50.09668090991774,50.0,0.0,-13.818896531451307,1.2785490713739339e-73,91.31545306636325,0.00020947501913404486
36.480000000000004,50.09668502396296,50.0,0.0,-13.819240694840081,1.1554093133704629e-73,91.31545306636325,0.00020344011845775146
36.5,50.09668901746545,50.0,0.0,-13.819585663030317,1.0441294052082332e-73,91.31545306636325,0.00019741774809571078
36.52,50.09669289068655,50.0,0.0,-13.81993137560084,9.435670997321641e-74,91.31545306636325,0.0001914087662030294
36.54,50.09669664390467,50.0,0.0,-13.820277772459995,8.526901620201084e-74,91.31545306636325,0.00018541402247042332
36.56,50.0967002774151,50.0,0.0,-13.820624793852698,7.705657738726414e-74,91.31545306636325,0.00017943435805522375
36.58,50.09670379152985,50.0,0.0,-13.820972380367365,6.96350958778788e-74,91.31545306636325,0.000173470605509032
36.6,50.09670718657746,50.0,0.0,-13.821320472942771,6.292839290734992e-74,91.31545306636325,0.00016752358871210255
36.62,50.096710462902855,50.0,0.0,-13.821669012874773,5.686762664686425e-74,91.31545306636325,0.00016159412280607104
36.64,50.09671362086714,50.0,0.0,-13.822017941822935,5.13905855693548e-74,91.31545306636325,0.00015568301413058442
36.660000000000004,50.09671666084745,50.0,0.0,-13.822367201817048,4.64410498711538e-74,91.31545306636325,0.00014979106016103832
36.68,50.09671958323675,50.0,0.0,-13.822716735263551,4.19682143964734e-74,91.31545306636325,0.00014391904944809658
36.7,50.09672238844365,50.0,0.0,-13.823066484951834,3.792616714124681e-74,91.31545306636325,0.0001380677615587124
36.72,50.09672507689227,50.0,0.0,-13.823416394060432,3.4273417983364517e-74,91.31545306636325,0.00013223796702082778
36.74,50.096727649022,50.0,0.0,-13.823766406163125,3.0972472801895624e-74,91.31545306636325,0.0001264304272674276
36.76,50.09673010528736,50.0,0.0,-13.824116465234919,2.798944861378524e-74,91.31545306636325,0.00012064589458406165
36.78,50.09673244615778,50.0,0.0,-13.824466515657923,2.5293725777548412e-74,91.31545306636325,0.00011488511205761382
36.800000000000004,50.09673467211747,50.0,0.0,-13.824816502227115,2.2857633693959914e-74,91.31545306636325,0.00010914881352723822
36.82,50.096736783665165,50.0,0.0,-13.825166370156015,2.065616677757356e-74,91.31545306636325,0.00010343772353697738
36.84,50.096738781313995,50.0,0.0,-13.825516065082228,1.866672778362366e-74,91.31545306636325,9.775255728920321e-05
36.86,50.09674066559128,50.0,0.0,-13.82586553307289,1.6868895855653945e-74,91.31545306636325,9.209402060255887e-05
36.88,50.09674243703832,50.0,0.0,-13.826214720630007,1.5244216912968719e-74,91.31545306636325,8.646280986833236e-05
36.9,50.096744096210244,50.0,0.0,-13.826563574695692,1.3776014226310652e-74,91.31545306636325,8.085961201065573e-05
36.92,50.09674564367578,50.0,0.0,-13.826912042657273,1.2449217237394663e-74,91.31545306636325,7.528510444920888e-05
36.94,50.09674708001712,50.0,0.0,-13.827260072352312,1.1250206865193573e-74,91.31545306636325,6.97399550606093e-05
36.96,50.09674840582964,50.0,0.0,-13.827607612073509,1.0166675711101672e-74,91.31545306636325,6.42248221454865e-05
36.980000000000004,50.09674962172183,50.0,0.0,-13.827954610573503,9.187501728033891e-75,91.31545306636325,5.8740354394198954e-05
37.0,50.09675072831496,50.0,0.0,-13.828301017069549,8.30263405672049e-75,91.31545306636325,5.328719085592168e-05
37.02,50.09675172624302,50.0,0.0,-13.828646781248116,7.502989857349026e-75,91.31545306636325,4.7865960908683626e-05
37.04,50.096752616152436,50.0,0.0,-13.828991853269342,6.780361077568511e-75,91.31545306636325,4.247728423275239e-05
37.06,50.096753398701914,50.0,0.0,-13.829336183771405,6.12733019986374e-75,91.31545306636325,3.7121770782651286e-05
37.08,50.096754074562234,50.0,0.0,-13.829679723874781,5.537194103477724e-75,91.31545306636325,3.180002076457697e-05
37.1,50.096754644416066,50.0,0.0,-13.830022425186396,5.003895259352972e-75,91.31545306636325,2.651262461311821e-05
37.12,50.09675510895775,50.0,0.0,-13.83036423980366,4.521959551833126e-75,91.31545306636325,2.1260162969318948e-05
37.14,50.09675546889314,50.0,0.0,-13.83070512031841,4.0864400888876474e-75,91.31545306636325,1.6043206663747414e-05
37.160000000000004,50.096755724939364,50.0,0.0,-13.831045019820722,3.6928664240923154e-75,91.31545306636325,1.086231669623119e-05
37.18,50.09675587782465,50.0,0.0,-13.831383891902654,3.3371986691478715e-75,91.31545306636325,5.7180442225011e-06
37.2,50.09675592828813,50.0,0.0,-13.83172169066184,3.015786025918797e-75,91.31545306636325,6.10930538317035e-07
37.22,50.09675587707965,50.0,0.0,-13.832058370705003,2.725329312338909e-75,91.31545306636325,-4.458492932466955e-06
37.24,50.096755724959536,50.0,0.0,-13.83239388715136,2.4628470975260306e-75,91.31545306636325,-9.489704648526684e-06
37.26,50.09675547269844,50.0,0.0,-13.832728195635905,2.225645098495202e-75,91.31545306636325,-1.4482192960792321e-05
37.28,50.096755121077116,50.0,0.0,-13.833061252312612,2.0112885243389992e-75,91.31545306636325,-1.943545611955114e-05
37.300000000000004,50.09675467088623,50.0,0.0,-13.833393013857506,1.817577083998179e-75,91.31545306636325,-2.434900228091824e-05
37.32,50.09675412292616,50.0,0.0,-13.83372343747165,1.642522401086653e-75,91.31545306636325,-2.922234951066549e-05
37.34,50.096753478006804,50.0,0.0,-13.834052480884004,1.4843276039423074e-75,91.31545306636325,-3.405502578743514e-05
37.36,50.09675273694737,50.0,0.0,-13.834380102354217,1.3413688814030842e-75,91.31545306636325,-3.8846569003783185e-05
37.38,50.09675190057619,50.0,0.0,-13.834706260675263,1.2121788149851692e-75,91.31545306636325,-4.359652696573125e-05
37.4,50.096750969730515,50.0,0.0,-13.835030915176024,1.0954313163742595e-75,91.31545306636325,-4.830445739081366e-05
37.42,50.096749945256306,50.0,0.0,-13.83535402572373,9.899280156188215e-76,91.31545306636325,-5.296992790442909e-05
37.44,50.09674882800807,50.0,0.0,-13.835675552726322,8.94585960305165e-76,91.31545306636325,-5.7592516035580275e-05
37.46,50.09674761884862,50.0,0.0,-13.8359954571347,8.084264994509145e-76,91.31545306636325,-6.217180920897535e-05
37.480000000000004,50.096746318648904,50.0,0.0,-13.836313700444872,7.305652380141498e-76,91.31545306636325,-6.670740473822939e-05
37.5,50.0967449282878,50.0,0.0,-13.8366302447,6.60202958904958e-76,91.31545306636325,-7.11989098152906e-05
37.52,50.09674344865192,50.0,0.0,-13.836945052492341,5.96617419317205e-76,91.31545306636325,-7.564594150048167e-05
37.54,50.09674188063542,50.0,0.0,-13.837258086965093,5.391559371728962e-76,91.31545306636325,-8.004812670837127e-05
37.56,50.09674022513977,50.0,0.0,-13.837569311814143,4.8722869158171966e-76,91.31545306636325,-8.440510219537757e-05
37.58,50.09673848307361,50.0,0.0,-13.8378786912897,4.403026685474629e-76,91.31545306636325,-8.871651454315179e-05
37.6,50.09673665535251,50.0,0.0,-13.838186190197844,3.978961897762153e-76,91.31545306636325,-9.298202014270726e-05
37.62,50.09673474289878,50.0,0.0,-13.838491773901973,3.5957396842659273e-76,91.31545306636325,-9.720128517469968e-05
37.64,50.09673274664132,50.0,0.0,-13.83879540832414,3.24942641051088e-76,91.31545306636325,-0.00010137398559155982
37.660000000000004,50.09673066751535,50.0,0.0,-13.83909705994631,2.9364672986557424e-76,91.31545306636325,-0.00010549980709412198
37.68,50.09672850646228,50.0,0.0,-13.8393966958115,2.6536499390114998e-76,91.31545306636325,-0.00010957844511154975
37.7,50.09672626442946,50.0,0.0,-13.839694283524837,2.398071315842462e-76,91.31545306636325,-0.00011360960477515209
37.72,50.09672394237007,50.0,0.0,-13.839989791254508,2.167108008981993e-76,91.31545306636325,-0.00011759300089486801
37.74,50.09672154124282,50.0,0.0,-13.84028318773263,1.9583892653934805e-76,91.31545306636325,-0.00012152835793177851
37.76,50.09671906201183,50.0,0.0,-13.840574442256006,1.7697726642660778e-76,91.31545306636325,-0.00012541540997034435
37.78,50.09671650564643,50.0,0.0,-13.8408635246868,1.599322125856398e-76,91.31545306636325,-0.00012925390068986456
37.800000000000004,50.096713873120926,50.0,0.0,-13.841150405453105,1.4452880383450592e-76,91.31545306636325,-0.00013304358333283853
37.82,50.096711165414476,50.0,0.0,-13.841435055549429,1.3060892987175908e-76,91.31545306636325,-0.00013678422067372583
37.84,50.09670838351085,50.0,0.0,-13.84171744653709,1.1802970833259851e-76,91.31545306636325,-0.00014047558498605424
37.86,50.09670552839824,50.0,0.0,-13.841997550544498,1.0666201815416993e-76,91.31545306636325,-0.0001441174580082436
37.88,50.096702601069104,50.0,0.0,-13.842275340267383,9.638917419554728e-77,91.31545306636325,-0.000147709630906935
37.9,50.09669960251995,50.0,0.0,-13.842550788968882,8.71057295078598e-77,91.31545306636325,-0.00015125190424179806
37.92,50.096696533751164,50.0,0.0,-13.842823870479576,7.871639296030964e-77,91.31545306636325,-0.0001547440879261916
37.94,50.0966933957668,50.0,0.0,-13.843094559197423,7.113505111191081e-77,91.31545306636325,-0.00015818600118843948
37.96,50.09669018957444,50.0,0.0,-13.843362830087607,6.428388428882423e-77,91.31545306636325,-0.0001615774725319263
37.980000000000004,50.09668691618496,50.0,0.0,-13.843628658682277,5.809256779414915e-77,91.31545306636325,-0.000164918339692648
38.0,50.09668357661237,50.0,0.0,-13.843892021080233,5.249755005088446e-77,91.31545306636325,-0.00016820844959753491
38.02,50.09668017187363,50.0,0.0,-13.8441528939465,4.744140026846414e-77,91.31545306636325,-0.000171447658319528
38.04,50.096676702988454,50.0,0.0,-13.844411254511826,4.2872218936904665e-77,91.31545306636325,-0.0001746358310333037
38.06,50.096673170979166,50.0,0.0,-13.844667080572082,3.8743105097504555e-77,91.31545306636325,-0.00017777284196942696
38.08,50.09666957687046,50.0,0.0,-13.844920350487602,3.5011674921826576e-77,91.31545306636325,-0.00018085857436657833
38.1,50.09666592168928,50.0,0.0,-13.845171043182406,3.163962665735367e-77,91.31545306636325,-0.00018389292042377074
38.12,50.09666220646459,50.0,0.0,-13.84541913814337,2.8592347474146457e-77,91.31545306636325,-0.0001868757812508244
38.14,50.096658432227244,50.0,0.0,-13.845664615419295,2.583855817692846e-77,91.31545306636325,-0.00018980706681798854
38.160000000000004,50.09665460000977,50.0,0.0,-13.845907455619905,2.3349992135699826e-77,91.31545306636325,-0.0001926866959055435
38.18,50.09665071084622,50.0,0.0,-13.846147639914747,2.1101105139220914e-77,91.31545306636325,-0.00019551459604978753
38.2,50.096646765771986,50.0,0.0,-13.846385150032033,1.9068813193118894e-77,91.31545306636325,-0.0001982907034911374
38.22,50.096642765823624,50.0,0.0,-13.846619968257382,1.723225557121178e-77,91.31545306636325,-0.000201014963118831
38.24,50.096638712038676,50.0,0.0,-13.846852077432507,1.557258068785928e-77,91.31545306636325,-0.00020368732841629606
38.26,50.09663460545553,50.0,0.0,-13.847081460953792,1.4072752593399165e-77,91.31545306636325,-0.0002063077614047959
38.28,50.0966304471132,50.0,0.0,-13.847308102770825,1.271737610641639e-77,91.31545306636325,-0.00020887623258582182
38.300000000000004,50.09662623805121,50.0,0.0,-13.847531987384828,1.1492538787892203e-77,91.31545306636325,-0.00021139272088329113
38.32,50.09662197930938,50.0,0.0,-13.84775309984703,1.03856681351563e-77,91.31545306636325,-0.00021385721358513352
38.34,50.0966176719277,50.0,0.0,-13.84797142575695,9.385402529790672e-78,91.31545306636325,-0.0002162697062819277
38.36,50.09661331694613,50.0,0.0,-13.84818695126063,8.4814746148130705e-78,91.31545306636325,-0.0002186302028078924
38.38,50.09660891540446,50.0,0.0,-13.848399663048754,7.664605904049909e-78,91.31545306636325,-0.00022093871517808524
38.4,50.09660446834213,50.0,0.0,-13.848609548354741,6.926411541902783e-78,91.31545306636325,-0.00022319526352650447
38.42,50.096599976798075,50.0,0.0,-13.848816594952735,6.25931423590278e-78,91.31545306636325,-0.00022539987604271923
38.44,50.096595441810585,50.0,0.0,-13.849020791155537,5.656466478602017e-78,91.31545306636325,-0.0002275525889074867
38.46,50.0965908644171,50.0,0.0,-13.849222125812465,5.111680260438878e-78,91.31545306636325,-0.00022965344622886074
38.480000000000004,50.09658624565411,50.0,0.0,-13.849420588307147,4.61936355210546e-78,91.31545306636325,-0.00023170249997553515
38.5,50.09658158655694,50.0,0.0,-13.849616168555242,4.1744629044321907e-78,91.31545306636325,-0.00023369980991073505
38.52,50.09657688815963,50.0,0.0,-13.849808857002088,3.7724115765986373e-78,91.31545306636325,-0.0002356454435258912
38.54,50.09657215149479,50.0,0.0,-13.84999864462031,3.4090826602257533e-78,91.31545306636325,-0.00023753947597140833
38.56,50.096567377593416,50.0,0.0,-13.850185522907324,3.080746718185675e-78,91.31545306636325,-0.0002393819899894495
38.58,50.09656256748476,50.0,0.0,-13.850369483882814,2.7840335033071036e-78,91.31545306636325,-0.00024117307584418314
38.6,50.096557722196174,50.0,0.0,-13.85055052008611,2.5158973640329253e-78,91.31545306636325,-0.00024291283125149073
38.62,50.09655284275297,50.0,0.0,-13.850728624573536,2.2735859819319123e-78,91.31545306636325,-0.00024460136130892944
38.64,50.09654793017826,50.0,0.0,-13.850903790915682,2.0546121201666193e-78,91.31545306636325,-0.0002462387784245407
38.660000000000004,50.09654298549281,50.0,0.0,-13.851076013194596,1.856728092925931e-78,91.31545306636325,-0.000247825202244612
38.68,50.096538009714926,50.0,0.0,-13.851245286000955,1.6779026937604138e-78,91.31545306636325,-0.0002493607595815693
38.7,50.096533003860266,50.0,0.0,-13.851411604431139,1.5163003459983536e-78,91.31545306636325,-0.0002508455843406423
38.72,50.09652796894173,50.0,0.0,-13.851574964084282,1.3702622612292097e-78,91.31545306636325,-0.0002522798174466263
38.74,50.09652290596931,50.0,0.0,-13.85173536105923,1.2382894124532673e-78,91.31545306636325,-0.00025366360676966094
38.76,50.09651781594997,50.0,0.0,-13.85189279195147,1.1190271471231638e-78,91.31545306636325,-0.0002549971070496186
38.78,50.09651269988748,50.0,0.0,-13.852047253849982,1.0112512821358435e-78,91.31545306636325,-0.0002562804798222806
38.800000000000004,50.096507558782285,50.0,0.0,-13.852198744334066,9.138555380451673e-79,91.31545306636325,-0.00025751389334241443
38.82,50.096502393631404,50.0,0.0,-13.852347261470074,8.258401835120115e-79,91.31545306636325,-0.00025869752250843594
38.84,50.096497205428264,50.0,0.0,-13.852492803808135,7.463017734313326e-79,91.31545306636325,-0.00025983154878398427
38.86,50.09649199516259,50.0,0.0,-13.852635370378778,6.744238754018577e-79,91.31545306636325,-0.00026091616012320976
38.88,50.096486763820245,50.0,0.0,-13.852774960689558,6.094686893490427e-79,91.31545306636325,-0.00026195155089083416
38.9,50.09648151238316,50.0,0.0,-13.852911574721585,5.507694742798199e-79,91.31545306636325,-0.0002629379217846759
38.92,50.096476241829144,50.0,0.0,-13.853045212926029,4.977237044325706e-79,91.31545306636325,-0.000263875479758269
38.94,50.096470953131806,50.0,0.0,-13.853175876220572,4.4978688457273066e-79,91.31545306636325,-0.0002647644379399671
38.96,50.0964656472604,50.0,0.0,-13.85330356598581,4.0646696095032136e-79,91.31545306636325,-0.0002656050155549369
38.980000000000004,50.09646032517975,50.0,0.0,-13.853428284061614,3.6731927054995016e-79,91.31545306636325,-0.00026639743784514217
39.0,50.096454987850066,50.0,0.0,-13.85355003274344,3.319419767891981e-79,91.31545306636325,-0.00026714193598939394
39.02,50.096449636226886,50.0,0.0,-13.85366881477859,2.999719448145231e-79,91.31545306636325,-0.0002678387470225049
39.04,50.09644427126092,50.0,0.0,-13.853784633362439,2.710810140561153e-79,91.31545306636325,-0.00026848811375454105
39.06,50.09643889389797,50.0,0.0,-13.853897492134616,2.449726297808568e-79,91.31545306636325,-0.00026909028469039034
39.08,50.096433505078764,50.0,0.0,-13.854007395175142,2.2137879906752155e-79,91.31545306636325,-0.0002696455139475395
39.1,50.09642810573891,50.0,0.0,-13.85411434700053,2.0005733995842428e-79,91.31545306636325,-0.00027015406117548936
39.12,50.09642269680874,50.0,0.0,-13.854218352559839,1.8078939555107695e-79,91.31545306636325,-0.0002706161914726917
39.14,50.09641727921322,50.0,0.0,-13.854319417230686,1.6337718751292152e-79,91.31545306636325,-0.0002710321753049115
39.160000000000004,50.09641185387184,50.0,0.0,-13.85441754681524,1.4764198595979712e-79,91.31545306636325,-0.00027140228842285945
39.18,50.096406421698525,50.0,0.0,-13.854512747536159,1.3342227485969493e-79,91.31545306636325,-0.00027172681177995204
39.2,50.096400983601484,50.0,0.0,-13.85460502603249,1.2057209413034669e-79,91.31545306636325,-0.00027200603144805167
39.22,50.09639554048316,50.0,0.0,-13.854694389355545,1.0895954141289195e-79,91.31545306636325,-0.0002722402385361225
39.24,50.096390093240124,50.0,0.0,-13.854780844964743,9.846541814288366e-80,91.31545306636325,-0.0002724297291060109
39.26,50.09638464276294,50.0,0.0,-13.854864400723404,8.898200602105114e-80,91.31545306636325,-0.0002725748040892356
39.28,50.096379189936115,50.0,0.0,-13.854945064894519,8.041196132474476e-80,91.31545306636325,-0.0002726757692034365
39.300000000000004,50.09637373563797,50.0,0.0,-13.855022846136498,7.266731571057768e-80,91.31545306636325,-0.00027273293486899453
39.32,50.096368280740556,50.0,0.0,-13.855097753498866,6.5668573251872846e-80,91.31545306636325,-0.0002727466161247012
39.34,50.09636282610959,50.0,0.0,-13.855169796417945,5.934389444233827e-80,91.31545306636325,-0.0002727171325441978
39.36,50.09635737260431,50.0,0.0,-13.855238984712503,5.362835879006933e-80,91.31545306636325,-0.0002726448081523241
39.38,50.09635192107744,50.0,0.0,-13.85530532857938,4.846329843267843e-80,91.31545306636325,-0.000272529971339698
39.4,50.096346472375075,50.0,0.0,-13.855368838589069,4.379569593335704e-80,91.31545306636325,-0.00027237295478040193
39.42,50.09634102733661,50.0,0.0,-13.855429525681286,3.957764007646932e-80,91.31545306636325,-0.0002721740953461779
39.44,50.09633558679464,50.0,0.0,-13.855487401160511,3.576583407662002e-80,91.31545306636325,-0.00027193373402331796
39.46,50.096330151574904,50.0,0.0,-13.855542476691515,3.232115115314449e-80,91.31545306636325,-0.0002716522158273176
39.480000000000004,50.09632472249617,50.0,0.0,-13.855594764294834,2.920823290815693e-80,91.31545306636325,-0.0002713298897194282
39.5,50.09631930037021,50.0,0.0,-13.855644276342254,2.6395126385656043e-80,91.31545306636325,-0.00027096710852242076
39.52,50.09631388600166,50.0,0.0,-13.855691025552254,2.385295608623379e-80,91.31545306636325,-0.0002705642288356739
39.54,50.096308480188,50.0,0.0,-13.855735024985426,2.155562757073937e-80,91.31545306636325,-0.000270121610951442
39.56,50.09630308371945,50.0,0.0,-13.855776288039891,1.9479559610499552e-80,91.31545306636325,-0.00026963961876998725
39.58,50.0962976973789,50.0,0.0,-13.855814828446686,1.760344213471629e-80,91.31545306636325,-0.00026911861971633234
39.6,50.09629232194187,50.0,0.0,-13.855850660265126,1.590801749046101e-80,91.31545306636325,-0.0002685589846556365
39.62,50.09628695817639,50.0,0.0,-13.855883797878157,1.4375882769980317e-80,91.31545306636325,-0.00026796108780918624
39.64,50.09628160684301,50.0,0.0,-13.855914255987697,1.2991311176275794e-80,91.31545306636325,-0.0002673253066708744
39.660000000000004,50.09627626869463,50.0,0.0,-13.85594204960995,1.174009059334166e-80,91.31545306636325,-0.00026665202192257257
39.68,50.09627094447655,50.0,0.0,-13.855967194070708,1.0609377704043329e-80,91.31545306636325,-0.00026594161735133916
39.7,50.09626563492633,50.0,0.0,-13.855989705000644,9.58756615821082e-81,91.31545306636325,-0.0002651944797654637
39.72,50.09626034077377,50.0,0.0,-13.856009598330585,8.66416743774117e-81,91.31545306636325,-0.000264410998910655
39.74,50.096255062740816,50.0,0.0,-13.856026890286783,7.829703195834129e-81,91.31545306636325,-0.0002635915673876343
39.76,50.09624980154156,50.0,0.0,-13.856041597386156,7.075607965263165e-81,91.31545306636325,-0.0002627365805681421
39.78,50.09624455788213,50.0,0.0,-13.856053736431537,6.394141237018118e-81,91.31545306636325,-0.0002618464365128091
39.800000000000004,50.09623933246066,50.0,0.0,-13.85606332450691,5.778308006839232e-81,91.31545306636325,-0.00026092153588741106
39.82,50.09623412596726,50.0,0.0,-13.85607037897262,5.221786974082094e-81,91.31545306636325,-0.0002599622818816316
39.84,50.09622893908392,50.0,0.0,-13.856074917460598,4.718865655901349e-81,91.31545306636325,-0.00025896908012578595
39.86,50.0962237724845,50.0,0.0,-13.856076957869563,4.264381750724247e-81,91.31545306636325,-0.0002579423386085471
39.88,50.09621862683467,50.0,0.0,-13.856076518360222,3.853670149131739e-81,91.31545306636325,-0.00025688246759607004
39.9,50.096213502791876,50.0,0.0,-13.856073617350466,3.4825150482333905e-81,91.31545306636325,-0.0002557898795493238
39.92,50.09620840100526,50.0,0.0,-13.856068273510559,3.147106678007853e-81,91.31545306636325,-0.0002546649890438777
39.94,50.09620332211569,50.0,0.0,-13.85606050575832,2.8440021954207684e-81,91.31545306636325,-0.0002535082126872667
39.96,50.09619826675565,50.0,0.0,-13.85605033325431,2.5700903449126632e-81,91.31545306636325,-0.0002523199690398846
39.980000000000004,50.096193235549215,50.0,0.0,-13.856037775396999,2.322559522509804e-81,91.31545306636325,-0.00025110067853258025
40.0,50.096188229112066,50.0,0.0,-13.856022851817961,2.0988689157478917e-81,91.31545306636325,-0.00024985076338842667
40.02,50.09618324805139,50.0,0.0,-13.856005582377039,1.896722423170593e-81,91.31545306636325,-0.0002485706475414109
40.04,50.09617829296588,50.0,0.0,-13.855985987157519,1.714045085696172e-81,91.31545306636325,-0.00024726075655738045
40.06,50.09617336444572,50.0,0.0,-13.855964086461304,1.548961787928921e-81,91.31545306636325,-0.0002459215175542113
40.08,50.096168463072495,50.0,0.0,-13.855939900804103,1.3997780107922155e-81,91.31545306636325,-0.0002445533591238579
40.1,50.096163589419234,50.0,0.0,-13.855913450910597,1.2649624379160758e-81,91.31545306636325,-0.00024315671125298225
40.12,50.09615874405033,50.0,0.0,-13.855884757709628,1.143131237240236e-81,91.31545306636325,-0.0002417320052449676
40.14,50.09615392752154,50.0,0.0,-13.855853842329385,1.0330338564891754e-81,91.31545306636325,-0.0002402796736427044
40.160000000000004,50.09614914037997,50.0,0.0,-13.855820726092585,9.33540186714912e-82,91.31545306636325,-0.00023880015014955027
40.18,50.096144383164,50.0,0.0,-13.855785430511673,8.436289621460674e-82,91.31545306636325,-0.00023729386955402903
40.2,50.09613965640335,50.0,0.0,-13.855747977284025,7.623772772719377e-82,91.31545306636325,-0.00023576126765185413
40.22,50.096134960618976,50.0,0.0,-13.855708388287143,6.889511135583082e-82,91.31545306636325,-0.0002342027811708281
40.24,50.0961302963231,50.0,0.0,-13.855666685573881,6.225967785552523e-82,91.31545306636325,-0.0002326188476939328
40.26,50.09612566401919,50.0,0.0,-13.855622891367657,5.626331695225162e-82,91.31545306636325,-0.00023100990558421892
40.28,50.09612106420193,50.0,0.0,-13.855577028057688,5.0844478216146064e-82,91.31545306636325,-0.00022937639390999297
40.300000000000004,50.09611649735721,50.0,0.0,-13.855529118194218,4.59475392690778e-82,91.31545306636325,-0.0002277187523709974
40.32,50.09611196396213,50.0,0.0,-13.855479184483778,4.1522234841482274e-82,91.31545306636325,-0.00022603742122226343
40.34,50.09610746448497,50.0,0.0,-13.85542724978444,3.7523140817934997e-82,91.31545306636325,-0.00022433284120261534
40.36,50.09610299938521,50.0,0.0,-13.855373337101089,3.390920797538451e-82,91.31545306636325,-0.00022260545346066346
40.38,50.09609856911346,50.0,0.0,-13.855317469580694,3.064334062803966e-82,91.31545306636325,-0.00022085569948173328
40.4,50.09609417411154,50.0,0.0,-13.855259670507618,2.769201585385653e-82,91.31545306636325,-0.00021908402101617597
40.42,50.09608981481241,50.0,0.0,-13.855199963298913,2.5024939394125665e-82,91.31545306636325,-0.00021729086000776897
40.44,50.096085491640196,50.0,0.0,-13.855138371499649,2.2614734694095884e-82,91.31545306636325,-0.0002154766585219728
40.46,50.09608120501019,50.0,0.0,-13.855074918778241,2.0436661892751512e-82,91.31545306636325,-0.00021364185867574965
40.480000000000004,50.09607695532882,50.0,0.0,-13.855009628921806,1.8468363877276936e-82,91.31545306636325,-0.00021178690256708427
40.5,50.096072742993684,50.0,0.0,-13.854942525831529,1.668963679555134e-82,91.31545306636325,-0.0002099122322051502
40.52,50.096068568393555,50.0,0.0,-13.854873633518038,1.5082222671069176e-82,91.31545306636325,-0.000208018289441884
40.54,50.09606443190836,50.0,0.0,-13.854802976096815,1.3629621991555057e-82,91.31545306636325,-0.00020610551590254951
40.56,50.09606033390919,50.0,0.0,-13.854730577783604,1.23169243475645e-82,91.31545306636325,-0.000204174352918489
40.58,50.096056274758325,50.0,0.0,-13.854656462889844,1.1130655382638267e-82,91.31545306636325,-0.00020222524145868066
40.6,50.09605225480923,50.0,0.0,-13.854580655818133,1.0058638484010178e-82,91.31545306636325,-0.00020025862206371714
40.62,50.09604827440655,50.0,0.0,-13.854503181057689,9.089869794174607e-83,91.31545306636325,-0.00019827493477874063
40.64,50.09604433388616,50.0,0.0,-13.85442406317985,8.214405260353554e-83,91.31545306636325,-0.00019627461908818395
40.660000000000004,50.09604043357514,50.0,0.0,-13.854343326833584,7.423258562467806e-83,91.31545306636325,-0.00019425811384970546
40.68,50.09603657379181,50.0,0.0,-13.854260996741022,6.708308871880501e-83,91.31545306636325,-0.00019222585723072583
40.7,50.0960327548457,50.0,0.0,-13.854177097693018,6.062217494090663e-83,91.31545306636325,-0.00019017828664354692
40.72,50.09602897703767,50.0,0.0,-13.85409165454472,5.478352539744765e-83,91.31545306636325,-0.00018811583868158074
40.74,50.096025240659785,50.0,0.0,-13.854004692211172,4.950720850742058e-83,91.31545306636325,-0.0001860389490575248
40.76,50.09602154599547,50.0,0.0,-13.85391623566294,4.473906482680296e-83,91.31545306636325,-0.00018394805254013627
40.78,50.09601789331942,50.0,0.0,-13.85382630992176,4.04301511218687e-83,91.31545306636325,-0.00018184358289291544
40.800000000000004,50.09601428289769,50.0,0.0,-13.853734940056198,3.65362379849715e-83,91.31545306636325,-0.00017972597281331454
40.82,50.0960107149877,50.0,0.0,-13.853642151177358,3.301735583601189e-83,91.31545306636325,-0.00017759565387150472
40.84,50.09600718983824,50.0,0.0,-13.853547968434599,2.9837384649460617e-83,91.31545306636325,-0.00017545305645220313
40.86,50.09600370768952,50.0,0.0,-13.853452417011273,2.696368319563782e-83,91.31545306636325,-0.00017329860969310902
40.88,50.09600026877316,50.0,0.0,-13.853355522120507,2.4366753990546703e-83,91.31545306636325,-0.00017113274142870042
40.9,50.09599687331228,50.0,0.0,-13.853257309001,2.2019940515095456e-83,91.31545306636325,-0.00016895587813042253
40.92,50.09599352152145,50.0,0.0,-13.853157802912849,1.989915359577459e-83,91.31545306636325,-0.00016676844485142395
40.94,50.095990213606775,50.0,0.0,-13.853057029133392,1.7982624138188426e-83,91.31545306636325,-0.00016457086516783872
40.96,50.09598694976591,50.0,0.0,-13.852955012953112,1.6250679675341708e-83,91.31545306636325,-0.00016236356112441202
40.980000000000004,50.095983730188074,50.0,0.0,-13.852851779671525,1.468554243703211e-83,91.31545306636325,-0.00016014695317820995
41.0,50.09598055505411,50.0,0.0,-13.852747354593125,1.3271146867605469e-83,91.31545306636325,-0.00015792146014486727
41.02,50.09597742453652,50.0,0.0,-13.852641763023357,1.1992974718960963e-83,91.31545306636325,-0.00015568749914361807
41.04,50.095974338799444,50.0,0.0,-13.85253503026461,1.0837906026096782e-83,91.31545306636325,-0.00015344548554487776
41.06,50.09597129799878,50.0,0.0,-13.852427181612246,9.794084435515377e-84,91.31545306636325,-0.00015119583291695916
41.08,50.09596830228215,50.0,0.0,-13.852318242350659,8.850795504134033e-84,91.31545306636325,-0.00014893895297453735
41.1,50.095965351788976,50.0,0.0,-13.852208237749364,7.998356719484119e-84,91.31545306636325,-0.00014667525552749914
41.12,50.0959624466505,50.0,0.0,-13.85209719305911,7.228018112296898e-84,91.31545306636325,-0.00014440514842919066
41.14,50.095959586989856,50.0,0.0,-13.851985133508045,6.5318724413008785e-84,91.31545306636325,-0.00014212903752805584
41.160000000000004,50.09595677292206,50.0,0.0,-13.851872084297886,5.902774028310761e-84,91.31545306636325,-0.00013984732661733842
41.18,50.09595400455408,50.0,0.0,-13.851758070600154,5.334265410480184e-84,91.31545306636325,-0.0001375604173869313
41.2,50.095951281984895,50.0,0.0,-13.8516431175524,4.820511056830737e-84,91.31545306636325,-0.00013526870937561678
41.22,50.09594860530551,50.0,0.0,-13.85152725025451,4.356237468681858e-84,91.31545306636325,-0.00013297259992331345
41.24,50.095945974599005,50.0,0.0,-13.851410493765,3.9366790491346987e-84,91.31545306636325,-0.00013067248412585488
41.26,50.0959433899406,50.0,0.0,-13.851292873097382,3.5575291859801667e-84,91.31545306636325,-0.00012836875478716968
41.28,50.09594085139768,50.0,0.0,-13.851174413216535,3.21489604591529e-84,91.31545306636325,-0.00012606180237636743
41.300000000000004,50.095938359029844,50.0,0.0,-13.851055139035141,2.905262626311842e-84,91.31545306636325,-0.0001237520149822394
41.32,50.095935912888976,50.0,0.0,-13.850935075410113,2.6254506544833965e-84,91.31545306636325,-0.00012143977826963576
41.34,50.09593351301927,50.0,0.0,-13.850814247139104,2.372587963890126e-84,91.31545306636325,-0.0001191254754364543
41.36,50.09593115945727,50.0,0.0,-13.850692678957019,2.144079012410132e-84,91.31545306636325,-0.00011680948717230133
41.38,50.09592885223198,50.0,0.0,-13.85057039553258,1.9375782400582452e-84,91.31545306636325,-0.00011449219161562446
41.4,50.09592659136482,50.0,0.0,-13.850447421464915,1.7509659926791355e-84,91.31545306636325,-0.00011217396431335996
41.42,50.09592437686978,50.0,0.0,-13.850323781280194,1.5823267644803172e-84,91.31545306636325,-0.00010985517818180739
41.44,50.09592220875339,50.0,0.0,-13.850199499428292,1.429929536072699e-84,91.31545306636325,-0.00010753620346514009
41.46,50.09592008701484,50.0,0.0,-13.8500746002795,1.2922100061959224e-84,91.31545306636325,-0.0001052174076991557
41.480000000000004,50.09591801164596,50.0,0.0,-13.849949108121258,1.167754534743711e-84,91.31545306636325,-0.00010289915567138508
41.5,50.095915982631375,50.0,0.0,-13.849823047154938,1.0552856322703223e-84,91.31545306636325,-0.00010058180938432447
41.52,50.095913999948465,50.0,0.0,-13.849696441492657,9.53648847033237e-85,91.31545306636325,-9.826572801968101e-05
41.54,50.09591206356746,50.0,0.0,-13.849569315154133,8.618009149724293e-85,91.31545306636325,-9.595126790128055e-05
41.56,50.095910173451536,50.0,0.0,-13.849441692063575,7.787990509901295e-85,91.31545306636325,-9.363878246130956e-05
41.58,50.09590832955679,50.0,0.0,-13.849313596046615,7.037912716100219e-85,91.31545306636325,-9.132862220438001e-05
41.6,50.09590653183239,50.0,0.0,-13.849185050827268,6.360076496815472e-85,91.31545306636325,-8.90211346755502e-05
41.62,50.09590478022056,50.0,0.0,-13.849056080024944,5.747524113620812e-85,91.31545306636325,-8.671666442552336e-05
41.64,50.095903074656675,50.0,0.0,-13.848926707151495,5.193967942554315e-85,91.31545306636325,-8.441555298001953e-05
41.660000000000004,50.095901415069335,50.0,0.0,-13.848796955608291,4.69372593398078e-85,91.31545306636325,-8.211813880736168e-05
41.68,50.095899801380384,50.0,0.0,-13.84866684868335,4.24166328845095e-85,91.31545306636325,-7.982475728770051e-05
41.7,50.095898233505025,50.0,0.0,-13.8485364095485,3.8331397498817394e-85,91.31545306636325,-7.753574068319556e-05
41.72,50.095896711351834,50.0,0.0,-13.848405661256564,3.4639619750414694e-85,91.31545306636325,-7.525141810835691e-05
41.74,50.095895234822855,50.0,0.0,-13.848274626738629,3.130340490430434e-85,91.31545306636325,-7.297211550175788e-05
41.76,50.09589380381364,50.0,0.0,-13.848143328801303,2.8288507947351066e-85,91.31545306636325,-7.069815559744345e-05
41.78,50.095892418213346,50.0,0.0,-13.84801179012404,2.5563982075870236e-85,91.31545306636325,-6.842985789861263e-05
41.800000000000004,50.09589107790476,50.0,0.0,-13.84788003325651,2.3101861038118485e-85,91.31545306636325,-6.616753864967892e-05
41.82,50.09588978276441,50.0,0.0,-13.847748080615984,2.0876872071049168e-85,91.31545306636325,-6.391151081206951e-05
41.84,50.095888532662585,50.0,0.0,-13.847615954484787,1.8866176484734397e-85,91.31545306636325,-6.166208403803805e-05
41.86,50.09588732746342,50.0,0.0,-13.847483677007771,1.7049135231648604e-85,91.31545306636325,-5.94195646464437e-05
41.88,50.095886167025,50.0,0.0,-13.847351270189838,1.54070970544689e-85,91.31545306636325,-5.7184255599098724e-05
41.9,50.09588505119934,50.0,0.0,-13.847218755893502,1.3923207037807655e-85,91.31545306636325,-5.4956456478052386e-05
41.92,50.09588397983255,50.0,0.0,-13.847086155836484,1.2582233598731554e-85,91.31545306636325,-5.2736463462985205e-05
41.94,50.09588295276484,50.0,0.0,-13.846953491589371,1.1370412140188721e-85,91.31545306636325,-5.0524569309522796e-05
41.96,50.09588196983061,50.0,0.0,-13.846820784573277,1.0275303762504038e-85,91.31545306636325,-4.832106332873024e-05
41.980000000000004,50.095881030858514,50.0,0.0,-13.846688056057584,9.2856675826684e-86,91.31545306636325,-4.612623136689727e-05
42.0,50.09588013567155,50.0,0.0,-13.846555327157699,8.391345350826548e-86,91.31545306636325,-4.3940355785189805e-05
42.02,50.09587928408708,50.0,0.0,-13.846422618832856,7.583157179594345e-86,91.31545306636325,-4.17637154421873e-05
42.04,50.09587847591697,50.0,0.0,-13.84628995188397,6.852807315905437e-86,91.31545306636325,-3.95965856747281e-05
42.06,50.09587771096759,50.0,0.0,-13.846157346951522,6.192798988170153e-86,91.31545306636325,-3.7439238281239336e-05
42.08,50.09587698903995,50.0,0.0,-13.846024824513483,5.596357454684121e-86,91.31545306636325,-3.5291941504053646e-05
42.1,50.095876309929714,50.0,0.0,-13.845892404883287,5.057360463406988e-86,91.31545306636325,-3.315496001433419e-05
42.12,50.0958756734273,50.0,0.0,-13.845760108207841,4.570275409306533e-86,91.31545306636325,-3.1028554896454633e-05
42.14,50.09587507931797,50.0,0.0,-13.845627954465575,4.130102544211529e-86,91.31545306636325,-2.8912983632643287e-05
42.160000000000004,50.095874527381866,50.0,0.0,-13.845495963464534,3.732323656243463e-86,91.31545306636325,-2.6808500090259014e-05
42.18,50.095874017394095,50.0,0.0,-13.845364154840512,3.372855692040443e-86,91.31545306636325,-2.4715354506967072e-05
42.2,50.09587354912481,50.0,0.0,-13.845232548055225,3.0480088457225524e-86,91.31545306636325,-2.2633793479419534e-05
42.22,50.09587312233928,50.0,0.0,-13.845101162394528,2.7544486843973545e-86,91.31545306636325,-2.056405995026365e-05
42.24,50.09587273679795,50.0,0.0,-13.844970016966668,2.4891619214378517e-86,91.31545306636325,-1.850639319753122e-05
42.26,50.095872392256545,50.0,0.0,-13.844839130700588,2.249425486208244e-86,91.31545306636325,-1.6461028823482833e-05
42.28,50.09587208846611,50.0,0.0,-13.844708522344254,2.032778572749643e-86,91.31545306636325,-1.4428198744495489e-05
42.300000000000004,50.0958718251731,50.0,0.0,-13.844578210463045,1.836997380515823e-86,91.31545306636325,-1.240813118278274e-05
42.32,50.095871602119445,50.0,0.0,-13.844448213438165,1.6600722878819948e-86,91.31545306636325,-1.0401050656362547e-05
42.34,50.09587141904265,50.0,0.0,-13.84431854946511,1.5001872241210976e-86,91.31545306636325,-8.40717797189435e-06
42.36,50.09587127567583,50.0,0.0,-13.844189236552161,1.355701028108569e-86,91.31545306636325,-6.426730216258749e-06
42.38,50.09587117174782,50.0,0.0,-13.84406029251893,1.2251306024095765e-86,91.31545306636325,-4.45992075154144e-06
42.4,50.095871106983225,50.0,0.0,-13.843931734994952,1.1071356898316457e-86,91.31545306636325,-2.506959206920563e-06
42.42,50.0958710811025,50.0,0.0,-13.843803581418282,1.0005051161796142e-86,91.31545306636325,-5.680514747809179e-07
42.44,50.095871093822055,50.0,0.0,-13.843675849034192,9.041443579998761e-87,91.31545306636325,1.3566002952484637e-06
42.46,50.095871144854264,50.0,0.0,-13.843548554893847,8.170643077014028e-87,91.31545306636325,3.266797699484541e-06
42.480000000000004,50.09587123390761,50.0,0.0,-13.843421715853063,7.383711207316565e-87,91.31545306636325,5.1623460850357845e-06
42.5,50.09587136068672,50.0,0.0,-13.84329534857109,6.672570405924079e-87,91.31545306636325,7.043054551674841e-06
42.52,50.09587152489246,50.0,0.0,-13.84316946950943,6.029921075176331e-87,91.31545306636325,8.908735954757887e-06
42.54,50.09587172622197,50.0,0.0,-13.843044094930704,5.449166657061332e-87,91.31545306636325,1.0759206907267835e-05
42.56,50.095871964368804,50.0,0.0,-13.842919240897558,4.9243459219838385e-87,91.31545306636325,1.259428777993473e-05
42.58,50.09587223902295,50.0,0.0,-13.842794923271605,4.450071778945396e-87,91.31545306636325,1.4413802703295667e-05
42.6,50.09587254987094,50.0,0.0,-13.842671157712411,4.0214759790450057e-87,91.31545306636325,1.6217579565852234e-05
42.62,50.0958728965959,50.0,0.0,-13.84254795967651,3.6341591447022878e-87,91.31545306636325,1.800545001508375e-05
42.64,50.095873278877626,50.0,0.0,-13.842425344416469,3.284145611671565e-87,91.31545306636325,1.9777249455176666e-05
42.660000000000004,50.0958736963927,50.0,0.0,-13.842303326979994,2.9678426203168267e-87,91.31545306636325,2.1532817045874205e-05
42.68,50.0958741488145,50.0,0.0,-13.842181922209067,2.682003437261086e-87,91.31545306636325,2.3271995699630586e-05
42.7,50.09587463581334,50.0,0.0,-13.84206114473912,2.4236940288674704e-87,91.31545306636325,2.4994632078310443e-05
42.72,50.09587515705648,50.0,0.0,-13.841941008998255,2.190262944467652e-87,91.31545306636325,2.670057659122923e-05
42.74,50.09587571220827,50.0,0.0,-13.841821529206506,1.9793141002000739e-87,91.31545306636325,2.8389683388659063e-05
42.76,50.095876300930165,50.0,0.0,-13.84170271937513,1.788682184094125e-87,91.31545306636325,3.00618103596919e-05
42.78,50.095876922880834,50.0,0.0,-13.841584593305928,1.6164104299425378e-87,91.31545306636325,3.17168191247522e-05
42.800000000000004,50.09587757771622,50.0,0.0,-13.841467164590632,1.4607305318190214e-87,91.31545306636325,3.335457503173457e-05
42.82,50.09587826508964,50.0,0.0,-13.84135044661031,1.320044493071066e-87,91.31545306636325,3.497494714836596e-05
42.84,50.095878984651804,50.0,0.0,-13.841234452534803,1.1929082234745393e-87,91.31545306636325,3.657780825583858e-05
42.86,50.095879736050954,50.0,0.0,-13.841119195322213,1.0780167161809225e-87,91.31545306636325,3.816303484144301e-05
42.88,50.09588051893289,50.0,0.0,-13.841004687718431,9.741906523040272e-88,91.31545306636325,3.97305070907665e-05
42.9,50.09588133294106,50.0,0.0,-13.840890942256687,8.803642956472191e-88,91.31545306636325,4.12801088790754e-05
42.92,50.09588217771666,50.0,0.0,-13.840777971257141,7.955745533149995e-88,91.31545306636325,4.281172776189829e-05
42.94,50.09588305289866,50.0,0.0,-13.840665786826527,7.189510899201584e-88,91.31545306636325,4.4325254966920074e-05
42.96,50.0958839581239,50.0,0.0,-13.840554400857805,6.497073939124927e-88,91.31545306636325,4.5820585382043666e-05
42.980000000000004,50.095884893027176,50.0,0.0,-13.84044382502988,5.871327043282464e-88,91.31545306636325,4.7297617546732316e-05
43.0,50.09588585724129,50.0,0.0,-13.84033407080733,5.305847150913448e-88,91.31545306636325,4.875625363996766e-05
43.02,50.09588685039716,50.0,0.0,-13.840225149440188,4.79482981978764e-88,91.31545306636325,5.019639946886997e-05
43.04,50.095887872123804,50.0,0.0,-13.840117071963752,4.333029645749741e-88,91.31545306636325,5.161796445719461e-05
43.06,50.095888922048545,50.0,0.0,-13.840009849198427,3.9157064205831746e-88,91.31545306636325,5.3020861632337104e-05
43.08,50.09588999979697,50.0,0.0,-13.83990349174962,3.5385764755235783e-88,91.31545306636325,5.440500761264245e-05
43.1,50.095891104993036,50.0,0.0,-13.839798010007636,3.1977687109811494e-88,91.31545306636325,5.577032259387513e-05
43.12,50.095892237259186,50.0,0.0,-13.839693414147643,2.88978486113318e-88,91.31545306636325,5.711673033578612e-05
43.14,50.095893396216354,50.0,0.0,-13.839589714129655,2.6114635855175024e-88,91.31545306636325,5.844415814718831e-05
43.160000000000004,50.09589458148407,50.0,0.0,-13.839486919698553,2.3599480190403113e-88,91.31545306636325,5.975253687160399e-05
43.18,50.09589579268052,50.0,0.0,-13.83938504038413,2.1326564473111864e-88,91.31545306636325,6.104180087177515e-05
43.2,50.09589702942264,50.0,0.0,-13.839284085501182,1.9272558062984525e-88,91.31545306636325,6.231188801394648e-05
43.22,50.095898291326144,50.0,0.0,-13.83918406414964,1.741637734288632e-88,91.31545306636325,6.356273965233898e-05
43.24,50.09589957800563,50.0,0.0,-13.839084985214699,1.573896930332198e-88,91.31545306636325,6.4794300611577e-05
43.26,50.095900889074635,50.0,0.0,-13.838986857367026,1.4223115970330667e-88,91.31545306636325,6.600651917047299e-05
43.28,50.0959022241457,50.0,0.0,-13.838889689062963,1.285325766934287e-88,91.31545306636325,6.719934704501626e-05
43.300000000000004,50.09590358283045,50.0,0.0,-13.83879348854479,1.1615333310868063e-88,91.31545306636325,6.837273936908798e-05
43.32,50.09590496473964,50.0,0.0,-13.838698263840994,1.0496636058604656e-88,91.31545306636325,6.952665467782112e-05
43.34,50.09590636948326,50.0,0.0,-13.838604022766596,9.485682898458756e-89,91.31545306636325,7.066105488845921e-05
43.36,50.09590779667056,50.0,0.0,-13.838510772923492,8.572096769645828e-89,91.31545306636325,7.177590528043243e-05
43.38,50.09590924591015,50.0,0.0,-13.838418521700822,7.746500047994614e-89,91.31545306636325,7.287117447767439e-05
43.4,50.095910716810046,50.0,0.0,-13.838327276275391,7.000418288098714e-89,91.31545306636325,7.394683442714328e-05
43.42,50.09591220897775,50.0,0.0,-13.838237043612096,6.3261932362646e-89,91.31545306636325,7.500286038021558e-05
43.44,50.09591372202032,50.0,0.0,-13.8381478304644,5.716904221366099e-89,91.31545306636325,7.603923087053852e-05
43.46,50.0959152555444,50.0,0.0,-13.838059643374827,5.166297116711488e-89,91.31545306636325,7.705592769451749e-05
43.480000000000004,50.09591680915633,50.0,0.0,-13.837972488675495,4.668720143743024e-89,91.31545306636325,7.805293588954638e-05
43.5,50.09591838246219,50.0,0.0,-13.837886372488661,4.21906585861758e-89,91.31545306636325,7.903024371188335e-05
43.52,50.095919975067844,50.0,0.0,-13.837801300727325,3.812718726182075e-89,91.31545306636325,7.998784261549969e-05
43.54,50.09592158657906,50.0,0.0,-13.837717279095823,3.445507743209916e-89,91.31545306636325,8.09257272290729e-05
43.56,50.09592321660151,50.0,0.0,-13.837634313090494,3.1136636245934737e-89,91.31545306636325,8.184389533436064e-05
43.58,50.09592486474088,50.0,0.0,-13.837552408000331,2.8137801130246677e-89,91.31545306636325,8.274234784166555e-05
43.6,50.095926530602895,50.0,0.0,-13.837471568907688,2.542779015021836e-89,91.31545306636325,8.362108876819586e-05
43.62,50.09592821379341,50.0,0.0,-13.837391800689012,2.2978786044105982e-89,91.31545306636325,8.448012521309212e-05
43.64,50.095929913918454,50.0,0.0,-13.837313108015588,2.0765650689321323e-89,91.31545306636325,8.531946733446032e-05
43.660000000000004,50.095931630584296,50.0,0.0,-13.83723549535432,1.8765667068888362e-89,91.31545306636325,8.61391283248064e-05
43.68,50.09593336339753,50.0,0.0,-13.83715896696855,1.695830608965475e-89,91.31545306636325,8.693912438594271e-05
43.7,50.095935111965076,50.0,0.0,-13.837083526918866,1.5325015858733193e-89,91.31545306636325,8.771947470524849e-05
43.72,50.095936875894296,50.0,0.0,-13.837009179063989,1.3849031255173273e-89,91.31545306636325,8.848020142971013e-05
43.74,50.09593865479303,50.0,0.0,-13.836935927061642,1.251520184218723e-89,91.31545306636325,8.922132964068032e-05
43.76,50.09594044826965,50.0,0.0,-13.83686377436946,1.130983635351229e-89,91.31545306636325,8.99428873287675e-05
43.78,50.095942255933124,50.0,0.0,-13.836792724245928,1.0220562157619464e-89,91.31545306636325,9.064490536688637e-05
43.800000000000004,50.095944077393085,50.0,0.0,-13.836722779751335,9.236198257220832e-90,91.31545306636325,9.132741748514733e-05
43.82,50.095945912259864,50.0,0.0,-13.83665394374877,8.346640520462194e-90,91.31545306636325,9.199046024325143e-05
43.84,50.095947760144554,50.0,0.0,-13.836586218905111,7.542757965741632e-90,91.31545306636325,9.263407300495857e-05
43.86,50.095949620659084,50.0,0.0,-13.836519607692072,6.8162990355559716e-90,91.31545306636325,9.32582979105259e-05
43.88,50.09595149341625,50.0,0.0,-13.836454112387246,6.159806897310797e-90,91.31545306636325,9.386317984898903e-05
43.9,50.09595337802979,50.0,0.0,-13.836389735075183,5.56654290168812e-90,91.31545306636325,9.44487664319246e-05
43.92,50.09595527411442,50.0,0.0,-13.836326477648496,5.030417412900105e-90,91.31545306636325,9.50151079648989e-05
43.94,50.09595718128589,50.0,0.0,-13.836264341808976,4.545927300826965e-90,91.31545306636325,9.556225741970887e-05
43.96,50.09595909916106,50.0,0.0,-13.83620332906873,4.108099453418919e-90,91.31545306636325,9.609027040674032e-05
43.980000000000004,50.095961027357916,50.0,0.0,-13.836143440751368,3.7124397295378586e-90,91.31545306636325,9.65992051461321e-05
44.0,50.09596296549565,50.0,0.0,-13.836084677993158,3.354886828258513e-90,91.31545306636325,9.708912243952237e-05
44.02,50.095964913194706,50.0,0.0,-13.836027041744256,3.031770601114532e-90,91.31545306636325,9.756008564145029e-05
44.04,50.095966870076815,50.0,0.0,-13.83597053276992,2.7397743793800797e-90,91.31545306636325,9.801216063003878e-05
44.06,50.09596883576507,50.0,0.0,-13.835915151651768,2.4759009296904027e-90,91.31545306636325,9.844541577886102e-05
44.08,50.09597080988395,50.0,0.0,-13.835860898789035,2.2374416885483965e-90,91.31545306636325,9.885992192658996e-05
44.1,50.09597279205939,50.0,0.0,-13.83580777439986,2.021948959920739e-90,91.31545306636325,9.925575234758072e-05
44.12,50.09597478191882,50.0,0.0,-13.835755778522602,1.8272107905421853e-90,91.31545306636325,9.963298272392108e-05
44.14,50.09597677909121,50.0,0.0,-13.835704911017153,1.651228265032306e-90,91.31545306636325,9.999169111325839e-05
44.160000000000004,50.095978783207116,50.0,0.0,-13.835655171566286,1.492194987767423e-90,91.31545306636325,0.00010033195792088687
44.18,50.09598079389874,50.0,0.0,-13.83560655967701,1.3484785408967403e-90,91.31545306636325,0.00010065386586846735
44.2,50.095982810799974,50.0,0.0,-13.83555907468196,1.218603728176053e-90,91.31545306636325,0.00010095749996481043
44.22,50.09598483354641,50.0,0.0,-13.835512715740778,1.1012374326231783e-90,91.31545306636325,0.00010124294747448913
44.24,50.095986861775444,50.0,0.0,-13.835467481841535,9.951749325645305e-91,91.31545306636325,0.00010151029788800686
44.26,50.095988895126276,50.0,0.0,-13.835423371802158,8.993275356121173e-91,91.31545306636325,0.00010175964289104541
44.28,50.09599093323997,50.0,0.0,-13.835380384271872,8.127114036382938e-91,91.31545306636325,0.00010199107633405426
44.300000000000004,50.09599297575948,50.0,0.0,-13.83533851773267,7.344374540407726e-91,91.31545306636325,0.00010220469420069289
44.32,50.095995022329724,50.0,0.0,-13.83529777050078,6.637022336381012e-91,91.31545306636325,0.0001024005945778747
44.34,50.0959970725976,50.0,0.0,-13.835258140728163,5.997796715195167e-91,91.31545306636325,0.00010257887762338336
44.36,50.095999126212035,50.0,0.0,-13.83521962640402,5.420136261952274e-91,91.31545306636325,0.00010273964553641843
44.38,50.09600118282403,50.0,0.0,-13.835182225356318,4.898111505463724e-91,91.31545306636325,0.00010288300252502108
44.4,50.09600324208669,50.0,0.0,-13.835145935253312,4.4263640544185556e-91,91.31545306636325,0.00010300905477493755
44.42,50.09600530365527,50.0,0.0,-13.835110753605104,4.0000515954758274e-91,91.31545306636325,0.00010311791041904466
44.44,50.0960073671872,50.0,0.0,-13.835076677765214,3.6147981887067163e-91,91.31545306636325,0.00010320967950495935
44.46,50.09600943234216,50.0,0.0,-13.83504370493214,3.266649350187444e-91,91.31545306636325,0.00010328447396406612
44.480000000000004,50.09601149878206,50.0,0.0,-13.83501183215096,2.952031460682418e-91,91.31545306636325,0.00010334240757920356
44.5,50.09601356617114,50.0,0.0,-13.834981056314927,2.667715083762732e-91,91.31545306636325,0.00010338359595438396
44.52,50.096015634175956,50.0,0.0,-13.834951374167087,2.410781816834039e-91,91.31545306636325,0.00010340815648118906
44.54,50.09601770246543,50.0,0.0,-13.834922782301902,2.178594334811858e-91,91.31545306636325,0.00010341620830857997
44.56,50.09601977071091,50.0,0.0,-13.834895277166884,1.968769318953703e-91,91.31545306636325,0.00010340787231020914
44.58,50.096021838586154,50.0,0.0,-13.834868855064252,1.77915299297249e-91,91.31545306636325,0.00010338327105339431
44.6,50.096023905767424,50.0,0.0,-13.834843512152586,1.607799015318465e-91,91.31545306636325,0.00010334252876605929
44.62,50.09602597193345,50.0,0.0,-13.834819244448491,1.4529485007020958e-91,91.31545306636325,0.00010328577130554401
44.64,50.09602803676554,50.0,0.0,-13.834796047828284,1.3130119657862334e-91,91.31545306636325,0.0001032131261268863
44.660000000000004,50.096030099947534,50.0,0.0,-13.834773918029683,1.186553013726746e-91,91.31545306636325,0.00010312472225080262
44.68,50.096032161165894,50.0,0.0,-13.8347528506535,1.0722735900894598e-91,91.31545306636325,0.00010302069023054526
44.7,50.09603422010971,50.0,0.0,-13.83473284116535,9.690006588008397e-92,91.31545306636325,0.00010290116212228074
44.72,50.09603627647071,50.0,0.0,-13.834713884897367,8.756741613659663e-92,91.31545306636325,0.00010276627145070974
44.74,50.096038329943354,50.0,0.0,-13.834695977049936,7.91336135759626e-92,91.31545306636325,0.00010261615317863291
44.76,50.09604038022477,50.0,0.0,-13.83467911269342,7.151208832999549e-92,91.31545306636325,0.00010245094367455374
44.78,50.096042427014865,50.0,0.0,-13.834663286769896,6.462460825712231e-92,91.31545306636325,0.00010227078068059582
44.800000000000004,50.096044470016295,50.0,0.0,-13.834648494094905,5.840047591834582e-92,91.31545306636325,0.0001020758032807712
44.82,50.096046508934535,50.0,0.0,-13.834634729359212,5.2775802894146045e-92,91.31545306636325,0.00010186615186915511
44.84,50.09604854347787,50.0,0.0,-13.834621987130568,4.769285399345162e-92,91.31545306636325,0.00010164196811781318
44.86,50.096050573357445,50.0,0.0,-13.834610261855468,4.30994546232284e-92,91.31545306636325,0.00010140339494523037
44.88,50.09605259828726,50.0,0.0,-13.83459954786093,3.894845523555318e-92,91.31545306636325,0.00010115057648425155
44.9,50.09605461798422,50.0,0.0,-13.834589839356282,3.5197247354919295e-92,91.31545306636325,0.00010088365805080133
44.92,50.09605663216817,50.0,0.0,-13.834581130434936,3.1807326217973384e-92,91.31545306636325,0.0001006027861112295
44.94,50.09605864056188,50.0,0.0,-13.834573415076184,2.8743895536341625e-92,91.31545306636325,0.00010030810825192692
44.96,50.096060642891075,50.0,0.0,-13.834566687146992,2.5975510325581913e-92,91.31545306636325,9.999977314671453e-05
44.980000000000004,50.09606263888449,50.0,0.0,-13.8345609404038,2.3473754134033024e-92,91.31545306636325,9.96779305258941e-05
45.0,50.096064628273865,50.0,0.0,-13.834556168494325,2.1212947358434178e-92,91.31545306636325,9.934273114492798e-05
45.02,50.09606661079395,50.0,0.0,-13.834552364959366,1.9169883652282547e-92,91.31545306636325,9.89943267518279e-05
45.04,50.09606858618255,50.0,0.0,-13.834549523234617,1.7323591721257887e-92,91.31545306636325,9.863287005805514e-05
45.06,50.096070554180535,50.0,0.0,-13.834547636652484,1.5655120060632253e-92,91.31545306636325,9.825851470463532e-05
45.08,50.09607251453188,50.0,0.0,-13.8345466984439,1.4147342425073884e-92,91.31545306636325,9.787141523354003e-05
45.1,50.09607446698363,50.0,0.0,-13.834546701740138,1.2784782034064591e-92,91.31545306636325,9.747172705491851e-05
45.12,50.09607641128597,50.0,0.0,-13.834547639574646,1.1553452708464226e-92,91.31545306636325,9.705960641658e-05
45.14,50.096078347192204,50.0,0.0,-13.834549504884858,1.044071530754773e-92,91.31545306636325,9.663521037343574e-05
45.160000000000004,50.0960802744588,50.0,0.0,-13.834552290514027,9.435147992893958e-93,91.31545306636325,9.619869675657995e-05
45.18,50.09608219284539,50.0,0.0,-13.834555989213046,8.526428987433044e-93,91.31545306636325,9.575022414232739e-05
45.2,50.09608410211478,50.0,0.0,-13.834560593642285,7.70523062621722e-93,91.31545306636325,9.52899518222205e-05
45.22,50.096086002032976,50.0,0.0,-13.834566096373411,6.963123611385388e-93,91.31545306636325,9.481803977185969e-05
45.24,50.0960878923692,50.0,0.0,-13.83457248989122,6.292490488533994e-93,91.31545306636325,9.4334648621392e-05
45.26,50.096089772895866,50.0,0.0,-13.834579766595468,5.68644745636116e-93,91.31545306636325,9.38399396248229e-05
45.28,50.09609164338865,50.0,0.0,-13.8345879188027,5.138773706988913e-93,91.31545306636325,9.3334074629863e-05
45.300000000000004,50.096093503626456,50.0,0.0,-13.834596938748074,4.643847571668024e-93,91.31545306636325,9.281721604792525e-05
45.32,50.09609535339146,50.0,0.0,-13.834606818587192,4.196588816424705e-93,91.31545306636325,9.228952682532273e-05
45.34,50.09609719246908,50.0,0.0,-13.834617550397935,3.792406495335308e-93,91.31545306636325,9.175117041218906e-05
45.36,50.096099020648026,50.0,0.0,-13.834629126182275,3.427151826162113e-93,91.31545306636325,9.120231073349555e-05
45.38,50.096100837720286,50.0,0.0,-13.834641537868105,3.0970756046360564e-93,91.31545306636325,9.064311215994802e-05
45.4,50.09610264348114,50.0,0.0,-13.83465477731107,2.7987897202597042e-93,91.31545306636325,9.007373947838189e-05
45.42,50.09610443772917,50.0,0.0,-13.834668836296373,2.529232378604426e-93,91.31545306636325,8.949435786289982e-05
45.44,50.09610622026626,50.0,0.0,-13.834683706540606,2.2856366731214854e-93,91.31545306636325,8.890513284593562e-05
45.46,50.09610799089763,50.0,0.0,-13.834699379693557,2.0655021838682978e-93,91.31545306636325,8.830623028855246e-05
45.480000000000004,50.09610974943179,50.0,0.0,-13.834715847340023,1.866569311621273e-93,91.31545306636325,8.769781635389114e-05
45.5,50.0961114956806,50.0,0.0,-13.834733101001628,1.6867960839243866e-93,91.31545306636325,8.708005747622098e-05
45.52,50.09611322945925,50.0,0.0,-13.834751132138623,1.5243371949961394e-93,91.31545306636325,8.645312033459877e-05
45.54,50.09611495058625,50.0,0.0,-13.83476993215168,1.3775250643472905e-93,91.31545306636325,8.581717182344444e-05
45.56,50.09611665888346,50.0,0.0,-13.834789492383708,1.2448527196830705e-93,91.31545306636325,8.517237902580219e-05
45.58,50.0961183541761,50.0,0.0,-13.834809804121635,1.1249583283891884e-93,91.31545306636325,8.451890918435761e-05
45.6,50.0961200362927,50.0,0.0,-13.834830858598202,1.0166112188230518e-93,91.31545306636325,8.385692967468858e-05
45.62,50.09612170506518,50.0,0.0,-13.834852646993747,9.186992479239139e-94,91.31545306636325,8.318660797740284e-05
45.64,50.096123360328775,50.0,0.0,-13.834875160437983,8.302173854751356e-94,91.31545306636325,8.25081116513955e-05
45.660000000000004,50.0961250019221,50.0,0.0,-13.834898390011782,7.502573978402277e-94,91.31545306636325,8.182160830595312e-05
45.68,50.0961266296871,50.0,0.0,-13.834922326748933,6.779985252800369e-94,91.31545306636325,8.112726557494434e-05
45.7,50.09612824346908,50.0,0.0,-13.834946961637915,6.126990571571772e-94,91.31545306636325,8.042525108952911e-05
45.72,50.09612984311672,50.0,0.0,-13.834972285623646,5.536887185502958e-94,91.31545306636325,7.9715732451918e-05
45.74,50.09613142848201,50.0,0.0,-13.834998289609247,5.003617901295762e-94,91.31545306636325,7.899887720899433e-05
45.76,50.09613299942032,50.0,0.0,-13.835024964457778,4.521708906715457e-94,91.31545306636325,7.827485282624067e-05
45.78,50.09613455579036,50.0,0.0,-13.83505230099398,4.0862135839299665e-94,91.31545306636325,7.75438266624512e-05
45.800000000000004,50.09613609745418,50.0,0.0,-13.835080290006005,3.6926617343048927e-94,91.31545306636325,7.680596594344411e-05
45.82,50.09613762427718,50.0,0.0,-13.835108922247146,3.3370136934656425e-94,91.31545306636325,7.60614377365499e-05
45.84,50.09613913612811,50.0,0.0,-13.835138188437554,3.0156188656347067e-94,91.31545306636325,7.531040892625008e-05
45.86,50.09614063287902,50.0,0.0,-13.835168079265943,2.7251782516143837e-94,91.31545306636325,7.45530461882473e-05
45.88,50.09614211440532,50.0,0.0,-13.835198585391296,2.462710585778528e-94,91.31545306636325,7.378951596528135e-05
45.9,50.096143580585746,50.0,0.0,-13.835229697444566,2.225521734482056e-94,91.31545306636325,7.301998444206882e-05
45.92,50.096145031302335,50.0,0.0,-13.835261406030348,2.0111770417741802e-94,91.31545306636325,7.224461752195835e-05
45.94,50.09614646644045,50.0,0.0,-13.835293701728572,1.8174763385543363e-94,91.31545306636325,7.146358080140548e-05
45.96,50.096147885888776,50.0,0.0,-13.835326575096172,1.6424313586490166e-94,91.31545306636325,7.067703954751744e-05
45.980000000000004,50.09614928953927,50.0,0.0,-13.835360016668727,1.4842453299938825e-94,91.31545306636325,6.988515867311325e-05
46.0,50.096150677287206,50.0,0.0,-13.835394016962145,1.3412945314321787e-94,91.31545306636325,6.908810271426509e-05
46.02,50.096152049031126,50.0,0.0,-13.835428566474278,1.2121116258167933e-94,91.31545306636325,6.828603580683648e-05
46.04,50.09615340467286,50.0,0.0,-13.835463655686572,1.0953705983364172e-94,91.31545306636325,6.747912166314087e-05
46.06,50.096154744117506,50.0,0.0,-13.83549927506569,9.898731454632811e-95,91.31545306636325,6.666752354951984e-05
46.08,50.09615606727343,50.0,0.0,-13.835535415065115,8.945363748100464e-95,91.31545306636325,6.585140426448296e-05
46.1,50.09615737405222,50.0,0.0,-13.835572066126767,8.083816896394253e-95,91.31545306636325,6.503092611518928e-05
46.12,50.09615866436873,50.0,0.0,-13.835609218682597,7.305247439301259e-95,91.31545306636325,6.420625089641313e-05
46.14,50.09615993814104,50.0,0.0,-13.835646863156162,6.601663648915838e-95,91.31545306636325,6.337753986849362e-05
46.160000000000004,50.09616119529044,50.0,0.0,-13.835684989964212,5.9658434975044947e-95,91.31545306636325,6.254495373560159e-05
46.18,50.096162435741434,50.0,0.0,-13.835723589518242,5.391260526058709e-95,91.31545306636325,6.170865262516041e-05
46.2,50.096163659421705,50.0,0.0,-13.83576265222605,4.8720168526038226e-95,91.31545306636325,6.0868796066320354e-05
46.22,50.09616486626215,50.0,0.0,-13.835802168493279,4.4027826326190006e-95,91.31545306636325,6.002554296866704e-05
46.24,50.0961660561968,50.0,0.0,-13.835842128724947,3.9787413501518484e-95,91.31545306636325,5.917905160299319e-05
46.26,50.09616722916287,50.0,0.0,-13.835882523326966,3.595540378061188e-95,91.31545306636325,5.8329479580425106e-05
46.28,50.09616838510072,50.0,0.0,-13.835923342707654,3.2492462999071295e-95,91.31545306636325,5.747698383142203e-05
46.300000000000004,50.096169523953805,50.0,0.0,-13.835964577279222,2.9363045348841606e-95,91.31545306636325,5.6621720588056095e-05
46.32,50.096170645668735,50.0,0.0,-13.836006217459273,2.6535028513620887e-95,91.31545306636325,5.576384536275754e-05
46.34,50.096171750195204,50.0,0.0,-13.83604825367226,2.3979383945148292e-95,91.31545306636325,5.490351293010975e-05
46.36,50.096172837486,50.0,0.0,-13.836090676350965,2.166987889587805e-95,91.31545306636325,5.404087730724309e-05
46.38,50.09617390749697,50.0,0.0,-13.836133475937926,1.958280714951524e-95,91.31545306636325,5.3176091735596516e-05
46.4,50.096174960187014,50.0,0.0,-13.836176642886894,1.76967456854616e-95,91.31545306636325,5.230930866187321e-05
46.42,50.09617599551809,50.0,0.0,-13.836220167664242,1.599233477942186e-95,91.31545306636325,5.1440679720808734e-05
46.44,50.09617701345517,50.0,0.0,-13.836264040750391,1.4452079282984568e-95,91.31545306636325,5.0570355716287194e-05
46.46,50.09617801396622,50.0,0.0,-13.836308252641196,1.3060169042385585e-95,91.31545306636325,4.969848660426654e-05
46.480000000000004,50.0961789970222,50.0,0.0,-13.836352793849342,1.1802316613119356e-95,91.31545306636325,4.882522147465722e-05
46.5,50.09617996259705,50.0,0.0,-13.836397654905712,1.0665610604598226e-95,91.31545306636325,4.7950708535471336e-05
46.52,50.096180910667655,50.0,0.0,-13.836442826360745,9.638383149497e-96,91.31545306636325,4.707509509444721e-05
46.54,50.09618184121384,50.0,0.0,-13.836488298785794,8.710090137404488e-96,91.31545306636325,4.619852754371685e-05
46.56,50.09618275421834,50.0,0.0,-13.836534062774449,7.871202983424679e-96,91.31545306636325,4.53211513424437e-05
46.58,50.09618364966679,50.0,0.0,-13.836580108943865,7.113110820772254e-96,91.31545306636325,4.444311100163067e-05
46.6,50.0961845275477,50.0,0.0,-13.836626427936064,6.4280321134055405e-96,91.31545306636325,4.356455006774097e-05
46.62,50.096185387852444,50.0,0.0,-13.836673010419227,5.808934781433213e-96,91.31545306636325,4.2685611107643204e-05
46.64,50.096186230575235,50.0,0.0,-13.836719847088986,5.249464019411576e-96,91.31545306636325,4.180643569256668e-05
46.660000000000004,50.096187055713095,50.0,0.0,-13.83676692866967,4.743877066613881e-96,91.31545306636325,4.092716438403634e-05
46.68,50.09618786326586,50.0,0.0,-13.836814245915578,4.28698425971261e-96,91.31545306636325,4.004793671837309e-05
46.7,50.09618865323613,50.0,0.0,-13.836861789612204,3.874095762802266e-96,91.31545306636325,3.916889119274918e-05
46.72,50.09618942562928,50.0,0.0,-13.836909550577465,3.5009734279660303e-96,91.31545306636325,3.829016525109968e-05
46.74,50.09619018045339,50.0,0.0,-13.836957519662906,3.1637872922527973e-96,91.31545306636325,3.7411895269856816e-05
46.76,50.096190917719284,50.0,0.0,-13.837005687754907,2.8590762645221107e-96,91.31545306636325,3.653421654421266e-05
46.78,50.096191637440455,50.0,0.0,-13.837054045775854,2.5837125986219907e-96,91.31545306636325,3.56572632750171e-05
46.800000000000004,50.09619233963309,50.0,0.0,-13.837102584685312,2.3348697882299443e-96,91.31545306636325,3.478116855599024e-05
46.82,50.096193024316015,50.0,0.0,-13.837151295481165,2.1099935538095587e-96,91.31545306636325,3.3906064360122195e-05
46.84,50.09619369151066,50.0,0.0,-13.837200169200777,1.9067756238745074e-96,91.31545306636325,3.303208152805918e-05
46.86,50.09619434124109,50.0,0.0,-13.837249196922091,1.7231300414343222e-96,91.31545306636325,3.215934975457685e-05
46.88,50.096194973533926,50.0,0.0,-13.83729836976475,1.5571717524163514e-96,91.31545306636325,3.128799757837097e-05
46.9,50.09619558841836,50.0,0.0,-13.83734767889119,1.4071972562819673e-96,91.31545306636325,3.0418152368216364e-05
46.92,50.096196185926104,50.0,0.0,-13.837397115507718,1.2716671202227384e-96,91.31545306636325,2.954994031303513e-05
46.94,50.096196766091396,50.0,0.0,-13.837446670865567,1.149190177451255e-96,91.31545306636325,2.8683486410747583e-05
46.96,50.096197328950936,50.0,0.0,-13.837496336261964,1.0385092473878939e-96,91.31545306636325,2.781891445606315e-05
46.980000000000004,50.096197874543904,50.0,0.0,-13.837546103041145,9.38488231166522e-97,91.31545306636325,2.6956347030926416e-05
47.0,50.09619840291191,50.0,0.0,-13.837595962595385,8.481004499992617e-97,91.31545306636325,2.609590549390316e-05
47.02,50.09619891409898,50.0,0.0,-13.837645906365994,7.66418106697946e-97,91.31545306636325,2.5237709969820458e-05
47.04,50.096199408151506,50.0,0.0,-13.837695925844313,6.926027621786731e-97,91.31545306636325,2.4381879340132528e-05
47.06,50.09619988511827,50.0,0.0,-13.837746012572685,6.258967291942937e-97,91.31545306636325,2.352853123350053e-05
47.08,50.09620034505038,50.0,0.0,-13.837796158145405,5.656152949546781e-97,91.31545306636325,2.2677782016195167e-05
47.1,50.09620078800125,50.0,0.0,-13.837846354209677,5.111396928028303e-97,91.31545306636325,2.182974678300088e-05
47.12,50.096201214026586,50.0,0.0,-13.83789659246653,4.6191075080370033e-97,91.31545306636325,2.098453934897946e-05
47.14,50.09620162318435,50.0,0.0,-13.837946864671736,4.1742315205080604e-97,91.31545306636325,2.0142272240417724e-05
47.160000000000004,50.09620201553474,50.0,0.0,-13.837997162636702,3.772202477748316e-97,91.31545306636325,1.9303056686698136e-05
47.18,50.09620239114018,50.0,0.0,-13.838047478229354,3.4088937001267745e-97,91.31545306636325,1.8467002612580756e-05
47.2,50.09620275006524,50.0,0.0,-13.838097803375005,3.080575957232416e-97,91.31545306636325,1.7634218630348066e-05
47.22,50.09620309237667,50.0,0.0,-13.838148130057203,2.7838791887014524e-97,91.31545306636325,1.680481203215716e-05
47.24,50.09620341814334,50.0,0.0,-13.838198450318561,2.5157579117924517e-97,91.31545306636325,1.5978888783528862e-05
47.26,50.09620372743624,50.0,0.0,-13.838248756261589,2.2734599606308757e-97,91.31545306636325,1.5156553515552773e-05
47.28,50.096204020328415,50.0,0.0,-13.838299040049483,2.0544982362429118e-97,91.31545306636325,1.4337909518864648e-05
47.300000000000004,50.09620429689496,50.0,0.0,-13.838349293906923,1.8566251774031399e-97,91.31545306636325,1.352305873694826e-05
47.32,50.096204557213014,50.0,0.0,-13.838399510120842,1.67780969024871e-97,91.31545306636325,1.2712101760403714e-05
47.34,50.09620480136168,50.0,0.0,-13.838449681041187,1.5162162998510412e-97,91.31545306636325,1.1905137820092158e-05
47.36,50.09620502942206,50.0,0.0,-13.838499799081653,1.37018630974363e-97,91.31545306636325,1.1102264783153016e-05
47.38,50.096205241477165,50.0,0.0,-13.838549856720421,1.238220776015474e-97,91.31545306636325,1.0303579146192174e-05
47.4,50.09620543761194,50.0,0.0,-13.838599846500856,1.1189651212054742e-97,91.31545306636325,9.509176030496652e-06
47.42,50.09620561791322,50.0,0.0,-13.838649761032205,1.0111952300651225e-97,91.31545306636325,8.719149178035123e-06
47.44,50.096205782469674,50.0,0.0,-13.838699592990285,9.13804884467612e-98,91.31545306636325,7.933590945652647e-06
47.46,50.09620593137181,50.0,0.0,-13.838749335118136,8.257944084873581e-98,91.31545306636325,7.152592301770108e-06
47.480000000000004,50.09620606471196,50.0,0.0,-13.83879898022668,7.462604070958603e-98,91.31545306636325,6.376242821635662e-06
47.5,50.09620618258419,50.0,0.0,-13.838848521195342,6.743864931454117e-98,91.31545306636325,5.604630683455678e-06
47.52,50.09620628508435,50.0,0.0,-13.838897950972678,6.094349074565682e-98,91.31545306636325,4.837842665385099e-06
47.54,50.096206372309986,50.0,0.0,-13.838947262576967,5.5073894599266825e-98,91.31545306636325,4.075964141895809e-06
47.56,50.096206444360334,50.0,0.0,-13.838996449096806,4.976961163891501e-98,91.31545306636325,3.319079080144997e-06
47.58,50.09620650133631,50.0,0.0,-13.83904550369168,4.497619535919656e-98,91.31545306636325,2.5672700383098247e-06
47.6,50.09620654334044,50.0,0.0,-13.839094419592511,4.064444311249026e-98,91.31545306636325,1.8206181617618395e-06
47.62,50.09620657047687,50.0,0.0,-13.839143190102208,3.6729891061954135e-98,91.31545306636325,1.0792031816323768e-06
47.64,50.09620658285132,50.0,0.0,-13.839191808596182,3.319235777666337e-98,91.31545306636325,3.431034116524389e-07
47.660000000000004,50.096206580571064,50.0,0.0,-13.839240268522857,2.9995531784063244e-98,91.31545306636325,-3.876042526231244e-07
47.68,50.09620656374487,50.0,0.0,-13.839288563404173,2.7106598846115255e-98,91.31545306636325,-1.1128443356715605e-06
47.7,50.096206532483045,50.0,0.0,-13.839336686836054,2.4495905133263957e-98,91.31545306636325,-1.8325427840554576e-06
47.72,50.0962064868973,50.0,0.0,-13.83938463248888,2.2136652838829413e-98,91.31545306636325,-2.5466269674125825e-06
47.74,50.096206427100846,50.0,0.0,-13.839432394107934,2.000462510941967e-98,91.31545306636325,-3.255025678776909e-06
47.76,50.09620635320824,50.0,0.0,-13.839479965513828,1.8077937467875372e-98,91.31545306636325,-3.957669135555078e-06
47.78,50.09620626533546,50.0,0.0,-13.839527340602928,1.633681317719495e-98,91.31545306636325,-4.654488980937588e-06
47.800000000000004,50.0962061635998,50.0,0.0,-13.83957451334776,1.4763380239634005e-98,91.31545306636325,-5.345418282283615e-06
47.82,50.09620604811992,50.0,0.0,-13.839621477797388,1.334148794724966e-98,91.31545306636325,-6.030391533391626e-06
47.84,50.096205919015716,50.0,0.0,-13.8396682280778,1.2056541100848908e-98,91.31545306636325,-6.709344652232112e-06
47.86,50.09620577640839,50.0,0.0,-13.839714758392256,1.0895350195659763e-98,91.31545306636325,-7.382214981509389e-06
47.88,50.09620562042037,50.0,0.0,-13.839761063021637,9.845996035936453e-99,91.31545306636325,-8.04894128856462e-06
47.9,50.09620545117527,50.0,0.0,-13.839807136324765,8.897707388817525e-99,91.31545306636325,-8.70946376312193e-06
47.92,50.09620526879791,50.0,0.0,-13.839852972738736,8.040750421598984e-99,91.31545306636325,-9.363724017428857e-06
47.94,50.096205073414254,50.0,0.0,-13.839898566779198,7.266328787536866e-99,91.31545306636325,-1.0011665084236543e-05
47.96,50.096204865151364,50.0,0.0,-13.839943913040647,6.5664933345969036e-99,91.31545306636325,-1.06532314154454e-05
47.980000000000004,50.09620464413744,50.0,0.0,-13.839989006196697,5.934060510344998e-99,91.31545306636325,-1.1288368880720675e-05
48.0,50.09620441050169,50.0,0.0,-13.840033841000333,5.362538625434782e-99,91.31545306636325,-1.191702476509477e-05
48.02,50.09620416437441,50.0,0.0,-13.840078412284146,4.846061218814246e-99,91.31545306636325,-1.2539147766773547e-05
48.04,50.09620390588688,50.0,0.0,-13.840122714960579,4.379326840669862e-99,91.31545306636325,-1.3154687995771959e-05
48.06,50.096203635171356,50.0,0.0,-13.840166744022117,3.957544635002393e-99,91.31545306636325,-1.3763596969637011e-05
48.08,50.096203352361066,50.0,0.0,-13.840210494541498,3.5763851632595986e-99,91.31545306636325,-1.4365827612304108e-05
48.1,50.09620305759014,50.0,0.0,-13.8402539616719,3.231935964248613e-99,91.31545306636325,-1.4961334249843413e-05
48.120000000000005,50.09620275099361,50.0,0.0,-13.840297140647095,2.920661394166904e-99,91.31545306636325,-1.555007260870424e-05
48.14,50.09620243270739,50.0,0.0,-13.840340026781625,2.6393663345245616e-99,91.31545306636325,-1.613199981083608e-05
48.160000000000004,50.096202102868226,50.0,0.0,-13.840382615470935,2.3851633954331394e-99,91.31545306636325,-1.6707074371337743e-05
48.18,50.09620176161367,50.0,0.0,-13.840424902191494,2.1554432776149363e-99,91.31545306636325,-1.7275256193578396e-05
48.2,50.096201409082056,50.0,0.0,-13.840466882500925,1.9478479889096778e-99,91.31545306636325,-1.7836506566682834e-05
48.22,50.096201045412485,50.0,0.0,-13.840508552038095,1.7602466403559351e-99,91.31545306636325,-1.839078815982655e-05
48.24,50.09620067074479,50.0,0.0,-13.840549906523208,1.5907135734029981e-99,91.31545306636325,-1.8938065019326404e-05
48.26,50.096200285219496,50.0,0.0,-13.840590941757872,1.4375085937371116e-99,91.31545306636325,-1.9478302562965793e-05
48.28,50.09619988897781,50.0,0.0,-13.840631653625168,1.2990591088296005e-99,91.31545306636325,-2.0011467576276056e-05
48.300000000000004,50.09619948216157,50.0,0.0,-13.840672038089693,1.173943985855414e-99,91.31545306636325,-2.053752820668106e-05
48.32,50.096199064913264,50.0,0.0,-13.840712091197592,1.0608789642895837e-99,91.31545306636325,-2.1056453959598045e-05
48.34,50.09619863737595,50.0,0.0,-13.840751809076586,9.587034734472886e-100,91.31545306636325,-2.1568215691993638e-05
48.36,50.09619819969325,50.0,0.0,-13.840791187935972,8.663687196544411e-100,91.31545306636325,-2.207278560807674e-05
48.38,50.096197752009346,50.0,0.0,-13.840830224066618,7.82926920768004e-100,91.31545306636325,-2.257013725272077e-05
48.4,50.09619729446891,50.0,0.0,-13.840868913840957,7.07521577542364e-100,91.31545306636325,-2.3060245506755265e-05
48.42,50.09619682721711,50.0,0.0,-13.84090725371294,6.393786819809312e-100,91.31545306636325,-2.3543086580210904e-05
48.44,50.09619635039958,50.0,0.0,-13.840945240218003,5.777987724299404e-100,91.31545306636325,-2.401863800639719e-05
48.46,50.096195864162375,50.0,0.0,-13.840982869973008,5.221497538629274e-100,91.31545306636325,-2.4486878636033676e-05
48.480000000000004,50.096195368651955,50.0,0.0,-13.841020139676173,4.718604096587517e-100,91.31545306636325,-2.4947788630749117e-05
48.5,50.09619486401518,50.0,0.0,-13.841057046106998,4.264145382739657e-100,91.31545306636325,-2.5401349455972053e-05
48.52,50.09619435039924,50.0,0.0,-13.841093586126167,3.853456546246334e-100,91.31545306636325,-2.5847543875132205e-05
48.54,50.09619382795166,50.0,0.0,-13.84112975667544,3.482322017892447e-100,91.31545306636325,-2.6286355941551195e-05
48.56,50.09619329682029,50.0,0.0,-13.84116555477754,3.1469322388262187e-100,91.31545306636325,-2.671777099288807e-05
48.58,50.09619275715322,50.0,0.0,-13.841200977536023,2.8438445568446746e-100,91.31545306636325,-2.714177564266215e-05
48.6,50.096192209098824,50.0,0.0,-13.841236022135142,2.5699478888403515e-100,91.31545306636325,-2.7558357773501403e-05
48.620000000000005,50.096191652805686,50.0,0.0,-13.841270685839687,2.3224307866823094e-100,91.31545306636325,-2.796750653019686e-05
48.64,50.09619108842259,50.0,0.0,-13.841304965994826,2.0987525787394954e-100,91.31545306636325,-2.8369212310653635e-05
48.660000000000004,50.096190516098524,50.0,0.0,-13.841338860025926,1.896617290824874e-100,91.31545306636325,-2.8763466759473695e-05
48.68,50.09618993598258,50.0,0.0,-13.841372365438371,1.713950078868433e-100,91.31545306636325,-2.915026275978636e-05
48.7,50.09618934822401,50.0,0.0,-13.841405479817356,1.5488759314091665e-100,91.31545306636325,-2.9529594424119052e-05
48.72,50.09618875297216,50.0,0.0,-13.841438200827687,1.3997004232949818e-100,91.31545306636325,-2.9901457088250964e-05
48.74,50.09618815037646,50.0,0.0,-13.841470526213552,1.2648923230343618e-100,91.31545306636325,-3.026584730062578e-05
48.76,50.0961875405864,50.0,0.0,-13.841502453798299,1.1430678752706786e-100,91.31545306636325,-3.062276281584753e-05
48.78,50.09618692375146,50.0,0.0,-13.841533981484183,1.0329765970445602e-100,91.31545306636325,-3.0972202585026324e-05
48.800000000000004,50.09618630002118,50.0,0.0,-13.841565107252125,9.334884420481893e-101,91.31545306636325,-3.131416674721425e-05
48.82,50.096185669545044,50.0,0.0,-13.84159582916144,8.435822011173459e-101,91.31545306636325,-3.1648656620858e-05
48.84,50.09618503247251,50.0,0.0,-13.84162614534957,7.623350198965286e-101,91.31545306636325,-3.19756746949104e-05
48.86,50.09618438895298,50.0,0.0,-13.841656054031791,6.889129260798614e-101,91.31545306636325,-3.2295224619507186e-05
48.88,50.096183739135746,50.0,0.0,-13.841685553500929,6.225622689934065e-101,91.31545306636325,-3.260731119668732e-05
48.9,50.09618308317001,50.0,0.0,-13.841714642127046,5.6260198364936544e-101,91.31545306636325,-3.2911940372036185e-05
48.92,50.09618242120483,50.0,0.0,-13.841743318357135,5.084165998655358e-101,91.31545306636325,-3.320911922332924e-05
48.94,50.09618175338912,50.0,0.0,-13.841771580714795,4.5944992469122064e-101,91.31545306636325,-3.349885595375026e-05
48.96,50.09618107987159,50.0,0.0,-13.84179942779989,4.151993332920243e-101,91.31545306636325,-3.378115987997652e-05
48.980000000000004,50.09618040080079,50.0,0.0,-13.841826858288211,3.7521060969157573e-101,91.31545306636325,-3.4056041423317095e-05
49.0,50.096179716325004,50.0,0.0,-13.841853870931125,3.3907328441230026e-101,91.31545306636325,-3.4323512100048534e-05
49.02,50.09617902659231,50.0,0.0,-13.841880464555203,3.064164211578423e-101,91.31545306636325,-3.458358451133258e-05
49.04,50.096178331750494,50.0,0.0,-13.841906638061868,2.769048092889921e-101,91.31545306636325,-3.4836272333418135e-05
49.06,50.09617763194707,50.0,0.0,-13.841932390426992,2.5023552301028718e-101,91.31545306636325,-3.5081590306997116e-05
49.08,50.09617692732924,50.0,0.0,-13.841957720700522,2.261348119486101e-101,91.31545306636325,-3.53195542270754e-05
49.1,50.096176218043865,50.0,0.0,-13.841982628006084,2.043552912067205e-101,91.31545306636325,-3.5550180933693047e-05
49.120000000000005,50.096175504237486,50.0,0.0,-13.842007111540559,1.8467340204865885e-101,91.31545306636325,-3.5773488299935945e-05
49.14,50.09617478605624,50.0,0.0,-13.842031170573687,1.6688711715189508e-101,91.31545306636325,-3.5989495222769744e-05
49.160000000000004,50.0961740636459,50.0,0.0,-13.84205480444763,1.508138668714833e-101,91.31545306636325,-3.619822161197108e-05
49.18,50.096173337151804,50.0,0.0,-13.842078012576547,1.3628866523009031e-101,91.31545306636325,-3.6399688379560394e-05
49.2,50.09617260671888,50.0,0.0,-13.842100794446155,1.2316241639787709e-101,91.31545306636325,-3.6593917428606066e-05
49.22,50.0961718724916,50.0,0.0,-13.842123149613274,1.1130038427887546e-101,91.31545306636325,-3.678093164338959e-05
49.24,50.09617113461396,50.0,0.0,-13.842145077705375,1.0058080949472888e-101,91.31545306636325,-3.6960754877657906e-05
49.26,50.09617039322947,50.0,0.0,-13.842166578420116,9.089365956964652e-102,91.31545306636325,-3.713341194442747e-05
49.28,50.09616964848114,50.0,0.0,-13.842187651524869,8.213949948768072e-102,91.31545306636325,-3.72989286041496e-05
49.300000000000004,50.09616890051144,50.0,0.0,-13.842208296856244,7.422847102901547e-102,91.31545306636325,-3.745733155458811e-05
49.32,50.096168149462294,50.0,0.0,-13.842228514319599,6.707937040852992e-102,91.31545306636325,-3.7608648418633595e-05
49.34,50.09616739547508,50.0,0.0,-13.842248303888546,6.0618814748937435e-102,91.31545306636325,-3.7752907733655976e-05
49.36,50.096166638690576,50.0,0.0,-13.842267665604455,5.478048883265491e-102,91.31545306636325,-3.7890138940676494e-05
49.38,50.09616587924897,50.0,0.0,-13.842286599575944,4.950446440058828e-102,91.31545306636325,-3.802037237189776e-05
49.4,50.09616511728983,50.0,0.0,-13.842305105978362,4.473658501068803e-102,91.31545306636325,-3.814363924060809e-05
49.42,50.09616435295208,50.0,0.0,-13.842323185053266,4.042791014207466e-102,91.31545306636325,-3.825997162859785e-05
49.44,50.096163586374004,50.0,0.0,-13.8423408371079,3.65342128386685e-102,91.31545306636325,-3.836940247528129e-05
49.46,50.09616281769321,50.0,0.0,-13.842358062514654,3.3015525735821128e-102,91.31545306636325,-3.847196556630338e-05
49.480000000000004,50.096162047046626,50.0,0.0,-13.842374861710526,2.9835730810079596e-102,91.31545306636325,-3.8567695521457755e-05
49.5,50.09616127457047,50.0,0.0,-13.842391235196576,2.6962188641016153e-102,91.31545306636325,-3.865662778316651e-05
49.52,50.09616050040024,50.0,0.0,-13.84240718353737,2.4365403379633223e-102,91.31545306636325,-3.873879860517731e-05
49.54,50.09615972467071,50.0,0.0,-13.842422707360422,2.2018719984367994e-102,91.31545306636325,-3.881424504001652e-05
49.56,50.096158947515896,50.0,0.0,-13.842437807355633,1.9898050616936044e-102,91.31545306636325,-3.8883004928659484e-05
49.58,50.096158169069035,50.0,0.0,-13.842452484274716,1.798162738956841e-102,91.31545306636325,-3.8945116886823246e-05
49.6,50.09615738946261,50.0,0.0,-13.842466738930618,1.6249778925683804e-102,91.31545306636325,-3.9000620295125044e-05
49.620000000000005,50.09615660882829,50.0,0.0,-13.842480572196946,1.4684728440473776e-102,91.31545306636325,-3.9049555285482084e-05
49.64,50.096155827296926,50.0,0.0,-13.842493985007371,1.3270411268772693e-102,91.31545306636325,-3.909196273031026e-05
49.660000000000004,50.09615504499855,50.0,0.0,-13.842506978355043,1.1992309967203426e-102,91.31545306636325,-3.9127884230087655e-05
49.68,50.096154262062356,50.0,0.0,-13.842519553291998,1.0837305297983229e-102,91.31545306636325,-3.915736210178079e-05
49.7,50.09615347861668,50.0,0.0,-13.842531710928542,9.793541564793604e-103,91.31545306636325,-3.918043936609381e-05
49.72,50.09615269478899,50.0,0.0,-13.842543452432656,8.850304918436594e-103,91.31545306636325,-3.919715973685779e-05
49.74,50.09615191070587,50.0,0.0,-13.842554779029385,7.997913383130028e-103,91.31545306636325,-3.920756760750076e-05
49.76,50.096151126493005,50.0,0.0,-13.842565692000218,7.227617474602233e-103,91.31545306636325,-3.921170803990198e-05
49.78,50.09615034227517,50.0,0.0,-13.842576192682467,6.531510389867682e-103,91.31545306636325,-3.9209626752039045e-05
49.800000000000004,50.096149558176236,50.0,0.0,-13.842586282468645,5.902446846814797e-103,91.31545306636325,-3.920137010587241e-05
49.82,50.096148774319104,50.0,0.0,-13.842595962805841,5.333969740524247e-103,91.31545306636325,-3.918698509549743e-05
49.84,50.09614799082576,50.0,0.0,-13.842605235195084,4.820243863471936e-103,91.31545306636325,-3.9166519335162674e-05
49.86,50.09614720781722,50.0,0.0,-13.842614101190703,4.3559960092790545e-103,91.31545306636325,-3.914002104620804e-05
49.88,50.09614642541351,50.0,0.0,-13.842622562399699,3.9364608451963066e-103,91.31545306636325,-3.9107539046480883e-05
49.9,50.0961456437337,50.0,0.0,-13.84263062048109,3.557331997723355e-103,91.31545306636325,-3.906912273653848e-05
49.92,50.09614486289585,50.0,0.0,-13.842638277145266,3.214717849275436e-103,91.31545306636325,-3.9024822089318255e-05
49.94,50.09614408301701,50.0,0.0,-13.842645534153348,2.905101592166255e-103,91.31545306636325,-3.897468763628678e-05
49.96,50.09614330421323,50.0,0.0,-13.842652393316524,2.625305129876052e-103,91.31545306636325,-3.891877045634086e-05
49.980000000000004,50.09614252659951,50.0,0.0,-13.842658856495396,2.372456455064681e-103,91.31545306636325,-3.8857122164156874e-05
50.0,50.096141750289824,50.0,0.0,-13.842664925599319,2.1439601694770672e-103,91.31545306636325,-3.8789794896249474e-05
50.02,50.0961409753971,50.0,0.0,-13.84267060258575,1.9374708431387484e-103,91.31545306636325,-3.871684130089931e-05
50.04,50.09614020203319,50.0,0.0,-13.842675889459565,1.750868939383496e-103,91.31545306636325,-3.863831452492733e-05
50.06,50.096139430308895,50.0,0.0,-13.842680788272403,1.5822390585923022e-103,91.31545306636325,-3.855426820160939e-05
50.08,50.09613866033393,50.0,0.0,-13.842685301121996,1.4298502773237633e-103,91.31545306636325,-3.84647564392731e-05
50.1,50.09613789221692,50.0,0.0,-13.842689430151493,1.2921383810242828e-103,91.31545306636325,-3.836983380886794e-05
50.120000000000005,50.0961371260654,50.0,0.0,-13.842693177548787,1.1676898079434365e-103,91.31545306636325,-3.826955533135494e-05
50.14,50.09613636198579,50.0,0.0,-13.84269654554584,1.0552271394447156e-103,91.31545306636325,-3.816397646669802e-05
50.160000000000004,50.09613560008341,50.0,0.0,-13.842699536417998,9.535959877750478e-104,91.31545306636325,-3.805315310134058e-05
50.18,50.096134840462426,50.0,0.0,-13.842702152483321,8.617531467008962e-104,91.31545306636325,-3.7937141536220426e-05
50.2,50.096134083225905,50.0,0.0,-13.842704396101894,7.787558833815891e-104,91.31545306636325,-3.7815998474992055e-05
50.22,50.09613332847577,50.0,0.0,-13.842706269675146,7.037522615649167e-104,91.31545306636325,-3.76897810114898e-05
50.24,50.09613257631279,50.0,0.0,-13.842707775645165,6.359723967761728e-104,91.31545306636325,-3.7558546618909894e-05
50.26,50.09613182683657,50.0,0.0,-13.842708916494008,5.747205537383853e-104,91.31545306636325,-3.7422353137166565e-05
50.28,50.096131080145575,50.0,0.0,-13.842709694743018,5.193680049066733e-104,91.31545306636325,-3.728125876087697e-05
50.300000000000004,50.09613033633709,50.0,0.0,-13.842710112952135,4.693465768122262e-104,91.31545306636325,-3.7135322028533074e-05
50.32,50.09612959550722,50.0,0.0,-13.842710173719201,4.241428179715052e-104,91.31545306636325,-3.698460180930615e-05
50.34,50.09612885775091,50.0,0.0,-13.842709879679276,3.8329272849641285e-104,91.31545306636325,-3.682915729249623e-05
50.36,50.09612812316189,50.0,0.0,-13.842709233503943,3.4637699730682416e-104,91.31545306636325,-3.666904797554042e-05
50.38,50.09612739183271,50.0,0.0,-13.842708237900615,3.130166980572253e-104,91.31545306636325,-3.650433365163321e-05
50.4,50.096126663854726,50.0,0.0,-13.842706895611846,2.8286939959773646e-104,91.31545306636325,-3.6335074399099115e-05
50.42,50.09612593931807,50.0,0.0,-13.842705209414634,2.556256510448387e-104,91.31545306636325,-3.616133056953133e-05
50.44,50.09612521831169,50.0,0.0,-13.842703182119733,2.310058053823526e-104,91.31545306636325,-3.5983162775345216e-05
50.46,50.0961245009233,50.0,0.0,-13.842700816570954,2.087571489881075e-104,91.31545306636325,-3.5800631879515396e-05
50.480000000000004,50.09612378723941,50.0,0.0,-13.842698115644474,1.8865130762195172e-104,91.31545306636325,-3.5613798983433565e-05
50.5,50.09612307734527,50.0,0.0,-13.842695082248142,1.704819022485295e-104,91.31545306636325,-3.5422725415879784e-05
50.52,50.09612237132494,50.0,0.0,-13.842691719320783,1.5406243063271107e-104,91.31545306636325,-3.52274727209639e-05
50.54,50.09612166926122,50.0,0.0,-13.84268802983151,1.3922435296303505e-104,91.31545306636325,-3.5028102647645264e-05
50.56,50.0961209712357,50.0,0.0,-13.84268401677903,1.2581536185279561e-104,91.31545306636325,-3.482467713797845e-05
50.58,50.0961202773287,50.0,0.0,-13.84267968319095,1.1369781896097396e-104,91.31545306636325,-3.4617258316057805e-05
50.6,50.09611958761931,50.0,0.0,-13.84267503212308,1.027473421855057e-104,91.31545306636325,-3.440590847680489e-05
50.620000000000005,50.09611890218538,50.0,0.0,-13.842670066658751,9.285152892694474e-105,91.31545306636325,-3.419069007498999e-05
50.64,50.09611822110348,50.0,0.0,-13.84266478990812,8.390880231729687e-105,91.31545306636325,-3.397166571391917e-05
50.660000000000004,50.096117544448965,50.0,0.0,-13.842659205007484,7.582736857098814e-105,91.31545306636325,-3.374889813475008e-05
50.68,50.0961168722959,50.0,0.0,-13.842653315118582,6.852427475556069e-105,91.31545306636325,-3.352245020548001e-05
50.7,50.096116204717106,50.0,0.0,-13.84264712342792,6.192455731046057e-105,91.31545306636325,-3.3292384909706544e-05
50.72,50.09611554178415,50.0,0.0,-13.842640633146075,5.5960472573777035e-105,91.31545306636325,-3.305876533677601e-05
50.74,50.096114883567324,50.0,0.0,-13.842633847507019,5.057080141857473e-105,91.31545306636325,-3.282165466979844e-05
50.76,50.096114230135655,50.0,0.0,-13.842626769767419,4.570022086116756e-105,91.31545306636325,-3.25811161760802e-05
50.78,50.09611358155691,50.0,0.0,-13.842619403205976,4.1298736191125135e-105,91.31545306636325,-3.233721319565064e-05
50.800000000000004,50.09611293789759,50.0,0.0,-13.842611751122734,3.732116779403622e-105,91.31545306636325,-3.2090009131574355e-05
50.82,50.096112299222916,50.0,0.0,-13.842603816838393,3.3726687399454272e-105,91.31545306636325,-3.183956743836073e-05
50.84,50.09611166559686,50.0,0.0,-13.842595603693647,3.04783989937816e-105,91.31545306636325,-3.1585951612985165e-05
50.86,50.096111037082096,50.0,0.0,-13.842587115048502,2.7542960096317615e-105,91.31545306636325,-3.132922518318831e-05
50.88,50.09611041374005,50.0,0.0,-13.842578354281597,2.489023951100981e-105,91.31545306636325,-3.10694516979321e-05
50.9,50.096109795630866,50.0,0.0,-13.842569324789546,2.2493008040855485e-105,91.31545306636325,-3.080669471750142e-05
50.92,50.09610918281342,50.0,0.0,-13.842560029986252,2.0326658990251856e-105,91.31545306636325,-3.0541017802318245e-05
50.94,50.09610857534531,50.0,0.0,-13.842550473302254,1.8368955586354393e-105,91.31545306636325,-3.027248450399301e-05
50.96,50.09610797328289,50.0,0.0,-13.842540658184054,1.6599802726816912e-105,91.31545306636325,-3.0001158354663766e-05
50.980000000000004,50.096107376681196,50.0,0.0,-13.842530588093462,1.5001040710988298e-105,91.31545306636325,-2.972710285767633e-05
51.0,50.096106785594046,50.0,0.0,-13.842520266506927,1.3556258837292765e-105,91.31545306636325,-2.9450381477231136e-05
51.02,50.09610620007395,50.0,0.0,-13.842509696914886,1.2250626953439614e-105,91.31545306636325,-2.9171057628929595e-05
51.04,50.09610562017216,50.0,0.0,-13.842498882821111,1.1070743230387616e-105,91.31545306636325,-2.888919467014996e-05
51.06,50.096105045938685,50.0,0.0,-13.842487827742053,1.0004496597519986e-105,91.31545306636325,-2.8604855890011817e-05
51.08,50.09610447742224,50.0,0.0,-13.842476535206192,9.040942426977828e-106,91.31545306636325,-2.8318104500915685e-05
51.1,50.09610391467029,50.0,0.0,-13.842465008753395,8.170190191097661e-106,91.31545306636325,-2.802900362795573e-05
51.120000000000005,50.096103357729035,50.0,0.0,-13.842453251934272,7.383301939798111e-106,91.31545306636325,-2.7737616300516208e-05
51.14,50.096102806643415,50.0,0.0,-13.842441268309532,6.672200555823626e-106,91.31545306636325,-2.744400544240987e-05
51.160000000000004,50.096102261457126,50.0,0.0,-13.842429061449351,6.029586846119205e-106,91.31545306636325,-2.7148233862691858e-05
51.18,50.09610172221259,50.0,0.0,-13.842416634932738,5.448864618309712e-106,91.31545306636325,-2.685036424759388e-05
51.2,50.09610118895099,50.0,0.0,-13.842403992346897,4.924072973221499e-106,91.31545306636325,-2.6550459150341593e-05
51.22,50.09610066171225,50.0,0.0,-13.84239113728661,4.449825118454108e-106,91.31545306636325,-2.6248580982292864e-05
51.24,50.09610014053505,50.0,0.0,-13.842378073353611,4.021253074945934e-106,91.31545306636325,-2.59447920056344e-05
51.26,50.096099625456844,50.0,0.0,-13.84236480415596,3.633957708967186e-106,91.31545306636325,-2.5639154322426646e-05
51.28,50.09609911651382,50.0,0.0,-13.842351333307432,3.283963576637014e-106,91.31545306636325,-2.533172986825344e-05
51.300000000000004,50.09609861374094,50.0,0.0,-13.842337664426902,2.9676781174604337e-106,91.31545306636325,-2.5022580401330453e-05
51.32,50.09609811717194,50.0,0.0,-13.84232380113774,2.6818547780217903e-106,91.31545306636325,-2.4711767496415703e-05
51.34,50.096097626839324,50.0,0.0,-13.842309747067194,2.4235596873130893e-106,91.31545306636325,-2.439935253467038e-05
51.36,50.09609714277436,50.0,0.0,-13.842295505845806,2.1901415416317503e-106,91.31545306636325,-2.408539669631869e-05
51.38,50.09609666500711,50.0,0.0,-13.842281081106803,1.9792043899273822e-106,91.31545306636325,-2.3769960952097134e-05
51.4,50.09609619356641,50.0,0.0,-13.8422664764855,1.788583040249216e-106,91.31545306636325,-2.3453106055339126e-05
51.42,50.09609572847988,50.0,0.0,-13.842251695618726,1.6163208348504636e-106,91.31545306636325,-2.3134892533681788e-05
51.44,50.09609526977395,50.0,0.0,-13.84223674214422,1.4606495658192544e-106,91.31545306636325,-2.2815380682103635e-05
51.46,50.09609481747382,50.0,0.0,-13.84222161970006,1.3199713250775241e-106,91.31545306636325,-2.2494630553822083e-05
51.480000000000004,50.09609437160352,50.0,0.0,-13.842206331924091,1.192842102444794e-106,91.31545306636325,-2.217270195340138e-05
51.5,50.09609393218587,50.0,0.0,-13.842190882453341,1.0779569634070263e-106,91.31545306636325,-2.1849654429208436e-05
51.52,50.09609349924252,50.0,0.0,-13.84217527492346,9.74136654445826e-107,91.31545306636325,-2.152554726529347e-05
51.54,50.096093072793906,50.0,0.0,-13.842159512968152,8.803154984366431e-107,91.31545306636325,-2.1200439474788887e-05
51.56,50.096092652859305,50.0,0.0,-13.842143600218623,7.955304558667054e-107,91.31545306636325,-2.0874389792037376e-05
51.58,50.096092239456844,50.0,0.0,-13.842127540303014,7.189112395901276e-107,91.31545306636325,-2.054745666541894e-05
51.6,50.09609183260344,50.0,0.0,-13.84211133684586,6.496713816518064e-107,91.31545306636325,-2.0219698250609307e-05
51.620000000000005,50.0960914323149,50.0,0.0,-13.842094993467548,5.871001604843503e-107,91.31545306636325,-1.989117240283176e-05
51.64,50.096091038605834,50.0,0.0,-13.842078513783761,5.3055530561370164e-107,91.31545306636325,-1.9561936670801093e-05
51.660000000000004,50.09609065148973,50.0,0.0,-13.84206190140496,4.794564049899482e-107,91.31545306636325,-1.9232048289684383e-05
51.68,50.09609027097893,50.0,0.0,-13.842045159935841,4.3327894727201204e-107,91.31545306636325,-1.8901564173600287e-05
51.7,50.09608989708464,50.0,0.0,-13.842028292974808,3.915489379124652e-107,91.31545306636325,-1.857054091033882e-05
51.72,50.096089529816936,50.0,0.0,-13.842011304113457,3.538380337785748e-107,91.31545306636325,-1.823903475350952e-05
51.74,50.09608916918478,50.0,0.0,-13.84199419693606,3.1975914636825774e-107,91.31545306636325,-1.7907101617287948e-05
51.76,50.09608881519602,50.0,0.0,-13.841976975019044,2.8896246848958147e-107,91.31545306636325,-1.7574797069276163e-05
51.78,50.096088467857385,50.0,0.0,-13.841959641930496,2.6113188361914287e-107,91.31545306636325,-1.7242176324242664e-05
51.800000000000004,50.09608812717452,50.0,0.0,-13.841942201229653,2.359817210827162e-107,91.31545306636325,-1.690929423935379e-05
51.82,50.096087793151966,50.0,0.0,-13.84192465646641,2.1325382375129693e-107,91.31545306636325,-1.6576205306061047e-05
51.84,50.09608746579318,50.0,0.0,-13.841907011180831,1.9271489815352506e-107,91.31545306636325,-1.624296364603477e-05
51.86,50.096087145100554,50.0,0.0,-13.841889268902651,1.7415411980437074e-107,91.31545306636325,-1.5909623004355627e-05
51.88,50.09608683107539,50.0,0.0,-13.84187143315081,1.5738096916966533e-107,91.31545306636325,-1.5576236743796328e-05
51.9,50.09608652371795,50.0,0.0,-13.841853507432967,1.42223276053453e-107,91.31545306636325,-1.524285784021016e-05
51.92,50.09608622302741,50.0,0.0,-13.841835495245032,1.2852545233452203e-107,91.31545306636325,-1.4909538875789403e-05
51.94,50.09608592900194,50.0,0.0,-13.841817400070703,1.1614689491180819e-107,91.31545306636325,-1.4576332034269971e-05
51.96,50.09608564163863,50.0,0.0,-13.841799225381008,1.049605424654955e-107,91.31545306636325,-1.4243289095731418e-05
51.980000000000004,50.09608536093357,50.0,0.0,-13.841780974633847,9.485157121949937e-108,91.31545306636325,-1.391046143100904e-05
52.0,50.096085086881814,50.0,0.0,-13.841762651273541,8.571621631781635e-108,91.31545306636325,-1.3577899997380059e-05
52.02,50.096084819477404,50.0,0.0,-13.841744258730396,7.746070671660366e-108,91.31545306636325,-1.3245655332805172e-05
52.04,50.096084558713386,50.0,0.0,-13.841725800420257,7.000030265904935e-108,91.31545306636325,-1.291377755080213e-05
52.06,50.09608430458179,50.0,0.0,-13.841707279744082,6.325842585306789e-108,91.31545306636325,-1.2582316336860927e-05
52.08,50.09608405707367,50.0,0.0,-13.841688700087515,5.716587342341689e-108,91.31545306636325,-1.2251320942939497e-05
52.1,50.0960838161791,50.0,0.0,-13.841670064820459,5.166010756974335e-108,91.31545306636325,-1.1920840182832211e-05
52.120000000000005,50.096083581887186,50.0,0.0,-13.841651377296664,4.6684613639161956e-108,91.31545306636325,-1.1590922428009888e-05
52.14,50.096083354186064,50.0,0.0,-13.841632640853316,4.218832002421737e-108,91.31545306636325,-1.1261615603436392e-05
52.160000000000004,50.096083133062926,50.0,0.0,-13.841613858810637,3.812507393169745e-108,91.31545306636325,-1.093296718237533e-05
52.18,50.09608291850401,50.0,0.0,-13.841595034471483,3.445316764125784e-108,91.31545306636325,-1.0605024183534235e-05
52.2,50.09608271049462,50.0,0.0,-13.841576171120948,3.1134910391077807e-108,91.31545306636325,-1.0277833166105352e-05
52.22,50.096082509019155,50.0,0.0,-13.841557272025979,2.8136241496111498e-108,91.31545306636325,-9.951440225896576e-06
52.24,50.09608231406107,50.0,0.0,-13.841538340434996,2.542638072773659e-108,91.31545306636325,-9.625890991887084e-06
52.26,50.096082125602926,50.0,0.0,-13.841519379577518,2.2977512366076435e-108,91.31545306636325,-9.301230622374992e-06
52.28,50.096081943626395,50.0,0.0,-13.84150039266379,2.0764499681909465e-108,91.31545306636325,-8.977503800747143e-06
52.300000000000004,50.09608176811224,50.0,0.0,-13.841481382884412,1.876462691742825e-108,91.31545306636325,-8.654754732914224e-06
52.32,50.096081599040374,50.0,0.0,-13.841462353409996,1.695736611737583e-108,91.31545306636325,-8.333027142893281e-06
52.34,50.09608143638981,50.0,0.0,-13.841443307390804,1.5324166417167211e-108,91.31545306636325,-8.012364270289646e-06
52.36,50.09608128013873,50.0,0.0,-13.841424247956395,1.38482636251163e-108,91.31545306636325,-7.69280886610352e-06
52.38,50.09608113026446,50.0,0.0,-13.841405178215295,1.2514508144200267e-108,91.31545306636325,-7.374403190887388e-06
52.4,50.096080986743466,50.0,0.0,-13.841386101254662,1.1309209467041725e-108,91.31545306636325,-7.057189010582692e-06
52.42,50.09608084955141,50.0,0.0,-13.841367020139945,1.0219995647907217e-108,91.31545306636325,-6.741207593844592e-06
52.44,50.096080718663124,50.0,0.0,-13.841347937914573,9.235686309253953e-109,91.31545306636325,-6.426499710028849e-06
52.46,50.096080594052644,50.0,0.0,-13.841328857599635,8.346177879283897e-109,91.31545306636325,-6.113105624864638e-06
52.480000000000004,50.096080475693185,50.0,0.0,-13.841309782193559,7.5423398825111e-109,91.31545306636325,-5.801065099277431e-06
52.5,50.096080363557185,50.0,0.0,-13.841290714671816,6.815921218803267e-109,91.31545306636325,-5.490417386165351e-06
52.52,50.09608025761631,50.0,0.0,-13.841271657986617,6.159465468886504e-109,91.31545306636325,-5.181201228419488e-06
52.54,50.096080157841435,50.0,0.0,-13.841252615066622,5.566234356955572e-109,91.31545306636325,-4.8734548554628165e-06
52.56,50.09608006420271,50.0,0.0,-13.841233588816646,5.030138584761585e-109,91.31545306636325,-4.56721598259476e-06
52.58,50.09607997666951,50.0,0.0,-13.841214582117379,4.54567532721462e-109,91.31545306636325,-4.262521807550171e-06
52.6,50.09607989521049,50.0,0.0,-13.841195597825115,4.1078717479166857e-109,91.31545306636325,-3.959409009432579e-06
52.620000000000005,50.09607981979355,50.0,0.0,-13.841176638771469,3.7122339548328614e-109,91.31545306636325,-3.6579137457012073e-06
52.64,50.09607975038591,50.0,0.0,-13.841157707763127,3.3547008721494107e-109,91.31545306636325,-3.358071651144347e-06
52.660000000000004,50.09607968695406,50.0,0.0,-13.841138807581581,3.0316025548305484e-109,91.31545306636325,-3.059917836163867e-06
52.68,50.096079629463816,50.0,0.0,-13.841119940982871,2.739622517988179e-109,91.31545306636325,-2.7634868844611325e-06
52.7,50.096079577880275,50.0,0.0,-13.841101110697348,2.4757636943894887e-109,91.31545306636325,-2.46881285220768e-06
52.72,50.096079532167884,50.0,0.0,-13.841082319429429,2.2373176706687943e-109,91.31545306636325,-2.17592926550709e-06
52.74,50.09607949229043,50.0,0.0,-13.841063569857354,2.0218368864647214e-109,91.31545306636325,-1.8848691204685544e-06
52.76,50.09607945821102,50.0,0.0,-13.84104486463297,1.8271095111171217e-109,91.31545306636325,-1.5956648806654019e-06
52.78,50.09607942989216,50.0,0.0,-13.841026206381498,1.6511367400423068e-109,91.31545306636325,-1.3083484769913044e-06
52.800000000000004,50.09607940729567,50.0,0.0,-13.841007597701322,1.4921122777422714e-109,91.31545306636325,-1.0229513053595744e-06
52.82,50.096079390382805,50.0,0.0,-13.840989041163773,1.3484037968485775e-109,91.31545306636325,-7.395042267733891e-07
52.84,50.09607937911417,50.0,0.0,-13.840970539312925,1.2185361828848319e-109,91.31545306636325,-4.5803756589453953e-07
52.86,50.09607937344979,50.0,0.0,-13.840952094665392,1.101176392761433e-109,91.31545306636325,-1.7858111047828677e-07
52.88,50.09607937334909,50.0,0.0,-13.84093370971014,9.951197715806257e-110,91.31545306636325,9.883588983718244e-08
52.9,50.09607937877092,50.0,0.0,-13.840915386908286,8.992776872989273e-110,91.31545306636325,3.7418472345049856e-07
52.92,50.09607938967357,50.0,0.0,-13.840897128692939,8.12666356321296e-110,91.31545306636325,6.474372179942776e-07
52.94,50.09607940601476,50.0,0.0,-13.840878937468997,7.343967453258967e-110,91.31545306636325,9.185657402548637e-07
52.96,50.096079427751675,50.0,0.0,-13.840860815612992,6.636654456654249e-110,91.31545306636325,1.1875431973728418e-06
52.980000000000004,50.09607945484096,50.0,0.0,-13.840842765472917,5.997464266740885e-110,91.31545306636325,1.4543430356859981e-06
53.0,50.09607948723874,50.0,0.0,-13.840824789368071,5.419835832309883e-110,91.31545306636325,1.7189392429965815e-06
53.02,50.09607952490061,50.0,0.0,-13.840806889588906,4.897840010833909e-110,91.31545306636325,1.981306346327451e-06
53.04,50.09607956778169,50.0,0.0,-13.840789068396873,4.426118708009222e-110,91.31545306636325,2.241419413992039e-06
53.06,50.096079615836594,50.0,0.0,-13.840771328024285,3.9998298788967034e-110,91.31545306636325,2.499254053992552e-06
53.08,50.096079669019446,50.0,0.0,-13.840753670674177,3.614597826119011e-110,91.31545306636325,2.7547864150064678e-06
53.1,50.09607972728391,50.0,0.0,-13.840736098520175,3.2664682849431993e-110,91.31545306636325,3.0079931854535425e-06
53.120000000000005,50.09607979058319,50.0,0.0,-13.84071861370637,2.9518678342137806e-110,91.31545306636325,3.258851593813498e-06
53.14,50.09607985887004,50.0,0.0,-13.840701218347204,2.667567216504438e-110,91.31545306636325,3.5073394070576624e-06
53.160000000000004,50.09607993209678,50.0,0.0,-13.84068391452735,2.4106481909832985e-110,91.31545306636325,3.7534349316421544e-06
53.18,50.09608001021529,50.0,0.0,-13.840666704301599,2.1784735787486693e-110,91.31545306636325,3.997117012116757e-06
53.2,50.09608009317705,50.0,0.0,-13.840649589694763,1.9686601931616798e-110,91.31545306636325,4.238365030215341e-06
53.22,50.09608018093312,50.0,0.0,-13.84063257270158,1.7790543773156834e-110,91.31545306636325,4.477158904976245e-06
53.24,50.09608027343418,50.0,0.0,-13.840615655286612,1.6077098975435826e-110,91.31545306636325,4.713479091180614e-06
53.26,50.09608037063052,50.0,0.0,-13.840598839384166,1.452867966048095e-110,91.31545306636325,4.947306579275478e-06
53.28,50.096080472472046,50.0,0.0,-13.840582126898207,1.312939187594637e-110,91.31545306636325,5.178622893180067e-06
53.300000000000004,50.09608057890831,50.0,0.0,-13.84056551970229,1.1864872449562986e-110,91.31545306636325,5.40741009083757e-06
53.32,50.09608068988851,50.0,0.0,-13.84054901963948,1.0722141556480251e-110,91.31545306636325,5.6336507616201615e-06
53.34,50.09608080536151,50.0,0.0,-13.84053262852229,9.689469486158292e-111,91.31545306636325,5.857328025837425e-06
53.36,50.09608092527583,50.0,0.0,-13.840516348132624,8.756256241221688e-111,91.31545306636325,6.078425534037448e-06
53.38,50.09608104957968,50.0,0.0,-13.840500180221715,7.912922732401618e-111,91.31545306636325,6.296927463977116e-06
53.4,50.09608117822096,50.0,0.0,-13.84048412651008,7.150812452722631e-111,91.31545306636325,6.512818521431373e-06
53.42,50.096081311147266,50.0,0.0,-13.840468188687483,6.462102621655898e-111,91.31545306636325,6.7260839369695605e-06
53.44,50.096081448305895,50.0,0.0,-13.84045236841288,5.839723887166501e-111,91.31545306636325,6.936709464835163e-06
53.46,50.096081589643894,50.0,0.0,-13.840436667314394,5.277287761425921e-111,91.31545306636325,7.144681381879057e-06
53.480000000000004,50.09608173510801,50.0,0.0,-13.840421086989291,4.769021045344119e-111,91.31545306636325,7.349986485399259e-06
53.5,50.096081884644754,50.0,0.0,-13.840405629003945,4.3097065688132594e-111,91.31545306636325,7.55261209121141e-06
53.52,50.096082038200386,50.0,0.0,-13.840390294893826,3.894629638383561e-111,91.31545306636325,7.75254603193997e-06
53.54,50.096082195720925,50.0,0.0,-13.840375086163487,3.519529642676446e-111,91.31545306636325,7.94977665594812e-06
53.56,50.09608235715216,50.0,0.0,-13.840360004286545,3.1805563187824377e-111,91.31545306636325,8.144292823732888e-06
53.58,50.09608252243967,50.0,0.0,-13.840345050705697,2.8742302307345165e-111,91.31545306636325,8.336083907520508e-06
53.6,50.09608269152883,50.0,0.0,-13.8403302268327,2.597407054383082e-111,91.31545306636325,8.525139787875574e-06
53.620000000000005,50.09608286436481,50.0,0.0,-13.840315534048392,2.347245302069942e-111,91.31545306636325,8.71145085223299e-06
53.64,50.0960830408926,50.0,0.0,-13.840300973702693,2.121177155807027e-111,91.31545306636325,8.89500799284139e-06
53.660000000000004,50.096083221057015,50.0,0.0,-13.840286547114628,1.9168821095731893e-111,91.31545306636325,9.07580260379362e-06
53.68,50.096083404802705,50.0,0.0,-13.840272255572339,1.7322631501769958e-111,91.31545306636325,9.253826579207586e-06
53.7,50.09608359207415,50.0,0.0,-13.840258100333122,1.5654252321908668e-111,91.31545306636325,9.429072310497504e-06
53.72,50.09608378281571,50.0,0.0,-13.840244082623443,1.4146558260097151e-111,91.31545306636325,9.601532684126706e-06
53.74,50.096083976971585,50.0,0.0,-13.840230203638983,1.2784073393670864e-111,91.31545306636325,9.771201078919029e-06
53.76,50.09608417448586,50.0,0.0,-13.840216464544673,1.1552812318721608e-111,91.31545306636325,9.938071363617657e-06
53.78,50.09608437530251,50.0,0.0,-13.840202866474737,1.0440136595092046e-111,91.31545306636325,1.0102137893985839e-05
53.800000000000004,50.096084579365375,50.0,0.0,-13.840189410532743,9.4346250174556e-112,91.31545306636325,1.0263395510402522e-05
53.82,50.096084786618235,50.0,0.0,-13.84017609779165,8.525956380862304e-112,91.31545306636325,1.0421839534571796e-05
53.84,50.09608499700476,50.0,0.0,-13.840162929293871,7.704803537382214e-112,91.31545306636325,1.0577465767312503e-05
53.86,50.09608521046855,50.0,0.0,-13.84014990605133,6.962737656376971e-112,91.31545306636325,1.073027048532787e-05
53.88,50.096085426953124,50.0,0.0,-13.84013702904553,6.292141705666561e-112,91.31545306636325,1.088025043858713e-05
53.9,50.09608564640196,50.0,0.0,-13.840124299227627,5.686132265507405e-112,91.31545306636325,1.1027402846881153e-05
53.92,50.09608586875847,50.0,0.0,-13.840111717518493,5.13848887283114e-112,91.31545306636325,1.1171725396832876e-05
53.94,50.096086093966036,50.0,0.0,-13.84009928480881,4.643590170488807e-112,91.31545306636325,1.1313216239305655e-05
53.96,50.09608632196801,50.0,0.0,-13.840087001959137,4.1963562060960135e-112,91.31545306636325,1.1451873985815117e-05
53.980000000000004,50.09608655270772,50.0,0.0,-13.840074869800011,3.7921962881980343e-112,91.31545306636325,1.158769770553289e-05
54.0,50.09608678612847,50.0,0.0,-13.840062889132028,3.4269618645176362e-112,91.31545306636325,1.1720686921932525e-05
54.02,50.09608702217356,50.0,0.0,-13.840051060725944,3.0969039385982594e-112,91.31545306636325,1.1850841609184614e-05
54.04,50.096087260786334,50.0,0.0,-13.84003938532277,2.798634587740116e-112,91.31545306636325,1.1978162189879504e-05
54.06,50.0960875019101,50.0,0.0,-13.840027863633876,2.529092187225032e-112,91.31545306636325,1.2102649530633206e-05
54.08,50.096087745488205,50.0,0.0,-13.8400164963411,2.285509983869557e-112,91.31545306636325,1.2224304938733336e-05
54.1,50.09608799146404,50.0,0.0,-13.840005284096863,2.065387696325458e-112,91.31545306636325,1.2343130159283285e-05
54.120000000000005,50.096088239781025,50.0,0.0,-13.83999422752427,1.8664658506151811e-112,91.31545306636325,1.2459127371246219e-05
54.14,50.09608849038263,50.0,0.0,-13.83998332721724,1.6867025874660294e-112,91.31545306636325,1.2572299183950556e-05
54.160000000000004,50.09608874321239,50.0,0.0,-13.83997258374063,1.5242527033789056e-112,91.31545306636325,1.2682648633388101e-05
54.18,50.096088998213894,50.0,0.0,-13.839961997630347,1.377448710295937e-112,91.31545306636325,1.2790179178977016e-05
54.2,50.09608925533082,50.0,0.0,-13.839951569393495,1.2447837194514619e-112,91.31545306636325,1.2894894699241306e-05
54.22,50.09608951450691,50.0,0.0,-13.839941299508496,1.1248959737154334e-112,91.31545306636325,1.299679948858717e-05
54.24,50.09608977568602,50.0,0.0,-13.839931188425226,1.0165548696594553e-112,91.31545306636325,1.3095898253885377e-05
54.26,50.09609003881207,50.0,0.0,-13.839921236565168,9.18648325867125e-113,91.31545306636325,1.3192196109779576e-05
54.28,50.09609030382914,50.0,0.0,-13.83991144432154,8.301713678290497e-113,91.31545306636325,1.3285698575088098e-05
54.300000000000004,50.096090570681376,50.0,0.0,-13.839901812059454,7.502158122507048e-113,91.31545306636325,1.3376411569844486e-05
54.32,50.09609083931308,50.0,0.0,-13.839892340116055,6.779609448863605e-113,91.31545306636325,1.3464341410027269e-05
54.34,50.096091109668656,50.0,0.0,-13.83988302880069,6.126650962104869e-113,91.31545306636325,1.3549494804627239e-05
54.36,50.09609138169267,50.0,0.0,-13.839873878395048,5.536580284540176e-113,91.31545306636325,1.3631878851484116e-05
54.38,50.096091655329836,50.0,0.0,-13.839864889153333,5.003340558612073e-113,91.31545306636325,1.3711501032899156e-05
54.4,50.096091930525006,50.0,0.0,-13.839856061302417,4.5214582754906536e-113,91.31545306636325,1.3788369211909893e-05
54.42,50.09609220722321,50.0,0.0,-13.839847395042014,4.0859870915270986e-113,91.31545306636325,1.386249162880563e-05
54.44,50.096092485369624,50.0,0.0,-13.839838890544852,3.692457055863103e-113,91.31545306636325,1.3933876895295441e-05
54.46,50.09609276490963,50.0,0.0,-13.839830547956835,3.336828728036326e-113,91.31545306636325,1.4002533992334526e-05
54.480000000000004,50.09609304578878,50.0,0.0,-13.839822367397224,3.0154517146160487e-113,91.31545306636325,1.40684722651951e-05
54.5,50.096093327952815,50.0,0.0,-13.839814348958814,2.7250271992629164e-113,91.31545306636325,1.4131701419172633e-05
54.52,50.096093611347676,50.0,0.0,-13.839806492708123,2.4625740815976565e-113,91.31545306636325,1.4192231515124894e-05
54.54,50.096093895919516,50.0,0.0,-13.83979879868556,2.2253983773067828e-113,91.31545306636325,1.4250072965870416e-05
54.56,50.096094181614696,50.0,0.0,-13.83979126690563,2.0110655653886642e-113,91.31545306636325,1.430523653193821e-05
54.58,50.096094468379796,50.0,0.0,-13.839783897357108,1.817375598694655e-113,91.31545306636325,1.4357733316745662e-05
54.6,50.09609475616162,50.0,0.0,-13.839776690003243,1.6423403212577194e-113,91.31545306636325,1.4407574762823093e-05
54.620000000000005,50.09609504490721,50.0,0.0,-13.839769644781937,1.4841630606057732e-113,91.31545306636325,1.4454772646988313e-05
54.64,50.09609533456385,50.0,0.0,-13.839762761605963,1.341220185582375e-113,91.31545306636325,1.4499339076845396e-05
54.660000000000004,50.09609562507905,50.0,0.0,-13.83975604036315,1.2120444403726075e-113,91.31545306636325,1.4541286485153314e-05
54.68,50.09609591640061,50.0,0.0,-13.839749480916595,1.0953098836640803e-113,91.31545306636325,1.4580627626542083e-05
54.7,50.09609620847655,50.0,0.0,-13.839743083104851,9.898182783491068e-114,91.31545306636325,1.4617375573215668e-05
54.72,50.09609650125519,50.0,0.0,-13.839736846742154,8.944867920633735e-114,91.31545306636325,1.4651543709364072e-05
54.74,50.09609679468508,50.0,0.0,-13.83973077161862,8.08336882311673e-114,91.31545306636325,1.4683145727943039e-05
54.76,50.0960970887151,50.0,0.0,-13.839724857500462,7.304842520906248e-114,91.31545306636325,1.4712195625795071e-05
54.78,50.096097383294364,50.0,0.0,-13.839719104130204,6.601297729065573e-114,91.31545306636325,1.4738707698730356e-05
54.800000000000004,50.09609767837231,50.0,0.0,-13.839713511226885,5.965512820166871e-114,91.31545306636325,1.4762696537557374e-05
54.82,50.09609797389866,50.0,0.0,-13.839708078486296,5.390961696952995e-114,91.31545306636325,1.4784177024264003e-05
54.84,50.09609826982342,50.0,0.0,-13.83970280558119,4.871746804359623e-114,91.31545306636325,1.4803164325717335e-05
54.86,50.096098566096934,50.0,0.0,-13.839697692161502,4.402538593290833e-114,91.31545306636325,1.4819673890771082e-05
54.88,50.09609886266984,50.0,0.0,-13.83969273785458,3.978520814766147e-114,91.31545306636325,1.4833721445256185e-05
54.9,50.0960991594931,50.0,0.0,-13.839687942265401,3.595341082903676e-114,91.31545306636325,1.4845322987208875e-05
54.92,50.09609945651799,50.0,0.0,-13.839683304976813,3.249066199286626e-114,91.31545306636325,1.4854494782329452e-05
54.94,50.09609975369613,50.0,0.0,-13.839678825549749,2.936141780134317e-114,91.31545306636325,1.4861253359895862e-05
54.96,50.09610005097945,50.0,0.0,-13.839674503523469,2.653355771865514e-114,91.31545306636325,1.4865615508018498e-05
54.980000000000004,50.09610034832025,50.0,0.0,-13.839670338415793,2.397805480554815e-114,91.31545306636325,1.4867598268346576e-05
55.0,50.09610064567115,50.0,0.0,-13.839666329723327,2.1668677768516455e-114,91.31545306636325,1.486721893262377e-05
55.02,50.09610094298513,50.0,0.0,-13.839662476921708,1.9581721705263468e-114,91.31545306636325,1.4864495037635355e-05
55.04,50.096101240215525,50.0,0.0,-13.839658779465843,1.7695764782635323e-114,91.31545306636325,1.4859444360335941e-05
55.06,50.09610153731601,50.0,0.0,-13.839655236790138,1.5991448349415879e-114,91.31545306636325,1.4852084913645998e-05
55.08,50.09610183424065,50.0,0.0,-13.839651848308753,1.4451278226922273e-114,91.31545306636325,1.4842434941867178e-05
55.1,50.096102130943855,50.0,0.0,-13.839648613415832,1.3059445137722378e-114,91.31545306636325,1.4830512915656212e-05
55.120000000000005,50.09610242738043,50.0,0.0,-13.83964553148575,1.1801662429241248e-114,91.31545306636325,1.4816337527895016e-05
55.14,50.09610272350553,50.0,0.0,-13.839642601873367,1.0665019426549338e-114,91.31545306636325,1.4799927689129408e-05
55.160000000000004,50.096103019274715,50.0,0.0,-13.839639823914261,9.637848909053018e-115,91.31545306636325,1.4781302522636648e-05
55.18,50.09610331464392,50.0,0.0,-13.839637196924985,8.709607350784581e-115,91.31545306636325,1.4760481359670201e-05
55.2,50.09610360956946,50.0,0.0,-13.839634720203305,7.870766695002513e-115,91.31545306636325,1.4737483735848171e-05
55.22,50.09610390400806,50.0,0.0,-13.839632393028468,7.112716552208324e-115,91.31545306636325,1.4712329385180834e-05
55.24,50.09610419791683,50.0,0.0,-13.839630214661437,6.427675817678663e-115,91.31545306636325,1.4685038236679775e-05
55.26,50.09610449125329,50.0,0.0,-13.839628184345145,5.808612801299352e-115,91.31545306636325,1.4655630409077648e-05
55.28,50.096104783975356,50.0,0.0,-13.839626301304756,5.249173049863584e-115,91.31545306636325,1.4624126206397302e-05
55.300000000000004,50.096105076041354,50.0,0.0,-13.83962456474791,4.743614120956819e-115,91.31545306636325,1.4590546113587819e-05
55.32,50.09610536741003,50.0,0.0,-13.839622973864982,4.286746638906432e-115,91.31545306636325,1.4554910791678979e-05
55.34,50.09610565804054,50.0,0.0,-13.839621527829335,3.873881027757162e-115,91.31545306636325,1.4517241073664747e-05
55.36,50.096105947892454,50.0,0.0,-13.839620225797587,3.5007793745060767e-115,91.31545306636325,1.4477557959085917e-05
55.38,50.09610623692576,50.0,0.0,-13.83961906690985,3.1636119284909036e-115,91.31545306636325,1.4435882610144331e-05
55.4,50.0961065251009,50.0,0.0,-13.839618050290005,2.858917790414033e-115,91.31545306636325,1.4392236347161672e-05
55.42,50.096106812378714,50.0,0.0,-13.839617175045943,2.583569387489543e-115,91.31545306636325,1.4346640644121841e-05
55.44,50.09610709872047,50.0,0.0,-13.839616440269841,2.3347403700637484e-115,91.31545306636325,1.4299117123300428e-05
55.46,50.09610738408791,50.0,0.0,-13.839615845038416,2.109876600179941e-115,91.31545306636325,1.4249687551903944e-05
55.480000000000004,50.09610766844317,50.0,0.0,-13.83961538841318,1.906669934295657e-115,91.31545306636325,1.419837383675279e-05
55.5,50.096107951748834,50.0,0.0,-13.839615069440702,1.7230345310417495e-115,91.31545306636325,1.414519802028512e-05
55.52,50.09610823396796,50.0,0.0,-13.839614887152877,1.557085440831155e-115,91.31545306636325,1.4090182275744768e-05
55.54,50.09610851506401,50.0,0.0,-13.83961484056718,1.4071192575476046e-115,91.31545306636325,1.4033348902566451e-05
55.56,50.096108795000916,50.0,0.0,-13.839614928686927,1.271596633711011e-115,91.31545306636325,1.3974720322871226e-05
55.58,50.09610907374306,50.0,0.0,-13.839615150501546,1.1491264796441544e-115,91.31545306636325,1.391431907538366e-05
55.6,50.096109351255265,50.0,0.0,-13.839615504986826,1.038451684450958e-115,91.31545306636325,1.385216781263956e-05
55.620000000000005,50.09610962750283,50.0,0.0,-13.839615991105191,9.384362122374643e-116,91.31545306636325,1.3788289295999991e-05
55.64,50.09610990245147,50.0,0.0,-13.839616607805958,8.480534411229889e-116,91.31545306636325,1.3722706390307506e-05
55.660000000000004,50.0961101760674,50.0,0.0,-13.839617354025597,7.663756253457065e-116,91.31545306636325,1.3655442061083823e-05
55.68,50.09611044831728,50.0,0.0,-13.839618228688003,6.925643722950768e-116,91.31545306636325,1.3586519369226176e-05
55.7,50.09611071916823,50.0,0.0,-13.839619230704749,6.258620367213652e-116,91.31545306636325,1.3515961466750345e-05
55.72,50.09611098858784,50.0,0.0,-13.839620358975356,5.655839437869968e-116,91.31545306636325,1.3443791592583847e-05
55.74,50.096111256544155,50.0,0.0,-13.83962161238755,5.111113611322397e-116,91.31545306636325,1.3370033068359126e-05
55.76,50.096111523005696,50.0,0.0,-13.83962298981753,4.618851478160663e-116,91.31545306636325,1.3294709293772015e-05
55.78,50.09611178794145,50.0,0.0,-13.839624490130229,4.1740001494091724e-116,91.31545306636325,1.3217843742455192e-05
55.800000000000004,50.09611205132089,50.0,0.0,-13.839626112179575,3.77199339048801e-116,91.31545306636325,1.31394599582295e-05
55.82,50.09611231311392,50.0,0.0,-13.839627854808759,3.408704750501552e-116,91.31545306636325,1.3059581549907295e-05
55.84,50.09611257329097,50.0,0.0,-13.839629716850487,3.080405205744165e-116,91.31545306636325,1.2978232188236008e-05
55.86,50.09611283182289,50.0,0.0,-13.83963169712725,2.783724882649214e-116,91.31545306636325,1.289543560031691e-05
55.88,50.09611308868106,50.0,0.0,-13.839633794451586,2.5156184672815938e-116,91.31545306636325,1.2811215566588797e-05
55.9,50.096113343837295,50.0,0.0,-13.839636007626334,2.2733339463149988e-116,91.31545306636325,1.2725595916550954e-05
55.92,50.0961135972639,50.0,0.0,-13.839638335444901,2.054384358631608e-116,91.31545306636325,1.263860052405808e-05
55.94,50.09611384893366,50.0,0.0,-13.839640776691523,1.8565222675847912e-116,91.31545306636325,1.2550253303310783e-05
55.96,50.09611409881985,50.0,0.0,-13.839643330141518,1.6777166918920415e-116,91.31545306636325,1.2460578205688763e-05
55.980000000000004,50.096114346896194,50.0,0.0,-13.83964599456155,1.5161322583622723e-116,91.31545306636325,1.2369599214045878e-05
56.0,50.096114593136924,50.0,0.0,-13.839648768709889,1.3701103624679192e-116,91.31545306636325,1.2277340340860877e-05
56.02,50.09611483751674,50.0,0.0,-13.839651651336668,1.2381521433820882e-116,91.31545306636325,1.218382562193723e-05
56.04,50.096115080010826,50.0,0.0,-13.83965464118414,1.1189030987257818e-116,91.31545306636325,1.2089079114363253e-05
56.06,50.09611532059485,50.0,0.0,-13.839657736986931,1.011139181101278e-116,91.31545306636325,1.1993124891088069e-05
56.08,50.09611555924496,50.0,0.0,-13.839660937472306,9.137542336977038e-117,91.31545306636325,1.1895987037664505e-05
56.1,50.09611579593777,50.0,0.0,-13.839664241360413,8.257486359999414e-117,91.31545306636325,1.1797689649195987e-05
56.120000000000005,50.09611603065041,50.0,0.0,-13.83966764736455,7.46219043053258e-117,91.31545306636325,1.1698256824303871e-05
56.14,50.09611626336046,50.0,0.0,-13.839671154191404,6.743491129610047e-117,91.31545306636325,1.1597712663411956e-05
56.160000000000004,50.096116494046,50.0,0.0,-13.83967476054132,6.094011274365701e-117,91.31545306636325,1.1496081264048096e-05
56.18,50.096116722685586,50.0,0.0,-13.83967846510854,5.5070841939765084e-117,91.31545306636325,1.1393386716781191e-05
56.2,50.09611694925825,50.0,0.0,-13.83968226658146,4.9766852987489096e-117,91.31545306636325,1.1289653102051024e-05
56.22,50.09611717374353,50.0,0.0,-13.839686163642885,4.4973702399308505e-117,91.31545306636325,1.1184904486148722e-05
56.24,50.0961173961214,50.0,0.0,-13.839690154970265,4.064219025482761e-117,91.31545306636325,1.1079164917427957e-05
56.26,50.09611761637236,50.0,0.0,-13.83969423923596,3.672785518176509e-117,91.31545306636325,1.0972458422964236e-05
56.28,50.09611783447737,50.0,0.0,-13.839698415107476,3.3190517976389776e-117,91.31545306636325,1.0864809004575499e-05
56.300000000000004,50.09611805041786,50.0,0.0,-13.83970268124771,2.999386917883482e-117,91.31545306636325,1.0756240635300826e-05
56.32,50.09611826417576,50.0,0.0,-13.839707036315207,2.710509636990344e-117,91.31545306636325,1.0646777256089842e-05
56.34,50.09611847573347,50.0,0.0,-13.839711478964395,2.4494547363705385e-117,91.31545306636325,1.0536442772314875e-05
56.36,50.096118685073854,50.0,0.0,-13.839716007845825,2.2135425838921073e-117,91.31545306636325,1.0425261049206331e-05
56.38,50.09611889218028,50.0,0.0,-13.83972062160642,2.0003516284460707e-117,91.31545306636325,1.0313255909883056e-05
56.4,50.09611909703657,50.0,0.0,-13.839725318889712,1.807693543618713e-117,91.31545306636325,1.0200451131262567e-05
56.42,50.09611929962703,50.0,0.0,-13.839730098336084,1.6335907653292263e-117,91.31545306636325,1.0086870439964598e-05
56.44,50.09611949993643,50.0,0.0,-13.839734958583005,1.4762561928648478e-117,91.31545306636325,9.972537509953539e-06
56.46,50.09611969795003,50.0,0.0,-13.839739898265265,1.3340748449521274e-117,91.31545306636325,9.857475959124183e-06
56.480000000000004,50.09611989365355,50.0,0.0,-13.839744916015219,1.205587282570662e-117,91.31545306636325,9.741709345278825e-06
56.5,50.096120087033185,50.0,0.0,-13.839750010463005,1.0894746283506072e-117,91.31545306636325,9.625261162927014e-06
56.52,50.09612027807559,50.0,0.0,-13.8397551802368,9.84545028783616e-118,91.31545306636325,9.508154841208904e-06
56.54,50.09612046676789,50.0,0.0,-13.839760423963027,8.897214202867958e-118,91.31545306636325,9.390413739036355e-06
56.56,50.0961206530977,50.0,0.0,-13.839765740266598,8.040304735428535e-118,91.31545306636325,9.272061143033001e-06
56.58,50.096120837053064,50.0,0.0,-13.839771127771145,7.265926026341612e-118,91.31545306636325,9.153120264193547e-06
56.6,50.096121018622505,50.0,0.0,-13.839776585099235,6.56612936418194e-118,91.31545306636325,9.033614234559792e-06
56.620000000000005,50.09612119779502,50.0,0.0,-13.839782110872607,5.93373159468845e-118,91.31545306636325,8.91356610435812e-06
56.64,50.09612137456004,50.0,0.0,-13.839787703712387,5.362241388338923e-118,91.31545306636325,8.79299883826421e-06
56.660000000000004,50.09612154890748,50.0,0.0,-13.839793362239318,4.845792609250074e-118,91.31545306636325,8.671935314038656e-06
56.68,50.096121720827696,50.0,0.0,-13.83979908507397,4.379084101459414e-118,91.31545306636325,8.550398317551037e-06
56.7,50.09612189031151,50.0,0.0,-13.839804870836975,3.957325274517332e-118,91.31545306636325,8.428410541669685e-06
56.72,50.096122057350165,50.0,0.0,-13.839810718149227,3.576186929845567e-118,91.31545306636325,8.305994581717136e-06
56.74,50.0961222219354,50.0,0.0,-13.839816625632109,3.2317568231128353e-118,91.31545306636325,8.183172934165942e-06
56.76,50.096122384059385,50.0,0.0,-13.839822591907703,2.920499506491789e-118,91.31545306636325,8.059967992783003e-06
56.78,50.09612254371471,50.0,0.0,-13.839828615599007,2.6392200385929177e-118,91.31545306636325,7.93640204582724e-06
56.800000000000004,50.09612270089446,50.0,0.0,-13.839834695330136,2.385031189571265e-118,91.31545306636325,7.812497274367546e-06
56.82,50.096122855592114,50.0,0.0,-13.839840829726542,2.155323804778491e-118,91.31545306636325,7.68827574822981e-06
56.84,50.096123007801616,50.0,0.0,-13.839847017415215,1.947740022754124e-118,91.31545306636325,7.563759424301478e-06
56.86,50.09612315751735,50.0,0.0,-13.839853257024886,1.7601490726485638e-118,91.31545306636325,7.438970143398185e-06
56.88,50.09612330473412,50.0,0.0,-13.839859547186238,1.5906254026473304e-118,91.31545306636325,7.313929627926267e-06
56.9,50.09612344944718,50.0,0.0,-13.8398658865321,1.4374289148929075e-118,91.31545306636325,7.1886594792008395e-06
56.92,50.0961235916522,50.0,0.0,-13.839872273697656,1.298987104022954e-118,91.31545306636325,7.063181175135058e-06
56.94,50.09612373134529,50.0,0.0,-13.839878707320633,1.173878915983581e-118,91.31545306636325,6.937516067140192e-06
56.96,50.096123868522966,50.0,0.0,-13.839885186041503,1.0608201614343639e-118,91.31545306636325,6.811685378711088e-06
56.980000000000004,50.09612400318219,50.0,0.0,-13.83989170850368,9.586503340190923e-119,91.31545306636325,6.685710202105541e-06
57.0,50.09612413532034,50.0,0.0,-13.839898273353706,8.663206981966653e-119,91.31545306636325,6.559611496541846e-06
57.02,50.09612426493519,50.0,0.0,-13.839904879241441,7.828835243581217e-119,91.31545306636325,6.433410085319583e-06
57.04,50.09612439202497,50.0,0.0,-13.83991152482026,7.074823607322567e-119,91.31545306636325,6.307126654471958e-06
57.06,50.09612451658827,50.0,0.0,-13.839918208747239,6.393432422245283e-119,91.31545306636325,6.180781749033854e-06
57.08,50.096124638624126,50.0,0.0,-13.839924929683324,5.777667459512324e-119,91.31545306636325,6.054395772784339e-06
57.1,50.09612475813197,50.0,0.0,-13.839931686293532,5.221208119219394e-119,91.31545306636325,5.927988984337478e-06
57.120000000000005,50.09612487511164,50.0,0.0,-13.839938477247125,4.718342551771498e-119,91.31545306636325,5.8015814958247754e-06
57.14,50.09612498956338,50.0,0.0,-13.839945301217787,4.263909027856564e-119,91.31545306636325,5.675193270698139e-06
57.160000000000004,50.0961251014878,50.0,0.0,-13.839952156883802,3.853242955200593e-119,91.31545306636325,5.5488441217970245e-06
57.18,50.096125210885944,50.0,0.0,-13.839959042928228,3.4821289982508646e-119,91.31545306636325,5.422553709191523e-06
57.2,50.09612531775923,50.0,0.0,-13.839965958039075,3.1467578093134684e-119,91.31545306636325,5.296341538032142e-06
57.22,50.09612542210946,50.0,0.0,-13.839972900909464,2.8436869270062344e-119,91.31545306636325,5.170226956824275e-06
57.24,50.09612552393883,50.0,0.0,-13.839979870237809,2.569805440664152e-119,91.31545306636325,5.044229155732775e-06
57.26,50.09612562324991,50.0,0.0,-13.83998686472797,2.322302057990436e-119,91.31545306636325,4.918367164461826e-06
57.28,50.096125720045656,50.0,0.0,-13.839993883089432,2.0986362481794733e-119,91.31545306636325,4.792659849924147e-06
57.300000000000004,50.0961258143294,50.0,0.0,-13.84000092403745,1.896512164306472e-119,91.31545306636325,4.667125915819637e-06
57.32,50.096125906104824,50.0,0.0,-13.84000798629323,1.713855077306769e-119,91.31545306636325,4.541783899709342e-06
57.34,50.09612599537601,50.0,0.0,-13.840015068584066,1.5487900796483006e-119,91.31545306636325,4.416652171540725e-06
57.36,50.09612608214739,50.0,0.0,-13.840022169643508,1.3996228400982984e-119,91.31545306636325,4.291748932417062e-06
57.38,50.096126166423765,50.0,0.0,-13.840029288211511,1.264822212039003e-119,91.31545306636325,4.167092212741493e-06
57.4,50.096126248210275,50.0,0.0,-13.840036423034597,1.1430045168131732e-119,91.31545306636325,4.042699870126997e-06
57.42,50.096126327512444,50.0,0.0,-13.840043572865985,1.032919340773744e-119,91.31545306636325,3.9185895888279035e-06
57.44,50.09612640433612,50.0,0.0,-13.840050736465752,9.334367002495901e-120,91.31545306636325,3.7947788776933346e-06
57.46,50.096126478687516,50.0,0.0,-13.84005791260098,8.435354426805126e-120,91.31545306636325,3.6712850683012307e-06
57.480000000000004,50.09612655057318,50.0,0.0,-13.840065100045887,7.622927648633781e-120,91.31545306636325,3.5481253142092816e-06
57.5,50.09612662000002,50.0,0.0,-13.840072297581981,6.888747407180853e-120,91.31545306636325,3.425316589543743e-06
57.52,50.09612668697525,50.0,0.0,-13.84007950399819,6.225277613443704e-120,91.31545306636325,3.302875686972941e-06
57.54,50.096126751506446,50.0,0.0,-13.840086718090998,5.625707995047976e-120,91.31545306636325,3.180819217359494e-06
57.56,50.096126813601494,50.0,0.0,-13.840093938664584,5.0838841913171034e-120,91.31545306636325,3.0591636075398667e-06
57.58,50.096126873268624,50.0,0.0,-13.84010116453095,4.594244581033137e-120,91.31545306636325,2.9379250993813473e-06
57.6,50.09612693051637,50.0,0.0,-13.840108394510054,4.151763194449172e-120,91.31545306636325,2.817119749665008e-06
57.620000000000005,50.09612698535359,50.0,0.0,-13.840115627429933,3.7518981235662845e-120,91.31545306636325,2.6967634267985084e-06
57.64,50.09612703778948,50.0,0.0,-13.840122862126833,3.390544901125511e-120,91.31545306636325,2.576871811591911e-06
57.660000000000004,50.09612708783351,50.0,0.0,-13.840130097445329,3.063994369767462e-120,91.31545306636325,2.4574603950405845e-06
57.68,50.096127135495486,50.0,0.0,-13.840137332238447,2.7688946089020336e-120,91.31545306636325,2.338544478468993e-06
57.7,50.0961271807855,50.0,0.0,-13.840144565367781,2.502216528481613e-120,91.31545306636325,2.2201391708855583e-06
57.72,50.09612722371395,50.0,0.0,-13.840151795703616,2.261222776510559e-120,91.31545306636325,2.1022593891297978e-06
57.74,50.09612726429154,50.0,0.0,-13.84015902212503,2.043439641138033e-120,91.31545306636325,1.9849198569694316e-06
57.76,50.09612730252925,50.0,0.0,-13.840166243520013,1.8466316589195363e-120,91.31545306636325,1.8681351039667525e-06
57.78,50.09612733843836,50.0,0.0,-13.84017345878558,1.66877866861034e-120,91.31545306636325,1.7519194641309737e-06
57.800000000000004,50.096127372030416,50.0,0.0,-13.84018066682787,1.5080550749564738e-120,91.31545306636325,1.636287075891479e-06
57.82,50.096127403317276,50.0,0.0,-13.840187866562259,1.3628111096337422e-120,91.31545306636325,1.5212518809541569e-06
57.84,50.09612743231104,50.0,0.0,-13.840195056913458,1.231555896985232e-120,91.31545306636325,1.4068276234152297e-06
57.86,50.09612745902412,50.0,0.0,-13.840202236815621,1.112942150733364e-120,91.31545306636325,1.2930278495104507e-06
57.88,50.09612748346914,50.0,0.0,-13.84020940521243,1.0057523445838847e-120,91.31545306636325,1.179865906508224e-06
57.9,50.09612750565904,50.0,0.0,-13.840216561057204,9.08886214768159e-121,91.31545306636325,1.067354942234751e-06
57.92,50.09612752560701,50.0,0.0,-13.840223703312985,8.213494662419783e-121,91.31545306636325,9.555079039738388e-07
57.94,50.09612754332647,50.0,0.0,-13.840230830952633,7.422435666141831e-121,91.31545306636325,8.443375395269635e-07
57.96,50.09612755883112,50.0,0.0,-13.840237942958918,6.707565230435478e-121,91.31545306636325,7.338563941601555e-07
57.980000000000004,50.0961275721349,50.0,0.0,-13.840245038324603,6.061545474321829e-121,91.31545306636325,6.24076812740846e-07
58.0,50.096127583251985,50.0,0.0,-13.840252116052529,5.477745243617408e-121,91.31545306636325,5.150109371395424e-07
58.02,50.09612759219681,50.0,0.0,-13.840259175155703,4.950172044585742e-121,91.31545306636325,4.0667070727651565e-07
58.04,50.096127598984026,50.0,0.0,-13.840266214657374,4.4734105332025326e-121,91.31545306636325,2.990678595969146e-07
58.06,50.09612760362853,50.0,0.0,-13.840273233591116,4.042566928649453e-121,91.31545306636325,1.9221392792684243e-07
58.08,50.09612760614544,50.0,0.0,-13.840280231000891,3.6532187804616096e-121,91.31545306636325,8.61202419417833e-08
58.1,50.0961276065501,50.0,0.0,-13.840287205941141,3.3013695737069863e-121,91.31545306636325,-1.920207219468459e-08
58.120000000000005,50.096127604858076,50.0,0.0,-13.84029415747685,2.9834077062368224e-121,91.31545306636325,-1.237420922856794e-07
58.14,50.09612760108515,50.0,0.0,-13.840301084683617,2.6960694169235237e-121,91.31545306636325,-2.2748910118448621e-07
58.160000000000004,50.09612759524731,50.0,0.0,-13.84030798664772,2.4364052843581926e-121,91.31545306636325,-3.3043258528973665e-07
58.18,50.09612758736076,50.0,0.0,-13.840314862466181,2.2017499521292584e-121,91.31545306636325,-4.3256223651170755e-07
58.2,50.0961275774419,50.0,0.0,-13.840321711246832,1.9896947699233844e-121,91.31545306636325,-5.338679509815195e-07
58.22,50.09612756550733,50.0,0.0,-13.840328532108378,1.7980630696196581e-121,91.31545306636325,-6.343398296965375e-07
58.24,50.09612755157386,50.0,0.0,-13.840335324180453,1.6248878225953012e-121,91.31545306636325,-7.339681789918814e-07
58.26,50.09612753565846,50.0,0.0,-13.84034208660367,1.468391448903397e-121,91.31545306636325,-8.327435094435788e-07
58.28,50.09612751777832,50.0,0.0,-13.840348818529687,1.3269675710712983e-121,91.31545306636325,-9.306565371961519e-07
58.300000000000004,50.0961274979508,50.0,0.0,-13.840355519121255,1.1991645252292012e-121,91.31545306636325,-1.0276981828657692e-06
58.32,50.09612747619344,50.0,0.0,-13.84036218755226,1.0836704603167064e-121,91.31545306636325,-1.1238595718144585e-06
58.34,50.096127452523945,50.0,0.0,-13.840368823007788,9.792998724162273e-122,91.31545306636325,-1.219132034109978e-06
58.36,50.09612742696021,50.0,0.0,-13.84037542468415,8.84981435993152e-122,91.31545306636325,-1.3135071045759764e-06
58.38,50.09612739952028,50.0,0.0,-13.840381991788947,7.997470071349349e-122,91.31545306636325,-1.4069765215011925e-06
58.4,50.09612737022237,50.0,0.0,-13.840388523541092,7.227216859114262e-122,91.31545306636325,-1.499532228589032e-06
58.42,50.09612733908485,50.0,0.0,-13.840395019170865,6.531148358502405e-122,91.31545306636325,-1.591166372178668e-06
58.44,50.09612730612625,50.0,0.0,-13.840401477919945,5.902119683453969e-122,91.31545306636325,-1.6818713031946174e-06
58.46,50.096127271365255,50.0,0.0,-13.840407899041443,5.33367408695681e-122,91.31545306636325,-1.7716395750266174e-06
58.480000000000004,50.09612723482068,50.0,0.0,-13.84041428179993,4.819976684923223e-122,91.31545306636325,-1.860463944823771e-06
58.5,50.09612719651149,50.0,0.0,-13.840420625471488,4.355754563259948e-122,91.31545306636325,-1.948337371802459e-06
58.52,50.096127156456795,50.0,0.0,-13.84042692934372,3.9362426533526006e-122,91.31545306636325,-2.0352530176910992e-06
58.54,50.09612711467583,50.0,0.0,-13.840433192715782,3.557134820396365e-122,91.31545306636325,-2.1212042459108554e-06
58.56,50.09612707118797,50.0,0.0,-13.840439414898414,3.214539662512729e-122,91.31545306636325,-2.2061846211676627e-06
58.58,50.0961270260127,50.0,0.0,-13.840445595213957,2.9049405669465275e-122,91.31545306636325,-2.290187909458916e-06
58.6,50.096126979169654,50.0,0.0,-13.840451732996375,2.625159613334899e-122,91.31545306636325,-2.3732080766321878e-06
58.620000000000005,50.09612693067855,50.0,0.0,-13.840457827591278,2.3723249535285556e-122,91.31545306636325,-2.4552392890306274e-06
58.64,50.096126880559254,50.0,0.0,-13.840463878355937,2.1438413331312718e-122,91.31545306636325,-2.5362759116136073e-06
58.660000000000004,50.09612682883171,50.0,0.0,-13.840469884659296,1.9373634521720868e-122,91.31545306636325,-2.616312508856273e-06
58.68,50.09612677551599,50.0,0.0,-13.840475845881986,1.750771891467361e-122,91.31545306636325,-2.6953438421980353e-06
58.7,50.09612672063227,50.0,0.0,-13.840481761416346,1.5821513575656807e-122,91.31545306636325,-2.7733648720222452e-06
58.72,50.09612666420081,50.0,0.0,-13.840487630666416,1.4297710229680102e-122,91.31545306636325,-2.8503707542686757e-06
58.74,50.096126606241974,50.0,0.0,-13.840493453047962,1.2920667598227095e-122,91.31545306636325,-2.926356841543746e-06
58.76,50.096126546776205,50.0,0.0,-13.840499227988465,1.1676250847308629e-122,91.31545306636325,-3.0013186821173075e-06
58.78,50.09612648582406,50.0,0.0,-13.840504954927138,1.0551686498612703e-122,91.31545306636325,-3.075252018237243e-06
58.800000000000004,50.09612642340614,50.0,0.0,-13.840510633314915,9.535431314467606e-123,91.31545306636325,-3.148152786420402e-06
58.82,50.096126359543156,50.0,0.0,-13.840516262614466,8.617053810770801e-123,91.31545306636325,-3.220017116422633e-06
58.84,50.09612629425588,50.0,0.0,-13.840521842300184,7.787127181657583e-123,91.31545306636325,-3.2908413300215503e-06
58.86,50.096126227565165,50.0,0.0,-13.840527371858181,7.037132536820743e-123,91.31545306636325,-3.360621940438015e-06
58.88,50.09612615949192,50.0,0.0,-13.840532850786293,6.359371458248091e-123,91.31545306636325,-3.4293556517709926e-06
58.9,50.09612609005712,50.0,0.0,-13.840538278594057,5.746886978805048e-123,91.31545306636325,-3.4970393573389035e-06
58.92,50.0961260192818,50.0,0.0,-13.840543654802717,5.193392171536612e-123,91.31545306636325,-3.5636701397665717e-06
58.94,50.096125947187055,50.0,0.0,-13.840548978945202,4.69320561668431e-123,91.31545306636325,-3.629245268707927e-06
58.96,50.09612587379403,50.0,0.0,-13.84055425056612,4.2411930840108466e-123,91.31545306636325,-3.6937622015616325e-06
58.980000000000004,50.096125799123925,50.0,0.0,-13.840559469221738,3.8327148318231004e-123,91.31545306636325,-3.757218581223886e-06
59.0,50.09612572319797,50.0,0.0,-13.840564634479971,3.4635779817373686e-123,91.31545306636325,-3.819612235519931e-06
59.02,50.09612564603745,50.0,0.0,-13.840569745920364,3.129993480331437e-123,91.31545306636325,-3.880941176016922e-06
59.04,50.09612556766368,50.0,0.0,-13.840574803134066,2.8285372059107187e-123,91.31545306636325,-3.941203597271515e-06
59.06,50.096125488098004,50.0,0.0,-13.840579805723811,2.556114821163789e-123,91.31545306636325,-4.000397875432053e-06
59.08,50.09612540736182,50.0,0.0,-13.840584753303906,2.3099300109328038e-123,91.31545306636325,-4.058522567492848e-06
59.1,50.09612532547652,50.0,0.0,-13.840589645500186,2.0874557790712488e-123,91.31545306636325,-4.115576409906402e-06
59.120000000000005,50.09612524246354,50.0,0.0,-13.840594481950005,1.886408509761863e-123,91.31545306636325,-4.171558317419675e-06
59.14,50.096125158344336,50.0,0.0,-13.8405992623022,1.7047245270437478e-123,91.31545306636325,-4.2264673823317105e-06
59.160000000000004,50.096125073140364,50.0,0.0,-13.840603986217067,1.540538911940865e-123,91.31545306636325,-4.280302872918592e-06
59.18,50.096124986873114,50.0,0.0,-13.840608653366322,1.3921663597575728e-123,91.31545306636325,-4.3330642322663655e-06
59.2,50.09612489956406,50.0,0.0,-13.840613263433077,1.2580838810484059e-123,91.31545306636325,-4.384751077364808e-06
59.22,50.09612481123471,50.0,0.0,-13.840617816111791,1.1369151686939473e-123,91.31545306636325,-4.435363197498939e-06
59.24,50.09612472190655,50.0,0.0,-13.84062231110826,1.0274164706165991e-123,91.31545306636325,-4.4849005533595086e-06
59.26,50.09612463160108,50.0,0.0,-13.840626748139549,9.284638231248969e-124,91.31545306636325,-4.533363275447881e-06
59.28,50.09612454033978,50.0,0.0,-13.840631126933982,8.390415138413612e-124,91.31545306636325,-4.580751663209933e-06
59.300000000000004,50.09612444814414,50.0,0.0,-13.840635447231076,7.582316557901067e-124,91.31545306636325,-4.627066183213547e-06
59.32,50.09612435503562,50.0,0.0,-13.84063970878152,6.852047656260625e-124,91.31545306636325,-4.6723074685199305e-06
59.34,50.09612426103568,50.0,0.0,-13.840643911347119,6.192112492948139e-124,91.31545306636325,-4.716476316663812e-06
59.36,50.096124166165765,50.0,0.0,-13.840648054700752,5.5957370772650136e-124,91.31545306636325,-4.7595736883659856e-06
59.38,50.09612407044728,50.0,0.0,-13.840652138626334,5.056799835845723e-124,91.31545306636325,-4.801600707065141e-06
59.4,50.096123973901626,50.0,0.0,-13.840656162918755,4.569768776968268e-124,91.31545306636325,-4.842558656546942e-06
59.42,50.09612387655016,50.0,0.0,-13.840660127383842,4.12964470670244e-124,91.31545306636325,-4.8824489796197765e-06
59.44,50.09612377841421,50.0,0.0,-13.840664031838301,3.731909914030625e-124,91.31545306636325,-4.921273277486082e-06
59.46,50.09612367951508,50.0,0.0,-13.840667876109672,3.3724817982128607e-124,91.31545306636325,-4.9590333073613825e-06
59.480000000000004,50.09612357987404,50.0,0.0,-13.840671660036271,3.0476709623981867e-124,91.31545306636325,-4.995730981628247e-06
59.5,50.09612347951229,50.0,0.0,-13.840675383467143,2.754143343328681e-124,91.31545306636325,-5.031368366772881e-06
59.52,50.09612337845103,50.0,0.0,-13.840679046261995,2.4888859884115804e-124,91.31545306636325,-5.065947680382174e-06
59.54,50.09612327671139,50.0,0.0,-13.840682648291148,2.249176128873779e-124,91.31545306636325,-5.0994712918225446e-06
59.56,50.096123174314435,50.0,0.0,-13.84068618943548,2.0325532315460484e-124,91.31545306636325,-5.131941718611644e-06
59.58,50.09612307128122,50.0,0.0,-13.84068966958636,1.8367937423988755e-124,91.31545306636325,-5.163361626458493e-06
59.6,50.096122967632695,50.0,0.0,-13.840693088645592,1.6598882625816395e-124,91.31545306636325,-5.19373382735737e-06
59.620000000000005,50.096122863389795,50.0,0.0,-13.840696446525351,1.500020922685598e-124,91.31545306636325,-5.223061277507816e-06
59.64,50.09612275857337,50.0,0.0,-13.840699743148122,1.3555507435151142e-124,91.31545306636325,-5.251347076485315e-06
59.660000000000004,50.09612265320422,50.0,0.0,-13.840702978446636,1.224994792042324e-124,91.31545306636325,-5.2785944649539615e-06
59.68,50.09612254730306,50.0,0.0,-13.840706152363806,1.1070129596473382e-124,91.31545306636325,-5.304806824308653e-06
59.7,50.096122440890554,50.0,0.0,-13.840709264852652,1.0003942063982412e-124,91.31545306636325,-5.329987673929624e-06
59.72,50.09612233398729,50.0,0.0,-13.84071231587625,9.040441301734974e-125,91.31545306636325,-5.354140669580653e-06
59.74,50.096122226613765,50.0,0.0,-13.840715305407647,8.169737330284008e-125,91.31545306636325,-5.377269603024494e-06
59.76,50.09612211879042,50.0,0.0,-13.840718233429799,7.382892694964675e-125,91.31545306636325,-5.399378399150341e-06
59.78,50.09612201053761,50.0,0.0,-13.840721099935504,6.671830726223349e-125,91.31545306636325,-5.420471115177949e-06
59.800000000000004,50.0961219018756,50.0,0.0,-13.840723904927318,6.029252635587841e-125,91.31545306636325,-5.4405519386378285e-06
59.82,50.096121792824576,50.0,0.0,-13.840726648417498,5.448562596299597e-125,91.31545306636325,-5.4596251857594146e-06
59.84,50.09612168340463,50.0,0.0,-13.840729330427918,4.923800039588255e-125,91.31545306636325,-5.477695299869269e-06
59.86,50.09612157363577,50.0,0.0,-13.840731950989998,4.449578471634802e-125,91.31545306636325,-5.494766850234046e-06
59.88,50.09612146353792,50.0,0.0,-13.840734510144626,4.021030183202065e-125,91.31545306636325,-5.510844529177918e-06
59.9,50.096121353130876,50.0,0.0,-13.840737007942083,3.6337562843973315e-125,91.31545306636325,-5.525933152239748e-06
59.92,50.09612124243437,50.0,0.0,-13.840739444441969,3.283781551692362e-125,91.31545306636325,-5.540037654427764e-06
59.94,50.096121131468024,50.0,0.0,-13.840741819713113,2.9675136237221605e-125,91.31545306636325,-5.5531630906174914e-06
59.96,50.09612102025135,50.0,0.0,-13.840744133833512,2.681706127022429e-125,91.31545306636325,-5.56531463203717e-06
59.980000000000004,50.09612090880376,50.0,0.0,-13.840746386890235,2.4234253532050373e-125,91.31545306636325,-5.576497566013599e-06
60.0,50.096120797144565,50.0,0.0,-13.840748578979353,2.190020145525006e-125,91.31545306636325,-5.586717293153114e-06
